#
# There is insufficient memory for the Java Runtime Environment to continue.
# Native memory allocation (malloc) failed to allocate 1540256 bytes. Error detail: Chunk::new
# Possible reasons:
#   The system is out of physical RAM or swap space
#   This process is running with CompressedOops enabled, and the Java Heap may be blocking the growth of the native heap
# Possible solutions:
#   Reduce memory load on the system
#   Increase physical memory or swap space
#   Check if swap backing store is full
#   Decrease Java heap size (-Xmx/-Xms)
#   Decrease number of Java threads
#   Decrease Java thread stack sizes (-Xss)
#   Set larger code cache with -XX:ReservedCodeCacheSize=
#   JVM is running with Unscaled Compressed Oops mode in which the Java heap is
#     placed in the first 4GB address space. The Java Heap base address is the
#     maximum limit for the native heap growth. Please use -XX:HeapBaseMinAddress
#     to set the Java Heap base and to place the Java Heap above 4GB virtual address.
# This output file may be truncated or incomplete.
#
#  Out of Memory Error (arena.cpp:168), pid=19224, tid=1412
#
# JRE version: OpenJDK Runtime Environment (21.0.8) (build 21.0.8+-14196175-b1038.72)
# Java VM: OpenJDK 64-Bit Server VM (21.0.8+-14196175-b1038.72, mixed mode, tiered, compressed oops, compressed class ptrs, g1 gc, windows-amd64)
# No core dump will be written. Minidumps are not enabled by default on client versions of Windows
#

---------------  S U M M A R Y ------------

Command Line: --add-opens=java.base/java.lang=ALL-UNNAMED --add-opens=java.base/java.lang.invoke=ALL-UNNAMED --add-opens=java.base/java.util=ALL-UNNAMED --add-opens=java.prefs/java.util.prefs=ALL-UNNAMED --add-exports=jdk.compiler/com.sun.tools.javac.api=ALL-UNNAMED --add-exports=jdk.compiler/com.sun.tools.javac.util=ALL-UNNAMED --add-opens=java.base/java.util=ALL-UNNAMED --add-opens=java.prefs/java.util.prefs=ALL-UNNAMED --add-opens=java.base/java.nio.charset=ALL-UNNAMED --add-opens=java.base/java.net=ALL-UNNAMED --add-opens=java.base/java.util.concurrent.atomic=ALL-UNNAMED --add-opens=java.xml/javax.xml.namespace=ALL-UNNAMED -Xmx2048m -Dfile.encoding=UTF-8 -Duser.country=KR -Duser.language=ko -Duser.variant -javaagent:C:\Users\COMPUTER\.gradle\wrapper\dists\gradle-8.13-bin\5xuhj0ry160q40clulazy9h7d\gradle-8.13\lib\agents\gradle-instrumentation-agent-8.13.jar org.gradle.launcher.daemon.bootstrap.GradleDaemon 8.13

Host: Intel(R) Core(TM) i7-14700, 28 cores, 15G,  Windows 11 , 64 bit Build 26100 (10.0.26100.4768)
Time: Fri Nov 14 11:10:04 2025 elapsed time: 12.036020 seconds (0d 0h 0m 12s)

---------------  T H R E A D  ---------------

Current thread (0x0000021e18d02d10):  JavaThread "C2 CompilerThread5" daemon [_thread_in_native, id=1412, stack(0x000000f04f600000,0x000000f04f700000) (1024K)]


Current CompileTask:
C2:12036 18905       4       com.android.tools.r8.internal.sv2::a (500 bytes)

Stack: [0x000000f04f600000,0x000000f04f700000]
Native frames: (J=compiled Java code, j=interpreted, Vv=VM code, C=native code)
V  [jvm.dll+0x6d68d9]
V  [jvm.dll+0x866693]
V  [jvm.dll+0x868c4e]
V  [jvm.dll+0x869333]
V  [jvm.dll+0x280566]
V  [jvm.dll+0xc07cd]
V  [jvm.dll+0xc0d03]
V  [jvm.dll+0x2f5970]
V  [jvm.dll+0x5ff719]
V  [jvm.dll+0x252362]
V  [jvm.dll+0x25271f]
V  [jvm.dll+0x24aec5]
V  [jvm.dll+0x24871e]
V  [jvm.dll+0x1c73a4]
V  [jvm.dll+0x257f9e]
V  [jvm.dll+0x2564e6]
V  [jvm.dll+0x3f4696]
V  [jvm.dll+0x80eac8]
V  [jvm.dll+0x6d512d]
C  [ucrtbase.dll+0x37b0]
C  [KERNEL32.DLL+0x2e8d7]
C  [ntdll.dll+0x3c34c]


---------------  P R O C E S S  ---------------

Threads class SMR info:
_java_thread_list=0x0000021e19151560, length=363, elements={
0x0000021e74ff2200, 0x0000021e7f2f8c80, 0x0000021e7f356500, 0x0000021e7f31e8e0,
0x0000021e7f380f50, 0x0000021e7f3815c0, 0x0000021e7f392060, 0x0000021e7f394ad0,
0x0000021e7f3a7aa0, 0x0000021e7f3a8150, 0x0000021e7f55f770, 0x0000021e7f55fe20,
0x0000021e7f820da0, 0x0000021e14237770, 0x0000021e14249130, 0x0000021e1433d3a0,
0x0000021e13817900, 0x0000021e147db6b0, 0x0000021e147de4a0, 0x0000021e147db020,
0x0000021e147dbd40, 0x0000021e147dd0f0, 0x0000021e147dc3d0, 0x0000021e147dd780,
0x0000021e147dca60, 0x0000021e1497d240, 0x0000021e1497cbb0, 0x0000021e1497df60,
0x0000021e149806c0, 0x0000021e1497e5f0, 0x0000021e1497f9a0, 0x0000021e1497ec80,
0x0000021e14980030, 0x0000021e14982e20, 0x0000021e14982100, 0x0000021e149834b0,
0x0000021e14982790, 0x0000021e149813e0, 0x0000021e15d16a20, 0x0000021e15d16390,
0x0000021e15d14950, 0x0000021e15d170b0, 0x0000021e15d17740, 0x0000021e15d15670,
0x0000021e15d142c0, 0x0000021e15d14fe0, 0x0000021e15d15d00, 0x0000021e1821a000,
0x0000021e1821c0d0, 0x0000021e1821a690, 0x0000021e1821ad20, 0x0000021e1821b3b0,
0x0000021e1821ba40, 0x0000021e1821c760, 0x0000021e1821cdf0, 0x0000021e18219970,
0x0000021e18220270, 0x0000021e1821f550, 0x0000021e193b80f0, 0x0000021e193b8780,
0x0000021e193b8e10, 0x0000021e193b94a0, 0x0000021e193b9b30, 0x0000021e193ba1c0,
0x0000021e193ba850, 0x0000021e193b73d0, 0x0000021e193baee0, 0x0000021e193bc290,
0x0000021e193bd640, 0x0000021e193bdcd0, 0x0000021e193be360, 0x0000021e193be9f0,
0x0000021e193bc920, 0x0000021e193bcfb0, 0x0000021e193bbc00, 0x0000021e193bb570,
0x0000021e19d35f60, 0x0000021e19d39a70, 0x0000021e19d38d50, 0x0000021e19d393e0,
0x0000021e19d36c80, 0x0000021e19d365f0, 0x0000021e19d38030, 0x0000021e19d37310,
0x0000021e19d3ae20, 0x0000021e19d3a100, 0x0000021e19d3a790, 0x0000021e19d379a0,
0x0000021e19d3b4b0, 0x0000021e19d3bb40, 0x0000021e19d386c0, 0x0000021e19d3c1d0,
0x0000021e19d3c860, 0x0000021e19d3cef0, 0x0000021e19d3d580, 0x0000021e1939f120,
0x0000021e1939dd70, 0x0000021e1939ea90, 0x0000021e1939f7b0, 0x0000021e193a1880,
0x0000021e193a0b60, 0x0000021e193a04d0, 0x0000021e1939fe40, 0x0000021e1939e400,
0x0000021e193a1f10, 0x0000021e193a32c0, 0x0000021e193a3950, 0x0000021e193a25a0,
0x0000021e193a3fe0, 0x0000021e193a4670, 0x0000021e193a2c30, 0x0000021e193a11f0,
0x0000021e193a5390, 0x0000021e193a4d00, 0x0000021e19fb00c0, 0x0000021e19fad2d0,
0x0000021e19fb0750, 0x0000021e19fadff0, 0x0000021e19fb0de0, 0x0000021e19fad960,
0x0000021e19faf3a0, 0x0000021e19fb1470, 0x0000021e19fae680, 0x0000021e19fb1b00,
0x0000021e19fb2190, 0x0000021e19faed10, 0x0000021e19fb2eb0, 0x0000021e19fb2820,
0x0000021e19fafa30, 0x0000021e19fb3540, 0x0000021e19fb3bd0, 0x0000021e19fb4260,
0x0000021e19fb48f0, 0x0000021e1aaa3990, 0x0000021e1aaa3300, 0x0000021e1aaa4d40,
0x0000021e1aaa6e10, 0x0000021e1aaa60f0, 0x0000021e1aaa6780, 0x0000021e1aaa81c0,
0x0000021e1aaa8850, 0x0000021e1aaaa920, 0x0000021e14ea3920, 0x0000021e14ea3fb0,
0x0000021e14ea4640, 0x0000021e20f4d7f0, 0x0000021e20f4cad0, 0x0000021e20f4b720,
0x0000021e20f4d160, 0x0000021e20f4a370, 0x0000021e20f4c440, 0x0000021e20f4de80,
0x0000021e20f4aa00, 0x0000021e20f4b090, 0x0000021e20f4e510, 0x0000021e20f4f230,
0x0000021e20f4bdb0, 0x0000021e20f4ff50, 0x0000021e20f505e0, 0x0000021e20f50c70,
0x0000021e20f4f8c0, 0x0000021e20f51300, 0x0000021e20f51990, 0x0000021e20f4eba0,
0x0000021e20f52020, 0x0000021e20f554a0, 0x0000021e20f53a60, 0x0000021e20f540f0,
0x0000021e20f526b0, 0x0000021e20f52d40, 0x0000021e20f561c0, 0x0000021e1a41a4c0,
0x0000021e1a41b1e0, 0x0000021e1a4197a0, 0x0000021e1a41ab50, 0x0000021e1a41b870,
0x0000021e1a4183f0, 0x0000021e1a419e30, 0x0000021e1a41bf00, 0x0000021e1a418a80,
0x0000021e1a41c590, 0x0000021e1a419110, 0x0000021e1a41d2b0, 0x0000021e1a41d940,
0x0000021e1a41f380, 0x0000021e1a41e660, 0x0000021e1a4200a0, 0x0000021e1a41cc20,
0x0000021e1a41fa10, 0x0000021e1a41ecf0, 0x0000021e1a420730, 0x0000021e1a421450,
0x0000021e1a41dfd0, 0x0000021e1a420dc0, 0x0000021e1a421ae0, 0x0000021e1a422170,
0x0000021e1a422800, 0x0000021e1a423bb0, 0x0000021e1a4148e0, 0x0000021e1a415600,
0x0000021e1a415c90, 0x0000021e1a417040, 0x0000021e1a4169b0, 0x0000021e1a4176d0,
0x0000021e1a417d60, 0x0000021e20f54e10, 0x0000021e20f54780, 0x0000021e20f58920,
0x0000021e20f55b30, 0x0000021e20f56850, 0x0000021e20f533d0, 0x0000021e20f58290,
0x0000021e20f58fb0, 0x0000021e20f59640, 0x0000021e20f56ee0, 0x0000021e20f57570,
0x0000021e20f57c00, 0x0000021e1a422e90, 0x0000021e1821db10, 0x0000021e1aaa74a0,
0x0000021e144f3380, 0x0000021e144f5ae0, 0x0000021e144f6800, 0x0000021e144f5450,
0x0000021e144f6e90, 0x0000021e144f3a10, 0x0000021e144f7520, 0x0000021e144f4730,
0x0000021e144f40a0, 0x0000021e144fa9a0, 0x0000021e144f8240, 0x0000021e144fa310,
0x0000021e144f9c80, 0x0000021e144f95f0, 0x0000021e144f88d0, 0x0000021e144f8f60,
0x0000021e144f7bb0, 0x0000021e144fca70, 0x0000021e144fb030, 0x0000021e144fd790,
0x0000021e144fde20, 0x0000021e144fe4b0, 0x0000021e144feb40, 0x0000021e144fbd50,
0x0000021e144fb6c0, 0x0000021e144ff1d0, 0x0000021e144fc3e0, 0x0000021e144ff860,
0x0000021e144ffef0, 0x0000021e14500580, 0x0000021e144fd100, 0x0000021e14500c10,
0x0000021e18cfdb50, 0x0000021e145012a0, 0x0000021e14501930, 0x0000021e14501fc0,
0x0000021e14502650, 0x0000021e20bbf1d0, 0x0000021e20bc1930, 0x0000021e20bc0c10,
0x0000021e20bc0580, 0x0000021e20bc12a0, 0x0000021e20bbe4b0, 0x0000021e20bc1fc0,
0x0000021e20bbf860, 0x0000021e20bbeb40, 0x0000021e20bc2ce0, 0x0000021e20bc2650,
0x0000021e20bc3370, 0x0000021e20bbfef0, 0x0000021e20bc6160, 0x0000021e20bc4db0,
0x0000021e20bc67f0, 0x0000021e20bc5440, 0x0000021e20bc5ad0, 0x0000021e20bc6e80,
0x0000021e20bc4720, 0x0000021e20bc3a00, 0x0000021e20bc7510, 0x0000021e20bc4090,
0x0000021e20bca300, 0x0000021e18d018a0, 0x0000021e20bc8230, 0x0000021e20bca990,
0x0000021e20bcb6b0, 0x0000021e20bc95e0, 0x0000021e20bc9c70, 0x0000021e20bcb020,
0x0000021e20bcbd40, 0x0000021e20bc88c0, 0x0000021e20bc8f50, 0x0000021e20bcd0f0,
0x0000021e20bcc3d0, 0x0000021e20bcca60, 0x0000021e20bcd780, 0x0000021e15c2c760,
0x0000021e15c2b3b0, 0x0000021e15c2a000, 0x0000021e15c2ba40, 0x0000021e15c2cdf0,
0x0000021e15c2a690, 0x0000021e15c2c0d0, 0x0000021e15c2ad20, 0x0000021e15c29970,
0x0000021e15c30270, 0x0000021e15c2fbe0, 0x0000021e15c2f550, 0x0000021e15c2e830,
0x0000021e15c30900, 0x0000021e15c3db00, 0x0000021e15c3e190, 0x0000021e15c3ba30,
0x0000021e15c3e820, 0x0000021e15c3c0c0, 0x0000021e15c3c750, 0x0000021e15c3b3a0,
0x0000021e15c3eeb0, 0x0000021e15c3f540, 0x0000021e15c3cde0, 0x0000021e15c429c0,
0x0000021e15c41610, 0x0000021e15c42330, 0x0000021e15c43050, 0x0000021e15c40260,
0x0000021e15c3fbd0, 0x0000021e15c408f0, 0x0000021e15c41ca0, 0x0000021e15c436e0,
0x0000021e15c40f80, 0x0000021e15c44a90, 0x0000021e15c44400, 0x0000021e15c45e40,
0x0000021e15c45120, 0x0000021e15c457b0, 0x0000021e15c46b60, 0x0000021e15c464d0,
0x0000021e15c471f0, 0x0000021e15c43d70, 0x0000021e15c485a0, 0x0000021e15c47880,
0x0000021e15c48c30, 0x0000021e15c47f10, 0x0000021e1a414f70, 0x0000021e1a416320,
0x0000021e149841d0, 0x0000021e1aaa53d0, 0x0000021e1a5eeb30, 0x0000021e1a5ede10,
0x0000021e1a5ed0f0, 0x0000021e1a5ef1c0, 0x0000021e1a5ef850, 0x0000021e1a5ed780,
0x0000021e1a5ee4a0, 0x0000021e1a5efee0, 0x0000021e1a5f0c00, 0x0000021e1a5f1290,
0x0000021e1a5f1fb0, 0x0000021e1a5f1920, 0x0000021e18cfe8f0, 0x0000021e18d02640,
0x0000021e18d02d10, 0x0000021e18d033e0, 0x0000021e18d04180
}

Java Threads: ( => current thread )
  0x0000021e74ff2200 JavaThread "main"                              [_thread_blocked, id=11092, stack(0x000000f036e00000,0x000000f036f00000) (1024K)]
  0x0000021e7f2f8c80 JavaThread "Common-Cleaner"             daemon [_thread_blocked, id=1964, stack(0x000000f037600000,0x000000f037700000) (1024K)]
  0x0000021e7f356500 JavaThread "Reference Handler"          daemon [_thread_blocked, id=2424, stack(0x000000f037700000,0x000000f037800000) (1024K)]
  0x0000021e7f31e8e0 JavaThread "Finalizer"                  daemon [_thread_blocked, id=10904, stack(0x000000f037800000,0x000000f037900000) (1024K)]
  0x0000021e7f380f50 JavaThread "Signal Dispatcher"          daemon [_thread_blocked, id=20428, stack(0x000000f037900000,0x000000f037a00000) (1024K)]
  0x0000021e7f3815c0 JavaThread "Attach Listener"            daemon [_thread_blocked, id=23980, stack(0x000000f037a00000,0x000000f037b00000) (1024K)]
  0x0000021e7f392060 JavaThread "Service Thread"             daemon [_thread_blocked, id=6128, stack(0x000000f037b00000,0x000000f037c00000) (1024K)]
  0x0000021e7f394ad0 JavaThread "Monitor Deflation Thread"   daemon [_thread_blocked, id=21340, stack(0x000000f037c00000,0x000000f037d00000) (1024K)]
  0x0000021e7f3a7aa0 JavaThread "C2 CompilerThread0"         daemon [_thread_in_native, id=20108, stack(0x000000f037d00000,0x000000f037e00000) (1024K)]
  0x0000021e7f3a8150 JavaThread "C1 CompilerThread0"         daemon [_thread_in_native, id=25288, stack(0x000000f037e00000,0x000000f037f00000) (1024K)]
  0x0000021e7f55f770 JavaThread "C1 CompilerThread1"         daemon [_thread_blocked, id=20800, stack(0x000000f037f00000,0x000000f038000000) (1024K)]
  0x0000021e7f55fe20 JavaThread "C1 CompilerThread2"         daemon [_thread_blocked, id=16296, stack(0x000000f038000000,0x000000f038100000) (1024K)]
  0x0000021e7f820da0 JavaThread "Notification Thread"        daemon [_thread_blocked, id=11980, stack(0x000000f038100000,0x000000f038200000) (1024K)]
  0x0000021e14237770 JavaThread "C1 CompilerThread3"         daemon [_thread_blocked, id=20488, stack(0x000000f038b00000,0x000000f038c00000) (1024K)]
  0x0000021e14249130 JavaThread "Daemon health stats"               [_thread_blocked, id=15528, stack(0x000000f038c00000,0x000000f038d00000) (1024K)]
  0x0000021e1433d3a0 JavaThread "Incoming local TCP Connector on port 62482"        [_thread_in_native, id=23992, stack(0x000000f038d00000,0x000000f038e00000) (1024K)]
  0x0000021e13817900 JavaThread "Daemon periodic checks"            [_thread_in_native, id=20756, stack(0x000000f039500000,0x000000f039600000) (1024K)]
  0x0000021e147db6b0 JavaThread "Daemon"                            [_thread_blocked, id=4316, stack(0x000000f039600000,0x000000f039700000) (1024K)]
  0x0000021e147de4a0 JavaThread "Handler for socket connection from /127.0.0.1:62482 to /127.0.0.1:62483"        [_thread_in_native, id=23840, stack(0x000000f039700000,0x000000f039800000) (1024K)]
  0x0000021e147db020 JavaThread "Cancel handler"                    [_thread_blocked, id=17976, stack(0x000000f039800000,0x000000f039900000) (1024K)]
  0x0000021e147dbd40 JavaThread "Daemon worker"                     [_thread_blocked, id=19792, stack(0x000000f039900000,0x000000f039a00000) (1024K)]
  0x0000021e147dd0f0 JavaThread "Asynchronous log dispatcher for DefaultDaemonConnection: socket connection from /127.0.0.1:62482 to /127.0.0.1:62483"        [_thread_blocked, id=6388, stack(0x000000f039a00000,0x000000f039b00000) (1024K)]
  0x0000021e147dc3d0 JavaThread "Stdin handler"                     [_thread_blocked, id=1816, stack(0x000000f039b00000,0x000000f039c00000) (1024K)]
  0x0000021e147dd780 JavaThread "Daemon client event forwarder"        [_thread_blocked, id=12532, stack(0x000000f039c00000,0x000000f039d00000) (1024K)]
  0x0000021e147dca60 JavaThread "Cache worker for journal cache (C:\Users\COMPUTER\.gradle\caches\journal-1)"        [_thread_blocked, id=16884, stack(0x000000f03a800000,0x000000f03a900000) (1024K)]
  0x0000021e1497d240 JavaThread "File lock request listener"        [_thread_in_native, id=12428, stack(0x000000f03a900000,0x000000f03aa00000) (1024K)]
  0x0000021e1497cbb0 JavaThread "Cache worker for file hash cache (C:\Users\COMPUTER\.gradle\caches\8.13\fileHashes)"        [_thread_blocked, id=13808, stack(0x000000f03aa00000,0x000000f03ab00000) (1024K)]
  0x0000021e1497df60 JavaThread "Cache worker for file hash cache (D:\project_1.4v\.gradle\8.13\fileHashes)"        [_thread_blocked, id=16788, stack(0x000000f03ab00000,0x000000f03ac00000) (1024K)]
  0x0000021e149806c0 JavaThread "Cache worker for Build Output Cleanup Cache (D:\project_1.4v\.gradle\buildOutputCleanup)"        [_thread_blocked, id=11628, stack(0x000000f03ac00000,0x000000f03ad00000) (1024K)]
  0x0000021e1497e5f0 JavaThread "File watcher server"        daemon [_thread_in_native, id=11272, stack(0x000000f03ad00000,0x000000f03ae00000) (1024K)]
  0x0000021e1497f9a0 JavaThread "File watcher consumer"      daemon [_thread_blocked, id=25020, stack(0x000000f03ae00000,0x000000f03af00000) (1024K)]
  0x0000021e1497ec80 JavaThread "jar transforms"                    [_thread_blocked, id=9992, stack(0x000000f03af00000,0x000000f03b000000) (1024K)]
  0x0000021e14980030 JavaThread "jar transforms Thread 2"           [_thread_blocked, id=21976, stack(0x000000f03b000000,0x000000f03b100000) (1024K)]
  0x0000021e14982e20 JavaThread "Cache worker for checksums cache (D:\project_1.4v\.gradle\8.13\checksums)"        [_thread_blocked, id=25124, stack(0x000000f03b100000,0x000000f03b200000) (1024K)]
  0x0000021e14982100 JavaThread "Cache worker for file content cache (C:\Users\COMPUTER\.gradle\caches\8.13\fileContent)"        [_thread_blocked, id=17988, stack(0x000000f03b200000,0x000000f03b300000) (1024K)]
  0x0000021e149834b0 JavaThread "jar transforms Thread 3"           [_thread_blocked, id=11520, stack(0x000000f03b300000,0x000000f03b400000) (1024K)]
  0x0000021e14982790 JavaThread "Cache worker for cache directory md-supplier (C:\Users\COMPUTER\.gradle\caches\8.13\md-supplier)"        [_thread_blocked, id=16300, stack(0x000000f03b400000,0x000000f03b500000) (1024K)]
  0x0000021e149813e0 JavaThread "Cache worker for cache directory md-rule (C:\Users\COMPUTER\.gradle\caches\8.13\md-rule)"        [_thread_blocked, id=17708, stack(0x000000f03b500000,0x000000f03b600000) (1024K)]
  0x0000021e15d16a20 JavaThread "Unconstrained build operations"        [_thread_blocked, id=10872, stack(0x000000f03b600000,0x000000f03b700000) (1024K)]
  0x0000021e15d16390 JavaThread "Unconstrained build operations Thread 2"        [_thread_blocked, id=6108, stack(0x000000f03b700000,0x000000f03b800000) (1024K)]
  0x0000021e15d14950 JavaThread "Unconstrained build operations Thread 3"        [_thread_blocked, id=14776, stack(0x000000f03b800000,0x000000f03b900000) (1024K)]
  0x0000021e15d170b0 JavaThread "Unconstrained build operations Thread 4"        [_thread_blocked, id=16612, stack(0x000000f03b900000,0x000000f03ba00000) (1024K)]
  0x0000021e15d17740 JavaThread "Unconstrained build operations Thread 5"        [_thread_blocked, id=15116, stack(0x000000f03ba00000,0x000000f03bb00000) (1024K)]
  0x0000021e15d15670 JavaThread "Unconstrained build operations Thread 6"        [_thread_blocked, id=26344, stack(0x000000f03bb00000,0x000000f03bc00000) (1024K)]
  0x0000021e15d142c0 JavaThread "Unconstrained build operations Thread 7"        [_thread_blocked, id=9344, stack(0x000000f03bc00000,0x000000f03bd00000) (1024K)]
  0x0000021e15d14fe0 JavaThread "Unconstrained build operations Thread 8"        [_thread_blocked, id=25652, stack(0x000000f03bd00000,0x000000f03be00000) (1024K)]
  0x0000021e15d15d00 JavaThread "Unconstrained build operations Thread 9"        [_thread_blocked, id=9392, stack(0x000000f03be00000,0x000000f03bf00000) (1024K)]
  0x0000021e1821a000 JavaThread "Unconstrained build operations Thread 10"        [_thread_blocked, id=18272, stack(0x000000f03bf00000,0x000000f03c000000) (1024K)]
  0x0000021e1821c0d0 JavaThread "jar transforms Thread 4"           [_thread_blocked, id=5468, stack(0x000000f03c000000,0x000000f03c100000) (1024K)]
  0x0000021e1821a690 JavaThread "jar transforms Thread 5"           [_thread_blocked, id=16616, stack(0x000000f03c100000,0x000000f03c200000) (1024K)]
  0x0000021e1821ad20 JavaThread "Unconstrained build operations Thread 11"        [_thread_blocked, id=13184, stack(0x000000f03c200000,0x000000f03c300000) (1024K)]
  0x0000021e1821b3b0 JavaThread "Unconstrained build operations Thread 12"        [_thread_blocked, id=9008, stack(0x000000f03c300000,0x000000f03c400000) (1024K)]
  0x0000021e1821ba40 JavaThread "Unconstrained build operations Thread 13"        [_thread_blocked, id=11796, stack(0x000000f03c400000,0x000000f03c500000) (1024K)]
  0x0000021e1821c760 JavaThread "Unconstrained build operations Thread 14"        [_thread_blocked, id=4456, stack(0x000000f03c500000,0x000000f03c600000) (1024K)]
  0x0000021e1821cdf0 JavaThread "Unconstrained build operations Thread 15"        [_thread_blocked, id=15732, stack(0x000000f03c600000,0x000000f03c700000) (1024K)]
  0x0000021e18219970 JavaThread "jar transforms Thread 6"           [_thread_blocked, id=22068, stack(0x000000f03c700000,0x000000f03c800000) (1024K)]
  0x0000021e18220270 JavaThread "jar transforms Thread 7"           [_thread_blocked, id=4828, stack(0x000000f03c800000,0x000000f03c900000) (1024K)]
  0x0000021e1821f550 JavaThread "jar transforms Thread 8"           [_thread_blocked, id=12312, stack(0x000000f03c900000,0x000000f03ca00000) (1024K)]
  0x0000021e193b80f0 JavaThread "Unconstrained build operations Thread 16"        [_thread_blocked, id=26596, stack(0x000000f038400000,0x000000f038500000) (1024K)]
  0x0000021e193b8780 JavaThread "Unconstrained build operations Thread 17"        [_thread_blocked, id=12080, stack(0x000000f038500000,0x000000f038600000) (1024K)]
  0x0000021e193b8e10 JavaThread "Unconstrained build operations Thread 18"        [_thread_blocked, id=13484, stack(0x000000f03ca00000,0x000000f03cb00000) (1024K)]
  0x0000021e193b94a0 JavaThread "Unconstrained build operations Thread 19"        [_thread_blocked, id=10388, stack(0x000000f03cb00000,0x000000f03cc00000) (1024K)]
  0x0000021e193b9b30 JavaThread "Unconstrained build operations Thread 20"        [_thread_blocked, id=20460, stack(0x000000f03cc00000,0x000000f03cd00000) (1024K)]
  0x0000021e193ba1c0 JavaThread "Unconstrained build operations Thread 21"        [_thread_blocked, id=26408, stack(0x000000f03cd00000,0x000000f03ce00000) (1024K)]
  0x0000021e193ba850 JavaThread "Unconstrained build operations Thread 22"        [_thread_blocked, id=21112, stack(0x000000f03ce00000,0x000000f03cf00000) (1024K)]
  0x0000021e193b73d0 JavaThread "Unconstrained build operations Thread 23"        [_thread_blocked, id=4908, stack(0x000000f03cf00000,0x000000f03d000000) (1024K)]
  0x0000021e193baee0 JavaThread "Unconstrained build operations Thread 24"        [_thread_blocked, id=20456, stack(0x000000f03d000000,0x000000f03d100000) (1024K)]
  0x0000021e193bc290 JavaThread "Unconstrained build operations Thread 25"        [_thread_blocked, id=17804, stack(0x000000f03d100000,0x000000f03d200000) (1024K)]
  0x0000021e193bd640 JavaThread "Unconstrained build operations Thread 26"        [_thread_blocked, id=19824, stack(0x000000f03d200000,0x000000f03d300000) (1024K)]
  0x0000021e193bdcd0 JavaThread "Unconstrained build operations Thread 27"        [_thread_in_Java, id=7776, stack(0x000000f03d300000,0x000000f03d400000) (1024K)]
  0x0000021e193be360 JavaThread "Unconstrained build operations Thread 28"        [_thread_blocked, id=21752, stack(0x000000f03d400000,0x000000f03d500000) (1024K)]
  0x0000021e193be9f0 JavaThread "Unconstrained build operations Thread 29"        [_thread_blocked, id=10456, stack(0x000000f03d500000,0x000000f03d600000) (1024K)]
  0x0000021e193bc920 JavaThread "Unconstrained build operations Thread 30"        [_thread_blocked, id=9872, stack(0x000000f03d600000,0x000000f03d700000) (1024K)]
  0x0000021e193bcfb0 JavaThread "Unconstrained build operations Thread 31"        [_thread_blocked, id=26356, stack(0x000000f03d700000,0x000000f03d800000) (1024K)]
  0x0000021e193bbc00 JavaThread "Unconstrained build operations Thread 32"        [_thread_blocked, id=16240, stack(0x000000f03d800000,0x000000f03d900000) (1024K)]
  0x0000021e193bb570 JavaThread "Unconstrained build operations Thread 33"        [_thread_blocked, id=18684, stack(0x000000f03d900000,0x000000f03da00000) (1024K)]
  0x0000021e19d35f60 JavaThread "Unconstrained build operations Thread 34"        [_thread_blocked, id=16344, stack(0x000000f03da00000,0x000000f03db00000) (1024K)]
  0x0000021e19d39a70 JavaThread "Unconstrained build operations Thread 35"        [_thread_blocked, id=19228, stack(0x000000f03db00000,0x000000f03dc00000) (1024K)]
  0x0000021e19d38d50 JavaThread "Unconstrained build operations Thread 36"        [_thread_blocked, id=3864, stack(0x000000f03dc00000,0x000000f03dd00000) (1024K)]
  0x0000021e19d393e0 JavaThread "Unconstrained build operations Thread 37"        [_thread_blocked, id=19004, stack(0x000000f03dd00000,0x000000f03de00000) (1024K)]
  0x0000021e19d36c80 JavaThread "Unconstrained build operations Thread 38"        [_thread_blocked, id=25888, stack(0x000000f03de00000,0x000000f03df00000) (1024K)]
  0x0000021e19d365f0 JavaThread "Unconstrained build operations Thread 39"        [_thread_blocked, id=15644, stack(0x000000f03df00000,0x000000f03e000000) (1024K)]
  0x0000021e19d38030 JavaThread "Unconstrained build operations Thread 40"        [_thread_blocked, id=596, stack(0x000000f03e000000,0x000000f03e100000) (1024K)]
  0x0000021e19d37310 JavaThread "Unconstrained build operations Thread 41"        [_thread_blocked, id=17316, stack(0x000000f03e100000,0x000000f03e200000) (1024K)]
  0x0000021e19d3ae20 JavaThread "Unconstrained build operations Thread 42"        [_thread_blocked, id=2680, stack(0x000000f03e200000,0x000000f03e300000) (1024K)]
  0x0000021e19d3a100 JavaThread "Unconstrained build operations Thread 43"        [_thread_blocked, id=26256, stack(0x000000f03e300000,0x000000f03e400000) (1024K)]
  0x0000021e19d3a790 JavaThread "Unconstrained build operations Thread 44"        [_thread_blocked, id=12712, stack(0x000000f03e400000,0x000000f03e500000) (1024K)]
  0x0000021e19d379a0 JavaThread "Unconstrained build operations Thread 45"        [_thread_blocked, id=3208, stack(0x000000f03e500000,0x000000f03e600000) (1024K)]
  0x0000021e19d3b4b0 JavaThread "Unconstrained build operations Thread 46"        [_thread_blocked, id=3268, stack(0x000000f03e600000,0x000000f03e700000) (1024K)]
  0x0000021e19d3bb40 JavaThread "Unconstrained build operations Thread 47"        [_thread_blocked, id=23448, stack(0x000000f03e700000,0x000000f03e800000) (1024K)]
  0x0000021e19d386c0 JavaThread "Unconstrained build operations Thread 48"        [_thread_blocked, id=19156, stack(0x000000f03e800000,0x000000f03e900000) (1024K)]
  0x0000021e19d3c1d0 JavaThread "Unconstrained build operations Thread 49"        [_thread_blocked, id=20156, stack(0x000000f03e900000,0x000000f03ea00000) (1024K)]
  0x0000021e19d3c860 JavaThread "Unconstrained build operations Thread 50"        [_thread_blocked, id=21648, stack(0x000000f03ea00000,0x000000f03eb00000) (1024K)]
  0x0000021e19d3cef0 JavaThread "Unconstrained build operations Thread 51"        [_thread_blocked, id=14424, stack(0x000000f03eb00000,0x000000f03ec00000) (1024K)]
  0x0000021e19d3d580 JavaThread "Unconstrained build operations Thread 52"        [_thread_blocked, id=20472, stack(0x000000f03ec00000,0x000000f03ed00000) (1024K)]
  0x0000021e1939f120 JavaThread "Unconstrained build operations Thread 53"        [_thread_blocked, id=25808, stack(0x000000f03ed00000,0x000000f03ee00000) (1024K)]
  0x0000021e1939dd70 JavaThread "Unconstrained build operations Thread 54"        [_thread_blocked, id=20912, stack(0x000000f03ee00000,0x000000f03ef00000) (1024K)]
  0x0000021e1939ea90 JavaThread "Unconstrained build operations Thread 55"        [_thread_blocked, id=14568, stack(0x000000f03ef00000,0x000000f03f000000) (1024K)]
  0x0000021e1939f7b0 JavaThread "Unconstrained build operations Thread 56"        [_thread_blocked, id=9356, stack(0x000000f03f000000,0x000000f03f100000) (1024K)]
  0x0000021e193a1880 JavaThread "Unconstrained build operations Thread 57"        [_thread_blocked, id=2076, stack(0x000000f03f100000,0x000000f03f200000) (1024K)]
  0x0000021e193a0b60 JavaThread "Unconstrained build operations Thread 58"        [_thread_blocked, id=6320, stack(0x000000f03f200000,0x000000f03f300000) (1024K)]
  0x0000021e193a04d0 JavaThread "Unconstrained build operations Thread 59"        [_thread_blocked, id=2964, stack(0x000000f03f300000,0x000000f03f400000) (1024K)]
  0x0000021e1939fe40 JavaThread "Unconstrained build operations Thread 60"        [_thread_blocked, id=23924, stack(0x000000f03f400000,0x000000f03f500000) (1024K)]
  0x0000021e1939e400 JavaThread "Unconstrained build operations Thread 61"        [_thread_blocked, id=16324, stack(0x000000f03f500000,0x000000f03f600000) (1024K)]
  0x0000021e193a1f10 JavaThread "Unconstrained build operations Thread 62"        [_thread_blocked, id=2576, stack(0x000000f03f600000,0x000000f03f700000) (1024K)]
  0x0000021e193a32c0 JavaThread "Unconstrained build operations Thread 63"        [_thread_blocked, id=19672, stack(0x000000f03f700000,0x000000f03f800000) (1024K)]
  0x0000021e193a3950 JavaThread "Unconstrained build operations Thread 64"        [_thread_blocked, id=25488, stack(0x000000f03f800000,0x000000f03f900000) (1024K)]
  0x0000021e193a25a0 JavaThread "Unconstrained build operations Thread 65"        [_thread_blocked, id=2556, stack(0x000000f03f900000,0x000000f03fa00000) (1024K)]
  0x0000021e193a3fe0 JavaThread "Unconstrained build operations Thread 66"        [_thread_blocked, id=24948, stack(0x000000f03fa00000,0x000000f03fb00000) (1024K)]
  0x0000021e193a4670 JavaThread "Unconstrained build operations Thread 67"        [_thread_blocked, id=14256, stack(0x000000f03fb00000,0x000000f03fc00000) (1024K)]
  0x0000021e193a2c30 JavaThread "Unconstrained build operations Thread 68"        [_thread_blocked, id=23320, stack(0x000000f03fc00000,0x000000f03fd00000) (1024K)]
  0x0000021e193a11f0 JavaThread "Unconstrained build operations Thread 69"        [_thread_blocked, id=11216, stack(0x000000f03fd00000,0x000000f03fe00000) (1024K)]
  0x0000021e193a5390 JavaThread "Unconstrained build operations Thread 70"        [_thread_blocked, id=4884, stack(0x000000f03fe00000,0x000000f03ff00000) (1024K)]
  0x0000021e193a4d00 JavaThread "Unconstrained build operations Thread 71"        [_thread_blocked, id=20588, stack(0x000000f03ff00000,0x000000f040000000) (1024K)]
  0x0000021e19fb00c0 JavaThread "Unconstrained build operations Thread 72"        [_thread_blocked, id=18192, stack(0x000000f040000000,0x000000f040100000) (1024K)]
  0x0000021e19fad2d0 JavaThread "Unconstrained build operations Thread 73"        [_thread_blocked, id=21884, stack(0x000000f040100000,0x000000f040200000) (1024K)]
  0x0000021e19fb0750 JavaThread "Unconstrained build operations Thread 74"        [_thread_blocked, id=1472, stack(0x000000f040200000,0x000000f040300000) (1024K)]
  0x0000021e19fadff0 JavaThread "Unconstrained build operations Thread 75"        [_thread_blocked, id=18228, stack(0x000000f040300000,0x000000f040400000) (1024K)]
  0x0000021e19fb0de0 JavaThread "Unconstrained build operations Thread 76"        [_thread_blocked, id=8676, stack(0x000000f040400000,0x000000f040500000) (1024K)]
  0x0000021e19fad960 JavaThread "Unconstrained build operations Thread 77"        [_thread_blocked, id=24920, stack(0x000000f040500000,0x000000f040600000) (1024K)]
  0x0000021e19faf3a0 JavaThread "Unconstrained build operations Thread 78"        [_thread_blocked, id=9728, stack(0x000000f040600000,0x000000f040700000) (1024K)]
  0x0000021e19fb1470 JavaThread "Unconstrained build operations Thread 79"        [_thread_blocked, id=2020, stack(0x000000f040700000,0x000000f040800000) (1024K)]
  0x0000021e19fae680 JavaThread "Unconstrained build operations Thread 80"        [_thread_blocked, id=6004, stack(0x000000f040800000,0x000000f040900000) (1024K)]
  0x0000021e19fb1b00 JavaThread "Unconstrained build operations Thread 81"        [_thread_blocked, id=9052, stack(0x000000f040900000,0x000000f040a00000) (1024K)]
  0x0000021e19fb2190 JavaThread "Unconstrained build operations Thread 82"        [_thread_blocked, id=18596, stack(0x000000f040a00000,0x000000f040b00000) (1024K)]
  0x0000021e19faed10 JavaThread "Unconstrained build operations Thread 83"        [_thread_blocked, id=1880, stack(0x000000f040b00000,0x000000f040c00000) (1024K)]
  0x0000021e19fb2eb0 JavaThread "Unconstrained build operations Thread 84"        [_thread_blocked, id=18140, stack(0x000000f040c00000,0x000000f040d00000) (1024K)]
  0x0000021e19fb2820 JavaThread "Unconstrained build operations Thread 85"        [_thread_blocked, id=10728, stack(0x000000f040d00000,0x000000f040e00000) (1024K)]
  0x0000021e19fafa30 JavaThread "Unconstrained build operations Thread 86"        [_thread_blocked, id=13080, stack(0x000000f040e00000,0x000000f040f00000) (1024K)]
  0x0000021e19fb3540 JavaThread "Unconstrained build operations Thread 87"        [_thread_blocked, id=25500, stack(0x000000f040f00000,0x000000f041000000) (1024K)]
  0x0000021e19fb3bd0 JavaThread "Unconstrained build operations Thread 88"        [_thread_blocked, id=19716, stack(0x000000f041000000,0x000000f041100000) (1024K)]
  0x0000021e19fb4260 JavaThread "Unconstrained build operations Thread 89"        [_thread_blocked, id=24172, stack(0x000000f041100000,0x000000f041200000) (1024K)]
  0x0000021e19fb48f0 JavaThread "Unconstrained build operations Thread 90"        [_thread_blocked, id=22304, stack(0x000000f041200000,0x000000f041300000) (1024K)]
  0x0000021e1aaa3990 JavaThread "Unconstrained build operations Thread 91"        [_thread_blocked, id=17484, stack(0x000000f041300000,0x000000f041400000) (1024K)]
  0x0000021e1aaa3300 JavaThread "Unconstrained build operations Thread 92"        [_thread_blocked, id=18388, stack(0x000000f041400000,0x000000f041500000) (1024K)]
  0x0000021e1aaa4d40 JavaThread "Unconstrained build operations Thread 93"        [_thread_blocked, id=11812, stack(0x000000f041500000,0x000000f041600000) (1024K)]
  0x0000021e1aaa6e10 JavaThread "Unconstrained build operations Thread 94"        [_thread_blocked, id=11956, stack(0x000000f041600000,0x000000f041700000) (1024K)]
  0x0000021e1aaa60f0 JavaThread "Unconstrained build operations Thread 95"        [_thread_blocked, id=14924, stack(0x000000f041700000,0x000000f041800000) (1024K)]
  0x0000021e1aaa6780 JavaThread "Unconstrained build operations Thread 96"        [_thread_blocked, id=18260, stack(0x000000f041800000,0x000000f041900000) (1024K)]
  0x0000021e1aaa81c0 JavaThread "build event listener"              [_thread_blocked, id=9276, stack(0x000000f041900000,0x000000f041a00000) (1024K)]
  0x0000021e1aaa8850 JavaThread "Memory manager"                    [_thread_blocked, id=22256, stack(0x000000f041a00000,0x000000f041b00000) (1024K)]
  0x0000021e1aaaa920 JavaThread "build event listener"              [_thread_blocked, id=8072, stack(0x000000f041b00000,0x000000f041c00000) (1024K)]
  0x0000021e14ea3920 JavaThread "included builds"                   [_thread_blocked, id=13828, stack(0x000000f041f00000,0x000000f042000000) (1024K)]
  0x0000021e14ea3fb0 JavaThread "Execution worker"                  [_thread_blocked, id=18068, stack(0x000000f042000000,0x000000f042100000) (1024K)]
  0x0000021e14ea4640 JavaThread "Execution worker Thread 2"         [_thread_blocked, id=22640, stack(0x000000f042100000,0x000000f042200000) (1024K)]
  0x0000021e20f4d7f0 JavaThread "Execution worker Thread 3"         [_thread_blocked, id=12684, stack(0x000000f042200000,0x000000f042300000) (1024K)]
  0x0000021e20f4cad0 JavaThread "Execution worker Thread 4"         [_thread_blocked, id=25960, stack(0x000000f042300000,0x000000f042400000) (1024K)]
  0x0000021e20f4b720 JavaThread "Execution worker Thread 5"         [_thread_blocked, id=13348, stack(0x000000f042400000,0x000000f042500000) (1024K)]
  0x0000021e20f4d160 JavaThread "Execution worker Thread 6"         [_thread_blocked, id=24796, stack(0x000000f042500000,0x000000f042600000) (1024K)]
  0x0000021e20f4a370 JavaThread "Execution worker Thread 7"         [_thread_blocked, id=14420, stack(0x000000f042600000,0x000000f042700000) (1024K)]
  0x0000021e20f4c440 JavaThread "Execution worker Thread 8"         [_thread_blocked, id=19576, stack(0x000000f042700000,0x000000f042800000) (1024K)]
  0x0000021e20f4de80 JavaThread "Execution worker Thread 9"         [_thread_blocked, id=18744, stack(0x000000f042800000,0x000000f042900000) (1024K)]
  0x0000021e20f4aa00 JavaThread "Execution worker Thread 10"        [_thread_blocked, id=20884, stack(0x000000f042900000,0x000000f042a00000) (1024K)]
  0x0000021e20f4b090 JavaThread "Execution worker Thread 11"        [_thread_blocked, id=7944, stack(0x000000f042a00000,0x000000f042b00000) (1024K)]
  0x0000021e20f4e510 JavaThread "Execution worker Thread 12"        [_thread_blocked, id=9828, stack(0x000000f042b00000,0x000000f042c00000) (1024K)]
  0x0000021e20f4f230 JavaThread "Execution worker Thread 13"        [_thread_blocked, id=10796, stack(0x000000f042c00000,0x000000f042d00000) (1024K)]
  0x0000021e20f4bdb0 JavaThread "Execution worker Thread 14"        [_thread_blocked, id=26172, stack(0x000000f042d00000,0x000000f042e00000) (1024K)]
  0x0000021e20f4ff50 JavaThread "Execution worker Thread 15"        [_thread_blocked, id=13512, stack(0x000000f042e00000,0x000000f042f00000) (1024K)]
  0x0000021e20f505e0 JavaThread "Execution worker Thread 16"        [_thread_blocked, id=10864, stack(0x000000f042f00000,0x000000f043000000) (1024K)]
  0x0000021e20f50c70 JavaThread "Execution worker Thread 17"        [_thread_blocked, id=13924, stack(0x000000f043000000,0x000000f043100000) (1024K)]
  0x0000021e20f4f8c0 JavaThread "Execution worker Thread 18"        [_thread_blocked, id=21224, stack(0x000000f043100000,0x000000f043200000) (1024K)]
  0x0000021e20f51300 JavaThread "Execution worker Thread 19"        [_thread_blocked, id=2944, stack(0x000000f043200000,0x000000f043300000) (1024K)]
  0x0000021e20f51990 JavaThread "Execution worker Thread 20"        [_thread_blocked, id=21932, stack(0x000000f043300000,0x000000f043400000) (1024K)]
  0x0000021e20f4eba0 JavaThread "Execution worker Thread 21"        [_thread_blocked, id=14576, stack(0x000000f043400000,0x000000f043500000) (1024K)]
  0x0000021e20f52020 JavaThread "Execution worker Thread 22"        [_thread_blocked, id=9768, stack(0x000000f043500000,0x000000f043600000) (1024K)]
  0x0000021e20f554a0 JavaThread "Execution worker Thread 23"        [_thread_blocked, id=14824, stack(0x000000f043600000,0x000000f043700000) (1024K)]
  0x0000021e20f53a60 JavaThread "Execution worker Thread 24"        [_thread_blocked, id=648, stack(0x000000f043700000,0x000000f043800000) (1024K)]
  0x0000021e20f540f0 JavaThread "Execution worker Thread 25"        [_thread_blocked, id=26568, stack(0x000000f043800000,0x000000f043900000) (1024K)]
  0x0000021e20f526b0 JavaThread "Execution worker Thread 26"        [_thread_blocked, id=23484, stack(0x000000f043900000,0x000000f043a00000) (1024K)]
  0x0000021e20f52d40 JavaThread "Execution worker Thread 27"        [_thread_blocked, id=15388, stack(0x000000f043a00000,0x000000f043b00000) (1024K)]
  0x0000021e20f561c0 JavaThread "Cache worker for execution history cache (D:\project_1.4v\.gradle\8.13\executionHistory)"        [_thread_blocked, id=15032, stack(0x000000f043b00000,0x000000f043c00000) (1024K)]
  0x0000021e1a41a4c0 JavaThread "Unconstrained build operations Thread 97"        [_thread_blocked, id=24868, stack(0x000000f043c00000,0x000000f043d00000) (1024K)]
  0x0000021e1a41b1e0 JavaThread "Unconstrained build operations Thread 98"        [_thread_blocked, id=6308, stack(0x000000f043d00000,0x000000f043e00000) (1024K)]
  0x0000021e1a4197a0 JavaThread "Unconstrained build operations Thread 99"        [_thread_blocked, id=8896, stack(0x000000f043e00000,0x000000f043f00000) (1024K)]
  0x0000021e1a41ab50 JavaThread "Unconstrained build operations Thread 100"        [_thread_blocked, id=20072, stack(0x000000f043f00000,0x000000f044000000) (1024K)]
  0x0000021e1a41b870 JavaThread "Unconstrained build operations Thread 101"        [_thread_blocked, id=19700, stack(0x000000f044000000,0x000000f044100000) (1024K)]
  0x0000021e1a4183f0 JavaThread "Unconstrained build operations Thread 102"        [_thread_blocked, id=13720, stack(0x000000f044100000,0x000000f044200000) (1024K)]
  0x0000021e1a419e30 JavaThread "Unconstrained build operations Thread 103"        [_thread_blocked, id=2496, stack(0x000000f044200000,0x000000f044300000) (1024K)]
  0x0000021e1a41bf00 JavaThread "Unconstrained build operations Thread 104"        [_thread_blocked, id=23168, stack(0x000000f044300000,0x000000f044400000) (1024K)]
  0x0000021e1a418a80 JavaThread "Unconstrained build operations Thread 105"        [_thread_blocked, id=1172, stack(0x000000f044400000,0x000000f044500000) (1024K)]
  0x0000021e1a41c590 JavaThread "Unconstrained build operations Thread 106"        [_thread_blocked, id=12328, stack(0x000000f044500000,0x000000f044600000) (1024K)]
  0x0000021e1a419110 JavaThread "Unconstrained build operations Thread 107"        [_thread_blocked, id=19464, stack(0x000000f044600000,0x000000f044700000) (1024K)]
  0x0000021e1a41d2b0 JavaThread "Unconstrained build operations Thread 108"        [_thread_blocked, id=13108, stack(0x000000f044700000,0x000000f044800000) (1024K)]
  0x0000021e1a41d940 JavaThread "Unconstrained build operations Thread 109"        [_thread_blocked, id=15740, stack(0x000000f044800000,0x000000f044900000) (1024K)]
  0x0000021e1a41f380 JavaThread "Unconstrained build operations Thread 110"        [_thread_blocked, id=4348, stack(0x000000f044900000,0x000000f044a00000) (1024K)]
  0x0000021e1a41e660 JavaThread "Unconstrained build operations Thread 111"        [_thread_blocked, id=25208, stack(0x000000f044a00000,0x000000f044b00000) (1024K)]
  0x0000021e1a4200a0 JavaThread "Unconstrained build operations Thread 112"        [_thread_blocked, id=9368, stack(0x000000f044b00000,0x000000f044c00000) (1024K)]
  0x0000021e1a41cc20 JavaThread "Unconstrained build operations Thread 113"        [_thread_blocked, id=14668, stack(0x000000f044c00000,0x000000f044d00000) (1024K)]
  0x0000021e1a41fa10 JavaThread "Unconstrained build operations Thread 114"        [_thread_blocked, id=17360, stack(0x000000f044d00000,0x000000f044e00000) (1024K)]
  0x0000021e1a41ecf0 JavaThread "Unconstrained build operations Thread 115"        [_thread_blocked, id=9208, stack(0x000000f044e00000,0x000000f044f00000) (1024K)]
  0x0000021e1a420730 JavaThread "Unconstrained build operations Thread 116"        [_thread_blocked, id=19504, stack(0x000000f044f00000,0x000000f045000000) (1024K)]
  0x0000021e1a421450 JavaThread "Unconstrained build operations Thread 117"        [_thread_blocked, id=8744, stack(0x000000f045000000,0x000000f045100000) (1024K)]
  0x0000021e1a41dfd0 JavaThread "Unconstrained build operations Thread 118"        [_thread_blocked, id=9900, stack(0x000000f045100000,0x000000f045200000) (1024K)]
  0x0000021e1a420dc0 JavaThread "Unconstrained build operations Thread 119"        [_thread_blocked, id=10360, stack(0x000000f045200000,0x000000f045300000) (1024K)]
  0x0000021e1a421ae0 JavaThread "Unconstrained build operations Thread 120"        [_thread_blocked, id=17780, stack(0x000000f045300000,0x000000f045400000) (1024K)]
  0x0000021e1a422170 JavaThread "Unconstrained build operations Thread 121"        [_thread_blocked, id=20592, stack(0x000000f045400000,0x000000f045500000) (1024K)]
  0x0000021e1a422800 JavaThread "Unconstrained build operations Thread 122"        [_thread_blocked, id=20396, stack(0x000000f045500000,0x000000f045600000) (1024K)]
  0x0000021e1a423bb0 JavaThread "Unconstrained build operations Thread 123"        [_thread_blocked, id=25092, stack(0x000000f045600000,0x000000f045700000) (1024K)]
  0x0000021e1a4148e0 JavaThread "Unconstrained build operations Thread 124"        [_thread_blocked, id=7888, stack(0x000000f038200000,0x000000f038300000) (1024K)]
  0x0000021e1a415600 JavaThread "Unconstrained build operations Thread 125"        [_thread_blocked, id=14484, stack(0x000000f038300000,0x000000f038400000) (1024K)]
  0x0000021e1a415c90 JavaThread "Unconstrained build operations Thread 126"        [_thread_blocked, id=4976, stack(0x000000f041c00000,0x000000f041d00000) (1024K)]
  0x0000021e1a417040 JavaThread "Unconstrained build operations Thread 127"        [_thread_blocked, id=11396, stack(0x000000f041d00000,0x000000f041e00000) (1024K)]
  0x0000021e1a4169b0 JavaThread "Unconstrained build operations Thread 128"        [_thread_blocked, id=8260, stack(0x000000f041e00000,0x000000f041f00000) (1024K)]
  0x0000021e1a4176d0 JavaThread "Unconstrained build operations Thread 129"        [_thread_blocked, id=6016, stack(0x000000f045700000,0x000000f045800000) (1024K)]
  0x0000021e1a417d60 JavaThread "Unconstrained build operations Thread 130"        [_thread_blocked, id=12748, stack(0x000000f045800000,0x000000f045900000) (1024K)]
  0x0000021e20f54e10 JavaThread "Unconstrained build operations Thread 131"        [_thread_blocked, id=22552, stack(0x000000f045900000,0x000000f045a00000) (1024K)]
  0x0000021e20f54780 JavaThread "Unconstrained build operations Thread 132"        [_thread_blocked, id=22584, stack(0x000000f045a00000,0x000000f045b00000) (1024K)]
  0x0000021e20f58920 JavaThread "Unconstrained build operations Thread 133"        [_thread_blocked, id=19308, stack(0x000000f045b00000,0x000000f045c00000) (1024K)]
  0x0000021e20f55b30 JavaThread "Unconstrained build operations Thread 134"        [_thread_blocked, id=1720, stack(0x000000f045c00000,0x000000f045d00000) (1024K)]
  0x0000021e20f56850 JavaThread "Unconstrained build operations Thread 135"        [_thread_blocked, id=20216, stack(0x000000f045d00000,0x000000f045e00000) (1024K)]
  0x0000021e20f533d0 JavaThread "Unconstrained build operations Thread 136"        [_thread_blocked, id=22928, stack(0x000000f045e00000,0x000000f045f00000) (1024K)]
  0x0000021e20f58290 JavaThread "Unconstrained build operations Thread 137"        [_thread_blocked, id=23076, stack(0x000000f045f00000,0x000000f046000000) (1024K)]
  0x0000021e20f58fb0 JavaThread "Unconstrained build operations Thread 138"        [_thread_blocked, id=6640, stack(0x000000f046000000,0x000000f046100000) (1024K)]
  0x0000021e20f59640 JavaThread "Unconstrained build operations Thread 139"        [_thread_blocked, id=17700, stack(0x000000f046100000,0x000000f046200000) (1024K)]
  0x0000021e20f56ee0 JavaThread "Unconstrained build operations Thread 140"        [_thread_blocked, id=24036, stack(0x000000f046200000,0x000000f046300000) (1024K)]
  0x0000021e20f57570 JavaThread "Unconstrained build operations Thread 141"        [_thread_blocked, id=10304, stack(0x000000f046300000,0x000000f046400000) (1024K)]
  0x0000021e20f57c00 JavaThread "Unconstrained build operations Thread 142"        [_thread_blocked, id=19536, stack(0x000000f046400000,0x000000f046500000) (1024K)]
  0x0000021e1a422e90 JavaThread "Unconstrained build operations Thread 143"        [_thread_blocked, id=16364, stack(0x000000f046500000,0x000000f046600000) (1024K)]
  0x0000021e1821db10 JavaThread "Unconstrained build operations Thread 144"        [_thread_blocked, id=19832, stack(0x000000f046600000,0x000000f046700000) (1024K)]
  0x0000021e1aaa74a0 JavaThread "Unconstrained build operations Thread 145"        [_thread_blocked, id=13168, stack(0x000000f046700000,0x000000f046800000) (1024K)]
  0x0000021e144f3380 JavaThread "Unconstrained build operations Thread 146"        [_thread_blocked, id=26308, stack(0x000000f046800000,0x000000f046900000) (1024K)]
  0x0000021e144f5ae0 JavaThread "Unconstrained build operations Thread 147"        [_thread_blocked, id=21512, stack(0x000000f046900000,0x000000f046a00000) (1024K)]
  0x0000021e144f6800 JavaThread "Unconstrained build operations Thread 148"        [_thread_blocked, id=18720, stack(0x000000f046c00000,0x000000f046d00000) (1024K)]
  0x0000021e144f5450 JavaThread "Unconstrained build operations Thread 149"        [_thread_blocked, id=2452, stack(0x000000f046d00000,0x000000f046e00000) (1024K)]
  0x0000021e144f6e90 JavaThread "Unconstrained build operations Thread 150"        [_thread_blocked, id=15760, stack(0x000000f046e00000,0x000000f046f00000) (1024K)]
  0x0000021e144f3a10 JavaThread "Unconstrained build operations Thread 151"        [_thread_blocked, id=20824, stack(0x000000f046f00000,0x000000f047000000) (1024K)]
  0x0000021e144f7520 JavaThread "Unconstrained build operations Thread 152"        [_thread_blocked, id=22688, stack(0x000000f047000000,0x000000f047100000) (1024K)]
  0x0000021e144f4730 JavaThread "Unconstrained build operations Thread 153"        [_thread_blocked, id=18756, stack(0x000000f047100000,0x000000f047200000) (1024K)]
  0x0000021e144f40a0 JavaThread "Unconstrained build operations Thread 154"        [_thread_blocked, id=6696, stack(0x000000f047200000,0x000000f047300000) (1024K)]
  0x0000021e144fa9a0 JavaThread "Unconstrained build operations Thread 155"        [_thread_blocked, id=18544, stack(0x000000f047300000,0x000000f047400000) (1024K)]
  0x0000021e144f8240 JavaThread "Unconstrained build operations Thread 156"        [_thread_blocked, id=25116, stack(0x000000f047400000,0x000000f047500000) (1024K)]
  0x0000021e144fa310 JavaThread "Unconstrained build operations Thread 157"        [_thread_blocked, id=11044, stack(0x000000f047500000,0x000000f047600000) (1024K)]
  0x0000021e144f9c80 JavaThread "Unconstrained build operations Thread 158"        [_thread_blocked, id=9328, stack(0x000000f047600000,0x000000f047700000) (1024K)]
  0x0000021e144f95f0 JavaThread "Unconstrained build operations Thread 159"        [_thread_blocked, id=14284, stack(0x000000f047700000,0x000000f047800000) (1024K)]
  0x0000021e144f88d0 JavaThread "Unconstrained build operations Thread 160"        [_thread_blocked, id=13592, stack(0x000000f047800000,0x000000f047900000) (1024K)]
  0x0000021e144f8f60 JavaThread "Unconstrained build operations Thread 161"        [_thread_blocked, id=11832, stack(0x000000f047900000,0x000000f047a00000) (1024K)]
  0x0000021e144f7bb0 JavaThread "Unconstrained build operations Thread 162"        [_thread_blocked, id=2952, stack(0x000000f047a00000,0x000000f047b00000) (1024K)]
  0x0000021e144fca70 JavaThread "Unconstrained build operations Thread 163"        [_thread_blocked, id=24572, stack(0x000000f047b00000,0x000000f047c00000) (1024K)]
  0x0000021e144fb030 JavaThread "Unconstrained build operations Thread 164"        [_thread_blocked, id=20568, stack(0x000000f047c00000,0x000000f047d00000) (1024K)]
  0x0000021e144fd790 JavaThread "Unconstrained build operations Thread 165"        [_thread_blocked, id=21624, stack(0x000000f047d00000,0x000000f047e00000) (1024K)]
  0x0000021e144fde20 JavaThread "Unconstrained build operations Thread 166"        [_thread_blocked, id=892, stack(0x000000f047e00000,0x000000f047f00000) (1024K)]
  0x0000021e144fe4b0 JavaThread "Unconstrained build operations Thread 167"        [_thread_blocked, id=3960, stack(0x000000f047f00000,0x000000f048000000) (1024K)]
  0x0000021e144feb40 JavaThread "Unconstrained build operations Thread 168"        [_thread_blocked, id=3664, stack(0x000000f048000000,0x000000f048100000) (1024K)]
  0x0000021e144fbd50 JavaThread "Unconstrained build operations Thread 169"        [_thread_blocked, id=15544, stack(0x000000f048100000,0x000000f048200000) (1024K)]
  0x0000021e144fb6c0 JavaThread "Unconstrained build operations Thread 170"        [_thread_blocked, id=14080, stack(0x000000f048200000,0x000000f048300000) (1024K)]
  0x0000021e144ff1d0 JavaThread "Unconstrained build operations Thread 171"        [_thread_blocked, id=26444, stack(0x000000f048300000,0x000000f048400000) (1024K)]
  0x0000021e144fc3e0 JavaThread "Unconstrained build operations Thread 172"        [_thread_blocked, id=10632, stack(0x000000f048400000,0x000000f048500000) (1024K)]
  0x0000021e144ff860 JavaThread "Unconstrained build operations Thread 173"        [_thread_blocked, id=6040, stack(0x000000f048500000,0x000000f048600000) (1024K)]
  0x0000021e144ffef0 JavaThread "Unconstrained build operations Thread 174"        [_thread_blocked, id=17240, stack(0x000000f048600000,0x000000f048700000) (1024K)]
  0x0000021e14500580 JavaThread "Unconstrained build operations Thread 175"        [_thread_blocked, id=10340, stack(0x000000f048700000,0x000000f048800000) (1024K)]
  0x0000021e144fd100 JavaThread "Unconstrained build operations Thread 176"        [_thread_blocked, id=24088, stack(0x000000f048800000,0x000000f048900000) (1024K)]
  0x0000021e14500c10 JavaThread "Unconstrained build operations Thread 177"        [_thread_blocked, id=12956, stack(0x000000f048900000,0x000000f048a00000) (1024K)]
  0x0000021e18cfdb50 JavaThread "C2 CompilerThread1"         daemon [_thread_in_native, id=17236, stack(0x000000f048a00000,0x000000f048b00000) (1024K)]
  0x0000021e145012a0 JavaThread "Unconstrained build operations Thread 178"        [_thread_blocked, id=23648, stack(0x000000f048b00000,0x000000f048c00000) (1024K)]
  0x0000021e14501930 JavaThread "Unconstrained build operations Thread 179"        [_thread_blocked, id=14556, stack(0x000000f048c00000,0x000000f048d00000) (1024K)]
  0x0000021e14501fc0 JavaThread "Unconstrained build operations Thread 180"        [_thread_blocked, id=26040, stack(0x000000f048d00000,0x000000f048e00000) (1024K)]
  0x0000021e14502650 JavaThread "Unconstrained build operations Thread 181"        [_thread_blocked, id=10480, stack(0x000000f048e00000,0x000000f048f00000) (1024K)]
  0x0000021e20bbf1d0 JavaThread "Unconstrained build operations Thread 182"        [_thread_blocked, id=5404, stack(0x000000f048f00000,0x000000f049000000) (1024K)]
  0x0000021e20bc1930 JavaThread "Unconstrained build operations Thread 183"        [_thread_blocked, id=18356, stack(0x000000f049000000,0x000000f049100000) (1024K)]
  0x0000021e20bc0c10 JavaThread "Unconstrained build operations Thread 184"        [_thread_blocked, id=7812, stack(0x000000f049100000,0x000000f049200000) (1024K)]
  0x0000021e20bc0580 JavaThread "Unconstrained build operations Thread 185"        [_thread_blocked, id=3384, stack(0x000000f049200000,0x000000f049300000) (1024K)]
  0x0000021e20bc12a0 JavaThread "Unconstrained build operations Thread 186"        [_thread_blocked, id=6380, stack(0x000000f049300000,0x000000f049400000) (1024K)]
  0x0000021e20bbe4b0 JavaThread "Unconstrained build operations Thread 187"        [_thread_blocked, id=17788, stack(0x000000f049400000,0x000000f049500000) (1024K)]
  0x0000021e20bc1fc0 JavaThread "Unconstrained build operations Thread 188"        [_thread_blocked, id=24964, stack(0x000000f049500000,0x000000f049600000) (1024K)]
  0x0000021e20bbf860 JavaThread "Unconstrained build operations Thread 189"        [_thread_blocked, id=5992, stack(0x000000f049600000,0x000000f049700000) (1024K)]
  0x0000021e20bbeb40 JavaThread "Unconstrained build operations Thread 190"        [_thread_blocked, id=4040, stack(0x000000f049700000,0x000000f049800000) (1024K)]
  0x0000021e20bc2ce0 JavaThread "Unconstrained build operations Thread 191"        [_thread_blocked, id=11220, stack(0x000000f049800000,0x000000f049900000) (1024K)]
  0x0000021e20bc2650 JavaThread "Unconstrained build operations Thread 192"        [_thread_blocked, id=20088, stack(0x000000f049900000,0x000000f049a00000) (1024K)]
  0x0000021e20bc3370 JavaThread "Unconstrained build operations Thread 193"        [_thread_blocked, id=21936, stack(0x000000f049a00000,0x000000f049b00000) (1024K)]
  0x0000021e20bbfef0 JavaThread "Unconstrained build operations Thread 194"        [_thread_blocked, id=15400, stack(0x000000f049b00000,0x000000f049c00000) (1024K)]
  0x0000021e20bc6160 JavaThread "Unconstrained build operations Thread 195"        [_thread_blocked, id=15956, stack(0x000000f049c00000,0x000000f049d00000) (1024K)]
  0x0000021e20bc4db0 JavaThread "Unconstrained build operations Thread 196"        [_thread_blocked, id=16464, stack(0x000000f049d00000,0x000000f049e00000) (1024K)]
  0x0000021e20bc67f0 JavaThread "Unconstrained build operations Thread 197"        [_thread_blocked, id=11880, stack(0x000000f049e00000,0x000000f049f00000) (1024K)]
  0x0000021e20bc5440 JavaThread "Unconstrained build operations Thread 198"        [_thread_blocked, id=9168, stack(0x000000f049f00000,0x000000f04a000000) (1024K)]
  0x0000021e20bc5ad0 JavaThread "Unconstrained build operations Thread 199"        [_thread_blocked, id=12048, stack(0x000000f04a000000,0x000000f04a100000) (1024K)]
  0x0000021e20bc6e80 JavaThread "Unconstrained build operations Thread 200"        [_thread_blocked, id=17304, stack(0x000000f04a100000,0x000000f04a200000) (1024K)]
  0x0000021e20bc4720 JavaThread "Unconstrained build operations Thread 201"        [_thread_blocked, id=19904, stack(0x000000f04a200000,0x000000f04a300000) (1024K)]
  0x0000021e20bc3a00 JavaThread "Unconstrained build operations Thread 202"        [_thread_blocked, id=13388, stack(0x000000f04a300000,0x000000f04a400000) (1024K)]
  0x0000021e20bc7510 JavaThread "Unconstrained build operations Thread 203"        [_thread_blocked, id=25320, stack(0x000000f04a400000,0x000000f04a500000) (1024K)]
  0x0000021e20bc4090 JavaThread "Unconstrained build operations Thread 204"        [_thread_blocked, id=9000, stack(0x000000f04a500000,0x000000f04a600000) (1024K)]
  0x0000021e20bca300 JavaThread "Unconstrained build operations Thread 205"        [_thread_blocked, id=23056, stack(0x000000f04a600000,0x000000f04a700000) (1024K)]
  0x0000021e18d018a0 JavaThread "C2 CompilerThread2"         daemon [_thread_in_native, id=19524, stack(0x000000f04a700000,0x000000f04a800000) (1024K)]
  0x0000021e20bc8230 JavaThread "Unconstrained build operations Thread 206"        [_thread_blocked, id=2816, stack(0x000000f04a800000,0x000000f04a900000) (1024K)]
  0x0000021e20bca990 JavaThread "Unconstrained build operations Thread 207"        [_thread_blocked, id=1452, stack(0x000000f04a900000,0x000000f04aa00000) (1024K)]
  0x0000021e20bcb6b0 JavaThread "Unconstrained build operations Thread 208"        [_thread_blocked, id=26552, stack(0x000000f04aa00000,0x000000f04ab00000) (1024K)]
  0x0000021e20bc95e0 JavaThread "Unconstrained build operations Thread 209"        [_thread_blocked, id=10100, stack(0x000000f04ab00000,0x000000f04ac00000) (1024K)]
  0x0000021e20bc9c70 JavaThread "Unconstrained build operations Thread 210"        [_thread_blocked, id=22844, stack(0x000000f04ac00000,0x000000f04ad00000) (1024K)]
  0x0000021e20bcb020 JavaThread "Unconstrained build operations Thread 211"        [_thread_blocked, id=23856, stack(0x000000f04ad00000,0x000000f04ae00000) (1024K)]
  0x0000021e20bcbd40 JavaThread "Unconstrained build operations Thread 212"        [_thread_blocked, id=11148, stack(0x000000f04ae00000,0x000000f04af00000) (1024K)]
  0x0000021e20bc88c0 JavaThread "Unconstrained build operations Thread 213"        [_thread_blocked, id=16136, stack(0x000000f04af00000,0x000000f04b000000) (1024K)]
  0x0000021e20bc8f50 JavaThread "Unconstrained build operations Thread 214"        [_thread_blocked, id=9236, stack(0x000000f04b000000,0x000000f04b100000) (1024K)]
  0x0000021e20bcd0f0 JavaThread "Unconstrained build operations Thread 215"        [_thread_blocked, id=18992, stack(0x000000f04b100000,0x000000f04b200000) (1024K)]
  0x0000021e20bcc3d0 JavaThread "Unconstrained build operations Thread 216"        [_thread_blocked, id=26316, stack(0x000000f04b200000,0x000000f04b300000) (1024K)]
  0x0000021e20bcca60 JavaThread "Unconstrained build operations Thread 217"        [_thread_blocked, id=15404, stack(0x000000f04b300000,0x000000f04b400000) (1024K)]
  0x0000021e20bcd780 JavaThread "Unconstrained build operations Thread 218"        [_thread_blocked, id=23312, stack(0x000000f04b400000,0x000000f04b500000) (1024K)]
  0x0000021e15c2c760 JavaThread "Unconstrained build operations Thread 219"        [_thread_blocked, id=12572, stack(0x000000f04b500000,0x000000f04b600000) (1024K)]
  0x0000021e15c2b3b0 JavaThread "Unconstrained build operations Thread 220"        [_thread_blocked, id=13792, stack(0x000000f04b600000,0x000000f04b700000) (1024K)]
  0x0000021e15c2a000 JavaThread "Unconstrained build operations Thread 221"        [_thread_blocked, id=15072, stack(0x000000f04b700000,0x000000f04b800000) (1024K)]
  0x0000021e15c2ba40 JavaThread "Unconstrained build operations Thread 222"        [_thread_blocked, id=19940, stack(0x000000f04b800000,0x000000f04b900000) (1024K)]
  0x0000021e15c2cdf0 JavaThread "Unconstrained build operations Thread 223"        [_thread_blocked, id=25260, stack(0x000000f04b900000,0x000000f04ba00000) (1024K)]
  0x0000021e15c2a690 JavaThread "Unconstrained build operations Thread 224"        [_thread_blocked, id=4972, stack(0x000000f04ba00000,0x000000f04bb00000) (1024K)]
  0x0000021e15c2c0d0 JavaThread "Unconstrained build operations Thread 225"        [_thread_blocked, id=11056, stack(0x000000f04bb00000,0x000000f04bc00000) (1024K)]
  0x0000021e15c2ad20 JavaThread "Unconstrained build operations Thread 226"        [_thread_blocked, id=21184, stack(0x000000f04bc00000,0x000000f04bd00000) (1024K)]
  0x0000021e15c29970 JavaThread "Unconstrained build operations Thread 227"        [_thread_blocked, id=1480, stack(0x000000f04bd00000,0x000000f04be00000) (1024K)]
  0x0000021e15c30270 JavaThread "Unconstrained build operations Thread 228"        [_thread_blocked, id=16668, stack(0x000000f04be00000,0x000000f04bf00000) (1024K)]
  0x0000021e15c2fbe0 JavaThread "Unconstrained build operations Thread 229"        [_thread_blocked, id=20524, stack(0x000000f04bf00000,0x000000f04c000000) (1024K)]
  0x0000021e15c2f550 JavaThread "Unconstrained build operations Thread 230"        [_thread_blocked, id=17500, stack(0x000000f04c000000,0x000000f04c100000) (1024K)]
  0x0000021e15c2e830 JavaThread "Unconstrained build operations Thread 231"        [_thread_blocked, id=10064, stack(0x000000f04c100000,0x000000f04c200000) (1024K)]
  0x0000021e15c30900 JavaThread "Unconstrained build operations Thread 232"        [_thread_blocked, id=9412, stack(0x000000f04c200000,0x000000f04c300000) (1024K)]
  0x0000021e15c3db00 JavaThread "WorkerExecutor Queue"              [_thread_blocked, id=24184, stack(0x000000f04c300000,0x000000f04c400000) (1024K)]
  0x0000021e15c3e190 JavaThread "Unconstrained build operations Thread 233"        [_thread_blocked, id=25920, stack(0x000000f04c400000,0x000000f04c500000) (1024K)]
  0x0000021e15c3ba30 JavaThread "Unconstrained build operations Thread 234"        [_thread_blocked, id=4288, stack(0x000000f04c500000,0x000000f04c600000) (1024K)]
  0x0000021e15c3e820 JavaThread "Unconstrained build operations Thread 235"        [_thread_blocked, id=11132, stack(0x000000f04c600000,0x000000f04c700000) (1024K)]
  0x0000021e15c3c0c0 JavaThread "Unconstrained build operations Thread 236"        [_thread_blocked, id=12460, stack(0x000000f04c700000,0x000000f04c800000) (1024K)]
  0x0000021e15c3c750 JavaThread "Unconstrained build operations Thread 237"        [_thread_blocked, id=3192, stack(0x000000f04c800000,0x000000f04c900000) (1024K)]
  0x0000021e15c3b3a0 JavaThread "Unconstrained build operations Thread 238"        [_thread_blocked, id=26148, stack(0x000000f04c900000,0x000000f04ca00000) (1024K)]
  0x0000021e15c3eeb0 JavaThread "Unconstrained build operations Thread 239"        [_thread_blocked, id=25292, stack(0x000000f04ca00000,0x000000f04cb00000) (1024K)]
  0x0000021e15c3f540 JavaThread "Unconstrained build operations Thread 240"        [_thread_blocked, id=15944, stack(0x000000f04cb00000,0x000000f04cc00000) (1024K)]
  0x0000021e15c3cde0 JavaThread "Unconstrained build operations Thread 241"        [_thread_blocked, id=20356, stack(0x000000f04cc00000,0x000000f04cd00000) (1024K)]
  0x0000021e15c429c0 JavaThread "Unconstrained build operations Thread 242"        [_thread_blocked, id=16164, stack(0x000000f04cd00000,0x000000f04ce00000) (1024K)]
  0x0000021e15c41610 JavaThread "Unconstrained build operations Thread 243"        [_thread_blocked, id=8588, stack(0x000000f04ce00000,0x000000f04cf00000) (1024K)]
  0x0000021e15c42330 JavaThread "Unconstrained build operations Thread 244"        [_thread_blocked, id=25492, stack(0x000000f04cf00000,0x000000f04d000000) (1024K)]
  0x0000021e15c43050 JavaThread "Unconstrained build operations Thread 245"        [_thread_blocked, id=22224, stack(0x000000f04d000000,0x000000f04d100000) (1024K)]
  0x0000021e15c40260 JavaThread "Unconstrained build operations Thread 246"        [_thread_blocked, id=22232, stack(0x000000f04d100000,0x000000f04d200000) (1024K)]
  0x0000021e15c3fbd0 JavaThread "Unconstrained build operations Thread 247"        [_thread_blocked, id=25964, stack(0x000000f04d200000,0x000000f04d300000) (1024K)]
  0x0000021e15c408f0 JavaThread "Unconstrained build operations Thread 248"        [_thread_blocked, id=23628, stack(0x000000f04d300000,0x000000f04d400000) (1024K)]
  0x0000021e15c41ca0 JavaThread "Unconstrained build operations Thread 249"        [_thread_blocked, id=5488, stack(0x000000f04d400000,0x000000f04d500000) (1024K)]
  0x0000021e15c436e0 JavaThread "Unconstrained build operations Thread 250"        [_thread_blocked, id=3168, stack(0x000000f04d500000,0x000000f04d600000) (1024K)]
  0x0000021e15c40f80 JavaThread "Unconstrained build operations Thread 251"        [_thread_blocked, id=21868, stack(0x000000f04d600000,0x000000f04d700000) (1024K)]
  0x0000021e15c44a90 JavaThread "Unconstrained build operations Thread 252"        [_thread_blocked, id=21560, stack(0x000000f04d700000,0x000000f04d800000) (1024K)]
  0x0000021e15c44400 JavaThread "Unconstrained build operations Thread 253"        [_thread_blocked, id=18900, stack(0x000000f04d800000,0x000000f04d900000) (1024K)]
  0x0000021e15c45e40 JavaThread "Unconstrained build operations Thread 254"        [_thread_blocked, id=20244, stack(0x000000f04d900000,0x000000f04da00000) (1024K)]
  0x0000021e15c45120 JavaThread "Unconstrained build operations Thread 255"        [_thread_blocked, id=18996, stack(0x000000f04da00000,0x000000f04db00000) (1024K)]
  0x0000021e15c457b0 JavaThread "Unconstrained build operations Thread 256"        [_thread_blocked, id=21336, stack(0x000000f04db00000,0x000000f04dc00000) (1024K)]
  0x0000021e15c46b60 JavaThread "Unconstrained build operations Thread 257"        [_thread_blocked, id=13672, stack(0x000000f04dc00000,0x000000f04dd00000) (1024K)]
  0x0000021e15c464d0 JavaThread "Unconstrained build operations Thread 258"        [_thread_blocked, id=18328, stack(0x000000f04dd00000,0x000000f04de00000) (1024K)]
  0x0000021e15c471f0 JavaThread "Unconstrained build operations Thread 259"        [_thread_blocked, id=25884, stack(0x000000f04de00000,0x000000f04df00000) (1024K)]
  0x0000021e15c43d70 JavaThread "Unconstrained build operations Thread 260"        [_thread_blocked, id=3448, stack(0x000000f04df00000,0x000000f04e000000) (1024K)]
  0x0000021e15c485a0 JavaThread "Unconstrained build operations Thread 261"        [_thread_blocked, id=15212, stack(0x000000f04e000000,0x000000f04e100000) (1024K)]
  0x0000021e15c47880 JavaThread "Unconstrained build operations Thread 262"        [_thread_blocked, id=21120, stack(0x000000f04e100000,0x000000f04e200000) (1024K)]
  0x0000021e15c48c30 JavaThread "Unconstrained build operations Thread 263"        [_thread_blocked, id=11856, stack(0x000000f04e200000,0x000000f04e300000) (1024K)]
  0x0000021e15c47f10 JavaThread "Unconstrained build operations Thread 264"        [_thread_blocked, id=11496, stack(0x000000f04e300000,0x000000f04e400000) (1024K)]
  0x0000021e1a414f70 JavaThread "Unconstrained build operations Thread 265"        [_thread_blocked, id=21208, stack(0x000000f04e400000,0x000000f04e500000) (1024K)]
  0x0000021e1a416320 JavaThread "Unconstrained build operations Thread 266"        [_thread_blocked, id=1180, stack(0x000000f04e500000,0x000000f04e600000) (1024K)]
  0x0000021e149841d0 JavaThread "Unconstrained build operations Thread 267"        [_thread_blocked, id=23264, stack(0x000000f04e600000,0x000000f04e700000) (1024K)]
  0x0000021e1aaa53d0 JavaThread "Unconstrained build operations Thread 268"        [_thread_blocked, id=20112, stack(0x000000f04e700000,0x000000f04e800000) (1024K)]
  0x0000021e1a5eeb30 JavaThread "Unconstrained build operations Thread 269"        [_thread_blocked, id=21116, stack(0x000000f04e800000,0x000000f04e900000) (1024K)]
  0x0000021e1a5ede10 JavaThread "Unconstrained build operations Thread 270"        [_thread_blocked, id=5040, stack(0x000000f04e900000,0x000000f04ea00000) (1024K)]
  0x0000021e1a5ed0f0 JavaThread "Unconstrained build operations Thread 271"        [_thread_blocked, id=19640, stack(0x000000f04ea00000,0x000000f04eb00000) (1024K)]
  0x0000021e1a5ef1c0 JavaThread "Unconstrained build operations Thread 272"        [_thread_blocked, id=13540, stack(0x000000f04eb00000,0x000000f04ec00000) (1024K)]
  0x0000021e1a5ef850 JavaThread "Unconstrained build operations Thread 273"        [_thread_blocked, id=17100, stack(0x000000f04ec00000,0x000000f04ed00000) (1024K)]
  0x0000021e1a5ed780 JavaThread "Unconstrained build operations Thread 274"        [_thread_blocked, id=15900, stack(0x000000f04ed00000,0x000000f04ee00000) (1024K)]
  0x0000021e1a5ee4a0 JavaThread "Unconstrained build operations Thread 275"        [_thread_blocked, id=7508, stack(0x000000f04ee00000,0x000000f04ef00000) (1024K)]
  0x0000021e1a5efee0 JavaThread "Unconstrained build operations Thread 276"        [_thread_blocked, id=11248, stack(0x000000f04ef00000,0x000000f04f000000) (1024K)]
  0x0000021e1a5f0c00 JavaThread "Unconstrained build operations Thread 277"        [_thread_blocked, id=16488, stack(0x000000f04f000000,0x000000f04f100000) (1024K)]
  0x0000021e1a5f1290 JavaThread "Unconstrained build operations Thread 278"        [_thread_blocked, id=16708, stack(0x000000f04f100000,0x000000f04f200000) (1024K)]
  0x0000021e1a5f1fb0 JavaThread "Unconstrained build operations Thread 279"        [_thread_blocked, id=11884, stack(0x000000f04f200000,0x000000f04f300000) (1024K)]
  0x0000021e1a5f1920 JavaThread "Unconstrained build operations Thread 280"        [_thread_blocked, id=19020, stack(0x000000f04f300000,0x000000f04f400000) (1024K)]
  0x0000021e18cfe8f0 JavaThread "C2 CompilerThread3"         daemon [_thread_in_native, id=12304, stack(0x000000f04f400000,0x000000f04f500000) (1024K)]
  0x0000021e18d02640 JavaThread "C2 CompilerThread4"         daemon [_thread_in_native, id=7836, stack(0x000000f04f500000,0x000000f04f600000) (1024K)]
=>0x0000021e18d02d10 JavaThread "C2 CompilerThread5"         daemon [_thread_in_native, id=1412, stack(0x000000f04f600000,0x000000f04f700000) (1024K)]
  0x0000021e18d033e0 JavaThread "C2 CompilerThread6"         daemon [_thread_in_native, id=13204, stack(0x000000f04f700000,0x000000f04f800000) (1024K)]
  0x0000021e18d04180 JavaThread "C2 CompilerThread7"         daemon [_thread_in_native, id=20572, stack(0x000000f04f800000,0x000000f04f900000) (1024K)]
Total: 363

Other Threads:
  0x0000021e72baef50 VMThread "VM Thread"                           [id=25912, stack(0x000000f037500000,0x000000f037600000) (1024K)]
  0x0000021e7f2619e0 WatcherThread "VM Periodic Task Thread"        [id=13660, stack(0x000000f037400000,0x000000f037500000) (1024K)]
  0x0000021e72baf690 WorkerThread "GC Thread#0"                     [id=576, stack(0x000000f036f00000,0x000000f037000000) (1024K)]
  0x0000021e72baebb0 WorkerThread "GC Thread#1"                     [id=14932, stack(0x000000f038600000,0x000000f038700000) (1024K)]
  0x0000021e72baf2f0 WorkerThread "GC Thread#2"                     [id=10084, stack(0x000000f038700000,0x000000f038800000) (1024K)]
  0x0000021e72bafdd0 WorkerThread "GC Thread#3"                     [id=9184, stack(0x000000f038800000,0x000000f038900000) (1024K)]
  0x0000021e7fa8d490 WorkerThread "GC Thread#4"                     [id=12656, stack(0x000000f038900000,0x000000f038a00000) (1024K)]
  0x0000021e7fa8ea50 WorkerThread "GC Thread#5"                     [id=21016, stack(0x000000f038a00000,0x000000f038b00000) (1024K)]
  0x0000021e7fa8bed0 WorkerThread "GC Thread#6"                     [id=15104, stack(0x000000f038e00000,0x000000f038f00000) (1024K)]
  0x0000021e7fa8b050 WorkerThread "GC Thread#7"                     [id=15936, stack(0x000000f038f00000,0x000000f039000000) (1024K)]
  0x0000021e7fa8d830 WorkerThread "GC Thread#8"                     [id=9288, stack(0x000000f039000000,0x000000f039100000) (1024K)]
  0x0000021e7fa8d0f0 WorkerThread "GC Thread#9"                     [id=21804, stack(0x000000f039100000,0x000000f039200000) (1024K)]
  0x0000021e7fa8dbd0 WorkerThread "GC Thread#10"                    [id=18564, stack(0x000000f039200000,0x000000f039300000) (1024K)]
  0x0000021e7fa8c9b0 WorkerThread "GC Thread#11"                    [id=23904, stack(0x000000f039300000,0x000000f039400000) (1024K)]
  0x0000021e7fa8df70 WorkerThread "GC Thread#12"                    [id=15612, stack(0x000000f039400000,0x000000f039500000) (1024K)]
  0x0000021e7fa8e310 WorkerThread "GC Thread#13"                    [id=24408, stack(0x000000f039d00000,0x000000f039e00000) (1024K)]
  0x0000021e7fa8b3f0 WorkerThread "GC Thread#14"                    [id=1988, stack(0x000000f039e00000,0x000000f039f00000) (1024K)]
  0x0000021e7fa8b790 WorkerThread "GC Thread#15"                    [id=20504, stack(0x000000f039f00000,0x000000f03a000000) (1024K)]
  0x0000021e7fa8bb30 WorkerThread "GC Thread#16"                    [id=12336, stack(0x000000f03a000000,0x000000f03a100000) (1024K)]
  0x0000021e1429bc60 WorkerThread "GC Thread#17"                    [id=18692, stack(0x000000f03a100000,0x000000f03a200000) (1024K)]
  0x0000021e1429c000 WorkerThread "GC Thread#18"                    [id=20728, stack(0x000000f03a200000,0x000000f03a300000) (1024K)]
  0x0000021e1429aa40 WorkerThread "GC Thread#19"                    [id=16172, stack(0x000000f03a300000,0x000000f03a400000) (1024K)]
  0x0000021e72c9bfa0 ConcurrentGCThread "G1 Main Marker"            [id=11968, stack(0x000000f037000000,0x000000f037100000) (1024K)]
  0x0000021e72bae810 WorkerThread "G1 Conc#0"                       [id=9012, stack(0x000000f037100000,0x000000f037200000) (1024K)]
  0x0000021e1429ade0 WorkerThread "G1 Conc#1"                       [id=18760, stack(0x000000f03a400000,0x000000f03a500000) (1024K)]
  0x0000021e1429b180 WorkerThread "G1 Conc#2"                       [id=14192, stack(0x000000f03a500000,0x000000f03a600000) (1024K)]
  0x0000021e14299480 WorkerThread "G1 Conc#3"                       [id=11412, stack(0x000000f03a600000,0x000000f03a700000) (1024K)]
  0x0000021e1429a300 WorkerThread "G1 Conc#4"                       [id=17332, stack(0x000000f03a700000,0x000000f03a800000) (1024K)]
  0x0000021e7eab0e60 ConcurrentGCThread "G1 Refine#0"               [id=17564, stack(0x000000f037200000,0x000000f037300000) (1024K)]
  0x0000021e7eab2690 ConcurrentGCThread "G1 Service"                [id=3796, stack(0x000000f037300000,0x000000f037400000) (1024K)]
Total: 30

Threads with active compile tasks:
C2 CompilerThread0  15055 18852 %     4       com.android.tools.r8.internal.r32::b @ 443 (2119 bytes)
C1 CompilerThread1  15055 19054       3       com.android.tools.r8.ir.optimize.e1::a (510 bytes)
C2 CompilerThread1  15055 19025       4       com.android.tools.r8.internal.r32::c (803 bytes)
C2 CompilerThread2  15055 18942       4       com.android.tools.r8.internal.x31::b (911 bytes)
C2 CompilerThread3  15055 19036 %     4       com.android.tools.r8.internal.x31::a @ 1905 (3928 bytes)
C2 CompilerThread4  15055 19048       4       com.android.tools.r8.internal.dh1::add (109 bytes)
C2 CompilerThread5  15055 18905       4       com.android.tools.r8.internal.sv2::a (500 bytes)
C2 CompilerThread6  15055 19004       4       com.android.tools.r8.internal.td4::a (616 bytes)
C2 CompilerThread7  15055 18937       4       com.android.tools.r8.internal.ji1::remove (1708 bytes)
Total: 9

VM state: not at safepoint (normal execution)

VM Mutex/Monitor currently owned by a thread: None

Heap address: 0x0000000080000000, size: 2048 MB, Compressed Oops mode: 32-bit

CDS archive(s) not mapped
Compressed class space mapped at: 0x0000000100000000-0x0000000140000000, reserved size: 1073741824
Narrow klass base: 0x0000000000000000, Narrow klass shift: 3, Narrow klass range: 0x140000000

GC Precious Log:
 CardTable entry size: 512
 Card Set container configuration: InlinePtr #cards 5 size 8 Array Of Cards #cards 12 size 40 Howl #buckets 4 coarsen threshold 1843 Howl Bitmap #cards 512 size 80 coarsen threshold 460 Card regions per heap region 1 cards per card region 2048
 CPUs: 28 total, 28 available
 Memory: 16039M
 Large Page Support: Disabled
 NUMA Support: Disabled
 Compressed Oops: Enabled (32-bit)
 Heap Region Size: 1M
 Heap Min Capacity: 8M
 Heap Initial Capacity: 252M
 Heap Max Capacity: 2G
 Pre-touch: Disabled
 Parallel Workers: 20
 Concurrent Workers: 5
 Concurrent Refinement Workers: 20
 Periodic GC: Disabled

Heap:
 garbage-first heap   total 244736K, used 157530K [0x0000000080000000, 0x0000000100000000)
  region size 1024K, 18 young (18432K), 5 survivors (5120K)
 Metaspace       used 137567K, committed 139904K, reserved 1179648K
  class space    used 19251K, committed 20352K, reserved 1048576K

Heap Regions: E=young(eden), S=young(survivor), O=old, HS=humongous(starts), HC=humongous(continues), CS=collection set, F=free, TAMS=top-at-mark-start, PB=parsable bottom
|   0|0x0000000080000000, 0x0000000080100000, 0x0000000080100000|100%|HS|  |TAMS 0x0000000080000000| PB 0x0000000080000000| Complete 
|   1|0x0000000080100000, 0x0000000080200000, 0x0000000080200000|100%|HC|  |TAMS 0x0000000080100000| PB 0x0000000080100000| Complete 
|   2|0x0000000080200000, 0x0000000080300000, 0x0000000080300000|100%|HC|  |TAMS 0x0000000080200000| PB 0x0000000080200000| Complete 
|   3|0x0000000080300000, 0x0000000080400000, 0x0000000080400000|100%| O|  |TAMS 0x0000000080300000| PB 0x0000000080300000| Untracked 
|   4|0x0000000080400000, 0x0000000080500000, 0x0000000080500000|100%| O|  |TAMS 0x0000000080400000| PB 0x0000000080400000| Untracked 
|   5|0x0000000080500000, 0x0000000080600000, 0x0000000080600000|100%| O|  |TAMS 0x0000000080500000| PB 0x0000000080500000| Untracked 
|   6|0x0000000080600000, 0x0000000080700000, 0x0000000080700000|100%|HS|  |TAMS 0x0000000080600000| PB 0x0000000080600000| Complete 
|   7|0x0000000080700000, 0x0000000080800000, 0x0000000080800000|100%| O|  |TAMS 0x0000000080700000| PB 0x0000000080700000| Untracked 
|   8|0x0000000080800000, 0x0000000080900000, 0x0000000080900000|100%| O|  |TAMS 0x0000000080800000| PB 0x0000000080800000| Untracked 
|   9|0x0000000080900000, 0x0000000080a00000, 0x0000000080a00000|100%| O|  |TAMS 0x0000000080900000| PB 0x0000000080900000| Untracked 
|  10|0x0000000080a00000, 0x0000000080b00000, 0x0000000080b00000|100%| O|  |TAMS 0x0000000080a00000| PB 0x0000000080a00000| Untracked 
|  11|0x0000000080b00000, 0x0000000080c00000, 0x0000000080c00000|100%| O|  |TAMS 0x0000000080b00000| PB 0x0000000080b00000| Untracked 
|  12|0x0000000080c00000, 0x0000000080d00000, 0x0000000080d00000|100%| O|  |TAMS 0x0000000080c00000| PB 0x0000000080c00000| Untracked 
|  13|0x0000000080d00000, 0x0000000080e00000, 0x0000000080e00000|100%| O|  |TAMS 0x0000000080d00000| PB 0x0000000080d00000| Untracked 
|  14|0x0000000080e00000, 0x0000000080f00000, 0x0000000080f00000|100%| O|  |TAMS 0x0000000080e00000| PB 0x0000000080e00000| Untracked 
|  15|0x0000000080f00000, 0x0000000081000000, 0x0000000081000000|100%| O|  |TAMS 0x0000000080f00000| PB 0x0000000080f00000| Untracked 
|  16|0x0000000081000000, 0x0000000081100000, 0x0000000081100000|100%| O|  |TAMS 0x0000000081000000| PB 0x0000000081000000| Untracked 
|  17|0x0000000081100000, 0x0000000081200000, 0x0000000081200000|100%| O|  |TAMS 0x0000000081100000| PB 0x0000000081100000| Untracked 
|  18|0x0000000081200000, 0x0000000081300000, 0x0000000081300000|100%|HS|  |TAMS 0x0000000081200000| PB 0x0000000081200000| Complete 
|  19|0x0000000081300000, 0x0000000081400000, 0x0000000081400000|100%|HC|  |TAMS 0x0000000081300000| PB 0x0000000081300000| Complete 
|  20|0x0000000081400000, 0x0000000081500000, 0x0000000081500000|100%| O|  |TAMS 0x0000000081400000| PB 0x0000000081400000| Untracked 
|  21|0x0000000081500000, 0x0000000081600000, 0x0000000081600000|100%| O|  |TAMS 0x0000000081500000| PB 0x0000000081500000| Untracked 
|  22|0x0000000081600000, 0x0000000081700000, 0x0000000081700000|100%| O|  |TAMS 0x0000000081600000| PB 0x0000000081600000| Untracked 
|  23|0x0000000081700000, 0x0000000081800000, 0x0000000081800000|100%| O|  |TAMS 0x0000000081700000| PB 0x0000000081700000| Untracked 
|  24|0x0000000081800000, 0x0000000081900000, 0x0000000081900000|100%| O|  |TAMS 0x0000000081800000| PB 0x0000000081800000| Untracked 
|  25|0x0000000081900000, 0x0000000081a00000, 0x0000000081a00000|100%| O|  |TAMS 0x0000000081900000| PB 0x0000000081900000| Untracked 
|  26|0x0000000081a00000, 0x0000000081b00000, 0x0000000081b00000|100%| O|  |TAMS 0x0000000081a00000| PB 0x0000000081a00000| Untracked 
|  27|0x0000000081b00000, 0x0000000081c00000, 0x0000000081c00000|100%| O|  |TAMS 0x0000000081b00000| PB 0x0000000081b00000| Untracked 
|  28|0x0000000081c00000, 0x0000000081d00000, 0x0000000081d00000|100%| O|  |TAMS 0x0000000081c00000| PB 0x0000000081c00000| Untracked 
|  29|0x0000000081d00000, 0x0000000081e00000, 0x0000000081e00000|100%| O|  |TAMS 0x0000000081d00000| PB 0x0000000081d00000| Untracked 
|  30|0x0000000081e00000, 0x0000000081f00000, 0x0000000081f00000|100%| O|  |TAMS 0x0000000081e00000| PB 0x0000000081e00000| Untracked 
|  31|0x0000000081f00000, 0x0000000082000000, 0x0000000082000000|100%| O|  |TAMS 0x0000000081f00000| PB 0x0000000081f00000| Untracked 
|  32|0x0000000082000000, 0x0000000082100000, 0x0000000082100000|100%| O|  |TAMS 0x0000000082000000| PB 0x0000000082000000| Untracked 
|  33|0x0000000082100000, 0x0000000082200000, 0x0000000082200000|100%| O|  |TAMS 0x0000000082100000| PB 0x0000000082100000| Untracked 
|  34|0x0000000082200000, 0x0000000082300000, 0x0000000082300000|100%| O|  |TAMS 0x0000000082200000| PB 0x0000000082200000| Untracked 
|  35|0x0000000082300000, 0x0000000082400000, 0x0000000082400000|100%| O|  |TAMS 0x0000000082300000| PB 0x0000000082300000| Untracked 
|  36|0x0000000082400000, 0x0000000082500000, 0x0000000082500000|100%| O|  |TAMS 0x0000000082400000| PB 0x0000000082400000| Untracked 
|  37|0x0000000082500000, 0x0000000082600000, 0x0000000082600000|100%| O|  |TAMS 0x0000000082500000| PB 0x0000000082500000| Untracked 
|  38|0x0000000082600000, 0x0000000082700000, 0x0000000082700000|100%| O|  |TAMS 0x0000000082600000| PB 0x0000000082600000| Untracked 
|  39|0x0000000082700000, 0x0000000082800000, 0x0000000082800000|100%| O|  |TAMS 0x0000000082700000| PB 0x0000000082700000| Untracked 
|  40|0x0000000082800000, 0x0000000082900000, 0x0000000082900000|100%| O|  |TAMS 0x0000000082800000| PB 0x0000000082800000| Untracked 
|  41|0x0000000082900000, 0x0000000082a00000, 0x0000000082a00000|100%|HS|  |TAMS 0x0000000082900000| PB 0x0000000082900000| Complete 
|  42|0x0000000082a00000, 0x0000000082b00000, 0x0000000082b00000|100%| O|  |TAMS 0x0000000082a00000| PB 0x0000000082a00000| Untracked 
|  43|0x0000000082b00000, 0x0000000082c00000, 0x0000000082c00000|100%| O|  |TAMS 0x0000000082b00000| PB 0x0000000082b00000| Untracked 
|  44|0x0000000082c00000, 0x0000000082d00000, 0x0000000082d00000|100%|HS|  |TAMS 0x0000000082c00000| PB 0x0000000082c00000| Complete 
|  45|0x0000000082d00000, 0x0000000082e00000, 0x0000000082e00000|100%|HS|  |TAMS 0x0000000082d00000| PB 0x0000000082d00000| Complete 
|  46|0x0000000082e00000, 0x0000000082f00000, 0x0000000082f00000|100%| O|  |TAMS 0x0000000082e00000| PB 0x0000000082e00000| Untracked 
|  47|0x0000000082f00000, 0x0000000083000000, 0x0000000083000000|100%| O|  |TAMS 0x0000000082f00000| PB 0x0000000082f00000| Untracked 
|  48|0x0000000083000000, 0x0000000083100000, 0x0000000083100000|100%| O|  |TAMS 0x0000000083000000| PB 0x0000000083000000| Untracked 
|  49|0x0000000083100000, 0x0000000083200000, 0x0000000083200000|100%| O|  |TAMS 0x0000000083100000| PB 0x0000000083100000| Untracked 
|  50|0x0000000083200000, 0x0000000083300000, 0x0000000083300000|100%|HS|  |TAMS 0x0000000083200000| PB 0x0000000083200000| Complete 
|  51|0x0000000083300000, 0x0000000083400000, 0x0000000083400000|100%|HC|  |TAMS 0x0000000083300000| PB 0x0000000083300000| Complete 
|  52|0x0000000083400000, 0x0000000083500000, 0x0000000083500000|100%| O|  |TAMS 0x0000000083400000| PB 0x0000000083400000| Untracked 
|  53|0x0000000083500000, 0x0000000083600000, 0x0000000083600000|100%| O|  |TAMS 0x0000000083500000| PB 0x0000000083500000| Untracked 
|  54|0x0000000083600000, 0x0000000083700000, 0x0000000083700000|100%|HS|  |TAMS 0x0000000083600000| PB 0x0000000083600000| Complete 
|  55|0x0000000083700000, 0x0000000083800000, 0x0000000083800000|100%|HC|  |TAMS 0x0000000083700000| PB 0x0000000083700000| Complete 
|  56|0x0000000083800000, 0x0000000083900000, 0x0000000083900000|100%|HS|  |TAMS 0x0000000083800000| PB 0x0000000083800000| Complete 
|  57|0x0000000083900000, 0x0000000083a00000, 0x0000000083a00000|100%| O|  |TAMS 0x0000000083900000| PB 0x0000000083900000| Untracked 
|  58|0x0000000083a00000, 0x0000000083b00000, 0x0000000083b00000|100%| O|  |TAMS 0x0000000083a00000| PB 0x0000000083a00000| Untracked 
|  59|0x0000000083b00000, 0x0000000083c00000, 0x0000000083c00000|100%| O|  |TAMS 0x0000000083b00000| PB 0x0000000083b00000| Untracked 
|  60|0x0000000083c00000, 0x0000000083d00000, 0x0000000083d00000|100%| O|  |TAMS 0x0000000083c00000| PB 0x0000000083c00000| Untracked 
|  61|0x0000000083d00000, 0x0000000083e00000, 0x0000000083e00000|100%| O|  |TAMS 0x0000000083d00000| PB 0x0000000083d00000| Untracked 
|  62|0x0000000083e00000, 0x0000000083f00000, 0x0000000083f00000|100%|HS|  |TAMS 0x0000000083e00000| PB 0x0000000083e00000| Complete 
|  63|0x0000000083f00000, 0x0000000084000000, 0x0000000084000000|100%|HC|  |TAMS 0x0000000083f00000| PB 0x0000000083f00000| Complete 
|  64|0x0000000084000000, 0x0000000084100000, 0x0000000084100000|100%|HC|  |TAMS 0x0000000084000000| PB 0x0000000084000000| Complete 
|  65|0x0000000084100000, 0x0000000084200000, 0x0000000084200000|100%|HS|  |TAMS 0x0000000084100000| PB 0x0000000084100000| Complete 
|  66|0x0000000084200000, 0x0000000084300000, 0x0000000084300000|100%|HS|  |TAMS 0x0000000084200000| PB 0x0000000084200000| Complete 
|  67|0x0000000084300000, 0x0000000084400000, 0x0000000084400000|100%|HS|  |TAMS 0x0000000084300000| PB 0x0000000084300000| Complete 
|  68|0x0000000084400000, 0x0000000084500000, 0x0000000084500000|100%|HC|  |TAMS 0x0000000084400000| PB 0x0000000084400000| Complete 
|  69|0x0000000084500000, 0x0000000084600000, 0x0000000084600000|100%|HC|  |TAMS 0x0000000084500000| PB 0x0000000084500000| Complete 
|  70|0x0000000084600000, 0x0000000084700000, 0x0000000084700000|100%| O|  |TAMS 0x0000000084600000| PB 0x0000000084600000| Untracked 
|  71|0x0000000084700000, 0x0000000084800000, 0x0000000084800000|100%| O|  |TAMS 0x0000000084700000| PB 0x0000000084700000| Untracked 
|  72|0x0000000084800000, 0x0000000084900000, 0x0000000084900000|100%| O|  |TAMS 0x0000000084800000| PB 0x0000000084800000| Untracked 
|  73|0x0000000084900000, 0x0000000084a00000, 0x0000000084a00000|100%|HS|  |TAMS 0x0000000084900000| PB 0x0000000084900000| Complete 
|  74|0x0000000084a00000, 0x0000000084b00000, 0x0000000084b00000|100%| O|  |TAMS 0x0000000084a00000| PB 0x0000000084a00000| Untracked 
|  75|0x0000000084b00000, 0x0000000084c00000, 0x0000000084c00000|100%| O|  |TAMS 0x0000000084b00000| PB 0x0000000084b00000| Untracked 
|  76|0x0000000084c00000, 0x0000000084d00000, 0x0000000084d00000|100%| O|  |TAMS 0x0000000084c00000| PB 0x0000000084c00000| Untracked 
|  77|0x0000000084d00000, 0x0000000084e00000, 0x0000000084e00000|100%| O|  |TAMS 0x0000000084d00000| PB 0x0000000084d00000| Untracked 
|  78|0x0000000084e00000, 0x0000000084f00000, 0x0000000084f00000|100%| O|  |TAMS 0x0000000084e00000| PB 0x0000000084e00000| Untracked 
|  79|0x0000000084f00000, 0x0000000085000000, 0x0000000085000000|100%| O|  |TAMS 0x0000000084f00000| PB 0x0000000084f00000| Untracked 
|  80|0x0000000085000000, 0x0000000085100000, 0x0000000085100000|100%| O|  |TAMS 0x0000000085000000| PB 0x0000000085000000| Untracked 
|  81|0x0000000085100000, 0x0000000085200000, 0x0000000085200000|100%| O|  |TAMS 0x0000000085100000| PB 0x0000000085100000| Untracked 
|  82|0x0000000085200000, 0x0000000085300000, 0x0000000085300000|100%| O|  |TAMS 0x0000000085200000| PB 0x0000000085200000| Untracked 
|  83|0x0000000085300000, 0x0000000085400000, 0x0000000085400000|100%| O|  |TAMS 0x0000000085300000| PB 0x0000000085300000| Untracked 
|  84|0x0000000085400000, 0x0000000085500000, 0x0000000085500000|100%| O|  |TAMS 0x0000000085400000| PB 0x0000000085400000| Untracked 
|  85|0x0000000085500000, 0x0000000085600000, 0x0000000085600000|100%| O|  |TAMS 0x0000000085500000| PB 0x0000000085500000| Untracked 
|  86|0x0000000085600000, 0x0000000085700000, 0x0000000085700000|100%| O|  |TAMS 0x0000000085600000| PB 0x0000000085600000| Untracked 
|  87|0x0000000085700000, 0x0000000085800000, 0x0000000085800000|100%| O|  |TAMS 0x0000000085700000| PB 0x0000000085700000| Untracked 
|  88|0x0000000085800000, 0x0000000085900000, 0x0000000085900000|100%| O|  |TAMS 0x0000000085800000| PB 0x0000000085800000| Untracked 
|  89|0x0000000085900000, 0x0000000085a00000, 0x0000000085a00000|100%| O|Cm|TAMS 0x0000000085900000| PB 0x0000000085900000| Complete 
|  90|0x0000000085a00000, 0x0000000085b00000, 0x0000000085b00000|100%| O|  |TAMS 0x0000000085a00000| PB 0x0000000085a00000| Untracked 
|  91|0x0000000085b00000, 0x0000000085c00000, 0x0000000085c00000|100%| O|  |TAMS 0x0000000085b00000| PB 0x0000000085b00000| Untracked 
|  92|0x0000000085c00000, 0x0000000085d00000, 0x0000000085d00000|100%| O|  |TAMS 0x0000000085c00000| PB 0x0000000085c00000| Untracked 
|  93|0x0000000085d00000, 0x0000000085e00000, 0x0000000085e00000|100%| O|  |TAMS 0x0000000085d00000| PB 0x0000000085d00000| Untracked 
|  94|0x0000000085e00000, 0x0000000085f00000, 0x0000000085f00000|100%| O|  |TAMS 0x0000000085e00000| PB 0x0000000085e00000| Untracked 
|  95|0x0000000085f00000, 0x0000000086000000, 0x0000000086000000|100%| O|  |TAMS 0x0000000085f00000| PB 0x0000000085f00000| Untracked 
|  96|0x0000000086000000, 0x0000000086100000, 0x0000000086100000|100%| O|  |TAMS 0x0000000086000000| PB 0x0000000086000000| Untracked 
|  97|0x0000000086100000, 0x0000000086200000, 0x0000000086200000|100%| O|  |TAMS 0x0000000086100000| PB 0x0000000086100000| Untracked 
|  98|0x0000000086200000, 0x0000000086300000, 0x0000000086300000|100%| O|  |TAMS 0x0000000086200000| PB 0x0000000086200000| Untracked 
|  99|0x0000000086300000, 0x0000000086400000, 0x0000000086400000|100%| O|  |TAMS 0x0000000086300000| PB 0x0000000086300000| Untracked 
| 100|0x0000000086400000, 0x0000000086500000, 0x0000000086500000|100%| O|  |TAMS 0x0000000086400000| PB 0x0000000086400000| Untracked 
| 101|0x0000000086500000, 0x0000000086600000, 0x0000000086600000|100%| O|  |TAMS 0x0000000086500000| PB 0x0000000086500000| Untracked 
| 102|0x0000000086600000, 0x0000000086700000, 0x0000000086700000|100%| O|  |TAMS 0x0000000086600000| PB 0x0000000086600000| Untracked 
| 103|0x0000000086700000, 0x0000000086800000, 0x0000000086800000|100%| O|  |TAMS 0x0000000086700000| PB 0x0000000086700000| Untracked 
| 104|0x0000000086800000, 0x0000000086900000, 0x0000000086900000|100%| O|  |TAMS 0x0000000086800000| PB 0x0000000086800000| Untracked 
| 105|0x0000000086900000, 0x0000000086a00000, 0x0000000086a00000|100%| O|  |TAMS 0x0000000086900000| PB 0x0000000086900000| Untracked 
| 106|0x0000000086a00000, 0x0000000086b00000, 0x0000000086b00000|100%| O|  |TAMS 0x0000000086a00000| PB 0x0000000086a00000| Untracked 
| 107|0x0000000086b00000, 0x0000000086c00000, 0x0000000086c00000|100%| O|  |TAMS 0x0000000086b00000| PB 0x0000000086b00000| Untracked 
| 108|0x0000000086c00000, 0x0000000086d00000, 0x0000000086d00000|100%| O|  |TAMS 0x0000000086c00000| PB 0x0000000086c00000| Untracked 
| 109|0x0000000086d00000, 0x0000000086d00000, 0x0000000086e00000|  0%| F|  |TAMS 0x0000000086d00000| PB 0x0000000086d00000| Untracked 
| 110|0x0000000086e00000, 0x0000000086f00000, 0x0000000086f00000|100%| O|Cm|TAMS 0x0000000086e00000| PB 0x0000000086e00000| Complete 
| 111|0x0000000086f00000, 0x0000000087000000, 0x0000000087000000|100%| O|  |TAMS 0x0000000086f00000| PB 0x0000000086f00000| Untracked 
| 112|0x0000000087000000, 0x0000000087100000, 0x0000000087100000|100%| O|Cm|TAMS 0x0000000087000000| PB 0x0000000087000000| Complete 
| 113|0x0000000087100000, 0x0000000087200000, 0x0000000087200000|100%| O|  |TAMS 0x0000000087100000| PB 0x0000000087100000| Untracked 
| 114|0x0000000087200000, 0x0000000087200000, 0x0000000087300000|  0%| F|  |TAMS 0x0000000087200000| PB 0x0000000087200000| Untracked 
| 115|0x0000000087300000, 0x0000000087400000, 0x0000000087400000|100%| O|  |TAMS 0x0000000087300000| PB 0x0000000087300000| Untracked 
| 116|0x0000000087400000, 0x0000000087500000, 0x0000000087500000|100%| O|Cm|TAMS 0x0000000087400000| PB 0x0000000087400000| Complete 
| 117|0x0000000087500000, 0x0000000087500000, 0x0000000087600000|  0%| F|  |TAMS 0x0000000087500000| PB 0x0000000087500000| Untracked 
| 118|0x0000000087600000, 0x0000000087600000, 0x0000000087700000|  0%| F|  |TAMS 0x0000000087600000| PB 0x0000000087600000| Untracked 
| 119|0x0000000087700000, 0x0000000087800000, 0x0000000087800000|100%| O|  |TAMS 0x0000000087700000| PB 0x0000000087700000| Untracked 
| 120|0x0000000087800000, 0x0000000087900000, 0x0000000087900000|100%| O|  |TAMS 0x0000000087800000| PB 0x0000000087800000| Untracked 
| 121|0x0000000087900000, 0x0000000087a00000, 0x0000000087a00000|100%| O|  |TAMS 0x0000000087900000| PB 0x0000000087900000| Untracked 
| 122|0x0000000087a00000, 0x0000000087b00000, 0x0000000087b00000|100%| O|  |TAMS 0x0000000087a00000| PB 0x0000000087a00000| Untracked 
| 123|0x0000000087b00000, 0x0000000087c00000, 0x0000000087c00000|100%| O|  |TAMS 0x0000000087b00000| PB 0x0000000087b00000| Untracked 
| 124|0x0000000087c00000, 0x0000000087d00000, 0x0000000087d00000|100%| O|  |TAMS 0x0000000087c00000| PB 0x0000000087c00000| Untracked 
| 125|0x0000000087d00000, 0x0000000087e00000, 0x0000000087e00000|100%| O|  |TAMS 0x0000000087d00000| PB 0x0000000087d00000| Untracked 
| 126|0x0000000087e00000, 0x0000000087f00000, 0x0000000087f00000|100%| O|  |TAMS 0x0000000087e00000| PB 0x0000000087e00000| Untracked 
| 127|0x0000000087f00000, 0x0000000088000000, 0x0000000088000000|100%| O|  |TAMS 0x0000000087f00000| PB 0x0000000087f00000| Untracked 
| 128|0x0000000088000000, 0x0000000088100000, 0x0000000088100000|100%| O|  |TAMS 0x0000000088000000| PB 0x0000000088000000| Untracked 
| 129|0x0000000088100000, 0x0000000088200000, 0x0000000088200000|100%| O|  |TAMS 0x0000000088100000| PB 0x0000000088100000| Untracked 
| 130|0x0000000088200000, 0x0000000088300000, 0x0000000088300000|100%| O|  |TAMS 0x0000000088200000| PB 0x0000000088200000| Untracked 
| 131|0x0000000088300000, 0x0000000088400000, 0x0000000088400000|100%| O|  |TAMS 0x0000000088300000| PB 0x0000000088300000| Untracked 
| 132|0x0000000088400000, 0x0000000088500000, 0x0000000088500000|100%| O|  |TAMS 0x0000000088400000| PB 0x0000000088400000| Untracked 
| 133|0x0000000088500000, 0x0000000088600000, 0x0000000088600000|100%| O|  |TAMS 0x0000000088500000| PB 0x0000000088500000| Untracked 
| 134|0x0000000088600000, 0x0000000088700000, 0x0000000088700000|100%| O|  |TAMS 0x0000000088600000| PB 0x0000000088600000| Untracked 
| 135|0x0000000088700000, 0x000000008878c1e0, 0x0000000088800000| 54%| O|  |TAMS 0x0000000088700000| PB 0x0000000088700000| Untracked 
| 136|0x0000000088800000, 0x0000000088800000, 0x0000000088900000|  0%| F|  |TAMS 0x0000000088800000| PB 0x0000000088800000| Untracked 
| 137|0x0000000088900000, 0x0000000088900000, 0x0000000088a00000|  0%| F|  |TAMS 0x0000000088900000| PB 0x0000000088900000| Untracked 
| 138|0x0000000088a00000, 0x0000000088a00000, 0x0000000088b00000|  0%| F|  |TAMS 0x0000000088a00000| PB 0x0000000088a00000| Untracked 
| 139|0x0000000088b00000, 0x0000000088b00000, 0x0000000088c00000|  0%| F|  |TAMS 0x0000000088b00000| PB 0x0000000088b00000| Untracked 
| 140|0x0000000088c00000, 0x0000000088c00000, 0x0000000088d00000|  0%| F|  |TAMS 0x0000000088c00000| PB 0x0000000088c00000| Untracked 
| 141|0x0000000088d00000, 0x0000000088d00000, 0x0000000088e00000|  0%| F|  |TAMS 0x0000000088d00000| PB 0x0000000088d00000| Untracked 
| 142|0x0000000088e00000, 0x0000000088e00000, 0x0000000088f00000|  0%| F|  |TAMS 0x0000000088e00000| PB 0x0000000088e00000| Untracked 
| 143|0x0000000088f00000, 0x0000000088f00000, 0x0000000089000000|  0%| F|  |TAMS 0x0000000088f00000| PB 0x0000000088f00000| Untracked 
| 144|0x0000000089000000, 0x0000000089000000, 0x0000000089100000|  0%| F|  |TAMS 0x0000000089000000| PB 0x0000000089000000| Untracked 
| 145|0x0000000089100000, 0x000000008914a640, 0x0000000089200000| 29%| S|CS|TAMS 0x0000000089100000| PB 0x0000000089100000| Complete 
| 146|0x0000000089200000, 0x0000000089300000, 0x0000000089300000|100%| S|CS|TAMS 0x0000000089200000| PB 0x0000000089200000| Complete 
| 147|0x0000000089300000, 0x0000000089400000, 0x0000000089400000|100%| S|CS|TAMS 0x0000000089300000| PB 0x0000000089300000| Complete 
| 148|0x0000000089400000, 0x0000000089500000, 0x0000000089500000|100%| S|CS|TAMS 0x0000000089400000| PB 0x0000000089400000| Complete 
| 149|0x0000000089500000, 0x0000000089500000, 0x0000000089600000|  0%| F|  |TAMS 0x0000000089500000| PB 0x0000000089500000| Untracked 
| 150|0x0000000089600000, 0x0000000089600000, 0x0000000089700000|  0%| F|  |TAMS 0x0000000089600000| PB 0x0000000089600000| Untracked 
| 151|0x0000000089700000, 0x0000000089700000, 0x0000000089800000|  0%| F|  |TAMS 0x0000000089700000| PB 0x0000000089700000| Untracked 
| 152|0x0000000089800000, 0x0000000089800000, 0x0000000089900000|  0%| F|  |TAMS 0x0000000089800000| PB 0x0000000089800000| Untracked 
| 153|0x0000000089900000, 0x0000000089900000, 0x0000000089a00000|  0%| F|  |TAMS 0x0000000089900000| PB 0x0000000089900000| Untracked 
| 154|0x0000000089a00000, 0x0000000089b00000, 0x0000000089b00000|100%| S|CS|TAMS 0x0000000089a00000| PB 0x0000000089a00000| Complete 
| 155|0x0000000089b00000, 0x0000000089b00000, 0x0000000089c00000|  0%| F|  |TAMS 0x0000000089b00000| PB 0x0000000089b00000| Untracked 
| 156|0x0000000089c00000, 0x0000000089c00000, 0x0000000089d00000|  0%| F|  |TAMS 0x0000000089c00000| PB 0x0000000089c00000| Untracked 
| 157|0x0000000089d00000, 0x0000000089d00000, 0x0000000089e00000|  0%| F|  |TAMS 0x0000000089d00000| PB 0x0000000089d00000| Untracked 
| 158|0x0000000089e00000, 0x0000000089e00000, 0x0000000089f00000|  0%| F|  |TAMS 0x0000000089e00000| PB 0x0000000089e00000| Untracked 
| 159|0x0000000089f00000, 0x0000000089f00000, 0x000000008a000000|  0%| F|  |TAMS 0x0000000089f00000| PB 0x0000000089f00000| Untracked 
| 160|0x000000008a000000, 0x000000008a000000, 0x000000008a100000|  0%| F|  |TAMS 0x000000008a000000| PB 0x000000008a000000| Untracked 
| 161|0x000000008a100000, 0x000000008a100000, 0x000000008a200000|  0%| F|  |TAMS 0x000000008a100000| PB 0x000000008a100000| Untracked 
| 162|0x000000008a200000, 0x000000008a200000, 0x000000008a300000|  0%| F|  |TAMS 0x000000008a200000| PB 0x000000008a200000| Untracked 
| 163|0x000000008a300000, 0x000000008a300000, 0x000000008a400000|  0%| F|  |TAMS 0x000000008a300000| PB 0x000000008a300000| Untracked 
| 164|0x000000008a400000, 0x000000008a400000, 0x000000008a500000|  0%| F|  |TAMS 0x000000008a400000| PB 0x000000008a400000| Untracked 
| 165|0x000000008a500000, 0x000000008a500000, 0x000000008a600000|  0%| F|  |TAMS 0x000000008a500000| PB 0x000000008a500000| Untracked 
| 166|0x000000008a600000, 0x000000008a600000, 0x000000008a700000|  0%| F|  |TAMS 0x000000008a600000| PB 0x000000008a600000| Untracked 
| 167|0x000000008a700000, 0x000000008a700000, 0x000000008a800000|  0%| F|  |TAMS 0x000000008a700000| PB 0x000000008a700000| Untracked 
| 168|0x000000008a800000, 0x000000008a800000, 0x000000008a900000|  0%| F|  |TAMS 0x000000008a800000| PB 0x000000008a800000| Untracked 
| 169|0x000000008a900000, 0x000000008a900000, 0x000000008aa00000|  0%| F|  |TAMS 0x000000008a900000| PB 0x000000008a900000| Untracked 
| 170|0x000000008aa00000, 0x000000008aa00000, 0x000000008ab00000|  0%| F|  |TAMS 0x000000008aa00000| PB 0x000000008aa00000| Untracked 
| 171|0x000000008ab00000, 0x000000008ab00000, 0x000000008ac00000|  0%| F|  |TAMS 0x000000008ab00000| PB 0x000000008ab00000| Untracked 
| 172|0x000000008ac00000, 0x000000008ac00000, 0x000000008ad00000|  0%| F|  |TAMS 0x000000008ac00000| PB 0x000000008ac00000| Untracked 
| 173|0x000000008ad00000, 0x000000008ad00000, 0x000000008ae00000|  0%| F|  |TAMS 0x000000008ad00000| PB 0x000000008ad00000| Untracked 
| 174|0x000000008ae00000, 0x000000008ae00000, 0x000000008af00000|  0%| F|  |TAMS 0x000000008ae00000| PB 0x000000008ae00000| Untracked 
| 175|0x000000008af00000, 0x000000008af00000, 0x000000008b000000|  0%| F|  |TAMS 0x000000008af00000| PB 0x000000008af00000| Untracked 
| 176|0x000000008b000000, 0x000000008b000000, 0x000000008b100000|  0%| F|  |TAMS 0x000000008b000000| PB 0x000000008b000000| Untracked 
| 177|0x000000008b100000, 0x000000008b100000, 0x000000008b200000|  0%| F|  |TAMS 0x000000008b100000| PB 0x000000008b100000| Untracked 
| 178|0x000000008b200000, 0x000000008b200000, 0x000000008b300000|  0%| F|  |TAMS 0x000000008b200000| PB 0x000000008b200000| Untracked 
| 179|0x000000008b300000, 0x000000008b300000, 0x000000008b400000|  0%| F|  |TAMS 0x000000008b300000| PB 0x000000008b300000| Untracked 
| 180|0x000000008b400000, 0x000000008b400000, 0x000000008b500000|  0%| F|  |TAMS 0x000000008b400000| PB 0x000000008b400000| Untracked 
| 181|0x000000008b500000, 0x000000008b500000, 0x000000008b600000|  0%| F|  |TAMS 0x000000008b500000| PB 0x000000008b500000| Untracked 
| 182|0x000000008b600000, 0x000000008b600000, 0x000000008b700000|  0%| F|  |TAMS 0x000000008b600000| PB 0x000000008b600000| Untracked 
| 183|0x000000008b700000, 0x000000008b700000, 0x000000008b800000|  0%| F|  |TAMS 0x000000008b700000| PB 0x000000008b700000| Untracked 
| 184|0x000000008b800000, 0x000000008b800000, 0x000000008b900000|  0%| F|  |TAMS 0x000000008b800000| PB 0x000000008b800000| Untracked 
| 185|0x000000008b900000, 0x000000008b900000, 0x000000008ba00000|  0%| F|  |TAMS 0x000000008b900000| PB 0x000000008b900000| Untracked 
| 186|0x000000008ba00000, 0x000000008ba00000, 0x000000008bb00000|  0%| F|  |TAMS 0x000000008ba00000| PB 0x000000008ba00000| Untracked 
| 187|0x000000008bb00000, 0x000000008bb00000, 0x000000008bc00000|  0%| F|  |TAMS 0x000000008bb00000| PB 0x000000008bb00000| Untracked 
| 188|0x000000008bc00000, 0x000000008bc00000, 0x000000008bd00000|  0%| F|  |TAMS 0x000000008bc00000| PB 0x000000008bc00000| Untracked 
| 189|0x000000008bd00000, 0x000000008bd00000, 0x000000008be00000|  0%| F|  |TAMS 0x000000008bd00000| PB 0x000000008bd00000| Untracked 
| 190|0x000000008be00000, 0x000000008be00000, 0x000000008bf00000|  0%| F|  |TAMS 0x000000008be00000| PB 0x000000008be00000| Untracked 
| 191|0x000000008bf00000, 0x000000008bf00000, 0x000000008c000000|  0%| F|  |TAMS 0x000000008bf00000| PB 0x000000008bf00000| Untracked 
| 192|0x000000008c000000, 0x000000008c000000, 0x000000008c100000|  0%| F|  |TAMS 0x000000008c000000| PB 0x000000008c000000| Untracked 
| 193|0x000000008c100000, 0x000000008c100000, 0x000000008c200000|  0%| F|  |TAMS 0x000000008c100000| PB 0x000000008c100000| Untracked 
| 194|0x000000008c200000, 0x000000008c200000, 0x000000008c300000|  0%| F|  |TAMS 0x000000008c200000| PB 0x000000008c200000| Untracked 
| 195|0x000000008c300000, 0x000000008c300000, 0x000000008c400000|  0%| F|  |TAMS 0x000000008c300000| PB 0x000000008c300000| Untracked 
| 196|0x000000008c400000, 0x000000008c400000, 0x000000008c500000|  0%| F|  |TAMS 0x000000008c400000| PB 0x000000008c400000| Untracked 
| 197|0x000000008c500000, 0x000000008c500000, 0x000000008c600000|  0%| F|  |TAMS 0x000000008c500000| PB 0x000000008c500000| Untracked 
| 198|0x000000008c600000, 0x000000008c600000, 0x000000008c700000|  0%| F|  |TAMS 0x000000008c600000| PB 0x000000008c600000| Untracked 
| 199|0x000000008c700000, 0x000000008c700000, 0x000000008c800000|  0%| F|  |TAMS 0x000000008c700000| PB 0x000000008c700000| Untracked 
| 200|0x000000008c800000, 0x000000008c800000, 0x000000008c900000|  0%| F|  |TAMS 0x000000008c800000| PB 0x000000008c800000| Untracked 
| 201|0x000000008c900000, 0x000000008c900000, 0x000000008ca00000|  0%| F|  |TAMS 0x000000008c900000| PB 0x000000008c900000| Untracked 
| 202|0x000000008ca00000, 0x000000008ca00000, 0x000000008cb00000|  0%| F|  |TAMS 0x000000008ca00000| PB 0x000000008ca00000| Untracked 
| 203|0x000000008cb00000, 0x000000008cb00000, 0x000000008cc00000|  0%| F|  |TAMS 0x000000008cb00000| PB 0x000000008cb00000| Untracked 
| 204|0x000000008cc00000, 0x000000008cc00000, 0x000000008cd00000|  0%| F|  |TAMS 0x000000008cc00000| PB 0x000000008cc00000| Untracked 
| 205|0x000000008cd00000, 0x000000008cd00000, 0x000000008ce00000|  0%| F|  |TAMS 0x000000008cd00000| PB 0x000000008cd00000| Untracked 
| 206|0x000000008ce00000, 0x000000008ce00000, 0x000000008cf00000|  0%| F|  |TAMS 0x000000008ce00000| PB 0x000000008ce00000| Untracked 
| 207|0x000000008cf00000, 0x000000008cf00000, 0x000000008d000000|  0%| F|  |TAMS 0x000000008cf00000| PB 0x000000008cf00000| Untracked 
| 208|0x000000008d000000, 0x000000008d000000, 0x000000008d100000|  0%| F|  |TAMS 0x000000008d000000| PB 0x000000008d000000| Untracked 
| 209|0x000000008d100000, 0x000000008d100000, 0x000000008d200000|  0%| F|  |TAMS 0x000000008d100000| PB 0x000000008d100000| Untracked 
| 210|0x000000008d200000, 0x000000008d200000, 0x000000008d300000|  0%| F|  |TAMS 0x000000008d200000| PB 0x000000008d200000| Untracked 
| 211|0x000000008d300000, 0x000000008d300000, 0x000000008d400000|  0%| F|  |TAMS 0x000000008d300000| PB 0x000000008d300000| Untracked 
| 212|0x000000008d400000, 0x000000008d400000, 0x000000008d500000|  0%| F|  |TAMS 0x000000008d400000| PB 0x000000008d400000| Untracked 
| 213|0x000000008d500000, 0x000000008d500000, 0x000000008d600000|  0%| F|  |TAMS 0x000000008d500000| PB 0x000000008d500000| Untracked 
| 214|0x000000008d600000, 0x000000008d600000, 0x000000008d700000|  0%| F|  |TAMS 0x000000008d600000| PB 0x000000008d600000| Untracked 
| 215|0x000000008d700000, 0x000000008d700000, 0x000000008d800000|  0%| F|  |TAMS 0x000000008d700000| PB 0x000000008d700000| Untracked 
| 216|0x000000008d800000, 0x000000008d800000, 0x000000008d900000|  0%| F|  |TAMS 0x000000008d800000| PB 0x000000008d800000| Untracked 
| 217|0x000000008d900000, 0x000000008d900000, 0x000000008da00000|  0%| F|  |TAMS 0x000000008d900000| PB 0x000000008d900000| Untracked 
| 229|0x000000008e500000, 0x000000008e500000, 0x000000008e600000|  0%| F|  |TAMS 0x000000008e500000| PB 0x000000008e500000| Untracked 
| 230|0x000000008e600000, 0x000000008e680000, 0x000000008e700000| 50%| E|  |TAMS 0x000000008e600000| PB 0x000000008e600000| Complete 
| 231|0x000000008e700000, 0x000000008e800000, 0x000000008e800000|100%| E|CS|TAMS 0x000000008e700000| PB 0x000000008e700000| Complete 
| 232|0x000000008e800000, 0x000000008e900000, 0x000000008e900000|100%| E|CS|TAMS 0x000000008e800000| PB 0x000000008e800000| Complete 
| 233|0x000000008e900000, 0x000000008ea00000, 0x000000008ea00000|100%| E|CS|TAMS 0x000000008e900000| PB 0x000000008e900000| Complete 
| 234|0x000000008ea00000, 0x000000008eb00000, 0x000000008eb00000|100%| E|CS|TAMS 0x000000008ea00000| PB 0x000000008ea00000| Complete 
| 235|0x000000008eb00000, 0x000000008ec00000, 0x000000008ec00000|100%| E|CS|TAMS 0x000000008eb00000| PB 0x000000008eb00000| Complete 
| 236|0x000000008ec00000, 0x000000008ed00000, 0x000000008ed00000|100%| E|CS|TAMS 0x000000008ec00000| PB 0x000000008ec00000| Complete 
| 237|0x000000008ed00000, 0x000000008ee00000, 0x000000008ee00000|100%| E|CS|TAMS 0x000000008ed00000| PB 0x000000008ed00000| Complete 
| 238|0x000000008ee00000, 0x000000008ef00000, 0x000000008ef00000|100%| E|CS|TAMS 0x000000008ee00000| PB 0x000000008ee00000| Complete 
| 239|0x000000008ef00000, 0x000000008f000000, 0x000000008f000000|100%| E|CS|TAMS 0x000000008ef00000| PB 0x000000008ef00000| Complete 
| 251|0x000000008fb00000, 0x000000008fc00000, 0x000000008fc00000|100%| E|CS|TAMS 0x000000008fb00000| PB 0x000000008fb00000| Complete 
|2039|0x00000000ff700000, 0x00000000ff800000, 0x00000000ff800000|100%| O|  |TAMS 0x00000000ff700000| PB 0x00000000ff700000| Untracked 
|2040|0x00000000ff800000, 0x00000000ff900000, 0x00000000ff900000|100%| E|CS|TAMS 0x00000000ff800000| PB 0x00000000ff800000| Complete 
|2041|0x00000000ff900000, 0x00000000ffa00000, 0x00000000ffa00000|100%| E|CS|TAMS 0x00000000ff900000| PB 0x00000000ff900000| Complete 
|2042|0x00000000ffa00000, 0x00000000ffb00000, 0x00000000ffb00000|100%| E|CS|TAMS 0x00000000ffa00000| PB 0x00000000ffa00000| Complete 
|2043|0x00000000ffb00000, 0x00000000ffc00000, 0x00000000ffc00000|100%| O|  |TAMS 0x00000000ffb00000| PB 0x00000000ffb00000| Untracked 
|2044|0x00000000ffc00000, 0x00000000ffd00000, 0x00000000ffd00000|100%| O|  |TAMS 0x00000000ffc00000| PB 0x00000000ffc00000| Untracked 
|2045|0x00000000ffd00000, 0x00000000ffe00000, 0x00000000ffe00000|100%| O|  |TAMS 0x00000000ffd00000| PB 0x00000000ffd00000| Untracked 
|2046|0x00000000ffe00000, 0x00000000fff00000, 0x00000000fff00000|100%| O|  |TAMS 0x00000000ffe00000| PB 0x00000000ffe00000| Untracked 
|2047|0x00000000fff00000, 0x0000000100000000, 0x0000000100000000|100%| O|  |TAMS 0x00000000fff00000| PB 0x00000000fff00000| Untracked 

Card table byte_map: [0x0000021e79550000,0x0000021e79950000] _byte_map_base: 0x0000021e79150000

Marking Bits: (CMBitMap*) 0x0000021e7504b4b0
 Bits: [0x0000021e79950000, 0x0000021e7b950000)

Polling page: 0x0000021e72fd0000

Metaspace:

Usage:
  Non-class:    115.54 MB used.
      Class:     18.80 MB used.
       Both:    134.35 MB used.

Virtual space:
  Non-class space:      128.00 MB reserved,     116.75 MB ( 91%) committed,  2 nodes.
      Class space:        1.00 GB reserved,      19.88 MB (  2%) committed,  1 nodes.
             Both:        1.12 GB reserved,     136.62 MB ( 12%) committed. 

Chunk freelists:
   Non-Class:  10.55 MB
       Class:  12.16 MB
        Both:  22.71 MB

MaxMetaspaceSize: unlimited
CompressedClassSpaceSize: 1.00 GB
Initial GC threshold: 21.00 MB
Current GC threshold: 227.62 MB
CDS: off
 - commit_granule_bytes: 65536.
 - commit_granule_words: 8192.
 - virtual_space_node_default_size: 8388608.
 - enlarge_chunks_in_place: 1.
 - use_allocation_guard: 0.


Internal statistics:

num_allocs_failed_limit: 9.
num_arena_births: 4498.
num_arena_deaths: 0.
num_vsnodes_births: 3.
num_vsnodes_deaths: 0.
num_space_committed: 2185.
num_space_uncommitted: 0.
num_chunks_returned_to_freelist: 9.
num_chunks_taken_from_freelist: 10360.
num_chunk_merges: 9.
num_chunk_splits: 6828.
num_chunks_enlarged: 4352.
num_inconsistent_stats: 0.

CodeHeap 'non-profiled nmethods': size=119168Kb used=10313Kb max_used=10622Kb free=108854Kb
 bounds [0x0000021e07ba0000, 0x0000021e08600000, 0x0000021e0f000000]
CodeHeap 'profiled nmethods': size=119104Kb used=33258Kb max_used=34191Kb free=85845Kb
 bounds [0x0000021e00000000, 0x0000021e02170000, 0x0000021e07450000]
CodeHeap 'non-nmethods': size=7488Kb used=4632Kb max_used=4739Kb free=2855Kb
 bounds [0x0000021e07450000, 0x0000021e07900000, 0x0000021e07ba0000]
CodeCache: size=245760Kb, used=48203Kb, max_used=49552Kb, free=197554Kb
 total_blobs=17067, nmethods=16026, adapters=940, full_count=0
Compilation: enabled, stopped_count=0, restarted_count=0

Compilation events (20 events):
Event: 9.950 Thread 0x0000021e14237770 nmethod 19019 0x0000021e02163190 code [0x0000021e02163420, 0x0000021e02163ea8]
Event: 10.981 Thread 0x0000021e14237770 19026       3       com.android.tools.r8.internal.nf2::b (52 bytes)
Event: 10.982 Thread 0x0000021e14237770 nmethod 19026 0x0000021e004e0090 code [0x0000021e004e0280, 0x0000021e004e06f8]
Event: 10.982 Thread 0x0000021e14237770 19027       3       com.android.tools.r8.internal.mf0::a (16 bytes)
Event: 10.982 Thread 0x0000021e14237770 nmethod 19027 0x0000021e00c60510 code [0x0000021e00c606e0, 0x0000021e00c60a78]
Event: 10.982 Thread 0x0000021e18cfdb50 nmethod 19015 0x0000021e07c13710 code [0x0000021e07c13a60, 0x0000021e07c151e8]
Event: 10.982 Thread 0x0000021e18cfdb50 19025       4       com.android.tools.r8.internal.r32::c (803 bytes)
Event: 10.983 Thread 0x0000021e7f55fe20 19028       3       com.android.tools.r8.internal.u1::<init> (10 bytes)
Event: 10.983 Thread 0x0000021e7f55fe20 nmethod 19028 0x0000021e0030b610 code [0x0000021e0030b7c0, 0x0000021e0030b8f8]
Event: 10.983 Thread 0x0000021e7f3a8150 19029       3       com.android.tools.r8.internal.w1::<init> (46 bytes)
Event: 10.983 Thread 0x0000021e7f3a8150 nmethod 19029 0x0000021e00dbd290 code [0x0000021e00dbd460, 0x0000021e00dbd840]
Event: 10.987 Thread 0x0000021e7f3a8150 19030       3       com.android.tools.r8.internal.mg::b (1018 bytes)
Event: 10.992 Thread 0x0000021e7f55fe20 19033       3       com.android.tools.r8.internal.m00::a (38 bytes)
Event: 10.992 Thread 0x0000021e14237770 19034       3       com.android.tools.r8.internal.de0::<init> (7 bytes)
Event: 10.992 Thread 0x0000021e7f55fe20 nmethod 19033 0x0000021e00054210 code [0x0000021e000543e0, 0x0000021e000546b0]
Event: 10.992 Thread 0x0000021e14237770 nmethod 19034 0x0000021e00380390 code [0x0000021e00380540, 0x0000021e00380678]
Event: 10.993 Thread 0x0000021e14237770 19035       1       com.android.tools.r8.internal.rx3::o (2 bytes)
Event: 10.993 Thread 0x0000021e14237770 nmethod 19035 0x0000021e07c4c390 code [0x0000021e07c4c520, 0x0000021e07c4c5e8]
Event: 10.998 Thread 0x0000021e14237770 19040       3       com.android.tools.r8.internal.yu3$$Lambda/0x00000001013a3560::apply (8 bytes)
Event: 10.998 Thread 0x0000021e7f55f770 19041       3       com.android.tools.r8.internal.yu3::a (8 bytes)

GC Heap History (20 events):
Event: 7.448 GC heap before
{Heap before GC invocations=31 (full 0):
 garbage-first heap   total 201728K, used 178111K [0x0000000080000000, 0x0000000100000000)
  region size 1024K, 76 young (77824K), 10 survivors (10240K)
 Metaspace       used 117906K, committed 120192K, reserved 1179648K
  class space    used 16615K, committed 17728K, reserved 1048576K
}
Event: 7.453 GC heap after
{Heap after GC invocations=32 (full 0):
 garbage-first heap   total 201728K, used 121203K [0x0000000080000000, 0x0000000100000000)
  region size 1024K, 10 young (10240K), 10 survivors (10240K)
 Metaspace       used 117906K, committed 120192K, reserved 1179648K
  class space    used 16615K, committed 17728K, reserved 1048576K
}
Event: 7.562 GC heap before
{Heap before GC invocations=33 (full 0):
 garbage-first heap   total 203776K, used 178547K [0x0000000080000000, 0x0000000100000000)
  region size 1024K, 67 young (68608K), 10 survivors (10240K)
 Metaspace       used 118011K, committed 120256K, reserved 1179648K
  class space    used 16624K, committed 17728K, reserved 1048576K
}
Event: 7.565 GC heap after
{Heap after GC invocations=34 (full 0):
 garbage-first heap   total 203776K, used 126240K [0x0000000080000000, 0x0000000100000000)
  region size 1024K, 5 young (5120K), 5 survivors (5120K)
 Metaspace       used 118011K, committed 120256K, reserved 1179648K
  class space    used 16624K, committed 17728K, reserved 1048576K
}
Event: 8.123 GC heap before
{Heap before GC invocations=34 (full 0):
 garbage-first heap   total 203776K, used 185632K [0x0000000080000000, 0x0000000100000000)
  region size 1024K, 64 young (65536K), 5 survivors (5120K)
 Metaspace       used 118728K, committed 121024K, reserved 1179648K
  class space    used 16759K, committed 17920K, reserved 1048576K
}
Event: 8.126 GC heap after
{Heap after GC invocations=35 (full 0):
 garbage-first heap   total 203776K, used 128515K [0x0000000080000000, 0x0000000100000000)
  region size 1024K, 6 young (6144K), 6 survivors (6144K)
 Metaspace       used 118728K, committed 121024K, reserved 1179648K
  class space    used 16759K, committed 17920K, reserved 1048576K
}
Event: 8.135 GC heap before
{Heap before GC invocations=35 (full 0):
 garbage-first heap   total 203776K, used 129539K [0x0000000080000000, 0x0000000100000000)
  region size 1024K, 9 young (9216K), 6 survivors (6144K)
 Metaspace       used 118852K, committed 121152K, reserved 1179648K
  class space    used 16790K, committed 17920K, reserved 1048576K
}
Event: 8.136 GC heap after
{Heap after GC invocations=36 (full 0):
 garbage-first heap   total 203776K, used 129639K [0x0000000080000000, 0x0000000100000000)
  region size 1024K, 2 young (2048K), 2 survivors (2048K)
 Metaspace       used 118852K, committed 121152K, reserved 1179648K
  class space    used 16790K, committed 17920K, reserved 1048576K
}
Event: 8.324 GC heap before
{Heap before GC invocations=37 (full 0):
 garbage-first heap   total 227328K, used 192103K [0x0000000080000000, 0x0000000100000000)
  region size 1024K, 59 young (60416K), 2 survivors (2048K)
 Metaspace       used 121048K, committed 123328K, reserved 1179648K
  class space    used 16978K, committed 18112K, reserved 1048576K
}
Event: 8.327 GC heap after
{Heap after GC invocations=38 (full 0):
 garbage-first heap   total 227328K, used 135627K [0x0000000080000000, 0x0000000100000000)
  region size 1024K, 8 young (8192K), 8 survivors (8192K)
 Metaspace       used 121048K, committed 123328K, reserved 1179648K
  class space    used 16978K, committed 18112K, reserved 1048576K
}
Event: 8.685 GC heap before
{Heap before GC invocations=38 (full 0):
 garbage-first heap   total 227328K, used 204235K [0x0000000080000000, 0x0000000100000000)
  region size 1024K, 76 young (77824K), 8 survivors (8192K)
 Metaspace       used 125479K, committed 127744K, reserved 1179648K
  class space    used 17613K, committed 18688K, reserved 1048576K
}
Event: 8.691 GC heap after
{Heap after GC invocations=39 (full 0):
 garbage-first heap   total 227328K, used 138734K [0x0000000080000000, 0x0000000100000000)
  region size 1024K, 8 young (8192K), 8 survivors (8192K)
 Metaspace       used 125479K, committed 127744K, reserved 1179648K
  class space    used 17613K, committed 18688K, reserved 1048576K
}
Event: 9.023 GC heap before
{Heap before GC invocations=39 (full 0):
 garbage-first heap   total 227328K, used 205294K [0x0000000080000000, 0x0000000100000000)
  region size 1024K, 74 young (75776K), 8 survivors (8192K)
 Metaspace       used 130731K, committed 132928K, reserved 1179648K
  class space    used 18331K, committed 19392K, reserved 1048576K
}
Event: 9.029 GC heap after
{Heap after GC invocations=40 (full 0):
 garbage-first heap   total 227328K, used 143139K [0x0000000080000000, 0x0000000100000000)
  region size 1024K, 7 young (7168K), 7 survivors (7168K)
 Metaspace       used 130731K, committed 132928K, reserved 1179648K
  class space    used 18331K, committed 19392K, reserved 1048576K
}
Event: 9.444 GC heap before
{Heap before GC invocations=41 (full 0):
 garbage-first heap   total 240640K, used 205603K [0x0000000080000000, 0x0000000100000000)
  region size 1024K, 68 young (69632K), 7 survivors (7168K)
 Metaspace       used 135748K, committed 137984K, reserved 1179648K
  class space    used 19128K, committed 20224K, reserved 1048576K
}
Event: 9.448 GC heap after
{Heap after GC invocations=42 (full 0):
 garbage-first heap   total 240640K, used 146395K [0x0000000080000000, 0x0000000100000000)
  region size 1024K, 4 young (4096K), 4 survivors (4096K)
 Metaspace       used 135748K, committed 137984K, reserved 1179648K
  class space    used 19128K, committed 20224K, reserved 1048576K
}
Event: 9.698 GC heap before
{Heap before GC invocations=42 (full 0):
 garbage-first heap   total 240640K, used 219099K [0x0000000080000000, 0x0000000100000000)
  region size 1024K, 75 young (76800K), 4 survivors (4096K)
 Metaspace       used 137258K, committed 139456K, reserved 1179648K
  class space    used 19234K, committed 20288K, reserved 1048576K
}
Event: 9.700 GC heap after
{Heap after GC invocations=43 (full 0):
 garbage-first heap   total 240640K, used 144984K [0x0000000080000000, 0x0000000100000000)
  region size 1024K, 5 young (5120K), 5 survivors (5120K)
 Metaspace       used 137258K, committed 139456K, reserved 1179648K
  class space    used 19234K, committed 20288K, reserved 1048576K
}
Event: 9.927 GC heap before
{Heap before GC invocations=43 (full 0):
 garbage-first heap   total 240640K, used 220760K [0x0000000080000000, 0x0000000100000000)
  region size 1024K, 79 young (80896K), 5 survivors (5120K)
 Metaspace       used 137528K, committed 139840K, reserved 1179648K
  class space    used 19247K, committed 20352K, reserved 1048576K
}
Event: 9.930 GC heap after
{Heap after GC invocations=44 (full 0):
 garbage-first heap   total 240640K, used 145242K [0x0000000080000000, 0x0000000100000000)
  region size 1024K, 5 young (5120K), 5 survivors (5120K)
 Metaspace       used 137528K, committed 139840K, reserved 1179648K
  class space    used 19247K, committed 20352K, reserved 1048576K
}

Dll operation events (3 events):
Event: 0.005 Loaded shared library C:\Program Files\Android\Android Studio\jbr\bin\java.dll
Event: 0.008 Loaded shared library C:\Program Files\Android\Android Studio\jbr\bin\zip.dll
Event: 0.336 Loaded shared library C:\Program Files\Android\Android Studio\jbr\bin\verify.dll

Deoptimization events (20 events):
Event: 9.853 Thread 0x0000021e193bdcd0 Uncommon trap: reason=class_check action=maybe_recompile pc=0x0000021e085a3808 method=com.android.tools.r8.internal.r32.a(Lcom/android/tools/r8/internal/wa1;Lcom/android/tools/r8/internal/q32;)Z @ 125 c2
Event: 9.853 Thread 0x0000021e193bdcd0 DEOPT PACKING pc=0x0000021e085a3808 sp=0x000000f03d3f9330
Event: 9.853 Thread 0x0000021e193bdcd0 DEOPT UNPACKING pc=0x0000021e074a46a2 sp=0x000000f03d3f92f8 mode 2
Event: 9.860 Thread 0x0000021e193bdcd0 Uncommon trap: trap_request=0xffffff45 fr.pc=0x0000021e084aa4b0 relative=0x00000000000003f0
Event: 9.900 Thread 0x0000021e193bdcd0 Uncommon trap: reason=unstable_if action=reinterpret pc=0x0000021e084aa4b0 method=com.android.tools.r8.internal.q62.a(I)Lcom/android/tools/r8/internal/q62; @ 126 c2
Event: 9.900 Thread 0x0000021e193bdcd0 DEOPT PACKING pc=0x0000021e084aa4b0 sp=0x000000f03d3f9090
Event: 9.900 Thread 0x0000021e193bdcd0 DEOPT UNPACKING pc=0x0000021e074a46a2 sp=0x000000f03d3f9030 mode 2
Event: 9.904 Thread 0x0000021e193bdcd0 Uncommon trap: trap_request=0xffffffde fr.pc=0x0000021e0848ea94 relative=0x0000000000000234
Event: 9.904 Thread 0x0000021e193bdcd0 Uncommon trap: reason=class_check action=maybe_recompile pc=0x0000021e0848ea94 method=com.android.tools.r8.internal.lk.a(ILcom/android/tools/r8/internal/gy0;Lcom/android/tools/r8/internal/xc1;)V @ 34 c2
Event: 9.904 Thread 0x0000021e193bdcd0 DEOPT PACKING pc=0x0000021e0848ea94 sp=0x000000f03d3f99e0
Event: 9.904 Thread 0x0000021e193bdcd0 DEOPT UNPACKING pc=0x0000021e074a46a2 sp=0x000000f03d3f9970 mode 2
Event: 9.947 Thread 0x0000021e193bdcd0 Uncommon trap: trap_request=0xffffff66 fr.pc=0x0000021e085f4fd8 relative=0x0000000000002638
Event: 9.947 Thread 0x0000021e193bdcd0 Uncommon trap: reason=speculate_class_check action=maybe_recompile pc=0x0000021e085f4fd8 method=com.android.tools.r8.internal.y31.<init>(Lcom/android/tools/r8/internal/c41;)V @ 27 c2
Event: 9.947 Thread 0x0000021e193bdcd0 DEOPT PACKING pc=0x0000021e085f4fd8 sp=0x000000f03d3f9110
Event: 9.947 Thread 0x0000021e193bdcd0 DEOPT UNPACKING pc=0x0000021e074a46a2 sp=0x000000f03d3f8f38 mode 2
Event: 9.947 Thread 0x0000021e193bdcd0 Uncommon trap: trap_request=0xffffff66 fr.pc=0x0000021e085f4fd8 relative=0x0000000000002638
Event: 9.947 Thread 0x0000021e193bdcd0 Uncommon trap: reason=speculate_class_check action=maybe_recompile pc=0x0000021e085f4fd8 method=com.android.tools.r8.internal.y31.<init>(Lcom/android/tools/r8/internal/c41;)V @ 27 c2
Event: 9.947 Thread 0x0000021e193bdcd0 DEOPT PACKING pc=0x0000021e085f4fd8 sp=0x000000f03d3f9110
Event: 9.947 Thread 0x0000021e193bdcd0 DEOPT UNPACKING pc=0x0000021e074a46a2 sp=0x000000f03d3f8f38 mode 2
Event: 10.998 Thread 0x0000021e193bdcd0 Uncommon trap: trap_request=0xffffff45 fr.pc=0x0000021e085b4bc8 relative=0x0000000000004148

Classes loaded (20 events):
Event: 8.530 Loading class java/util/concurrent/RejectedExecutionException done
Event: 8.730 Loading class java/util/concurrent/ConcurrentLinkedQueue$Itr
Event: 8.730 Loading class java/util/concurrent/ConcurrentLinkedQueue$Itr done
Event: 9.166 Loading class java/util/IdentityHashMap$EntrySpliterator
Event: 9.166 Loading class java/util/IdentityHashMap$IdentityHashMapSpliterator
Event: 9.166 Loading class java/util/IdentityHashMap$IdentityHashMapSpliterator done
Event: 9.166 Loading class java/util/IdentityHashMap$EntrySpliterator done
Event: 9.181 Loading class java/util/PriorityQueue
Event: 9.182 Loading class java/util/PriorityQueue done
Event: 9.188 Loading class java/util/IdentityHashMap$ValueIterator
Event: 9.188 Loading class java/util/IdentityHashMap$ValueIterator done
Event: 9.223 Loading class java/util/SortedSet$1
Event: 9.223 Loading class java/util/SortedSet$1 done
Event: 9.225 Loading class java/util/stream/SliceOps
Event: 9.225 Loading class java/util/stream/SliceOps done
Event: 9.225 Loading class java/util/stream/SliceOps$1
Event: 9.225 Loading class java/util/stream/SliceOps$1 done
Event: 9.226 Loading class java/util/stream/SliceOps$1$1
Event: 9.226 Loading class java/util/stream/SliceOps$1$1 done
Event: 11.083 Loading class java/util/concurrent/LinkedBlockingDeque$Itr

Classes unloaded (0 events):
No events

Classes redefined (0 events):
No events

Internal exceptions (20 events):
Event: 8.228 Thread 0x0000021e20f4bdb0 Exception <a 'sun/nio/fs/WindowsException'{0x000000008c5f17e0}> (0x000000008c5f17e0) 
thrown [s\src\hotspot\share\prims\jni.cpp, line 537]
Event: 8.231 Thread 0x0000021e20f4bdb0 Exception <a 'java/lang/NoSuchMethodError'{0x000000008c45c378}: 'int java.lang.invoke.DirectMethodHandle$Holder.invokeSpecial(java.lang.Object, java.lang.Object, java.lang.Object, java.lang.Object, java.lang.Object)'> (0x000000008c45c378) 
thrown [s\src\hotspot\share\interpreter\linkResolver.cpp, line 784]
Event: 8.361 Thread 0x0000021e193bdcd0 Implicit null exception at 0x0000021e07d9376b to 0x0000021e07d942d4
Event: 8.600 Thread 0x0000021e193bdcd0 Exception <a 'java/lang/NoSuchMethodError'{0x0000000089fde080}: 'java.lang.Object java.lang.invoke.DirectMethodHandle$Holder.invokeStaticInit(java.lang.Object, java.lang.Object, java.lang.Object, java.lang.Object, java.lang.Object, java.lang.Object, java.lang.Object, java.lang.Object, java.lang.Object, java.lang.Object, java.lang.Object, java.lang.Object, java.lang.Object, java.lang.Object, java.lang.Object, java.lang.Object, java.lang.Object, java.lang.Object, java.lang.Object, java.lang.Object, int, java
Event: 8.601 Thread 0x0000021e193bdcd0 Exception <a 'java/lang/IncompatibleClassChangeError'{0x0000000089ff50a8}: Found class java.lang.Object, but interface was expected> (0x0000000089ff50a8) 
thrown [s\src\hotspot\share\interpreter\linkResolver.cpp, line 851]
Event: 8.601 Thread 0x0000021e193bdcd0 Exception <a 'java/lang/IncompatibleClassChangeError'{0x0000000089fff4c0}: Found class java.lang.Object, but interface was expected> (0x0000000089fff4c0) 
thrown [s\src\hotspot\share\interpreter\linkResolver.cpp, line 851]
Event: 8.617 Thread 0x0000021e193bdcd0 Exception <a 'java/lang/IncompatibleClassChangeError'{0x0000000089415918}: Found class java.lang.Object, but interface was expected> (0x0000000089415918) 
thrown [s\src\hotspot\share\interpreter\linkResolver.cpp, line 851]
Event: 8.807 Thread 0x0000021e193bdcd0 Exception <a 'java/lang/IncompatibleClassChangeError'{0x000000008c0d35f0}: Found class java.lang.Object, but interface was expected> (0x000000008c0d35f0) 
thrown [s\src\hotspot\share\interpreter\linkResolver.cpp, line 851]
Event: 8.807 Thread 0x0000021e193bdcd0 Exception <a 'java/lang/NoSuchMethodError'{0x000000008c0dcf98}: 'void java.lang.invoke.DirectMethodHandle$Holder.invokeInterface(java.lang.Object, java.lang.Object, java.lang.Object, int)'> (0x000000008c0dcf98) 
thrown [s\src\hotspot\share\interpreter\linkResolver.cpp, line 784]
Event: 8.977 Thread 0x0000021e193bdcd0 Exception <a 'java/lang/NoSuchMethodError'{0x000000008a186008}: 'java.lang.Object java.lang.invoke.DirectMethodHandle$Holder.invokeStatic(java.lang.Object, int, java.lang.Object, java.lang.Object)'> (0x000000008a186008) 
thrown [s\src\hotspot\share\interpreter\linkResolver.cpp, line 784]
Event: 8.977 Thread 0x0000021e193bdcd0 Exception <a 'java/lang/NoSuchMethodError'{0x000000008a197dc0}: 'java.lang.Object java.lang.invoke.DirectMethodHandle$Holder.invokeStatic(java.lang.Object, java.lang.Object, int, java.lang.Object, java.lang.Object)'> (0x000000008a197dc0) 
thrown [s\src\hotspot\share\interpreter\linkResolver.cpp, line 784]
Event: 9.118 Thread 0x0000021e193bdcd0 Exception <a 'java/lang/IncompatibleClassChangeError'{0x000000008d13f848}: Found class java.lang.Object, but interface was expected> (0x000000008d13f848) 
thrown [s\src\hotspot\share\interpreter\linkResolver.cpp, line 851]
Event: 9.119 Thread 0x0000021e193bdcd0 Exception <a 'java/lang/IncompatibleClassChangeError'{0x000000008d143e20}: Found class java.lang.Object, but interface was expected> (0x000000008d143e20) 
thrown [s\src\hotspot\share\interpreter\linkResolver.cpp, line 851]
Event: 9.151 Thread 0x0000021e193bdcd0 Exception <a 'java/lang/NoSuchMethodError'{0x000000008cc843a0}: 'void java.lang.invoke.DirectMethodHandle$Holder.invokeSpecial(java.lang.Object, java.lang.Object, int, java.lang.Object)'> (0x000000008cc843a0) 
thrown [s\src\hotspot\share\interpreter\linkResolver.cpp, line 784]
Event: 9.193 Thread 0x0000021e193bdcd0 Exception <a 'java/lang/NoSuchMethodError'{0x000000008c54d6c8}: 'int java.lang.invoke.DirectMethodHandle$Holder.invokeSpecial(java.lang.Object, java.lang.Object, java.lang.Object, int, java.lang.Object)'> (0x000000008c54d6c8) 
thrown [s\src\hotspot\share\interpreter\linkResolver.cpp, line 784]
Event: 9.213 Thread 0x0000021e193bdcd0 Exception <a 'java/lang/NoSuchMethodError'{0x000000008c279108}: 'void java.lang.invoke.DirectMethodHandle$Holder.invokeVirtual(java.lang.Object, java.lang.Object, int)'> (0x000000008c279108) 
thrown [s\src\hotspot\share\interpreter\linkResolver.cpp, line 784]
Event: 9.366 Thread 0x0000021e193bdcd0 Exception <a 'java/lang/NoSuchMethodError'{0x000000008b18d2f0}: 'int java.lang.invoke.DirectMethodHandle$Holder.invokeInterface(java.lang.Object, java.lang.Object, int)'> (0x000000008b18d2f0) 
thrown [s\src\hotspot\share\interpreter\linkResolver.cpp, line 784]
Event: 9.420 Thread 0x0000021e193bdcd0 Exception <a 'java/lang/NoSuchMethodError'{0x000000008abe5708}: 'void java.lang.invoke.DirectMethodHandle$Holder.invokeStatic(java.lang.Object, int)'> (0x000000008abe5708) 
thrown [s\src\hotspot\share\interpreter\linkResolver.cpp, line 784]
Event: 9.575 Thread 0x0000021e193bdcd0 Exception <a 'java/lang/NoSuchMethodError'{0x000000008be1b7a8}: 'java.lang.Object java.lang.invoke.DirectMethodHandle$Holder.invokeInterface(java.lang.Object, java.lang.Object, int)'> (0x000000008be1b7a8) 
thrown [s\src\hotspot\share\interpreter\linkResolver.cpp, line 784]
Event: 9.608 Thread 0x0000021e193bdcd0 Exception <a 'java/lang/IncompatibleClassChangeError'{0x000000008b736780}: Found class java.lang.Object, but interface was expected> (0x000000008b736780) 
thrown [s\src\hotspot\share\interpreter\linkResolver.cpp, line 851]

ZGC Phase Switch (0 events):
No events

VM Operations (20 events):
Event: 9.602 Executing VM operation: HandshakeAllThreads (Deoptimize)
Event: 9.602 Executing VM operation: HandshakeAllThreads (Deoptimize) done
Event: 9.605 Executing VM operation: HandshakeAllThreads (Deoptimize)
Event: 9.605 Executing VM operation: HandshakeAllThreads (Deoptimize) done
Event: 9.620 Executing VM operation: ICBufferFull
Event: 9.620 Executing VM operation: ICBufferFull done
Event: 9.657 Executing VM operation: ICBufferFull
Event: 9.657 Executing VM operation: ICBufferFull done
Event: 9.698 Executing VM operation: G1CollectForAllocation (G1 Evacuation Pause)
Event: 9.700 Executing VM operation: G1CollectForAllocation (G1 Evacuation Pause) done
Event: 9.717 Executing VM operation: HandshakeAllThreads (Deoptimize)
Event: 9.717 Executing VM operation: HandshakeAllThreads (Deoptimize) done
Event: 9.806 Executing VM operation: ICBufferFull
Event: 9.806 Executing VM operation: ICBufferFull done
Event: 9.927 Executing VM operation: G1CollectForAllocation (G1 Evacuation Pause)
Event: 9.930 Executing VM operation: G1CollectForAllocation (G1 Evacuation Pause) done
Event: 9.953 Executing VM operation: G1PauseRemark
Event: 10.979 Executing VM operation: G1PauseRemark done
Event: 10.990 Executing VM operation: G1PauseCleanup
Event: 10.991 Executing VM operation: G1PauseCleanup done

Memory protections (0 events):
No events

Nmethod flushes (20 events):
Event: 10.978 Thread 0x0000021e72baef50 flushing  nmethod 0x0000021e018b6810
Event: 10.978 Thread 0x0000021e72baef50 flushing  nmethod 0x0000021e018b7c90
Event: 10.978 Thread 0x0000021e72baef50 flushing  nmethod 0x0000021e018b9d90
Event: 10.978 Thread 0x0000021e72baef50 flushing  nmethod 0x0000021e018bad90
Event: 10.978 Thread 0x0000021e72baef50 flushing  nmethod 0x0000021e018bd390
Event: 10.978 Thread 0x0000021e72baef50 flushing  nmethod 0x0000021e018bda90
Event: 10.978 Thread 0x0000021e72baef50 flushing  nmethod 0x0000021e018bfd90
Event: 10.978 Thread 0x0000021e72baef50 flushing  nmethod 0x0000021e018c1d90
Event: 10.978 Thread 0x0000021e72baef50 flushing  nmethod 0x0000021e018dfb10
Event: 10.978 Thread 0x0000021e72baef50 flushing  nmethod 0x0000021e018ef290
Event: 10.978 Thread 0x0000021e72baef50 flushing  nmethod 0x0000021e018f0990
Event: 10.978 Thread 0x0000021e72baef50 flushing  nmethod 0x0000021e018f6090
Event: 10.978 Thread 0x0000021e72baef50 flushing  nmethod 0x0000021e018f9390
Event: 10.978 Thread 0x0000021e72baef50 flushing  nmethod 0x0000021e01901990
Event: 10.978 Thread 0x0000021e72baef50 flushing  nmethod 0x0000021e0193b110
Event: 10.978 Thread 0x0000021e72baef50 flushing  nmethod 0x0000021e01959a10
Event: 10.978 Thread 0x0000021e72baef50 flushing  nmethod 0x0000021e0195ae90
Event: 10.978 Thread 0x0000021e72baef50 flushing  nmethod 0x0000021e0195bb90
Event: 10.978 Thread 0x0000021e72baef50 flushing  nmethod 0x0000021e0195c890
Event: 10.978 Thread 0x0000021e72baef50 flushing  nmethod 0x0000021e01960890

Events (20 events):
Event: 8.280 Thread 0x0000021e20f4bdb0 Thread added: 0x0000021e1aaa53d0
Event: 8.280 Thread 0x0000021e20f4bdb0 Thread added: 0x0000021e1a5eeb30
Event: 8.280 Thread 0x0000021e20f4bdb0 Thread added: 0x0000021e1a5ede10
Event: 8.280 Thread 0x0000021e20f4bdb0 Thread added: 0x0000021e1a5ed0f0
Event: 8.280 Thread 0x0000021e20f4bdb0 Thread added: 0x0000021e1a5ef1c0
Event: 8.280 Thread 0x0000021e20f4bdb0 Thread added: 0x0000021e1a5ef850
Event: 8.280 Thread 0x0000021e20f4bdb0 Thread added: 0x0000021e1a5ed780
Event: 8.280 Thread 0x0000021e20f4bdb0 Thread added: 0x0000021e1a5ee4a0
Event: 8.280 Thread 0x0000021e20f4bdb0 Thread added: 0x0000021e1a5efee0
Event: 8.281 Thread 0x0000021e20f4bdb0 Thread added: 0x0000021e1a5f0c00
Event: 8.281 Thread 0x0000021e20f4bdb0 Thread added: 0x0000021e1a5f1290
Event: 8.281 Thread 0x0000021e20f4bdb0 Thread added: 0x0000021e1a5f1fb0
Event: 8.281 Thread 0x0000021e20f4bdb0 Thread added: 0x0000021e1a5f1920
Event: 8.299 Thread 0x0000021e18cfdb50 Thread added: 0x0000021e18cfe8f0
Event: 9.213 Thread 0x0000021e18cfe8f0 Thread exited: 0x0000021e18cfe8f0
Event: 9.510 Thread 0x0000021e14237770 Thread added: 0x0000021e18cfe8f0
Event: 9.512 Thread 0x0000021e18cfe8f0 Thread added: 0x0000021e18d02640
Event: 9.546 Thread 0x0000021e14237770 Thread added: 0x0000021e18d02d10
Event: 9.832 Thread 0x0000021e7f55fe20 Thread added: 0x0000021e18d033e0
Event: 9.911 Thread 0x0000021e7f55fe20 Thread added: 0x0000021e18d04180


Dynamic libraries:
0x00007ff7ef910000 - 0x00007ff7ef91a000 	C:\Program Files\Android\Android Studio\jbr\bin\java.exe
0x00007ffd993a0000 - 0x00007ffd99607000 	C:\Windows\SYSTEM32\ntdll.dll
0x00007ffd985e0000 - 0x00007ffd986a9000 	C:\Windows\System32\KERNEL32.DLL
0x00007ffd96850000 - 0x00007ffd96c40000 	C:\Windows\System32\KERNELBASE.dll
0x00007ffd96fe0000 - 0x00007ffd9712b000 	C:\Windows\System32\ucrtbase.dll
0x00007ffd93540000 - 0x00007ffd9355b000 	C:\Program Files\Android\Android Studio\jbr\bin\VCRUNTIME140.dll
0x00007ffd68550000 - 0x00007ffd68568000 	C:\Program Files\Android\Android Studio\jbr\bin\jli.dll
0x00007ffd980c0000 - 0x00007ffd98285000 	C:\Windows\System32\USER32.dll
0x00007ffd96820000 - 0x00007ffd96847000 	C:\Windows\System32\win32u.dll
0x00007ffd98d40000 - 0x00007ffd98d6b000 	C:\Windows\System32\GDI32.dll
0x00007ffd81bb0000 - 0x00007ffd81e4a000 	C:\Windows\WinSxS\amd64_microsoft.windows.common-controls_6595b64144ccf1df_6.0.26100.4768_none_3e0c112ce331287c\COMCTL32.dll
0x00007ffd98010000 - 0x00007ffd980b9000 	C:\Windows\System32\msvcrt.dll
0x00007ffd96640000 - 0x00007ffd96778000 	C:\Windows\System32\gdi32full.dll
0x00007ffd96590000 - 0x00007ffd96633000 	C:\Windows\System32\msvcp_win.dll
0x00007ffd98a80000 - 0x00007ffd98aaf000 	C:\Windows\System32\IMM32.DLL
0x00007ffd93530000 - 0x00007ffd9353c000 	C:\Program Files\Android\Android Studio\jbr\bin\vcruntime140_1.dll
0x00007ffd50e50000 - 0x00007ffd50edd000 	C:\Program Files\Android\Android Studio\jbr\bin\msvcp140.dll
0x00007ffd320c0000 - 0x00007ffd32d56000 	C:\Program Files\Android\Android Studio\jbr\bin\server\jvm.dll
0x00007ffd974f0000 - 0x00007ffd975a4000 	C:\Windows\System32\ADVAPI32.dll
0x00007ffd98e10000 - 0x00007ffd98eb6000 	C:\Windows\System32\sechost.dll
0x00007ffd98300000 - 0x00007ffd98418000 	C:\Windows\System32\RPCRT4.dll
0x00007ffd97d90000 - 0x00007ffd97e04000 	C:\Windows\System32\WS2_32.dll
0x00007ffd96330000 - 0x00007ffd9638e000 	C:\Windows\SYSTEM32\POWRPROF.dll
0x00007ffd839d0000 - 0x00007ffd839db000 	C:\Windows\SYSTEM32\VERSION.dll
0x00007ffd8e1a0000 - 0x00007ffd8e1d5000 	C:\Windows\SYSTEM32\WINMM.dll
0x00007ffd96310000 - 0x00007ffd96324000 	C:\Windows\SYSTEM32\UMPDC.dll
0x00007ffd95210000 - 0x00007ffd9522b000 	C:\Windows\SYSTEM32\kernel.appcore.dll
0x00007ffd912a0000 - 0x00007ffd912aa000 	C:\Program Files\Android\Android Studio\jbr\bin\jimage.dll
0x00007ffd81e90000 - 0x00007ffd820d1000 	C:\Windows\SYSTEM32\DBGHELP.DLL
0x00007ffd97160000 - 0x00007ffd974e5000 	C:\Windows\System32\combase.dll
0x00007ffd98440000 - 0x00007ffd98520000 	C:\Windows\System32\OLEAUT32.dll
0x00007ffd7d3f0000 - 0x00007ffd7d433000 	C:\Windows\SYSTEM32\dbgcore.DLL
0x00007ffd96780000 - 0x00007ffd96819000 	C:\Windows\System32\bcryptPrimitives.dll
0x00007ffd6aac0000 - 0x00007ffd6aace000 	C:\Program Files\Android\Android Studio\jbr\bin\instrument.dll
0x00007ffd91280000 - 0x00007ffd912a0000 	C:\Program Files\Android\Android Studio\jbr\bin\java.dll
0x00007ffd83830000 - 0x00007ffd83848000 	C:\Program Files\Android\Android Studio\jbr\bin\zip.dll
0x00007ffd97640000 - 0x00007ffd97d8d000 	C:\Windows\System32\SHELL32.dll
0x00007ffd96c50000 - 0x00007ffd96dc3000 	C:\Windows\System32\wintypes.dll
0x00007ffd94090000 - 0x00007ffd948f0000 	C:\Windows\SYSTEM32\windows.storage.dll
0x00007ffd98730000 - 0x00007ffd98825000 	C:\Windows\System32\SHCORE.dll
0x00007ffd98290000 - 0x00007ffd982fa000 	C:\Windows\System32\shlwapi.dll
0x00007ffd963f0000 - 0x00007ffd96419000 	C:\Windows\SYSTEM32\profapi.dll
0x00007ffd85430000 - 0x00007ffd85440000 	C:\Program Files\Android\Android Studio\jbr\bin\net.dll
0x00007ffd883a0000 - 0x00007ffd884be000 	C:\Windows\SYSTEM32\WINHTTP.dll
0x00007ffd95780000 - 0x00007ffd957eb000 	C:\Windows\system32\mswsock.dll
0x00007ffd83810000 - 0x00007ffd83826000 	C:\Program Files\Android\Android Studio\jbr\bin\nio.dll
0x00007ffd7a290000 - 0x00007ffd7a2a0000 	C:\Program Files\Android\Android Studio\jbr\bin\verify.dll
0x00007ffd6aad0000 - 0x00007ffd6aaf7000 	C:\Users\COMPUTER\.gradle\native\1def1411415f61bf3af743bc5b6707747c0891f09f0c88961ee8f79bc544acac\windows-amd64\native-platform.dll
0x00007ffd65ae0000 - 0x00007ffd65b58000 	C:\Users\COMPUTER\.gradle\native\0.2.7\x86_64-windows-gnu\gradle-fileevents.dll
0x00007ffd83800000 - 0x00007ffd83809000 	C:\Program Files\Android\Android Studio\jbr\bin\management.dll
0x00007ffd80510000 - 0x00007ffd8051b000 	C:\Program Files\Android\Android Studio\jbr\bin\management_ext.dll
0x00007ffd98df0000 - 0x00007ffd98df8000 	C:\Windows\System32\PSAPI.DLL
0x00007ffd94c00000 - 0x00007ffd94c33000 	C:\Windows\SYSTEM32\IPHLPAPI.DLL
0x00007ffd98ec0000 - 0x00007ffd98eca000 	C:\Windows\System32\NSI.dll
0x00007ffd85370000 - 0x00007ffd85379000 	C:\Program Files\Android\Android Studio\jbr\bin\extnet.dll
0x00007ffd95b60000 - 0x00007ffd95b7b000 	C:\Windows\SYSTEM32\CRYPTSP.dll
0x00007ffd95170000 - 0x00007ffd951ab000 	C:\Windows\system32\rsaenh.dll
0x00007ffd95820000 - 0x00007ffd9584b000 	C:\Windows\SYSTEM32\USERENV.dll
0x00007ffd963c0000 - 0x00007ffd963e6000 	C:\Windows\SYSTEM32\bcrypt.dll
0x00007ffd959c0000 - 0x00007ffd959cc000 	C:\Windows\SYSTEM32\CRYPTBASE.dll
0x00007ffd6d1b0000 - 0x00007ffd6d1b8000 	C:\Windows\system32\wshunix.dll
0x00007ffd827e0000 - 0x00007ffd827f8000 	C:\Windows\system32\napinsp.dll
0x00007ffd94c40000 - 0x00007ffd94d66000 	C:\Windows\SYSTEM32\DNSAPI.dll
0x00007ffd827a0000 - 0x00007ffd827b2000 	C:\Windows\System32\winrnr.dll
0x00007ffd7fe10000 - 0x00007ffd7fe40000 	C:\Windows\system32\nlansp_c.dll
0x00007ffd63a90000 - 0x00007ffd63ab0000 	C:\Windows\system32\wshbth.dll
0x00007ffd8d940000 - 0x00007ffd8d94b000 	C:\Windows\System32\rasadhlp.dll
0x00007ffd87b70000 - 0x00007ffd87bf6000 	C:\Windows\System32\fwpuclnt.dll

JVMTI agents:
C:\Users\COMPUTER\.gradle\wrapper\dists\gradle-8.13-bin\5xuhj0ry160q40clulazy9h7d\gradle-8.13\lib\agents\gradle-instrumentation-agent-8.13.jar path:C:\Program Files\Android\Android Studio\jbr\bin\instrument.dll, loaded, initialized, instrumentlib options:none

dbghelp: loaded successfully - version: 4.0.5 - missing functions: none
symbol engine: initialized successfully - sym options: 0x614 - pdb path: .;C:\Program Files\Android\Android Studio\jbr\bin;C:\Windows\SYSTEM32;C:\Windows\WinSxS\amd64_microsoft.windows.common-controls_6595b64144ccf1df_6.0.26100.4768_none_3e0c112ce331287c;C:\Program Files\Android\Android Studio\jbr\bin\server;C:\Users\COMPUTER\.gradle\native\1def1411415f61bf3af743bc5b6707747c0891f09f0c88961ee8f79bc544acac\windows-amd64;C:\Users\COMPUTER\.gradle\native\0.2.7\x86_64-windows-gnu

VM Arguments:
jvm_args: --add-opens=java.base/java.lang=ALL-UNNAMED --add-opens=java.base/java.lang.invoke=ALL-UNNAMED --add-opens=java.base/java.util=ALL-UNNAMED --add-opens=java.prefs/java.util.prefs=ALL-UNNAMED --add-exports=jdk.compiler/com.sun.tools.javac.api=ALL-UNNAMED --add-exports=jdk.compiler/com.sun.tools.javac.util=ALL-UNNAMED --add-opens=java.base/java.util=ALL-UNNAMED --add-opens=java.prefs/java.util.prefs=ALL-UNNAMED --add-opens=java.base/java.nio.charset=ALL-UNNAMED --add-opens=java.base/java.net=ALL-UNNAMED --add-opens=java.base/java.util.concurrent.atomic=ALL-UNNAMED --add-opens=java.xml/javax.xml.namespace=ALL-UNNAMED -Xmx2048m -Dfile.encoding=UTF-8 -Duser.country=KR -Duser.language=ko -Duser.variant -javaagent:C:\Users\COMPUTER\.gradle\wrapper\dists\gradle-8.13-bin\5xuhj0ry160q40clulazy9h7d\gradle-8.13\lib\agents\gradle-instrumentation-agent-8.13.jar 
java_command: org.gradle.launcher.daemon.bootstrap.GradleDaemon 8.13
java_class_path (initial): C:\Users\COMPUTER\.gradle\wrapper\dists\gradle-8.13-bin\5xuhj0ry160q40clulazy9h7d\gradle-8.13\lib\gradle-daemon-main-8.13.jar
Launcher Type: SUN_STANDARD

[Global flags]
     intx CICompilerCount                          = 12                                        {product} {ergonomic}
     uint ConcGCThreads                            = 5                                         {product} {ergonomic}
     uint G1ConcRefinementThreads                  = 20                                        {product} {ergonomic}
   size_t G1HeapRegionSize                         = 1048576                                   {product} {ergonomic}
    uintx GCDrainStackTargetSize                   = 64                                        {product} {ergonomic}
   size_t InitialHeapSize                          = 264241152                                 {product} {ergonomic}
   size_t MarkStackSize                            = 4194304                                   {product} {ergonomic}
   size_t MaxHeapSize                              = 2147483648                                {product} {command line}
   size_t MaxNewSize                               = 1287651328                                {product} {ergonomic}
   size_t MinHeapDeltaBytes                        = 1048576                                   {product} {ergonomic}
   size_t MinHeapSize                              = 8388608                                   {product} {ergonomic}
    uintx NonNMethodCodeHeapSize                   = 7602480                                {pd product} {ergonomic}
    uintx NonProfiledCodeHeapSize                  = 122027880                              {pd product} {ergonomic}
    uintx ProfiledCodeHeapSize                     = 122027880                              {pd product} {ergonomic}
    uintx ReservedCodeCacheSize                    = 251658240                              {pd product} {ergonomic}
     bool SegmentedCodeCache                       = true                                      {product} {ergonomic}
   size_t SoftMaxHeapSize                          = 2147483648                             {manageable} {ergonomic}
     bool UseCompressedOops                        = true                           {product lp64_product} {ergonomic}
     bool UseG1GC                                  = true                                      {product} {ergonomic}
     bool UseLargePagesIndividualAllocation        = false                                  {pd product} {ergonomic}

Logging:
Log output configuration:
 #0: stdout all=warning uptime,level,tags foldmultilines=false
 #1: stderr all=off uptime,level,tags foldmultilines=false

Environment Variables:
PATH=C:\Program Files\Common Files\Oracle\Java\javapath;C:\Windows\system32;C:\Windows;C:\Windows\System32\Wbem;C:\Windows\System32\WindowsPowerShell\v1.0\;C:\Windows\System32\OpenSSH\;C:\Program Files (x86)\Windows Kits\10\Windows Performance Toolkit\;C:\Users\COMPUTER\AppData\Local\Android\Sdk\tools;C:\Users\COMPUTER\AppData\Local\Android\Sdk\platform-tools;C:\Program Files\Git\cmd;C:\Program Files\Git\bin\git.exe;C:\Program Files\Git\cmd\git.exe;C:\Users\COMPUTER\anaconda3;C:\Users\COMPUTER\anaconda3\Library\mingw-w64\bin;C:\Users\COMPUTER\anaconda3\Library\usr\bin;C:\Users\COMPUTER\anaconda3\Library\bin;C:\Users\COMPUTER\anaconda3\Scripts;C:\Users\COMPUTER\AppData\Local\Programs\Python\Launcher\;C:\Users\COMPUTER\AppData\Local\Microsoft\WindowsApps;C:\Users\COMPUTER\AppData\Local\GitHubDesktop\bin;C:\Program Files\JetBrains\IntelliJ IDEA Community Edition 2025.2\bin;C:\Users\COMPUTER\AppData\Local\Programs\Microsoft VS Code\bin;C:\Users\COMPUTER\AppData\Local\Android\Sdk;
USERNAME=COMPUTER
TMPDIR=C:\Users\Public\Documents\ESTsoft\CreatorTemp
OS=Windows_NT
PROCESSOR_IDENTIFIER=Intel64 Family 6 Model 183 Stepping 1, GenuineIntel
TMP=C:\Users\COMPUTER\AppData\Local\Temp
TEMP=C:\Users\COMPUTER\AppData\Local\Temp




Periodic native trim disabled

JNI global refs:
JNI global refs: 44, weak refs: 17

JNI global refs memory usage: 835, weak refs: 833

Process memory usage:
Resident Set Size: 741404K (4% of 16424388K total physical memory with 2254816K free physical memory)

OOME stack traces (most recent first):
Classloader memory used:
Loader org.gradle.internal.classloader.VisitableURLClassLoader$InstrumentingVisitableURLClassLoader: 47143K
Loader org.gradle.internal.classloader.VisitableURLClassLoader                         : 45284K
Loader bootstrap                                                                       : 30437K
Loader org.gradle.initialization.MixInLegacyTypesClassLoader                           : 13176K
Loader jdk.internal.loader.ClassLoaders$PlatformClassLoader                            : 560K
Loader jdk.internal.reflect.DelegatingClassLoader                                      : 393K
Loader jdk.internal.loader.ClassLoaders$AppClassLoader                                 : 235K
Loader org.gradle.internal.classloader.VisitableURLClassLoader                         : 176K
Loader org.gradle.groovy.scripts.internal.DefaultScriptCompilationHandler$ScriptClassLoader: 135K
Loader org.codehaus.groovy.runtime.callsite.CallSiteClassLoader                        : 27504B

Classes loaded by more than one classloader:
Class Program                                                                         : loaded 5 times (x 72B)
Class Build_gradle                                                                    : loaded 3 times (x 130B)
Class Build_gradle$1                                                                  : loaded 3 times (x 74B)
Class org.gradle.internal.classloader.FilteringClassLoader                            : loaded 2 times (x 105B)
Class com.google.common.base.CharMatcher$IsEither                                     : loaded 2 times (x 111B)
Class org.gradle.internal.classloader.ClassLoaderHierarchy                            : loaded 2 times (x 70B)
Class com.google.common.collect.ImmutableEnumSet                                      : loaded 2 times (x 146B)
Class com.google.common.util.concurrent.ExecutionError                                : loaded 2 times (x 82B)
Class com.google.common.collect.ImmutableList$1                                       : loaded 2 times (x 97B)
Class org.gradle.api.internal.classpath.ManifestUtil                                  : loaded 2 times (x 71B)
Class com.google.common.io.ByteArrayDataOutput                                        : loaded 2 times (x 70B)
Class com.google.common.collect.RegularImmutableMap                                   : loaded 2 times (x 121B)
Class com.google.common.collect.ImmutableMap$MapViewOfValuesAsSingletonSets           : loaded 2 times (x 126B)
Class [Lorg.objectweb.asm.Symbol;                                                     : loaded 2 times (x 69B)
Class org.objectweb.asm.ClassVisitor                                                  : loaded 2 times (x 88B)
Class com.google.common.collect.UnmodifiableListIterator                              : loaded 2 times (x 95B)
Class com.google.common.base.Platform$JdkPatternCompiler                              : loaded 2 times (x 75B)
Class org.objectweb.asm.MethodTooLargeException                                       : loaded 2 times (x 83B)
Class [Lcom.google.common.cache.CacheBuilder$OneWeigher;                              : loaded 2 times (x 69B)
Class com.google.common.base.Suppliers                                                : loaded 2 times (x 71B)
Class org.gradle.internal.classloader.DefaultClassLoaderFactory                       : loaded 2 times (x 82B)
Class org.gradle.internal.classloader.ClassLoaderVisitor                              : loaded 2 times (x 76B)
Class [Lcom.google.common.collect.ImmutableMapEntry;                                  : loaded 2 times (x 69B)
Class org.gradle.api.internal.classpath.EffectiveClassPath                            : loaded 2 times (x 90B)
Class com.google.common.collect.ImmutableRangeSet                                     : loaded 2 times (x 115B)
Class com.google.common.collect.ListMultimap                                          : loaded 2 times (x 70B)
Class com.google.common.collect.ImmutableEnumMap                                      : loaded 2 times (x 126B)
Class com.google.common.collect.Sets$1                                                : loaded 2 times (x 139B)
Class org.objectweb.asm.AnnotationVisitor                                             : loaded 2 times (x 78B)
Class org.gradle.api.internal.DefaultClassPathProvider                                : loaded 2 times (x 76B)
Class com.google.common.collect.Sets$2                                                : loaded 2 times (x 139B)
Class [Lorg.gradle.api.internal.ClassPathProvider;                                    : loaded 2 times (x 69B)
Class org.gradle.api.internal.ClassPathProvider                                       : loaded 2 times (x 70B)
Class [Lorg.objectweb.asm.AnnotationVisitor;                                          : loaded 2 times (x 69B)
Class com.google.common.collect.Sets$3                                                : loaded 2 times (x 139B)
Class com.google.common.util.concurrent.AbstractFuture$SafeAtomicHelper               : loaded 2 times (x 79B)
Class com.google.common.cache.LocalCache$LocalLoadingCache                            : loaded 2 times (x 134B)
Class org.gradle.internal.service.UnknownServiceException                             : loaded 2 times (x 83B)
Class com.google.common.io.ByteArrayDataInput                                         : loaded 2 times (x 70B)
Class com.google.common.collect.Sets$4                                                : loaded 2 times (x 139B)
Class org.objectweb.asm.ModuleVisitor                                                 : loaded 2 times (x 81B)
Class com.google.common.cache.LocalCache$Strength$1                                   : loaded 2 times (x 81B)
Class com.google.common.util.concurrent.SettableFuture                                : loaded 2 times (x 114B)
Class com.google.common.cache.LocalCache$Strength$2                                   : loaded 2 times (x 81B)
Class com.google.common.io.ByteStreams                                                : loaded 2 times (x 71B)
Class com.google.common.cache.LocalCache$Strength$3                                   : loaded 2 times (x 81B)
Class com.google.common.collect.MapDifference                                         : loaded 2 times (x 70B)
Class org.objectweb.asm.FieldWriter                                                   : loaded 2 times (x 78B)
Class com.google.common.cache.CacheBuilder$NullListener                               : loaded 2 times (x 82B)
Class org.gradle.internal.classpath.TransformedClassPath                              : loaded 2 times (x 96B)
Class org.gradle.internal.classloader.InstrumentingClassLoader                        : loaded 2 times (x 70B)
Class com.google.common.collect.ImmutableRangeSet$AsSet                               : loaded 2 times (x 300B)
Class com.google.common.cache.CacheLoader$FunctionToCacheLoader                       : loaded 2 times (x 75B)
Class com.google.common.collect.Iterators$ArrayItr                                    : loaded 2 times (x 97B)
Class com.google.common.collect.ImmutableCollection$Builder                           : loaded 2 times (x 76B)
Class com.google.common.base.Joiner                                                   : loaded 2 times (x 79B)
Class com.google.common.base.MoreObjects                                              : loaded 2 times (x 71B)
Class com.google.common.collect.Platform                                              : loaded 2 times (x 71B)
Class [Lorg.objectweb.asm.Type;                                                       : loaded 2 times (x 69B)
Class com.google.common.collect.UnmodifiableIterator                                  : loaded 2 times (x 80B)
Class org.gradle.internal.service.ServiceLocator                                      : loaded 2 times (x 70B)
Class com.google.common.base.Ascii                                                    : loaded 2 times (x 71B)
Class com.google.common.collect.SingletonImmutableBiMap                               : loaded 2 times (x 143B)
Class com.google.common.cache.LocalCache$1                                            : loaded 2 times (x 89B)
Class com.google.common.collect.AbstractMapEntry                                      : loaded 2 times (x 81B)
Class com.google.common.collect.Sets$ImprovedAbstractSet                              : loaded 2 times (x 135B)
Class com.google.common.collect.ImmutableList$Builder                                 : loaded 2 times (x 77B)
Class com.google.common.collect.AbstractMultimap                                      : loaded 2 times (x 123B)
Class com.google.common.cache.LocalCache$2                                            : loaded 2 times (x 142B)
Class com.google.common.collect.ImmutableRangeSet$1                                   : loaded 2 times (x 210B)
Class com.google.common.util.concurrent.AbstractFuture$UnsafeAtomicHelper$1           : loaded 2 times (x 76B)
Class com.google.common.collect.RegularImmutableAsList                                : loaded 2 times (x 217B)
Class com.google.common.collect.Range                                                 : loaded 2 times (x 87B)
Class com.google.common.util.concurrent.AbstractFuture$Trusted                        : loaded 2 times (x 70B)
Class com.google.common.collect.Iterators                                             : loaded 2 times (x 71B)
Class com.google.common.collect.Lists$StringAsImmutableList                           : loaded 2 times (x 207B)
Class com.google.common.util.concurrent.UncheckedExecutionException                   : loaded 2 times (x 82B)
Class org.gradle.kotlin.dsl.VersionCatalogAccessorsKt                                 : loaded 2 times (x 71B)
Class org.gradle.internal.InternalTransformer                                         : loaded 2 times (x 70B)
Class com.google.common.collect.AbstractMapBasedMultimap$KeySet$1                     : loaded 2 times (x 82B)
Class org.objectweb.asm.ClassWriter                                                   : loaded 2 times (x 106B)
Class com.google.common.cache.CacheLoader$UnsupportedLoadingOperationException        : loaded 2 times (x 82B)
Class com.google.common.base.CharMatcher$And                                          : loaded 2 times (x 112B)
Class org.gradle.internal.classloader.ClasspathUtil$1                                 : loaded 2 times (x 76B)
Class org.objectweb.asm.FieldVisitor                                                  : loaded 2 times (x 77B)
Class com.google.common.collect.IndexedImmutableSet                                   : loaded 2 times (x 152B)
Class com.google.common.collect.ImmutableMap$1                                        : loaded 2 times (x 81B)
Class com.google.common.collect.BiMap                                                 : loaded 2 times (x 70B)
Class org.gradle.api.internal.classpath.DefaultModuleRegistry$DefaultModule           : loaded 2 times (x 86B)
Class com.google.common.primitives.Ints                                               : loaded 2 times (x 71B)
Class com.google.common.collect.AbstractIterator                                      : loaded 2 times (x 82B)
Class com.google.common.collect.ObjectArrays                                          : loaded 2 times (x 71B)
Class com.google.common.collect.Multiset                                              : loaded 2 times (x 70B)
Class com.google.common.collect.ArrayListMultimapGwtSerializationDependencies         : loaded 2 times (x 172B)
Class com.google.common.collect.RegularImmutableMap$KeySet                            : loaded 2 times (x 152B)
Class com.google.common.math.MathPreconditions                                        : loaded 2 times (x 71B)
Class com.google.common.collect.ImmutableMapEntrySet                                  : loaded 2 times (x 152B)
Class org.gradle.api.internal.classpath.Module                                        : loaded 2 times (x 70B)
Class com.google.common.cache.Weigher                                                 : loaded 2 times (x 70B)
Class org.gradle.api.internal.classpath.UnknownModuleException                        : loaded 2 times (x 82B)
Class com.google.common.base.Stopwatch                                                : loaded 2 times (x 72B)
Class com.google.common.cache.LocalCache$Strength                                     : loaded 2 times (x 81B)
Class com.google.common.cache.Cache                                                   : loaded 2 times (x 70B)
Class com.google.common.base.NullnessCasts                                            : loaded 2 times (x 71B)
Class com.google.common.util.concurrent.AbstractFuture$Cancellation                   : loaded 2 times (x 72B)
Class com.google.common.collect.ImmutableMap$Builder                                  : loaded 2 times (x 82B)
Class com.google.common.cache.RemovalListener                                         : loaded 2 times (x 70B)
Class org.gradle.api.internal.DefaultClassPathRegistry                                : loaded 2 times (x 76B)
Class com.google.common.primitives.IntsMethodsForWeb                                  : loaded 2 times (x 71B)
Class com.google.common.collect.Multimap                                              : loaded 2 times (x 70B)
Class org.gradle.api.internal.ClassPathRegistry                                       : loaded 2 times (x 70B)
Class org.gradle.internal.classpath.DefaultClassPath$ImmutableUniqueList              : loaded 2 times (x 199B)
Class com.google.common.base.PairwiseEquivalence                                      : loaded 2 times (x 83B)
Class com.google.common.cache.CacheBuilder                                            : loaded 2 times (x 72B)
Class com.google.common.collect.SingletonImmutableList                                : loaded 2 times (x 207B)
Class Settings_gradle$1                                                               : loaded 2 times (x 74B)
Class org.gradle.internal.classpath.ClassPath                                         : loaded 2 times (x 70B)
Class org.gradle.api.UncheckedIOException                                             : loaded 2 times (x 82B)
Class com.google.common.base.JdkPattern                                               : loaded 2 times (x 75B)
Class com.google.common.collect.ImmutableList$ReverseImmutableList                    : loaded 2 times (x 209B)
Class ijJvmDebugger2_8g869j4xt9t70z2h08yspeiyl                                        : loaded 2 times (x 179B)
Class org.objectweb.asm.SymbolTable$Entry                                             : loaded 2 times (x 74B)
Class com.google.common.util.concurrent.AbstractFuture$AtomicHelper                   : loaded 2 times (x 78B)
Class org.objectweb.asm.Edge                                                          : loaded 2 times (x 72B)
Class com.google.common.base.Suppliers$SupplierOfInstance                             : loaded 2 times (x 79B)
Class com.google.common.collect.Iterators$1                                           : loaded 2 times (x 81B)
Class com.google.common.cache.LocalCache$ComputingValueReference                      : loaded 2 times (x 96B)
Class com.google.common.collect.SingletonImmutableSet                                 : loaded 2 times (x 146B)
Class com.google.common.collect.ImmutableMap$IteratorBasedImmutableMap                : loaded 2 times (x 126B)
Class com.google.common.cache.LocalCache$Segment                                      : loaded 2 times (x 154B)
Class com.google.common.collect.SortedIterable                                        : loaded 2 times (x 70B)
Class com.google.common.collect.AbstractListMultimap                                  : loaded 2 times (x 172B)
Class [Lorg.objectweb.asm.SymbolTable$Entry;                                          : loaded 2 times (x 69B)
Class com.google.common.cache.CacheLoader                                             : loaded 2 times (x 74B)
Class com.google.common.collect.Iterators$4                                           : loaded 2 times (x 82B)
Class com.google.common.collect.ImmutableBiMap                                        : loaded 2 times (x 143B)
Class org.gradle.internal.installation.GradleInstallation$1                           : loaded 2 times (x 75B)
Class org.gradle.api.internal.classpath.ModuleRegistry                                : loaded 2 times (x 70B)
Class com.google.common.util.concurrent.internal.InternalFutureFailureAccess          : loaded 2 times (x 72B)
Class com.google.common.collect.Iterators$5                                           : loaded 2 times (x 82B)
Class com.google.common.collect.ImmutableSet$JdkBackedSetBuilderImpl                  : loaded 2 times (x 76B)
Class com.google.common.util.concurrent.AbstractFuture$UnsafeAtomicHelper             : loaded 2 times (x 78B)
Class com.google.common.cache.LocalCache$LocalManualCache$1                           : loaded 2 times (x 75B)
Class com.google.common.base.CharMatcher$ForPredicate                                 : loaded 2 times (x 112B)
Class com.google.common.base.CharMatcher$AnyOf                                        : loaded 2 times (x 112B)
Class com.google.common.collect.ImmutableCollection                                   : loaded 2 times (x 125B)
Class org.gradle.api.internal.classpath.DefaultModuleRegistry                         : loaded 2 times (x 86B)
Class com.google.common.collect.Lists                                                 : loaded 2 times (x 71B)
Class com.google.common.util.concurrent.ListenableFuture                              : loaded 2 times (x 70B)
Class com.google.common.cache.ReferenceEntry                                          : loaded 2 times (x 70B)
Class com.google.common.base.Converter                                                : loaded 2 times (x 90B)
Class com.google.common.collect.ImmutableSet$CachingAsList                            : loaded 2 times (x 148B)
Class com.google.common.collect.AbstractMapBasedMultimap                              : loaded 2 times (x 139B)
Class com.google.common.util.concurrent.AbstractFuture                                : loaded 2 times (x 106B)
Class com.google.common.base.FunctionalEquivalence                                    : loaded 2 times (x 83B)
Class com.google.common.collect.Iterators$9                                           : loaded 2 times (x 81B)
Class com.google.common.collect.ImmutableAsList                                       : loaded 2 times (x 209B)
Class org.objectweb.asm.RecordComponentVisitor                                        : loaded 2 times (x 77B)
Class com.google.common.cache.CacheLoader$SupplierToCacheLoader                       : loaded 2 times (x 75B)
Class com.google.common.collect.Maps$EntryTransformer                                 : loaded 2 times (x 70B)
Class org.gradle.internal.service.ServiceLookupException                              : loaded 2 times (x 82B)
Class com.google.common.collect.ImmutableSortedSet                                    : loaded 2 times (x 300B)
Class [Lcom.google.common.cache.LocalCache$EntryFactory;                              : loaded 2 times (x 69B)
Class ijKotlinCoroutineJvmDebugInit2_ezbr0y5lgx6mgpo6abq1y1nio$_run_closure1          : loaded 2 times (x 139B)
Class org.gradle.internal.classloader.ClassLoaderFactory                              : loaded 2 times (x 70B)
Class com.google.common.base.CommonPattern                                            : loaded 2 times (x 74B)
Class com.google.common.cache.LocalCache$LocalManualCache                             : loaded 2 times (x 99B)
Class com.google.common.base.CharMatcher$IsNot                                        : loaded 2 times (x 111B)
Class org.gradle.internal.service.CachingServiceLocator                               : loaded 2 times (x 82B)
Class com.google.common.collect.AbstractMapBasedMultimap$KeySet                       : loaded 2 times (x 137B)
Class com.google.common.collect.RegularImmutableSortedSet                             : loaded 2 times (x 300B)
Class com.google.common.math.IntMath                                                  : loaded 2 times (x 71B)
Class com.google.common.collect.ImmutableMapEntry                                     : loaded 2 times (x 85B)
Class ijKotlinCoroutineJvmDebugInit2_ezbr0y5lgx6mgpo6abq1y1nio                        : loaded 2 times (x 179B)
Class com.google.common.base.Equivalence                                              : loaded 2 times (x 82B)
Class com.google.common.base.Function                                                 : loaded 2 times (x 70B)
Class com.google.common.collect.ImmutableMapEntry$NonTerminalImmutableMapEntry        : loaded 2 times (x 85B)
Class com.google.common.cache.CacheBuilder$OneWeigher                                 : loaded 2 times (x 82B)
Class com.google.common.collect.RegularImmutableList                                  : loaded 2 times (x 213B)
Class org.gradle.internal.classloader.ClasspathUtil                                   : loaded 2 times (x 71B)
Class com.google.common.base.Charsets                                                 : loaded 2 times (x 71B)
Class com.google.common.util.concurrent.Uninterruptibles                              : loaded 2 times (x 71B)
Class com.google.common.collect.Maps                                                  : loaded 2 times (x 71B)
Class ijJvmDebugger2_8g869j4xt9t70z2h08yspeiyl$_run_closure1                          : loaded 2 times (x 139B)
Class org.gradle.api.specs.Spec                                                       : loaded 2 times (x 70B)
Class [Lcom.google.common.collect.ImmutableEntry;                                     : loaded 2 times (x 69B)
Class com.google.common.cache.LocalCache$LoadingValueReference                        : loaded 2 times (x 96B)
Class ijJvmDebugger2_8g869j4xt9t70z2h08yspeiyl$_run_closure1$_closure2                : loaded 2 times (x 140B)
Class com.google.common.collect.AbstractIndexedListIterator                           : loaded 2 times (x 96B)
Class com.google.common.base.Platform                                                 : loaded 2 times (x 71B)
Class [Lorg.objectweb.asm.AnnotationWriter;                                           : loaded 2 times (x 69B)
Class com.google.common.collect.Maps$8                                                : loaded 2 times (x 82B)
Class com.google.common.collect.ImmutableRangeSet$Builder                             : loaded 2 times (x 77B)
Class com.google.common.collect.Sets$SetView                                          : loaded 2 times (x 138B)
Class com.google.common.cache.LocalCache$StrongValueReference                         : loaded 2 times (x 90B)
Class com.google.common.util.concurrent.AbstractFuture$SynchronizedHelper             : loaded 2 times (x 78B)
Class org.objectweb.asm.Type                                                          : loaded 2 times (x 72B)
Class org.gradle.internal.classloader.VisitableURLClassLoader$InstrumentingVisitableURLClassLoader: loaded 2 times (x 123B)
Class org.objectweb.asm.ByteVector                                                    : loaded 2 times (x 79B)
Class [Lcom.google.common.cache.CacheBuilder$NullListener;                            : loaded 2 times (x 69B)
Class com.google.common.math.IntMath$1                                                : loaded 2 times (x 71B)
Class org.gradle.internal.classloader.VisitableURLClassLoader$Spec                    : loaded 2 times (x 74B)
Class org.gradle.internal.classpath.DefaultClassPath                                  : loaded 2 times (x 90B)
Class org.objectweb.asm.Symbol                                                        : loaded 2 times (x 73B)
Class com.google.common.io.Closer                                                     : loaded 2 times (x 78B)
Class com.google.common.base.CharMatcher$Ascii                                        : loaded 2 times (x 112B)
Class com.google.common.base.CharMatcher$BitSetMatcher                                : loaded 2 times (x 112B)
Class com.google.common.collect.ImmutableSet                                          : loaded 2 times (x 145B)
Class com.google.common.collect.RegularImmutableMap$Values                            : loaded 2 times (x 207B)
Class org.gradle.internal.classloader.ClassLoaderSpec                                 : loaded 2 times (x 71B)
Class org.objectweb.asm.AnnotationWriter                                              : loaded 2 times (x 79B)
Class com.google.common.cache.CacheStats                                              : loaded 2 times (x 71B)
Class com.google.common.io.Closer$Suppressor                                          : loaded 2 times (x 70B)
Class org.objectweb.asm.RecordComponentWriter                                         : loaded 2 times (x 78B)
Class com.google.common.util.concurrent.AbstractFuture$Listener                       : loaded 2 times (x 72B)
Class com.google.common.base.CharMatcher$Or                                           : loaded 2 times (x 112B)
Class Settings_gradle$1$1                                                             : loaded 2 times (x 74B)
Class org.objectweb.asm.Attribute                                                     : loaded 2 times (x 77B)
Class com.google.common.base.Supplier                                                 : loaded 2 times (x 70B)
Class org.gradle.internal.classloader.VisitableURLClassLoader                         : loaded 2 times (x 117B)
Class com.google.common.util.concurrent.AbstractFuture$Waiter                         : loaded 2 times (x 72B)
Class Settings_gradle                                                                 : loaded 2 times (x 128B)
Class org.gradle.internal.Cast                                                        : loaded 2 times (x 71B)
Class org.gradle.api.Action                                                           : loaded 2 times (x 70B)
Class com.google.common.base.Strings                                                  : loaded 2 times (x 71B)
Class com.google.common.collect.Sets                                                  : loaded 2 times (x 71B)
Class org.objectweb.asm.Handler                                                       : loaded 2 times (x 72B)
Class com.google.common.base.Ticker                                                   : loaded 2 times (x 72B)
Class com.google.common.base.CharMatcher$FastMatcher                                  : loaded 2 times (x 111B)
Class [Lcom.google.common.cache.LocalCache$Segment;                                   : loaded 2 times (x 69B)
Class [Lcom.google.common.cache.LocalCache$Strength;                                  : loaded 2 times (x 69B)
Class com.google.common.cache.CacheBuilder$1                                          : loaded 2 times (x 85B)
Class com.google.common.base.Predicate                                                : loaded 2 times (x 70B)
Class com.google.common.collect.ImmutableMap                                          : loaded 2 times (x 120B)
Class org.gradle.internal.classpath.DefaultClassPath$ImmutableUniqueList$Builder      : loaded 2 times (x 75B)
Class com.google.common.collect.AbstractRangeSet                                      : loaded 2 times (x 114B)
Class com.google.common.cache.LocalCache                                              : loaded 2 times (x 187B)
Class com.google.common.cache.CacheBuilder$2                                          : loaded 2 times (x 79B)
Class com.google.common.base.CharMatcher$NegatedFastMatcher                           : loaded 2 times (x 113B)
Class com.google.common.collect.ArrayListMultimap                                     : loaded 2 times (x 172B)
Class com.google.common.cache.CacheBuilder$3                                          : loaded 2 times (x 72B)
Class [Lcom.google.common.collect.AbstractMapEntry;                                   : loaded 2 times (x 69B)
Class com.google.common.collect.ImmutableEntry                                        : loaded 2 times (x 82B)
Class org.gradle.api.GradleException                                                  : loaded 2 times (x 82B)
Class com.google.common.base.Suppliers$MemoizingSupplier                              : loaded 2 times (x 79B)
Class com.google.common.collect.CollectPreconditions                                  : loaded 2 times (x 71B)
Class com.google.common.collect.SortedMapDifference                                   : loaded 2 times (x 70B)
Class com.google.common.cache.LocalCache$EntryFactory                                 : loaded 2 times (x 83B)
Class com.google.common.cache.LocalCache$AbstractReferenceEntry                       : loaded 2 times (x 107B)
Class org.gradle.internal.IoActions                                                   : loaded 2 times (x 71B)
Class com.google.common.collect.ImmutableRangeSet$ComplementRanges                    : loaded 2 times (x 207B)
Class org.objectweb.asm.SymbolTable                                                   : loaded 2 times (x 72B)
Class com.google.common.cache.CacheLoader$InvalidCacheLoadException                   : loaded 2 times (x 82B)
Class com.google.common.collect.ImmutableSet$RegularSetBuilderImpl                    : loaded 2 times (x 77B)
Class org.gradle.internal.classloader.SystemClassLoaderSpec                           : loaded 2 times (x 71B)
Class com.google.common.cache.LocalCache$StrongEntry                                  : loaded 2 times (x 108B)
Class com.google.common.util.concurrent.AbstractFuture$TrustedFuture                  : loaded 2 times (x 114B)
Class com.google.common.cache.LoadingCache                                            : loaded 2 times (x 70B)
Class com.google.common.io.ByteStreams$LimitedInputStream                             : loaded 2 times (x 92B)
Class com.google.common.base.Suppliers$NonSerializableMemoizingSupplier               : loaded 2 times (x 79B)
Class org.objectweb.asm.MethodWriter                                                  : loaded 2 times (x 106B)
Class [Lcom.google.common.cache.Weigher;                                              : loaded 2 times (x 69B)
Class com.google.common.collect.RegularImmutableMap$BucketOverflowException           : loaded 2 times (x 82B)
Class com.google.common.collect.RegularImmutableBiMap                                 : loaded 2 times (x 149B)
Class com.google.common.cache.LocalCache$ValueReference                               : loaded 2 times (x 70B)
Class com.google.common.base.CharMatcher$Is                                           : loaded 2 times (x 111B)
Class com.google.common.base.CharMatcher$Negated                                      : loaded 2 times (x 113B)
Class ijKotlinCoroutineJvmDebugInit2_ezbr0y5lgx6mgpo6abq1y1nio$_run_closure1$_closure2: loaded 2 times (x 139B)
Class com.google.common.base.PatternCompiler                                          : loaded 2 times (x 70B)
Class com.google.common.util.concurrent.AbstractFuture$Failure                        : loaded 2 times (x 72B)
Class com.google.common.base.Equivalence$Equals                                       : loaded 2 times (x 82B)
Class com.google.common.collect.Hashing                                               : loaded 2 times (x 71B)
Class com.google.common.base.Preconditions                                            : loaded 2 times (x 71B)
Class com.google.common.base.Joiner$1                                                 : loaded 2 times (x 80B)
Class org.objectweb.asm.Label                                                         : loaded 2 times (x 73B)
Class org.objectweb.asm.CurrentFrame                                                  : loaded 2 times (x 73B)
Class org.objectweb.asm.ClassTooLargeException                                        : loaded 2 times (x 83B)
Class com.google.common.base.CharMatcher                                              : loaded 2 times (x 111B)
Class com.google.common.collect.PeekingIterator                                       : loaded 2 times (x 70B)
Class com.google.common.collect.RangeGwtSerializationDependencies                     : loaded 2 times (x 71B)
Class com.google.common.base.Joiner$2                                                 : loaded 2 times (x 79B)
Class org.objectweb.asm.Frame                                                         : loaded 2 times (x 73B)
Class org.objectweb.asm.MethodVisitor                                                 : loaded 2 times (x 105B)
Class com.google.common.cache.LocalCache$EntryFactory$1                               : loaded 2 times (x 83B)
Class [Lcom.google.common.cache.RemovalListener;                                      : loaded 2 times (x 69B)
Class com.google.common.base.CharMatcher$NamedFastMatcher                             : loaded 2 times (x 112B)
Class com.google.common.base.CharMatcher$1                                            : loaded 2 times (x 113B)
Class com.google.common.collect.RangeSet                                              : loaded 2 times (x 70B)
Class com.google.common.cache.LocalCache$EntryFactory$2                               : loaded 2 times (x 83B)
Class org.gradle.api.internal.classpath.GlobalCacheRootsProvider                      : loaded 2 times (x 70B)
Class com.google.common.collect.CollectCollectors                                     : loaded 2 times (x 71B)
Class org.objectweb.asm.ModuleWriter                                                  : loaded 2 times (x 82B)
Class com.google.common.cache.LocalCache$EntryFactory$3                               : loaded 2 times (x 83B)
Class com.google.common.base.Ticker$1                                                 : loaded 2 times (x 72B)
Class com.google.common.collect.Maps$BiMapConverter                                   : loaded 2 times (x 90B)
Class com.google.common.collect.ImmutableMapEntrySet$RegularEntrySet                  : loaded 2 times (x 152B)
Class com.google.common.cache.LocalCache$EntryFactory$4                               : loaded 2 times (x 83B)
Class com.google.common.base.CharMatcher$InRange                                      : loaded 2 times (x 111B)
Class com.google.common.collect.ImmutableSet$Builder                                  : loaded 2 times (x 85B)
Class com.google.common.io.ByteStreams$1                                              : loaded 2 times (x 85B)
Class com.google.common.cache.LocalCache$EntryFactory$5                               : loaded 2 times (x 83B)
Class com.google.common.base.Equivalence$Identity                                     : loaded 2 times (x 82B)
Class com.google.common.cache.LocalCache$EntryFactory$6                               : loaded 2 times (x 83B)
Class org.gradle.internal.installation.CurrentGradleInstallationLocator               : loaded 2 times (x 71B)
Class com.google.common.collect.Maps$KeySet                                           : loaded 2 times (x 137B)
Class com.google.common.cache.LocalCache$EntryFactory$7                               : loaded 2 times (x 83B)
Class com.google.common.collect.ImmutableSet$EmptySetBuilderImpl                      : loaded 2 times (x 76B)
Class com.google.common.collect.ImmutableList                                         : loaded 2 times (x 206B)
Class org.gradle.internal.service.DefaultServiceLocator                               : loaded 2 times (x 83B)
Class com.google.common.cache.LocalCache$EntryFactory$8                               : loaded 2 times (x 83B)
Class com.google.common.collect.ImmutableSet$SetBuilderImpl                           : loaded 2 times (x 76B)
Class org.gradle.internal.installation.CurrentGradleInstallation                      : loaded 2 times (x 73B)
Class com.google.common.cache.CacheLoader$1                                           : loaded 2 times (x 75B)
Class com.google.common.collect.ForwardingObject                                      : loaded 2 times (x 72B)
Class com.google.common.collect.ImmutableList$SubList                                 : loaded 2 times (x 209B)
Class org.gradle.util.internal.GUtil                                                  : loaded 2 times (x 71B)
Class com.google.common.util.concurrent.AbstractFuture$SetFuture                      : loaded 2 times (x 75B)
Class com.google.common.cache.AbstractCache$StatsCounter                              : loaded 2 times (x 70B)
Class com.google.common.collect.Iterators$MergingIterator                             : loaded 2 times (x 81B)
Class com.google.common.collect.RegularImmutableSet                                   : loaded 2 times (x 149B)
Class org.gradle.internal.installation.GradleInstallation                             : loaded 2 times (x 75B)
Class com.google.common.collect.Iterables                                             : loaded 2 times (x 71B)

---------------  S Y S T E M  ---------------

OS:
 Windows 11 , 64 bit Build 26100 (10.0.26100.4768)
OS uptime: 8 days 2:29 hours
Hyper-V role detected

CPU: total 28 (initial active 28) (14 cores per cpu, 2 threads per core) family 6 model 183 stepping 1 microcode 0x12b, cx8, cmov, fxsr, ht, mmx, 3dnowpref, sse, sse2, sse3, ssse3, sse4.1, sse4.2, popcnt, lzcnt, tsc, tscinvbit, avx, avx2, aes, erms, clmul, bmi1, bmi2, adx, sha, fma, vzeroupper, clflush, clflushopt, clwb, hv, serialize, rdtscp, rdpid, fsrm, f16c, cet_ibt, cet_ss
Processor Information for the first 28 processors :
  Max Mhz: 2100, Current Mhz: 2100, Mhz Limit: 2100

Memory: 4k page, system-wide physical 16039M (2201M free)
TotalPageFile size 65191M (AvailPageFile size 18M)
current process WorkingSet (physical memory assigned to process): 720M, peak: 728M
current process commit charge ("private bytes"): 795M, peak: 809M

vm_info: OpenJDK 64-Bit Server VM (21.0.8+-14196175-b1038.72) for windows-amd64 JRE (21.0.8+-14196175-b1038.72), built on 2025-10-01T10:24:33Z by "builder" with MS VC++ 16.10 / 16.11 (VS2019)

END.
