#
# There is insufficient memory for the Java Runtime Environment to continue.
# Native memory allocation (mmap) failed to map 92274688 bytes. Error detail: G1 virtual space
# Possible reasons:
#   The system is out of physical RAM or swap space
#   This process is running with CompressedOops enabled, and the Java Heap may be blocking the growth of the native heap
# Possible solutions:
#   Reduce memory load on the system
#   Increase physical memory or swap space
#   Check if swap backing store is full
#   Decrease Java heap size (-Xmx/-Xms)
#   Decrease number of Java threads
#   Decrease Java thread stack sizes (-Xss)
#   Set larger code cache with -XX:ReservedCodeCacheSize=
#   JVM is running with Unscaled Compressed Oops mode in which the Java heap is
#     placed in the first 4GB address space. The Java Heap base address is the
#     maximum limit for the native heap growth. Please use -XX:HeapBaseMinAddress
#     to set the Java Heap base and to place the Java Heap above 4GB virtual address.
# This output file may be truncated or incomplete.
#
#  Out of Memory Error (os_windows.cpp:3925), pid=10336, tid=18340
#
# JRE version: OpenJDK Runtime Environment (21.0.8) (build 21.0.8+-14196175-b1038.72)
# Java VM: OpenJDK 64-Bit Server VM (21.0.8+-14196175-b1038.72, mixed mode, tiered, compressed oops, compressed class ptrs, g1 gc, windows-amd64)
# No core dump will be written. Minidumps are not enabled by default on client versions of Windows
#

---------------  S U M M A R Y ------------

Command Line: --add-opens=java.base/java.lang=ALL-UNNAMED --add-opens=java.base/java.lang.invoke=ALL-UNNAMED --add-opens=java.base/java.util=ALL-UNNAMED --add-opens=java.prefs/java.util.prefs=ALL-UNNAMED --add-exports=jdk.compiler/com.sun.tools.javac.api=ALL-UNNAMED --add-exports=jdk.compiler/com.sun.tools.javac.util=ALL-UNNAMED --add-opens=java.base/java.util=ALL-UNNAMED --add-opens=java.prefs/java.util.prefs=ALL-UNNAMED --add-opens=java.base/java.nio.charset=ALL-UNNAMED --add-opens=java.base/java.net=ALL-UNNAMED --add-opens=java.base/java.util.concurrent.atomic=ALL-UNNAMED --add-opens=java.xml/javax.xml.namespace=ALL-UNNAMED -Xmx2048m -Dfile.encoding=UTF-8 -Duser.country=KR -Duser.language=ko -Duser.variant -javaagent:C:\Users\COMPUTER\.gradle\wrapper\dists\gradle-8.13-bin\5xuhj0ry160q40clulazy9h7d\gradle-8.13\lib\agents\gradle-instrumentation-agent-8.13.jar org.gradle.launcher.daemon.bootstrap.GradleDaemon 8.13

Host: Intel(R) Core(TM) i7-14700, 28 cores, 15G,  Windows 11 , 64 bit Build 26100 (10.0.26100.4768)
Time: Fri Nov 14 13:36:02 2025 elapsed time: 7.524928 seconds (0d 0h 0m 7s)

---------------  T H R E A D  ---------------

Current thread (0x000002b5156d4000):  VMThread "VM Thread"          [id=18340, stack(0x000000c827200000,0x000000c827300000) (1024K)]

Stack: [0x000000c827200000,0x000000c827300000]
Native frames: (J=compiled Java code, j=interpreted, Vv=VM code, C=native code)
V  [jvm.dll+0x6d68d9]
V  [jvm.dll+0x866693]
V  [jvm.dll+0x868c4e]
V  [jvm.dll+0x869333]
V  [jvm.dll+0x280566]
V  [jvm.dll+0x6d3195]
V  [jvm.dll+0x6c69ea]
V  [jvm.dll+0x3586db]
V  [jvm.dll+0x360336]
V  [jvm.dll+0x3b23f6]
V  [jvm.dll+0x3b26c8]
V  [jvm.dll+0x32ae6c]
V  [jvm.dll+0x32aef7]
V  [jvm.dll+0x370d3c]
V  [jvm.dll+0x36f4ee]
V  [jvm.dll+0x32a5c1]
V  [jvm.dll+0x36ebf0]
V  [jvm.dll+0x86f0b8]
V  [jvm.dll+0x870434]
V  [jvm.dll+0x870970]
V  [jvm.dll+0x870c03]
V  [jvm.dll+0x80eac8]
V  [jvm.dll+0x6d512d]
C  [ucrtbase.dll+0x37b0]
C  [KERNEL32.DLL+0x2e8d7]
C  [ntdll.dll+0x3c34c]

VM_Operation (0x000000c8295f54e0): G1CollectForAllocation, mode: safepoint, requested by thread 0x000002b51bed0530


---------------  P R O C E S S  ---------------

Threads class SMR info:
_java_thread_list=0x000002b51f7cb8e0, length=139, elements={
0x000002b57c39f990, 0x000002b5157469a0, 0x000002b5157872c0, 0x000002b5157757b0,
0x000002b5157ac4c0, 0x000002b5157ad6a0, 0x000002b5157ae100, 0x000002b5157b0d30,
0x000002b5157be920, 0x000002b5157c37f0, 0x000002b51a12d750, 0x000002b51a267f50,
0x000002b51a268600, 0x000002b51b98f450, 0x000002b51b8bde90, 0x000002b51bb7e810,
0x000002b51bc23790, 0x000002b51bc24610, 0x000002b51be61dc0, 0x000002b51bed0530,
0x000002b51be066c0, 0x000002b51be06d50, 0x000002b51be073e0, 0x000002b51be059a0,
0x000002b51be07a70, 0x000002b51be06030, 0x000002b51be08790, 0x000002b51be08e20,
0x000002b51db74ed0, 0x000002b51db75560, 0x000002b51db720e0, 0x000002b51db75bf0,
0x000002b51db72e00, 0x000002b51db76910, 0x000002b51db76fa0, 0x000002b51db77630,
0x000002b51db74840, 0x000002b51db79700, 0x000002b51db77cc0, 0x000002b51db78350,
0x000002b51db789e0, 0x000002b51db79070, 0x000002b5203c5650, 0x000002b5203c6a00,
0x000002b5203c5ce0, 0x000002b5203c4fc0, 0x000002b5203c6370, 0x000002b5203c3580,
0x000002b5203c3c10, 0x000002b5203c42a0, 0x000002b5203c4930, 0x000002b51fcb9400,
0x000002b51fcbae40, 0x000002b51fcba7b0, 0x000002b51fcbbb60, 0x000002b51fcbc1f0,
0x000002b51fcb8d70, 0x000002b51fcbe2c0, 0x000002b51fcbe950, 0x000002b51fcbefe0,
0x000002b51fcbf670, 0x000002b51fcbfd00, 0x000002b51fcbcf10, 0x000002b521ab3930,
0x000002b521ab4650, 0x000002b521ab4ce0, 0x000002b521ab5370, 0x000002b521ab5a00,
0x000002b521ab3fc0, 0x000002b521ab7ad0, 0x000002b521ab6720, 0x000002b521ab6db0,
0x000002b521ab7440, 0x000002b521ab8e80, 0x000002b521ab9510, 0x000002b521ab6090,
0x000002b521ab87f0, 0x000002b521ab9ba0, 0x000002b521aba8c0, 0x000002b521aba230,
0x000002b521abaf50, 0x000002b521ab8160, 0x000002b521965030, 0x000002b521966a70,
0x000002b521967100, 0x000002b521967790, 0x000002b521967e20, 0x000002b5219684b0,
0x000002b521965d50, 0x000002b521968b40, 0x000002b5219663e0, 0x000002b5219656c0,
0x000002b521969ef0, 0x000002b52196b930, 0x000002b52196bfc0, 0x000002b52196c650,
0x000002b52196a580, 0x000002b5219691d0, 0x000002b521969860, 0x000002b52196ac10,
0x000002b52196b2a0, 0x000002b51fc446f0, 0x000002b51fc44060, 0x000002b51fc41270,
0x000002b51fc439d0, 0x000002b51fc44d80, 0x000002b51fc41900, 0x000002b51fc43340,
0x000002b51fc45410, 0x000002b51fc41f90, 0x000002b51fc42cb0, 0x000002b51fc45aa0,
0x000002b51fc42620, 0x000002b51fc48890, 0x000002b51fc47b70, 0x000002b51fc46130,
0x000002b51fc467c0, 0x000002b51fc46e50, 0x000002b51fc48200, 0x000002b51fc474e0,
0x000002b521b6fef0, 0x000002b521b72ce0, 0x000002b521b70580, 0x000002b521b70c10,
0x000002b521b71fc0, 0x000002b521b712a0, 0x000002b521b71930, 0x000002b521b72650,
0x000002b521b73370, 0x000002b522595430, 0x000002b522594710, 0x000002b522596150,
0x000002b522594080, 0x000002b522597500, 0x000002b522597b90, 0x000002b522596e70,
0x000002b5225967e0, 0x000002b522595ac0, 0x000002b522594da0
}

Java Threads: ( => current thread )
  0x000002b57c39f990 JavaThread "main"                              [_thread_blocked, id=2496, stack(0x000000c826b00000,0x000000c826c00000) (1024K)]
  0x000002b5157469a0 JavaThread "Common-Cleaner"             daemon [_thread_blocked, id=9892, stack(0x000000c827300000,0x000000c827400000) (1024K)]
  0x000002b5157872c0 JavaThread "Reference Handler"          daemon [_thread_blocked, id=4788, stack(0x000000c827400000,0x000000c827500000) (1024K)]
  0x000002b5157757b0 JavaThread "Finalizer"                  daemon [_thread_blocked, id=22300, stack(0x000000c827500000,0x000000c827600000) (1024K)]
  0x000002b5157ac4c0 JavaThread "Signal Dispatcher"          daemon [_thread_blocked, id=6488, stack(0x000000c827600000,0x000000c827700000) (1024K)]
  0x000002b5157ad6a0 JavaThread "Attach Listener"            daemon [_thread_blocked, id=15112, stack(0x000000c827700000,0x000000c827800000) (1024K)]
  0x000002b5157ae100 JavaThread "Service Thread"             daemon [_thread_blocked, id=24532, stack(0x000000c827800000,0x000000c827900000) (1024K)]
  0x000002b5157b0d30 JavaThread "Monitor Deflation Thread"   daemon [_thread_blocked, id=23924, stack(0x000000c827900000,0x000000c827a00000) (1024K)]
  0x000002b5157be920 JavaThread "C2 CompilerThread0"         daemon [_thread_blocked, id=3700, stack(0x000000c827a00000,0x000000c827b00000) (1024K)]
  0x000002b5157c37f0 JavaThread "C1 CompilerThread0"         daemon [_thread_blocked, id=2668, stack(0x000000c827b00000,0x000000c827c00000) (1024K)]
  0x000002b51a12d750 JavaThread "Notification Thread"        daemon [_thread_blocked, id=17132, stack(0x000000c827e00000,0x000000c827f00000) (1024K)]
  0x000002b51a267f50 JavaThread "C2 CompilerThread1"         daemon [_thread_blocked, id=14044, stack(0x000000c827f00000,0x000000c828000000) (1024K)]
  0x000002b51a268600 JavaThread "C2 CompilerThread2"         daemon [_thread_blocked, id=8004, stack(0x000000c828000000,0x000000c828100000) (1024K)]
  0x000002b51b98f450 JavaThread "Daemon health stats"               [_thread_blocked, id=23676, stack(0x000000c828300000,0x000000c828400000) (1024K)]
  0x000002b51b8bde90 JavaThread "Incoming local TCP Connector on port 58985"        [_thread_in_native, id=24684, stack(0x000000c828900000,0x000000c828a00000) (1024K)]
  0x000002b51bb7e810 JavaThread "Daemon periodic checks"            [_thread_blocked, id=19852, stack(0x000000c829100000,0x000000c829200000) (1024K)]
  0x000002b51bc23790 JavaThread "Daemon"                            [_thread_blocked, id=18764, stack(0x000000c829200000,0x000000c829300000) (1024K)]
  0x000002b51bc24610 JavaThread "Handler for socket connection from /127.0.0.1:58985 to /127.0.0.1:58986"        [_thread_in_native, id=19000, stack(0x000000c829300000,0x000000c829400000) (1024K)]
  0x000002b51be61dc0 JavaThread "Cancel handler"                    [_thread_blocked, id=17096, stack(0x000000c829400000,0x000000c829500000) (1024K)]
  0x000002b51bed0530 JavaThread "Daemon worker"                     [_thread_blocked, id=21652, stack(0x000000c829500000,0x000000c829600000) (1024K)]
  0x000002b51be066c0 JavaThread "Asynchronous log dispatcher for DefaultDaemonConnection: socket connection from /127.0.0.1:58985 to /127.0.0.1:58986"        [_thread_blocked, id=8968, stack(0x000000c829600000,0x000000c829700000) (1024K)]
  0x000002b51be06d50 JavaThread "Stdin handler"                     [_thread_blocked, id=4840, stack(0x000000c829700000,0x000000c829800000) (1024K)]
  0x000002b51be073e0 JavaThread "Daemon client event forwarder"        [_thread_blocked, id=23132, stack(0x000000c829800000,0x000000c829900000) (1024K)]
  0x000002b51be059a0 JavaThread "Cache worker for journal cache (C:\Users\COMPUTER\.gradle\caches\journal-1)"        [_thread_blocked, id=9564, stack(0x000000c82a400000,0x000000c82a500000) (1024K)]
  0x000002b51be07a70 JavaThread "File lock request listener"        [_thread_in_native, id=22448, stack(0x000000c82a500000,0x000000c82a600000) (1024K)]
  0x000002b51be06030 JavaThread "Cache worker for file hash cache (C:\Users\COMPUTER\.gradle\caches\8.13\fileHashes)"        [_thread_blocked, id=24164, stack(0x000000c82a600000,0x000000c82a700000) (1024K)]
  0x000002b51be08790 JavaThread "Cache worker for file hash cache (D:\project_1.4v\.gradle\8.13\fileHashes)"        [_thread_blocked, id=24764, stack(0x000000c82a700000,0x000000c82a800000) (1024K)]
  0x000002b51be08e20 JavaThread "Cache worker for Build Output Cleanup Cache (D:\project_1.4v\.gradle\buildOutputCleanup)"        [_thread_blocked, id=22552, stack(0x000000c82a800000,0x000000c82a900000) (1024K)]
  0x000002b51db74ed0 JavaThread "File watcher server"        daemon [_thread_in_native, id=18652, stack(0x000000c82a900000,0x000000c82aa00000) (1024K)]
  0x000002b51db75560 JavaThread "File watcher consumer"      daemon [_thread_blocked, id=23496, stack(0x000000c82aa00000,0x000000c82ab00000) (1024K)]
  0x000002b51db720e0 JavaThread "jar transforms"                    [_thread_blocked, id=7924, stack(0x000000c82ab00000,0x000000c82ac00000) (1024K)]
  0x000002b51db75bf0 JavaThread "jar transforms Thread 2"           [_thread_blocked, id=18972, stack(0x000000c82ac00000,0x000000c82ad00000) (1024K)]
  0x000002b51db72e00 JavaThread "Cache worker for checksums cache (D:\project_1.4v\.gradle\8.13\checksums)"        [_thread_blocked, id=22420, stack(0x000000c82ae00000,0x000000c82af00000) (1024K)]
  0x000002b51db76910 JavaThread "Cache worker for file content cache (C:\Users\COMPUTER\.gradle\caches\8.13\fileContent)"        [_thread_blocked, id=15880, stack(0x000000c82af00000,0x000000c82b000000) (1024K)]
  0x000002b51db76fa0 JavaThread "jar transforms Thread 3"           [_thread_blocked, id=1720, stack(0x000000c82b000000,0x000000c82b100000) (1024K)]
  0x000002b51db77630 JavaThread "Cache worker for cache directory md-supplier (C:\Users\COMPUTER\.gradle\caches\8.13\md-supplier)"        [_thread_blocked, id=23004, stack(0x000000c82b100000,0x000000c82b200000) (1024K)]
  0x000002b51db74840 JavaThread "Cache worker for cache directory md-rule (C:\Users\COMPUTER\.gradle\caches\8.13\md-rule)"        [_thread_blocked, id=18656, stack(0x000000c82b200000,0x000000c82b300000) (1024K)]
  0x000002b51db79700 JavaThread "Unconstrained build operations"        [_thread_blocked, id=22308, stack(0x000000c82b300000,0x000000c82b400000) (1024K)]
  0x000002b51db77cc0 JavaThread "Unconstrained build operations Thread 2"        [_thread_blocked, id=9352, stack(0x000000c82b400000,0x000000c82b500000) (1024K)]
  0x000002b51db78350 JavaThread "Unconstrained build operations Thread 3"        [_thread_blocked, id=12056, stack(0x000000c82b500000,0x000000c82b600000) (1024K)]
  0x000002b51db789e0 JavaThread "Unconstrained build operations Thread 4"        [_thread_blocked, id=17988, stack(0x000000c82b600000,0x000000c82b700000) (1024K)]
  0x000002b51db79070 JavaThread "Unconstrained build operations Thread 5"        [_thread_blocked, id=20248, stack(0x000000c82b700000,0x000000c82b800000) (1024K)]
  0x000002b5203c5650 JavaThread "Unconstrained build operations Thread 6"        [_thread_blocked, id=14764, stack(0x000000c82b800000,0x000000c82b900000) (1024K)]
  0x000002b5203c6a00 JavaThread "Unconstrained build operations Thread 7"        [_thread_blocked, id=10728, stack(0x000000c82b900000,0x000000c82ba00000) (1024K)]
  0x000002b5203c5ce0 JavaThread "Unconstrained build operations Thread 8"        [_thread_blocked, id=25376, stack(0x000000c82ba00000,0x000000c82bb00000) (1024K)]
  0x000002b5203c4fc0 JavaThread "Unconstrained build operations Thread 9"        [_thread_blocked, id=12408, stack(0x000000c82bb00000,0x000000c82bc00000) (1024K)]
  0x000002b5203c6370 JavaThread "Unconstrained build operations Thread 10"        [_thread_blocked, id=11900, stack(0x000000c82bc00000,0x000000c82bd00000) (1024K)]
  0x000002b5203c3580 JavaThread "jar transforms Thread 4"           [_thread_blocked, id=4492, stack(0x000000c82bd00000,0x000000c82be00000) (1024K)]
  0x000002b5203c3c10 JavaThread "jar transforms Thread 5"           [_thread_blocked, id=19636, stack(0x000000c82be00000,0x000000c82bf00000) (1024K)]
  0x000002b5203c42a0 JavaThread "Unconstrained build operations Thread 11"        [_thread_blocked, id=16316, stack(0x000000c82bf00000,0x000000c82c000000) (1024K)]
  0x000002b5203c4930 JavaThread "Unconstrained build operations Thread 12"        [_thread_blocked, id=22944, stack(0x000000c82c000000,0x000000c82c100000) (1024K)]
  0x000002b51fcb9400 JavaThread "Unconstrained build operations Thread 13"        [_thread_blocked, id=25476, stack(0x000000c82c100000,0x000000c82c200000) (1024K)]
  0x000002b51fcbae40 JavaThread "Unconstrained build operations Thread 14"        [_thread_blocked, id=15528, stack(0x000000c82c200000,0x000000c82c300000) (1024K)]
  0x000002b51fcba7b0 JavaThread "Unconstrained build operations Thread 15"        [_thread_blocked, id=10244, stack(0x000000c82c300000,0x000000c82c400000) (1024K)]
  0x000002b51fcbbb60 JavaThread "jar transforms Thread 6"           [_thread_blocked, id=16052, stack(0x000000c82c400000,0x000000c82c500000) (1024K)]
  0x000002b51fcbc1f0 JavaThread "jar transforms Thread 7"           [_thread_blocked, id=20648, stack(0x000000c82c500000,0x000000c82c600000) (1024K)]
  0x000002b51fcb8d70 JavaThread "jar transforms Thread 8"           [_thread_blocked, id=7932, stack(0x000000c82c600000,0x000000c82c700000) (1024K)]
  0x000002b51fcbe2c0 JavaThread "Unconstrained build operations Thread 16"        [_thread_blocked, id=24380, stack(0x000000c82c700000,0x000000c82c800000) (1024K)]
  0x000002b51fcbe950 JavaThread "Unconstrained build operations Thread 17"        [_thread_blocked, id=15760, stack(0x000000c82c800000,0x000000c82c900000) (1024K)]
  0x000002b51fcbefe0 JavaThread "Unconstrained build operations Thread 18"        [_thread_blocked, id=13828, stack(0x000000c82c900000,0x000000c82ca00000) (1024K)]
  0x000002b51fcbf670 JavaThread "Unconstrained build operations Thread 19"        [_thread_blocked, id=23404, stack(0x000000c82ca00000,0x000000c82cb00000) (1024K)]
  0x000002b51fcbfd00 JavaThread "Unconstrained build operations Thread 20"        [_thread_blocked, id=5872, stack(0x000000c82cb00000,0x000000c82cc00000) (1024K)]
  0x000002b51fcbcf10 JavaThread "Unconstrained build operations Thread 21"        [_thread_blocked, id=25472, stack(0x000000c82cc00000,0x000000c82cd00000) (1024K)]
  0x000002b521ab3930 JavaThread "Unconstrained build operations Thread 22"        [_thread_blocked, id=10152, stack(0x000000c82cd00000,0x000000c82ce00000) (1024K)]
  0x000002b521ab4650 JavaThread "Unconstrained build operations Thread 23"        [_thread_blocked, id=13772, stack(0x000000c82ce00000,0x000000c82cf00000) (1024K)]
  0x000002b521ab4ce0 JavaThread "Unconstrained build operations Thread 24"        [_thread_blocked, id=26320, stack(0x000000c82cf00000,0x000000c82d000000) (1024K)]
  0x000002b521ab5370 JavaThread "Unconstrained build operations Thread 25"        [_thread_blocked, id=9280, stack(0x000000c82d000000,0x000000c82d100000) (1024K)]
  0x000002b521ab5a00 JavaThread "Unconstrained build operations Thread 26"        [_thread_blocked, id=19544, stack(0x000000c82d100000,0x000000c82d200000) (1024K)]
  0x000002b521ab3fc0 JavaThread "Unconstrained build operations Thread 27"        [_thread_blocked, id=10076, stack(0x000000c82d200000,0x000000c82d300000) (1024K)]
  0x000002b521ab7ad0 JavaThread "Unconstrained build operations Thread 28"        [_thread_blocked, id=4300, stack(0x000000c82d300000,0x000000c82d400000) (1024K)]
  0x000002b521ab6720 JavaThread "Unconstrained build operations Thread 29"        [_thread_blocked, id=10068, stack(0x000000c82d400000,0x000000c82d500000) (1024K)]
  0x000002b521ab6db0 JavaThread "Unconstrained build operations Thread 30"        [_thread_blocked, id=22316, stack(0x000000c82d500000,0x000000c82d600000) (1024K)]
  0x000002b521ab7440 JavaThread "Unconstrained build operations Thread 31"        [_thread_blocked, id=22756, stack(0x000000c82d600000,0x000000c82d700000) (1024K)]
  0x000002b521ab8e80 JavaThread "Unconstrained build operations Thread 32"        [_thread_blocked, id=13704, stack(0x000000c82d700000,0x000000c82d800000) (1024K)]
  0x000002b521ab9510 JavaThread "Unconstrained build operations Thread 33"        [_thread_blocked, id=18564, stack(0x000000c82d800000,0x000000c82d900000) (1024K)]
  0x000002b521ab6090 JavaThread "Unconstrained build operations Thread 34"        [_thread_blocked, id=20840, stack(0x000000c82d900000,0x000000c82da00000) (1024K)]
  0x000002b521ab87f0 JavaThread "Unconstrained build operations Thread 35"        [_thread_blocked, id=1116, stack(0x000000c82da00000,0x000000c82db00000) (1024K)]
  0x000002b521ab9ba0 JavaThread "Unconstrained build operations Thread 36"        [_thread_blocked, id=9396, stack(0x000000c82db00000,0x000000c82dc00000) (1024K)]
  0x000002b521aba8c0 JavaThread "Unconstrained build operations Thread 37"        [_thread_blocked, id=26600, stack(0x000000c82dc00000,0x000000c82dd00000) (1024K)]
  0x000002b521aba230 JavaThread "Unconstrained build operations Thread 38"        [_thread_blocked, id=7936, stack(0x000000c82dd00000,0x000000c82de00000) (1024K)]
  0x000002b521abaf50 JavaThread "Unconstrained build operations Thread 39"        [_thread_blocked, id=26488, stack(0x000000c82de00000,0x000000c82df00000) (1024K)]
  0x000002b521ab8160 JavaThread "Unconstrained build operations Thread 40"        [_thread_blocked, id=20172, stack(0x000000c82df00000,0x000000c82e000000) (1024K)]
  0x000002b521965030 JavaThread "Unconstrained build operations Thread 41"        [_thread_blocked, id=26200, stack(0x000000c82e000000,0x000000c82e100000) (1024K)]
  0x000002b521966a70 JavaThread "Unconstrained build operations Thread 42"        [_thread_blocked, id=25244, stack(0x000000c82e100000,0x000000c82e200000) (1024K)]
  0x000002b521967100 JavaThread "Unconstrained build operations Thread 43"        [_thread_blocked, id=12736, stack(0x000000c82e200000,0x000000c82e300000) (1024K)]
  0x000002b521967790 JavaThread "Unconstrained build operations Thread 44"        [_thread_blocked, id=18660, stack(0x000000c82e300000,0x000000c82e400000) (1024K)]
  0x000002b521967e20 JavaThread "Unconstrained build operations Thread 45"        [_thread_blocked, id=18324, stack(0x000000c82e400000,0x000000c82e500000) (1024K)]
  0x000002b5219684b0 JavaThread "Unconstrained build operations Thread 46"        [_thread_blocked, id=20236, stack(0x000000c82e500000,0x000000c82e600000) (1024K)]
  0x000002b521965d50 JavaThread "Unconstrained build operations Thread 47"        [_thread_blocked, id=12388, stack(0x000000c82e600000,0x000000c82e700000) (1024K)]
  0x000002b521968b40 JavaThread "Unconstrained build operations Thread 48"        [_thread_blocked, id=13480, stack(0x000000c82e700000,0x000000c82e800000) (1024K)]
  0x000002b5219663e0 JavaThread "Unconstrained build operations Thread 49"        [_thread_blocked, id=12188, stack(0x000000c82e800000,0x000000c82e900000) (1024K)]
  0x000002b5219656c0 JavaThread "Unconstrained build operations Thread 50"        [_thread_blocked, id=9212, stack(0x000000c82e900000,0x000000c82ea00000) (1024K)]
  0x000002b521969ef0 JavaThread "Unconstrained build operations Thread 51"        [_thread_blocked, id=21236, stack(0x000000c82ea00000,0x000000c82eb00000) (1024K)]
  0x000002b52196b930 JavaThread "Unconstrained build operations Thread 52"        [_thread_blocked, id=12888, stack(0x000000c82eb00000,0x000000c82ec00000) (1024K)]
  0x000002b52196bfc0 JavaThread "Unconstrained build operations Thread 53"        [_thread_blocked, id=18140, stack(0x000000c82ec00000,0x000000c82ed00000) (1024K)]
  0x000002b52196c650 JavaThread "Unconstrained build operations Thread 54"        [_thread_blocked, id=13792, stack(0x000000c82ed00000,0x000000c82ee00000) (1024K)]
  0x000002b52196a580 JavaThread "Unconstrained build operations Thread 55"        [_thread_blocked, id=25248, stack(0x000000c82ee00000,0x000000c82ef00000) (1024K)]
  0x000002b5219691d0 JavaThread "Unconstrained build operations Thread 56"        [_thread_blocked, id=23112, stack(0x000000c82ef00000,0x000000c82f000000) (1024K)]
  0x000002b521969860 JavaThread "Unconstrained build operations Thread 57"        [_thread_blocked, id=8452, stack(0x000000c82f000000,0x000000c82f100000) (1024K)]
  0x000002b52196ac10 JavaThread "Unconstrained build operations Thread 58"        [_thread_blocked, id=11012, stack(0x000000c82f100000,0x000000c82f200000) (1024K)]
  0x000002b52196b2a0 JavaThread "Unconstrained build operations Thread 59"        [_thread_blocked, id=22268, stack(0x000000c82f200000,0x000000c82f300000) (1024K)]
  0x000002b51fc446f0 JavaThread "Unconstrained build operations Thread 60"        [_thread_blocked, id=20348, stack(0x000000c82f300000,0x000000c82f400000) (1024K)]
  0x000002b51fc44060 JavaThread "Unconstrained build operations Thread 61"        [_thread_blocked, id=13880, stack(0x000000c82f400000,0x000000c82f500000) (1024K)]
  0x000002b51fc41270 JavaThread "Unconstrained build operations Thread 62"        [_thread_blocked, id=2504, stack(0x000000c82f500000,0x000000c82f600000) (1024K)]
  0x000002b51fc439d0 JavaThread "Unconstrained build operations Thread 63"        [_thread_blocked, id=18944, stack(0x000000c82f600000,0x000000c82f700000) (1024K)]
  0x000002b51fc44d80 JavaThread "Unconstrained build operations Thread 64"        [_thread_blocked, id=21440, stack(0x000000c82f700000,0x000000c82f800000) (1024K)]
  0x000002b51fc41900 JavaThread "Unconstrained build operations Thread 65"        [_thread_blocked, id=15120, stack(0x000000c82f800000,0x000000c82f900000) (1024K)]
  0x000002b51fc43340 JavaThread "Unconstrained build operations Thread 66"        [_thread_blocked, id=2604, stack(0x000000c82f900000,0x000000c82fa00000) (1024K)]
  0x000002b51fc45410 JavaThread "Unconstrained build operations Thread 67"        [_thread_blocked, id=15368, stack(0x000000c82fa00000,0x000000c82fb00000) (1024K)]
  0x000002b51fc41f90 JavaThread "Unconstrained build operations Thread 68"        [_thread_blocked, id=26452, stack(0x000000c82fb00000,0x000000c82fc00000) (1024K)]
  0x000002b51fc42cb0 JavaThread "Unconstrained build operations Thread 69"        [_thread_blocked, id=26512, stack(0x000000c82fc00000,0x000000c82fd00000) (1024K)]
  0x000002b51fc45aa0 JavaThread "Unconstrained build operations Thread 70"        [_thread_blocked, id=24796, stack(0x000000c82fd00000,0x000000c82fe00000) (1024K)]
  0x000002b51fc42620 JavaThread "Unconstrained build operations Thread 71"        [_thread_blocked, id=2304, stack(0x000000c82fe00000,0x000000c82ff00000) (1024K)]
  0x000002b51fc48890 JavaThread "Unconstrained build operations Thread 72"        [_thread_blocked, id=24928, stack(0x000000c82ff00000,0x000000c830000000) (1024K)]
  0x000002b51fc47b70 JavaThread "Unconstrained build operations Thread 73"        [_thread_blocked, id=19648, stack(0x000000c830000000,0x000000c830100000) (1024K)]
  0x000002b51fc46130 JavaThread "Unconstrained build operations Thread 74"        [_thread_blocked, id=24212, stack(0x000000c830100000,0x000000c830200000) (1024K)]
  0x000002b51fc467c0 JavaThread "Unconstrained build operations Thread 75"        [_thread_blocked, id=20604, stack(0x000000c830200000,0x000000c830300000) (1024K)]
  0x000002b51fc46e50 JavaThread "Unconstrained build operations Thread 76"        [_thread_blocked, id=21380, stack(0x000000c830300000,0x000000c830400000) (1024K)]
  0x000002b51fc48200 JavaThread "Unconstrained build operations Thread 77"        [_thread_blocked, id=13608, stack(0x000000c830400000,0x000000c830500000) (1024K)]
  0x000002b51fc474e0 JavaThread "Unconstrained build operations Thread 78"        [_thread_blocked, id=22904, stack(0x000000c830500000,0x000000c830600000) (1024K)]
  0x000002b521b6fef0 JavaThread "Unconstrained build operations Thread 79"        [_thread_blocked, id=12524, stack(0x000000c830600000,0x000000c830700000) (1024K)]
  0x000002b521b72ce0 JavaThread "Unconstrained build operations Thread 80"        [_thread_blocked, id=6136, stack(0x000000c830700000,0x000000c830800000) (1024K)]
  0x000002b521b70580 JavaThread "Unconstrained build operations Thread 81"        [_thread_blocked, id=1796, stack(0x000000c830800000,0x000000c830900000) (1024K)]
  0x000002b521b70c10 JavaThread "Unconstrained build operations Thread 82"        [_thread_blocked, id=17528, stack(0x000000c830900000,0x000000c830a00000) (1024K)]
  0x000002b521b71fc0 JavaThread "Unconstrained build operations Thread 83"        [_thread_blocked, id=14328, stack(0x000000c830a00000,0x000000c830b00000) (1024K)]
  0x000002b521b712a0 JavaThread "Unconstrained build operations Thread 84"        [_thread_blocked, id=9292, stack(0x000000c830b00000,0x000000c830c00000) (1024K)]
  0x000002b521b71930 JavaThread "Unconstrained build operations Thread 85"        [_thread_blocked, id=13508, stack(0x000000c830c00000,0x000000c830d00000) (1024K)]
  0x000002b521b72650 JavaThread "Unconstrained build operations Thread 86"        [_thread_blocked, id=6376, stack(0x000000c830d00000,0x000000c830e00000) (1024K)]
  0x000002b521b73370 JavaThread "Unconstrained build operations Thread 87"        [_thread_blocked, id=13716, stack(0x000000c830e00000,0x000000c830f00000) (1024K)]
  0x000002b522595430 JavaThread "Unconstrained build operations Thread 88"        [_thread_blocked, id=12548, stack(0x000000c830f00000,0x000000c831000000) (1024K)]
  0x000002b522594710 JavaThread "Unconstrained build operations Thread 89"        [_thread_blocked, id=10024, stack(0x000000c831000000,0x000000c831100000) (1024K)]
  0x000002b522596150 JavaThread "Unconstrained build operations Thread 90"        [_thread_blocked, id=26520, stack(0x000000c831100000,0x000000c831200000) (1024K)]
  0x000002b522594080 JavaThread "Unconstrained build operations Thread 91"        [_thread_blocked, id=16040, stack(0x000000c831200000,0x000000c831300000) (1024K)]
  0x000002b522597500 JavaThread "Unconstrained build operations Thread 92"        [_thread_blocked, id=9884, stack(0x000000c831300000,0x000000c831400000) (1024K)]
  0x000002b522597b90 JavaThread "Unconstrained build operations Thread 93"        [_thread_blocked, id=9412, stack(0x000000c831400000,0x000000c831500000) (1024K)]
  0x000002b522596e70 JavaThread "Unconstrained build operations Thread 94"        [_thread_blocked, id=15300, stack(0x000000c831500000,0x000000c831600000) (1024K)]
  0x000002b5225967e0 JavaThread "Unconstrained build operations Thread 95"        [_thread_blocked, id=9968, stack(0x000000c831600000,0x000000c831700000) (1024K)]
  0x000002b522595ac0 JavaThread "Unconstrained build operations Thread 96"        [_thread_blocked, id=19252, stack(0x000000c831700000,0x000000c831800000) (1024K)]
  0x000002b522594da0 JavaThread "build event listener"              [_thread_blocked, id=20616, stack(0x000000c827c00000,0x000000c827d00000) (1024K)]
Total: 139

Other Threads:
=>0x000002b5156d4000 VMThread "VM Thread"                           [id=18340, stack(0x000000c827200000,0x000000c827300000) (1024K)]
  0x000002b5156719e0 WatcherThread "VM Periodic Task Thread"        [id=8684, stack(0x000000c827100000,0x000000c827200000) (1024K)]
  0x000002b57a09e170 WorkerThread "GC Thread#0"                     [id=24336, stack(0x000000c826c00000,0x000000c826d00000) (1024K)]
  0x000002b51a21a150 WorkerThread "GC Thread#1"                     [id=22264, stack(0x000000c828400000,0x000000c828500000) (1024K)]
  0x000002b51a5e42e0 WorkerThread "GC Thread#2"                     [id=21524, stack(0x000000c828500000,0x000000c828600000) (1024K)]
  0x000002b51a5e4680 WorkerThread "GC Thread#3"                     [id=11820, stack(0x000000c828600000,0x000000c828700000) (1024K)]
  0x000002b51a52d810 WorkerThread "GC Thread#4"                     [id=5364, stack(0x000000c828700000,0x000000c828800000) (1024K)]
  0x000002b51a52dbb0 WorkerThread "GC Thread#5"                     [id=23028, stack(0x000000c828800000,0x000000c828900000) (1024K)]
  0x000002b51bb78980 WorkerThread "GC Thread#6"                     [id=24416, stack(0x000000c828a00000,0x000000c828b00000) (1024K)]
  0x000002b51bb77ea0 WorkerThread "GC Thread#7"                     [id=15788, stack(0x000000c828b00000,0x000000c828c00000) (1024K)]
  0x000002b51bb77020 WorkerThread "GC Thread#8"                     [id=25160, stack(0x000000c828c00000,0x000000c828d00000) (1024K)]
  0x000002b51bb78240 WorkerThread "GC Thread#9"                     [id=14424, stack(0x000000c828d00000,0x000000c828e00000) (1024K)]
  0x000002b51bb773c0 WorkerThread "GC Thread#10"                    [id=18852, stack(0x000000c828e00000,0x000000c828f00000) (1024K)]
  0x000002b51bb785e0 WorkerThread "GC Thread#11"                    [id=11976, stack(0x000000c828f00000,0x000000c829000000) (1024K)]
  0x000002b51bb77760 WorkerThread "GC Thread#12"                    [id=24124, stack(0x000000c829000000,0x000000c829100000) (1024K)]
  0x000002b51bb77b00 WorkerThread "GC Thread#13"                    [id=24252, stack(0x000000c829900000,0x000000c829a00000) (1024K)]
  0x000002b51bf0e570 WorkerThread "GC Thread#14"                    [id=26588, stack(0x000000c829a00000,0x000000c829b00000) (1024K)]
  0x000002b51bf0ecb0 WorkerThread "GC Thread#15"                    [id=3048, stack(0x000000c829b00000,0x000000c829c00000) (1024K)]
  0x000002b51bf0e910 WorkerThread "GC Thread#16"                    [id=21932, stack(0x000000c829c00000,0x000000c829d00000) (1024K)]
  0x000002b51bf0d350 WorkerThread "GC Thread#17"                    [id=1376, stack(0x000000c829d00000,0x000000c829e00000) (1024K)]
  0x000002b51bf0fed0 WorkerThread "GC Thread#18"                    [id=22244, stack(0x000000c829e00000,0x000000c829f00000) (1024K)]
  0x000002b51bf0d6f0 WorkerThread "GC Thread#19"                    [id=25732, stack(0x000000c829f00000,0x000000c82a000000) (1024K)]
  0x000002b57c408b00 ConcurrentGCThread "G1 Main Marker"            [id=14168, stack(0x000000c826d00000,0x000000c826e00000) (1024K)]
  0x000002b57c409410 WorkerThread "G1 Conc#0"                       [id=13604, stack(0x000000c826e00000,0x000000c826f00000) (1024K)]
  0x000002b51bf10270 WorkerThread "G1 Conc#1"                       [id=18044, stack(0x000000c82a000000,0x000000c82a100000) (1024K)]
  0x000002b51bf0f050 WorkerThread "G1 Conc#2"                       [id=17100, stack(0x000000c82a100000,0x000000c82a200000) (1024K)]
  0x000002b51bf0cfb0 WorkerThread "G1 Conc#3"                       [id=21000, stack(0x000000c82a200000,0x000000c82a300000) (1024K)]
  0x000002b51bf0f3f0 WorkerThread "G1 Conc#4"                       [id=4568, stack(0x000000c82a300000,0x000000c82a400000) (1024K)]
  0x000002b51450a1b0 ConcurrentGCThread "G1 Refine#0"               [id=13740, stack(0x000000c826f00000,0x000000c827000000) (1024K)]
  0x000002b51450b9e0 ConcurrentGCThread "G1 Service"                [id=6052, stack(0x000000c827000000,0x000000c827100000) (1024K)]
Total: 30

Threads with active compile tasks:
Total: 0

VM state: at safepoint (normal execution)

VM Mutex/Monitor currently owned by a thread:  ([mutex/lock_event])
[0x00007ffd256785b8] Threads_lock - owner thread: 0x000002b5156d4000
[0x00007ffd256786b8] Heap_lock - owner thread: 0x000002b51bed0530

Heap address: 0x0000000080000000, size: 2048 MB, Compressed Oops mode: 32-bit

CDS archive(s) not mapped
Compressed class space mapped at: 0x0000000100000000-0x0000000140000000, reserved size: 1073741824
Narrow klass base: 0x0000000000000000, Narrow klass shift: 3, Narrow klass range: 0x140000000

GC Precious Log:
 CardTable entry size: 512
 Card Set container configuration: InlinePtr #cards 5 size 8 Array Of Cards #cards 12 size 40 Howl #buckets 4 coarsen threshold 1843 Howl Bitmap #cards 512 size 80 coarsen threshold 460 Card regions per heap region 1 cards per card region 2048
 CPUs: 28 total, 28 available
 Memory: 16039M
 Large Page Support: Disabled
 NUMA Support: Disabled
 Compressed Oops: Enabled (32-bit)
 Heap Region Size: 1M
 Heap Min Capacity: 8M
 Heap Initial Capacity: 252M
 Heap Max Capacity: 2G
 Pre-touch: Disabled
 Parallel Workers: 20
 Concurrent Workers: 5
 Concurrent Refinement Workers: 20
 Periodic GC: Disabled

Heap:
 garbage-first heap   total 167936K, used 80870K [0x0000000080000000, 0x0000000100000000)
  region size 1024K, 1 young (1024K), 1 survivors (1024K)
 Metaspace       used 79765K, committed 81536K, reserved 1179648K
  class space    used 11038K, committed 11904K, reserved 1048576K

Heap Regions: E=young(eden), S=young(survivor), O=old, HS=humongous(starts), HC=humongous(continues), CS=collection set, F=free, TAMS=top-at-mark-start, PB=parsable bottom
|   0|0x0000000080000000, 0x0000000080100000, 0x0000000080100000|100%|HS|  |TAMS 0x0000000080000000| PB 0x0000000080000000| Complete 
|   1|0x0000000080100000, 0x0000000080200000, 0x0000000080200000|100%|HC|  |TAMS 0x0000000080100000| PB 0x0000000080100000| Complete 
|   2|0x0000000080200000, 0x0000000080300000, 0x0000000080300000|100%|HC|  |TAMS 0x0000000080200000| PB 0x0000000080200000| Complete 
|   3|0x0000000080300000, 0x0000000080400000, 0x0000000080400000|100%| O|  |TAMS 0x0000000080300000| PB 0x0000000080300000| Untracked 
|   4|0x0000000080400000, 0x0000000080500000, 0x0000000080500000|100%| O|  |TAMS 0x0000000080400000| PB 0x0000000080400000| Untracked 
|   5|0x0000000080500000, 0x0000000080600000, 0x0000000080600000|100%| O|  |TAMS 0x0000000080500000| PB 0x0000000080500000| Untracked 
|   6|0x0000000080600000, 0x0000000080700000, 0x0000000080700000|100%|HS|  |TAMS 0x0000000080600000| PB 0x0000000080600000| Complete 
|   7|0x0000000080700000, 0x0000000080800000, 0x0000000080800000|100%| O|  |TAMS 0x0000000080700000| PB 0x0000000080700000| Untracked 
|   8|0x0000000080800000, 0x0000000080900000, 0x0000000080900000|100%| O|  |TAMS 0x0000000080800000| PB 0x0000000080800000| Untracked 
|   9|0x0000000080900000, 0x0000000080a00000, 0x0000000080a00000|100%| O|  |TAMS 0x0000000080900000| PB 0x0000000080900000| Untracked 
|  10|0x0000000080a00000, 0x0000000080b00000, 0x0000000080b00000|100%| O|  |TAMS 0x0000000080a00000| PB 0x0000000080a00000| Untracked 
|  11|0x0000000080b00000, 0x0000000080c00000, 0x0000000080c00000|100%| O|  |TAMS 0x0000000080b00000| PB 0x0000000080b00000| Untracked 
|  12|0x0000000080c00000, 0x0000000080d00000, 0x0000000080d00000|100%| O|  |TAMS 0x0000000080c00000| PB 0x0000000080c00000| Untracked 
|  13|0x0000000080d00000, 0x0000000080e00000, 0x0000000080e00000|100%| O|  |TAMS 0x0000000080d00000| PB 0x0000000080d00000| Untracked 
|  14|0x0000000080e00000, 0x0000000080f00000, 0x0000000080f00000|100%| O|  |TAMS 0x0000000080e00000| PB 0x0000000080e00000| Untracked 
|  15|0x0000000080f00000, 0x0000000081000000, 0x0000000081000000|100%| O|  |TAMS 0x0000000080f00000| PB 0x0000000080f00000| Untracked 
|  16|0x0000000081000000, 0x0000000081100000, 0x0000000081100000|100%| O|  |TAMS 0x0000000081000000| PB 0x0000000081000000| Untracked 
|  17|0x0000000081100000, 0x0000000081200000, 0x0000000081200000|100%| O|  |TAMS 0x0000000081100000| PB 0x0000000081100000| Untracked 
|  18|0x0000000081200000, 0x0000000081300000, 0x0000000081300000|100%| O|  |TAMS 0x0000000081200000| PB 0x0000000081200000| Untracked 
|  19|0x0000000081300000, 0x0000000081400000, 0x0000000081400000|100%| O|  |TAMS 0x0000000081300000| PB 0x0000000081300000| Untracked 
|  20|0x0000000081400000, 0x0000000081500000, 0x0000000081500000|100%| O|  |TAMS 0x0000000081400000| PB 0x0000000081400000| Untracked 
|  21|0x0000000081500000, 0x0000000081600000, 0x0000000081600000|100%| O|  |TAMS 0x0000000081500000| PB 0x0000000081500000| Untracked 
|  22|0x0000000081600000, 0x0000000081700000, 0x0000000081700000|100%| O|  |TAMS 0x0000000081600000| PB 0x0000000081600000| Untracked 
|  23|0x0000000081700000, 0x0000000081800000, 0x0000000081800000|100%|HS|  |TAMS 0x0000000081700000| PB 0x0000000081700000| Complete 
|  24|0x0000000081800000, 0x0000000081900000, 0x0000000081900000|100%|HC|  |TAMS 0x0000000081800000| PB 0x0000000081800000| Complete 
|  25|0x0000000081900000, 0x0000000081a00000, 0x0000000081a00000|100%| O|  |TAMS 0x0000000081900000| PB 0x0000000081900000| Untracked 
|  26|0x0000000081a00000, 0x0000000081a82440, 0x0000000081b00000| 50%| O|  |TAMS 0x0000000081a00000| PB 0x0000000081a00000| Untracked 
|  27|0x0000000081b00000, 0x0000000081c00000, 0x0000000081c00000|100%| O|  |TAMS 0x0000000081b00000| PB 0x0000000081b00000| Untracked 
|  28|0x0000000081c00000, 0x0000000081d00000, 0x0000000081d00000|100%| O|  |TAMS 0x0000000081c00000| PB 0x0000000081c00000| Untracked 
|  29|0x0000000081d00000, 0x0000000081d00000, 0x0000000081e00000|  0%| F|  |TAMS 0x0000000081d00000| PB 0x0000000081d00000| Untracked 
|  30|0x0000000081e00000, 0x0000000081f00000, 0x0000000081f00000|100%| O|  |TAMS 0x0000000081e00000| PB 0x0000000081e00000| Untracked 
|  31|0x0000000081f00000, 0x0000000082000000, 0x0000000082000000|100%| O|  |TAMS 0x0000000081f00000| PB 0x0000000081f00000| Untracked 
|  32|0x0000000082000000, 0x0000000082100000, 0x0000000082100000|100%| O|  |TAMS 0x0000000082000000| PB 0x0000000082000000| Untracked 
|  33|0x0000000082100000, 0x0000000082200000, 0x0000000082200000|100%| O|  |TAMS 0x0000000082100000| PB 0x0000000082100000| Untracked 
|  34|0x0000000082200000, 0x0000000082300000, 0x0000000082300000|100%| O|  |TAMS 0x0000000082200000| PB 0x0000000082200000| Untracked 
|  35|0x0000000082300000, 0x0000000082400000, 0x0000000082400000|100%| O|  |TAMS 0x0000000082300000| PB 0x0000000082300000| Untracked 
|  36|0x0000000082400000, 0x0000000082500000, 0x0000000082500000|100%| O|  |TAMS 0x0000000082400000| PB 0x0000000082400000| Untracked 
|  37|0x0000000082500000, 0x0000000082600000, 0x0000000082600000|100%| O|  |TAMS 0x0000000082500000| PB 0x0000000082500000| Untracked 
|  38|0x0000000082600000, 0x0000000082700000, 0x0000000082700000|100%| O|  |TAMS 0x0000000082600000| PB 0x0000000082600000| Untracked 
|  39|0x0000000082700000, 0x0000000082800000, 0x0000000082800000|100%| O|  |TAMS 0x0000000082700000| PB 0x0000000082700000| Untracked 
|  40|0x0000000082800000, 0x0000000082900000, 0x0000000082900000|100%| O|  |TAMS 0x0000000082800000| PB 0x0000000082800000| Untracked 
|  41|0x0000000082900000, 0x0000000082a00000, 0x0000000082a00000|100%| O|  |TAMS 0x0000000082900000| PB 0x0000000082900000| Untracked 
|  42|0x0000000082a00000, 0x0000000082b00000, 0x0000000082b00000|100%| O|  |TAMS 0x0000000082a00000| PB 0x0000000082a00000| Untracked 
|  43|0x0000000082b00000, 0x0000000082c00000, 0x0000000082c00000|100%| O|  |TAMS 0x0000000082b00000| PB 0x0000000082b00000| Untracked 
|  44|0x0000000082c00000, 0x0000000082d00000, 0x0000000082d00000|100%| O|  |TAMS 0x0000000082c00000| PB 0x0000000082c00000| Untracked 
|  45|0x0000000082d00000, 0x0000000082e00000, 0x0000000082e00000|100%|HS|  |TAMS 0x0000000082d00000| PB 0x0000000082d00000| Complete 
|  46|0x0000000082e00000, 0x0000000082f00000, 0x0000000082f00000|100%| O|  |TAMS 0x0000000082e00000| PB 0x0000000082e00000| Untracked 
|  47|0x0000000082f00000, 0x0000000083000000, 0x0000000083000000|100%| O|  |TAMS 0x0000000082f00000| PB 0x0000000082f00000| Untracked 
|  48|0x0000000083000000, 0x0000000083100000, 0x0000000083100000|100%| O|  |TAMS 0x0000000083000000| PB 0x0000000083000000| Untracked 
|  49|0x0000000083100000, 0x0000000083200000, 0x0000000083200000|100%| O|  |TAMS 0x0000000083100000| PB 0x0000000083100000| Untracked 
|  50|0x0000000083200000, 0x0000000083300000, 0x0000000083300000|100%| O|  |TAMS 0x0000000083200000| PB 0x0000000083200000| Untracked 
|  51|0x0000000083300000, 0x0000000083400000, 0x0000000083400000|100%|HS|  |TAMS 0x0000000083300000| PB 0x0000000083300000| Complete 
|  52|0x0000000083400000, 0x0000000083500000, 0x0000000083500000|100%|HS|  |TAMS 0x0000000083400000| PB 0x0000000083400000| Complete 
|  53|0x0000000083500000, 0x0000000083600000, 0x0000000083600000|100%|HC|  |TAMS 0x0000000083500000| PB 0x0000000083500000| Complete 
|  54|0x0000000083600000, 0x0000000083700000, 0x0000000083700000|100%|HS|  |TAMS 0x0000000083600000| PB 0x0000000083600000| Complete 
|  55|0x0000000083700000, 0x0000000083800000, 0x0000000083800000|100%| O|  |TAMS 0x0000000083700000| PB 0x0000000083700000| Untracked 
|  56|0x0000000083800000, 0x0000000083900000, 0x0000000083900000|100%| O|  |TAMS 0x0000000083800000| PB 0x0000000083800000| Untracked 
|  57|0x0000000083900000, 0x0000000083a00000, 0x0000000083a00000|100%|HS|  |TAMS 0x0000000083900000| PB 0x0000000083900000| Complete 
|  58|0x0000000083a00000, 0x0000000083b00000, 0x0000000083b00000|100%|HC|  |TAMS 0x0000000083a00000| PB 0x0000000083a00000| Complete 
|  59|0x0000000083b00000, 0x0000000083c00000, 0x0000000083c00000|100%|HS|  |TAMS 0x0000000083b00000| PB 0x0000000083b00000| Complete 
|  60|0x0000000083c00000, 0x0000000083d00000, 0x0000000083d00000|100%|HC|  |TAMS 0x0000000083c00000| PB 0x0000000083c00000| Complete 
|  61|0x0000000083d00000, 0x0000000083e00000, 0x0000000083e00000|100%|HC|  |TAMS 0x0000000083d00000| PB 0x0000000083d00000| Complete 
|  62|0x0000000083e00000, 0x0000000083f00000, 0x0000000083f00000|100%|HS|  |TAMS 0x0000000083e00000| PB 0x0000000083e00000| Complete 
|  63|0x0000000083f00000, 0x0000000084000000, 0x0000000084000000|100%| O|  |TAMS 0x0000000083f00000| PB 0x0000000083f00000| Untracked 
|  64|0x0000000084000000, 0x0000000084100000, 0x0000000084100000|100%|HS|  |TAMS 0x0000000084000000| PB 0x0000000084000000| Complete 
|  65|0x0000000084100000, 0x0000000084200000, 0x0000000084200000|100%|HS|  |TAMS 0x0000000084100000| PB 0x0000000084100000| Complete 
|  66|0x0000000084200000, 0x0000000084200000, 0x0000000084300000|  0%| F|  |TAMS 0x0000000084200000| PB 0x0000000084200000| Untracked 
|  67|0x0000000084300000, 0x0000000084300000, 0x0000000084400000|  0%| F|  |TAMS 0x0000000084300000| PB 0x0000000084300000| Untracked 
|  68|0x0000000084400000, 0x0000000084400000, 0x0000000084500000|  0%| F|  |TAMS 0x0000000084400000| PB 0x0000000084400000| Untracked 
|  69|0x0000000084500000, 0x0000000084600000, 0x0000000084600000|100%| O|  |TAMS 0x0000000084500000| PB 0x0000000084500000| Untracked 
|  70|0x0000000084600000, 0x0000000084700000, 0x0000000084700000|100%| O|  |TAMS 0x0000000084600000| PB 0x0000000084600000| Untracked 
|  71|0x0000000084700000, 0x0000000084800000, 0x0000000084800000|100%| O|  |TAMS 0x0000000084700000| PB 0x0000000084700000| Untracked 
|  72|0x0000000084800000, 0x0000000084900000, 0x0000000084900000|100%| O|  |TAMS 0x0000000084800000| PB 0x0000000084800000| Untracked 
|  73|0x0000000084900000, 0x0000000084a00000, 0x0000000084a00000|100%| O|  |TAMS 0x0000000084900000| PB 0x0000000084900000| Untracked 
|  74|0x0000000084a00000, 0x0000000084b00000, 0x0000000084b00000|100%| O|  |TAMS 0x0000000084a00000| PB 0x0000000084a00000| Untracked 
|  75|0x0000000084b00000, 0x0000000084b00000, 0x0000000084c00000|  0%| F|  |TAMS 0x0000000084b00000| PB 0x0000000084b00000| Untracked 
|  76|0x0000000084c00000, 0x0000000084c00000, 0x0000000084d00000|  0%| F|  |TAMS 0x0000000084c00000| PB 0x0000000084c00000| Untracked 
|  77|0x0000000084d00000, 0x0000000084d00000, 0x0000000084e00000|  0%| F|  |TAMS 0x0000000084d00000| PB 0x0000000084d00000| Untracked 
|  78|0x0000000084e00000, 0x0000000084e00000, 0x0000000084f00000|  0%| F|  |TAMS 0x0000000084e00000| PB 0x0000000084e00000| Untracked 
|  79|0x0000000084f00000, 0x0000000084f00000, 0x0000000085000000|  0%| F|  |TAMS 0x0000000084f00000| PB 0x0000000084f00000| Untracked 
|  80|0x0000000085000000, 0x0000000085000000, 0x0000000085100000|  0%| F|  |TAMS 0x0000000085000000| PB 0x0000000085000000| Untracked 
|  81|0x0000000085100000, 0x0000000085100000, 0x0000000085200000|  0%| F|  |TAMS 0x0000000085100000| PB 0x0000000085100000| Untracked 
|  82|0x0000000085200000, 0x0000000085200000, 0x0000000085300000|  0%| F|  |TAMS 0x0000000085200000| PB 0x0000000085200000| Untracked 
|  83|0x0000000085300000, 0x0000000085300000, 0x0000000085400000|  0%| F|  |TAMS 0x0000000085300000| PB 0x0000000085300000| Untracked 
|  84|0x0000000085400000, 0x0000000085400000, 0x0000000085500000|  0%| F|  |TAMS 0x0000000085400000| PB 0x0000000085400000| Untracked 
|  85|0x0000000085500000, 0x0000000085500000, 0x0000000085600000|  0%| F|  |TAMS 0x0000000085500000| PB 0x0000000085500000| Untracked 
|  86|0x0000000085600000, 0x0000000085600000, 0x0000000085700000|  0%| F|  |TAMS 0x0000000085600000| PB 0x0000000085600000| Untracked 
|  87|0x0000000085700000, 0x0000000085700000, 0x0000000085800000|  0%| F|  |TAMS 0x0000000085700000| PB 0x0000000085700000| Untracked 
|  88|0x0000000085800000, 0x0000000085800000, 0x0000000085900000|  0%| F|  |TAMS 0x0000000085800000| PB 0x0000000085800000| Untracked 
|  89|0x0000000085900000, 0x0000000085900000, 0x0000000085a00000|  0%| F|  |TAMS 0x0000000085900000| PB 0x0000000085900000| Untracked 
|  90|0x0000000085a00000, 0x0000000085a00000, 0x0000000085b00000|  0%| F|  |TAMS 0x0000000085a00000| PB 0x0000000085a00000| Untracked 
|  91|0x0000000085b00000, 0x0000000085b00000, 0x0000000085c00000|  0%| F|  |TAMS 0x0000000085b00000| PB 0x0000000085b00000| Untracked 
|  92|0x0000000085c00000, 0x0000000085c00000, 0x0000000085d00000|  0%| F|  |TAMS 0x0000000085c00000| PB 0x0000000085c00000| Untracked 
|  93|0x0000000085d00000, 0x0000000085d00000, 0x0000000085e00000|  0%| F|  |TAMS 0x0000000085d00000| PB 0x0000000085d00000| Untracked 
|  94|0x0000000085e00000, 0x0000000085e00000, 0x0000000085f00000|  0%| F|  |TAMS 0x0000000085e00000| PB 0x0000000085e00000| Untracked 
|  95|0x0000000085f00000, 0x0000000085f00000, 0x0000000086000000|  0%| F|  |TAMS 0x0000000085f00000| PB 0x0000000085f00000| Untracked 
|  96|0x0000000086000000, 0x0000000086000000, 0x0000000086100000|  0%| F|  |TAMS 0x0000000086000000| PB 0x0000000086000000| Untracked 
|  97|0x0000000086100000, 0x0000000086100000, 0x0000000086200000|  0%| F|  |TAMS 0x0000000086100000| PB 0x0000000086100000| Untracked 
|  98|0x0000000086200000, 0x0000000086200000, 0x0000000086300000|  0%| F|  |TAMS 0x0000000086200000| PB 0x0000000086200000| Untracked 
|  99|0x0000000086300000, 0x0000000086300000, 0x0000000086400000|  0%| F|  |TAMS 0x0000000086300000| PB 0x0000000086300000| Untracked 
| 100|0x0000000086400000, 0x0000000086400000, 0x0000000086500000|  0%| F|  |TAMS 0x0000000086400000| PB 0x0000000086400000| Untracked 
| 101|0x0000000086500000, 0x0000000086500000, 0x0000000086600000|  0%| F|  |TAMS 0x0000000086500000| PB 0x0000000086500000| Untracked 
| 102|0x0000000086600000, 0x0000000086600000, 0x0000000086700000|  0%| F|  |TAMS 0x0000000086600000| PB 0x0000000086600000| Untracked 
| 103|0x0000000086700000, 0x0000000086700000, 0x0000000086800000|  0%| F|  |TAMS 0x0000000086700000| PB 0x0000000086700000| Untracked 
| 104|0x0000000086800000, 0x0000000086800000, 0x0000000086900000|  0%| F|  |TAMS 0x0000000086800000| PB 0x0000000086800000| Untracked 
| 105|0x0000000086900000, 0x0000000086900000, 0x0000000086a00000|  0%| F|  |TAMS 0x0000000086900000| PB 0x0000000086900000| Untracked 
| 106|0x0000000086a00000, 0x0000000086a00000, 0x0000000086b00000|  0%| F|  |TAMS 0x0000000086a00000| PB 0x0000000086a00000| Untracked 
| 107|0x0000000086b00000, 0x0000000086b00000, 0x0000000086c00000|  0%| F|  |TAMS 0x0000000086b00000| PB 0x0000000086b00000| Untracked 
| 108|0x0000000086c00000, 0x0000000086c00000, 0x0000000086d00000|  0%| F|  |TAMS 0x0000000086c00000| PB 0x0000000086c00000| Untracked 
| 109|0x0000000086d00000, 0x0000000086d00000, 0x0000000086e00000|  0%| F|  |TAMS 0x0000000086d00000| PB 0x0000000086d00000| Untracked 
| 110|0x0000000086e00000, 0x0000000086e00000, 0x0000000086f00000|  0%| F|  |TAMS 0x0000000086e00000| PB 0x0000000086e00000| Untracked 
| 111|0x0000000086f00000, 0x0000000086f00000, 0x0000000087000000|  0%| F|  |TAMS 0x0000000086f00000| PB 0x0000000086f00000| Untracked 
| 112|0x0000000087000000, 0x0000000087000000, 0x0000000087100000|  0%| F|  |TAMS 0x0000000087000000| PB 0x0000000087000000| Untracked 
| 113|0x0000000087100000, 0x0000000087100000, 0x0000000087200000|  0%| F|  |TAMS 0x0000000087100000| PB 0x0000000087100000| Untracked 
| 114|0x0000000087200000, 0x0000000087200000, 0x0000000087300000|  0%| F|  |TAMS 0x0000000087200000| PB 0x0000000087200000| Untracked 
| 115|0x0000000087300000, 0x0000000087300000, 0x0000000087400000|  0%| F|  |TAMS 0x0000000087300000| PB 0x0000000087300000| Untracked 
| 116|0x0000000087400000, 0x0000000087400000, 0x0000000087500000|  0%| F|  |TAMS 0x0000000087400000| PB 0x0000000087400000| Untracked 
| 117|0x0000000087500000, 0x0000000087500000, 0x0000000087600000|  0%| F|  |TAMS 0x0000000087500000| PB 0x0000000087500000| Untracked 
| 118|0x0000000087600000, 0x0000000087600000, 0x0000000087700000|  0%| F|  |TAMS 0x0000000087600000| PB 0x0000000087600000| Untracked 
| 119|0x0000000087700000, 0x0000000087700000, 0x0000000087800000|  0%| F|  |TAMS 0x0000000087700000| PB 0x0000000087700000| Untracked 
| 120|0x0000000087800000, 0x0000000087800000, 0x0000000087900000|  0%| F|  |TAMS 0x0000000087800000| PB 0x0000000087800000| Untracked 
| 121|0x0000000087900000, 0x0000000087900000, 0x0000000087a00000|  0%| F|  |TAMS 0x0000000087900000| PB 0x0000000087900000| Untracked 
| 122|0x0000000087a00000, 0x0000000087a00000, 0x0000000087b00000|  0%| F|  |TAMS 0x0000000087a00000| PB 0x0000000087a00000| Untracked 
| 123|0x0000000087b00000, 0x0000000087b00000, 0x0000000087c00000|  0%| F|  |TAMS 0x0000000087b00000| PB 0x0000000087b00000| Untracked 
| 124|0x0000000087c00000, 0x0000000087c00000, 0x0000000087d00000|  0%| F|  |TAMS 0x0000000087c00000| PB 0x0000000087c00000| Untracked 
| 125|0x0000000087d00000, 0x0000000087d00000, 0x0000000087e00000|  0%| F|  |TAMS 0x0000000087d00000| PB 0x0000000087d00000| Untracked 
| 126|0x0000000087e00000, 0x0000000087e00000, 0x0000000087f00000|  0%| F|  |TAMS 0x0000000087e00000| PB 0x0000000087e00000| Untracked 
| 127|0x0000000087f00000, 0x0000000087f00000, 0x0000000088000000|  0%| F|  |TAMS 0x0000000087f00000| PB 0x0000000087f00000| Untracked 
| 128|0x0000000088000000, 0x0000000088000000, 0x0000000088100000|  0%| F|  |TAMS 0x0000000088000000| PB 0x0000000088000000| Untracked 
| 129|0x0000000088100000, 0x0000000088100000, 0x0000000088200000|  0%| F|  |TAMS 0x0000000088100000| PB 0x0000000088100000| Untracked 
| 130|0x0000000088200000, 0x0000000088200000, 0x0000000088300000|  0%| F|  |TAMS 0x0000000088200000| PB 0x0000000088200000| Untracked 
| 131|0x0000000088300000, 0x0000000088300000, 0x0000000088400000|  0%| F|  |TAMS 0x0000000088300000| PB 0x0000000088300000| Untracked 
| 132|0x0000000088400000, 0x0000000088400000, 0x0000000088500000|  0%| F|  |TAMS 0x0000000088400000| PB 0x0000000088400000| Untracked 
| 133|0x0000000088500000, 0x0000000088500000, 0x0000000088600000|  0%| F|  |TAMS 0x0000000088500000| PB 0x0000000088500000| Untracked 
| 134|0x0000000088600000, 0x0000000088600000, 0x0000000088700000|  0%| F|  |TAMS 0x0000000088600000| PB 0x0000000088600000| Untracked 
| 135|0x0000000088700000, 0x0000000088700000, 0x0000000088800000|  0%| F|  |TAMS 0x0000000088700000| PB 0x0000000088700000| Untracked 
| 136|0x0000000088800000, 0x0000000088800000, 0x0000000088900000|  0%| F|  |TAMS 0x0000000088800000| PB 0x0000000088800000| Untracked 
| 137|0x0000000088900000, 0x0000000088900000, 0x0000000088a00000|  0%| F|  |TAMS 0x0000000088900000| PB 0x0000000088900000| Untracked 
| 138|0x0000000088a00000, 0x0000000088a00000, 0x0000000088b00000|  0%| F|  |TAMS 0x0000000088a00000| PB 0x0000000088a00000| Untracked 
| 139|0x0000000088b00000, 0x0000000088b00000, 0x0000000088c00000|  0%| F|  |TAMS 0x0000000088b00000| PB 0x0000000088b00000| Untracked 
| 140|0x0000000088c00000, 0x0000000088c00000, 0x0000000088d00000|  0%| F|  |TAMS 0x0000000088c00000| PB 0x0000000088c00000| Untracked 
| 141|0x0000000088d00000, 0x0000000088d00000, 0x0000000088e00000|  0%| F|  |TAMS 0x0000000088d00000| PB 0x0000000088d00000| Untracked 
| 230|0x000000008e600000, 0x000000008e600000, 0x000000008e700000|  0%| F|  |TAMS 0x000000008e600000| PB 0x000000008e600000| Untracked 
| 231|0x000000008e700000, 0x000000008e700000, 0x000000008e800000|  0%| F|  |TAMS 0x000000008e700000| PB 0x000000008e700000| Untracked 
| 232|0x000000008e800000, 0x000000008e800000, 0x000000008e900000|  0%| F|  |TAMS 0x000000008e800000| PB 0x000000008e800000| Untracked 
| 233|0x000000008e900000, 0x000000008e900000, 0x000000008ea00000|  0%| F|  |TAMS 0x000000008e900000| PB 0x000000008e900000| Untracked 
| 234|0x000000008ea00000, 0x000000008ea00000, 0x000000008eb00000|  0%| F|  |TAMS 0x000000008ea00000| PB 0x000000008ea00000| Untracked 
| 235|0x000000008eb00000, 0x000000008eb77628, 0x000000008ec00000| 46%| S|CS|TAMS 0x000000008eb00000| PB 0x000000008eb00000| Complete 
| 236|0x000000008ec00000, 0x000000008ec00000, 0x000000008ed00000|  0%| F|  |TAMS 0x000000008ec00000| PB 0x000000008ec00000| Untracked 
| 237|0x000000008ed00000, 0x000000008ed00000, 0x000000008ee00000|  0%| F|  |TAMS 0x000000008ed00000| PB 0x000000008ed00000| Untracked 
| 238|0x000000008ee00000, 0x000000008ee00000, 0x000000008ef00000|  0%| F|  |TAMS 0x000000008ee00000| PB 0x000000008ee00000| Untracked 
| 239|0x000000008ef00000, 0x000000008ef00000, 0x000000008f000000|  0%| F|  |TAMS 0x000000008ef00000| PB 0x000000008ef00000| Untracked 
| 240|0x000000008f000000, 0x000000008f000000, 0x000000008f100000|  0%| F|  |TAMS 0x000000008f000000| PB 0x000000008f000000| Untracked 
| 251|0x000000008fb00000, 0x000000008fb00000, 0x000000008fc00000|  0%| F|  |TAMS 0x000000008fb00000| PB 0x000000008fb00000| Untracked 
|2038|0x00000000ff600000, 0x00000000ff700000, 0x00000000ff700000|100%| O|Cm|TAMS 0x00000000ff600000| PB 0x00000000ff600000| Complete 
|2039|0x00000000ff700000, 0x00000000ff800000, 0x00000000ff800000|100%| O|Cm|TAMS 0x00000000ff700000| PB 0x00000000ff700000| Complete 
|2040|0x00000000ff800000, 0x00000000ff800000, 0x00000000ff900000|  0%| F|  |TAMS 0x00000000ff800000| PB 0x00000000ff800000| Untracked 
|2041|0x00000000ff900000, 0x00000000ffa00000, 0x00000000ffa00000|100%| O|  |TAMS 0x00000000ff900000| PB 0x00000000ff900000| Untracked 
|2042|0x00000000ffa00000, 0x00000000ffb00000, 0x00000000ffb00000|100%| O|  |TAMS 0x00000000ffa00000| PB 0x00000000ffa00000| Untracked 
|2043|0x00000000ffb00000, 0x00000000ffc00000, 0x00000000ffc00000|100%| O|  |TAMS 0x00000000ffb00000| PB 0x00000000ffb00000| Untracked 
|2044|0x00000000ffc00000, 0x00000000ffc00000, 0x00000000ffd00000|  0%| F|  |TAMS 0x00000000ffc00000| PB 0x00000000ffc00000| Untracked 
|2045|0x00000000ffd00000, 0x00000000ffe00000, 0x00000000ffe00000|100%| O|  |TAMS 0x00000000ffd00000| PB 0x00000000ffd00000| Untracked 
|2046|0x00000000ffe00000, 0x00000000fff00000, 0x00000000fff00000|100%| O|  |TAMS 0x00000000ffe00000| PB 0x00000000ffe00000| Untracked 
|2047|0x00000000fff00000, 0x0000000100000000, 0x0000000100000000|100%| O|  |TAMS 0x00000000fff00000| PB 0x00000000fff00000| Untracked 

Card table byte_map: [0x000002b50f950000,0x000002b50fd50000] _byte_map_base: 0x000002b50f550000

Marking Bits: (CMBitMap*) 0x000002b57a09e780
 Bits: [0x000002b50fd50000, 0x000002b511d50000)

Polling page: 0x000002b579f50000

Metaspace:

Usage:
  Non-class:     67.12 MB used.
      Class:     10.78 MB used.
       Both:     77.90 MB used.

Virtual space:
  Non-class space:      128.00 MB reserved,      68.00 MB ( 53%) committed,  2 nodes.
      Class space:        1.00 GB reserved,      11.62 MB (  1%) committed,  1 nodes.
             Both:        1.12 GB reserved,      79.62 MB (  7%) committed. 

Chunk freelists:
   Non-Class:  11.70 MB
       Class:  4.42 MB
        Both:  16.12 MB

MaxMetaspaceSize: unlimited
CompressedClassSpaceSize: 1.00 GB
Initial GC threshold: 21.00 MB
Current GC threshold: 131.88 MB
CDS: off
 - commit_granule_bytes: 65536.
 - commit_granule_words: 8192.
 - virtual_space_node_default_size: 8388608.
 - enlarge_chunks_in_place: 1.
 - use_allocation_guard: 0.


Internal statistics:

num_allocs_failed_limit: 9.
num_arena_births: 3446.
num_arena_deaths: 0.
num_vsnodes_births: 3.
num_vsnodes_deaths: 0.
num_space_committed: 1274.
num_space_uncommitted: 0.
num_chunks_returned_to_freelist: 9.
num_chunks_taken_from_freelist: 6856.
num_chunk_merges: 9.
num_chunk_splits: 4427.
num_chunks_enlarged: 2684.
num_inconsistent_stats: 0.

CodeHeap 'non-profiled nmethods': size=119168Kb used=4620Kb max_used=4851Kb free=114547Kb
 bounds [0x000002b507ba0000, 0x000002b508060000, 0x000002b50f000000]
CodeHeap 'profiled nmethods': size=119104Kb used=14925Kb max_used=15960Kb free=104178Kb
 bounds [0x000002b500000000, 0x000002b500fb0000, 0x000002b507450000]
CodeHeap 'non-nmethods': size=7488Kb used=2782Kb max_used=4499Kb free=4705Kb
 bounds [0x000002b507450000, 0x000002b5078c0000, 0x000002b507ba0000]
CodeCache: size=245760Kb, used=22327Kb, max_used=25310Kb, free=223430Kb
 total_blobs=9179, nmethods=8262, adapters=821, full_count=0
Compilation: enabled, stopped_count=0, restarted_count=0

Compilation events (20 events):
Event: 5.494 Thread 0x000002b5157c37f0 9801       1       org.gradle.internal.instantiation.generator.AsmBackedClassGenerator$ClassBuilderImpl::access$7500 (5 bytes)
Event: 5.494 Thread 0x000002b5157c37f0 nmethod 9801 0x000002b507d97b10 code [0x000002b507d97ca0, 0x000002b507d97d50]
Event: 5.495 Thread 0x000002b5157c37f0 9802       3       org.gradle.internal.serialization.Cached::of (9 bytes)
Event: 5.495 Thread 0x000002b5157c37f0 nmethod 9802 0x000002b5001b6190 code [0x000002b5001b6340, 0x000002b5001b6600]
Event: 5.495 Thread 0x000002b5157c37f0 9803       3       org.gradle.internal.serialization.Cached$Deferred::<init> (10 bytes)
Event: 5.495 Thread 0x000002b5157c37f0 nmethod 9803 0x000002b50032f890 code [0x000002b50032fa40, 0x000002b50032fc68]
Event: 5.495 Thread 0x000002b5157c37f0 9804       3       org.gradle.internal.serialization.Cached::<init> (5 bytes)
Event: 5.495 Thread 0x000002b5157c37f0 nmethod 9804 0x000002b500906390 code [0x000002b500906540, 0x000002b5009066a8]
Event: 5.495 Thread 0x000002b5157c37f0 9805       3       org.gradle.internal.instantiation.generator.ManagedObjectFactory::cachedOwnerDisplayNameOf (10 bytes)
Event: 5.495 Thread 0x000002b5157c37f0 nmethod 9805 0x000002b500b05c10 code [0x000002b500b05e40, 0x000002b500b06640]
Event: 5.495 Thread 0x000002b5157c37f0 9806       3       org.gradle.internal.instantiation.generator.ManagedObjectFactory$$Lambda/0x00000001003017f0::<init> (10 bytes)
Event: 5.495 Thread 0x000002b5157c37f0 nmethod 9806 0x000002b500948610 code [0x000002b5009487c0, 0x000002b500948978]
Event: 5.495 Thread 0x000002b5157c37f0 9807       3       org.gradle.internal.instantiation.generator.ManagedObjectFactory$ManagedPropertyName::<init> (15 bytes)
Event: 5.495 Thread 0x000002b5157c37f0 nmethod 9807 0x000002b500336590 code [0x000002b500336740, 0x000002b500336960]
Event: 5.495 Thread 0x000002b5157c37f0 9808       3       org.gradle.internal.instantiation.generator.AsmBackedClassGenerator::getFactoryForNext (30 bytes)
Event: 5.495 Thread 0x000002b5157c37f0 nmethod 9808 0x000002b5001f4d90 code [0x000002b5001f4f80, 0x000002b5001f54a8]
Event: 5.495 Thread 0x000002b5157c37f0 9809       3       org.gradle.internal.instantiation.generator.ManagedObjectFactory::<init> (20 bytes)
Event: 5.495 Thread 0x000002b5157c37f0 nmethod 9809 0x000002b500943110 code [0x000002b5009432c0, 0x000002b500943540]
Event: 5.496 Thread 0x000002b5157c37f0 9810       3       java.util.HashMap::getOrDefault (19 bytes)
Event: 5.496 Thread 0x000002b5157c37f0 nmethod 9810 0x000002b500722090 code [0x000002b500722240, 0x000002b5007223d8]

GC Heap History (20 events):
Event: 3.472 GC heap after
{Heap after GC invocations=17 (full 0):
 garbage-first heap   total 110592K, used 50584K [0x0000000080000000, 0x0000000100000000)
  region size 1024K, 7 young (7168K), 7 survivors (7168K)
 Metaspace       used 71909K, committed 73664K, reserved 1114112K
  class space    used 10184K, committed 11008K, reserved 1048576K
}
Event: 3.687 GC heap before
{Heap before GC invocations=17 (full 0):
 garbage-first heap   total 110592K, used 95640K [0x0000000080000000, 0x0000000100000000)
  region size 1024K, 52 young (53248K), 7 survivors (7168K)
 Metaspace       used 72739K, committed 74496K, reserved 1114112K
  class space    used 10219K, committed 11072K, reserved 1048576K
}
Event: 3.690 GC heap after
{Heap after GC invocations=18 (full 0):
 garbage-first heap   total 110592K, used 54813K [0x0000000080000000, 0x0000000100000000)
  region size 1024K, 7 young (7168K), 7 survivors (7168K)
 Metaspace       used 72739K, committed 74496K, reserved 1114112K
  class space    used 10219K, committed 11072K, reserved 1048576K
}
Event: 3.757 GC heap before
{Heap before GC invocations=18 (full 0):
 garbage-first heap   total 110592K, used 95773K [0x0000000080000000, 0x0000000100000000)
  region size 1024K, 48 young (49152K), 7 survivors (7168K)
 Metaspace       used 73002K, committed 74752K, reserved 1114112K
  class space    used 10219K, committed 11072K, reserved 1048576K
}
Event: 3.759 GC heap after
{Heap after GC invocations=19 (full 0):
 garbage-first heap   total 133120K, used 56765K [0x0000000080000000, 0x0000000100000000)
  region size 1024K, 4 young (4096K), 4 survivors (4096K)
 Metaspace       used 73002K, committed 74752K, reserved 1114112K
  class space    used 10219K, committed 11072K, reserved 1048576K
}
Event: 3.820 GC heap before
{Heap before GC invocations=20 (full 0):
 garbage-first heap   total 133120K, used 117181K [0x0000000080000000, 0x0000000100000000)
  region size 1024K, 64 young (65536K), 4 survivors (4096K)
 Metaspace       used 73009K, committed 74816K, reserved 1114112K
  class space    used 10220K, committed 11072K, reserved 1048576K
}
Event: 3.822 GC heap after
{Heap after GC invocations=21 (full 0):
 garbage-first heap   total 133120K, used 57573K [0x0000000080000000, 0x0000000100000000)
  region size 1024K, 5 young (5120K), 5 survivors (5120K)
 Metaspace       used 73009K, committed 74816K, reserved 1114112K
  class space    used 10220K, committed 11072K, reserved 1048576K
}
Event: 3.929 GC heap before
{Heap before GC invocations=21 (full 0):
 garbage-first heap   total 133120K, used 119013K [0x0000000080000000, 0x0000000100000000)
  region size 1024K, 65 young (66560K), 5 survivors (5120K)
 Metaspace       used 73440K, committed 75200K, reserved 1114112K
  class space    used 10278K, committed 11136K, reserved 1048576K
}
Event: 3.931 GC heap after
{Heap after GC invocations=22 (full 0):
 garbage-first heap   total 133120K, used 59893K [0x0000000080000000, 0x0000000100000000)
  region size 1024K, 8 young (8192K), 8 survivors (8192K)
 Metaspace       used 73440K, committed 75200K, reserved 1114112K
  class space    used 10278K, committed 11136K, reserved 1048576K
}
Event: 3.934 GC heap before
{Heap before GC invocations=22 (full 0):
 garbage-first heap   total 133120K, used 59893K [0x0000000080000000, 0x0000000100000000)
  region size 1024K, 9 young (9216K), 8 survivors (8192K)
 Metaspace       used 73440K, committed 75200K, reserved 1114112K
  class space    used 10278K, committed 11136K, reserved 1048576K
}
Event: 3.936 GC heap after
{Heap after GC invocations=23 (full 0):
 garbage-first heap   total 133120K, used 60216K [0x0000000080000000, 0x0000000100000000)
  region size 1024K, 1 young (1024K), 1 survivors (1024K)
 Metaspace       used 73440K, committed 75200K, reserved 1114112K
  class space    used 10278K, committed 11136K, reserved 1048576K
}
Event: 4.317 GC heap before
{Heap before GC invocations=24 (full 0):
 garbage-first heap   total 133120K, used 127800K [0x0000000080000000, 0x0000000100000000)
  region size 1024K, 55 young (56320K), 1 survivors (1024K)
 Metaspace       used 77266K, committed 79104K, reserved 1179648K
  class space    used 10758K, committed 11648K, reserved 1048576K
}
Event: 5.348 GC heap after
{Heap after GC invocations=25 (full 0):
 garbage-first heap   total 167936K, used 81320K [0x0000000080000000, 0x0000000100000000)
  region size 1024K, 7 young (7168K), 7 survivors (7168K)
 Metaspace       used 77266K, committed 79104K, reserved 1179648K
  class space    used 10758K, committed 11648K, reserved 1048576K
}
Event: 5.359 GC heap before
{Heap before GC invocations=25 (full 0):
 garbage-first heap   total 167936K, used 82344K [0x0000000080000000, 0x0000000100000000)
  region size 1024K, 8 young (8192K), 7 survivors (7168K)
 Metaspace       used 77341K, committed 79168K, reserved 1179648K
  class space    used 10768K, committed 11648K, reserved 1048576K
}
Event: 5.362 GC heap after
{Heap after GC invocations=26 (full 0):
 garbage-first heap   total 167936K, used 80808K [0x0000000080000000, 0x0000000100000000)
  region size 1024K, 1 young (1024K), 1 survivors (1024K)
 Metaspace       used 77341K, committed 79168K, reserved 1179648K
  class space    used 10768K, committed 11648K, reserved 1048576K
}
Event: 5.402 GC heap before
{Heap before GC invocations=26 (full 0):
 garbage-first heap   total 167936K, used 86952K [0x0000000080000000, 0x0000000100000000)
  region size 1024K, 8 young (8192K), 1 survivors (1024K)
 Metaspace       used 78214K, committed 80000K, reserved 1179648K
  class space    used 10838K, committed 11712K, reserved 1048576K
}
Event: 5.404 GC heap after
{Heap after GC invocations=27 (full 0):
 garbage-first heap   total 167936K, used 80700K [0x0000000080000000, 0x0000000100000000)
  region size 1024K, 1 young (1024K), 1 survivors (1024K)
 Metaspace       used 78214K, committed 80000K, reserved 1179648K
  class space    used 10838K, committed 11712K, reserved 1048576K
}
Event: 5.437 GC heap before
{Heap before GC invocations=27 (full 0):
 garbage-first heap   total 167936K, used 86844K [0x0000000080000000, 0x0000000100000000)
  region size 1024K, 8 young (8192K), 1 survivors (1024K)
 Metaspace       used 79080K, committed 80832K, reserved 1179648K
  class space    used 10932K, committed 11776K, reserved 1048576K
}
Event: 5.439 GC heap after
{Heap after GC invocations=28 (full 0):
 garbage-first heap   total 167936K, used 80598K [0x0000000080000000, 0x0000000100000000)
  region size 1024K, 1 young (1024K), 1 survivors (1024K)
 Metaspace       used 79080K, committed 80832K, reserved 1179648K
  class space    used 10932K, committed 11776K, reserved 1048576K
}
Event: 5.496 GC heap before
{Heap before GC invocations=29 (full 0):
 garbage-first heap   total 167936K, used 87766K [0x0000000080000000, 0x0000000100000000)
  region size 1024K, 8 young (8192K), 1 survivors (1024K)
 Metaspace       used 79765K, committed 81536K, reserved 1179648K
  class space    used 11038K, committed 11904K, reserved 1048576K
}

Dll operation events (3 events):
Event: 0.005 Loaded shared library C:\Program Files\Android\Android Studio\jbr\bin\java.dll
Event: 0.008 Loaded shared library C:\Program Files\Android\Android Studio\jbr\bin\zip.dll
Event: 0.333 Loaded shared library C:\Program Files\Android\Android Studio\jbr\bin\verify.dll

Deoptimization events (20 events):
Event: 5.437 Thread 0x000002b51bed0530 Uncommon trap: trap_request=0xffffffc6 fr.pc=0x000002b507ec5fb4 relative=0x00000000000001d4
Event: 5.437 Thread 0x000002b51bed0530 Uncommon trap: reason=bimorphic_or_optimized_type_check action=maybe_recompile pc=0x000002b507ec5fb4 method=java.util.stream.ReduceOps$ReduceOp.evaluateSequential(Ljava/util/stream/PipelineHelper;Ljava/util/Spliterator;)Ljava/lang/Object; @ 2 c2
Event: 5.437 Thread 0x000002b51bed0530 DEOPT PACKING pc=0x000002b507ec5fb4 sp=0x000000c8295f6a60
Event: 5.437 Thread 0x000002b51bed0530 DEOPT UNPACKING pc=0x000002b5074a46a2 sp=0x000000c8295f69e0 mode 2
Event: 5.443 Thread 0x000002b51bed0530 Uncommon trap: trap_request=0xffffffc6 fr.pc=0x000002b507c0ef9c relative=0x000000000000099c
Event: 5.443 Thread 0x000002b51bed0530 Uncommon trap: reason=bimorphic_or_optimized_type_check action=maybe_recompile pc=0x000002b507c0ef9c method=sun.security.provider.DigestBase.engineDigest([BII)I @ 97 c2
Event: 5.443 Thread 0x000002b51bed0530 DEOPT PACKING pc=0x000002b507c0ef9c sp=0x000000c8295f6af0
Event: 5.443 Thread 0x000002b51bed0530 DEOPT UNPACKING pc=0x000002b5074a46a2 sp=0x000000c8295f6a50 mode 2
Event: 5.443 Thread 0x000002b51bed0530 Uncommon trap: trap_request=0xffffffc6 fr.pc=0x000002b507c0ef9c relative=0x000000000000099c
Event: 5.443 Thread 0x000002b51bed0530 Uncommon trap: reason=bimorphic_or_optimized_type_check action=maybe_recompile pc=0x000002b507c0ef9c method=sun.security.provider.DigestBase.engineDigest([BII)I @ 97 c2
Event: 5.443 Thread 0x000002b51bed0530 DEOPT PACKING pc=0x000002b507c0ef9c sp=0x000000c8295f6b80
Event: 5.443 Thread 0x000002b51bed0530 DEOPT UNPACKING pc=0x000002b5074a46a2 sp=0x000000c8295f6ae0 mode 2
Event: 5.484 Thread 0x000002b51bed0530 Uncommon trap: trap_request=0xffffff3d fr.pc=0x000002b507e12448 relative=0x0000000000001288
Event: 5.484 Thread 0x000002b51bed0530 Uncommon trap: reason=unstable_fused_if action=reinterpret pc=0x000002b507e12448 method=sun.nio.fs.WindowsPathParser.isLetter(C)Z @ 15 c2
Event: 5.484 Thread 0x000002b51bed0530 DEOPT PACKING pc=0x000002b507e12448 sp=0x000000c8295f6d70
Event: 5.484 Thread 0x000002b51bed0530 DEOPT UNPACKING pc=0x000002b5074a46a2 sp=0x000000c8295f6cb8 mode 2
Event: 5.493 Thread 0x000002b51bed0530 Uncommon trap: trap_request=0xffffffde fr.pc=0x000002b507f4432c relative=0x000000000000522c
Event: 5.493 Thread 0x000002b51bed0530 Uncommon trap: reason=class_check action=maybe_recompile pc=0x000002b507f4432c method=java.util.jar.JarFile.getManifestFromReference()Ljava/util/jar/Manifest; @ 152 c2
Event: 5.493 Thread 0x000002b51bed0530 DEOPT PACKING pc=0x000002b507f4432c sp=0x000000c8295f5ad0
Event: 5.493 Thread 0x000002b51bed0530 DEOPT UNPACKING pc=0x000002b5074a46a2 sp=0x000000c8295f58b8 mode 2

Classes loaded (20 events):
Event: 5.445 Loading class java/time/format/DateTimeFormatterBuilder$NanosPrinterParser
Event: 5.445 Loading class java/time/format/DateTimeFormatterBuilder$NanosPrinterParser done
Event: 5.445 Loading class java/time/format/DateTimeFormatterBuilder$ZoneIdPrinterParser
Event: 5.445 Loading class java/time/format/DateTimeFormatterBuilder$ZoneIdPrinterParser done
Event: 5.445 Loading class java/time/format/DateTimeFormatterBuilder$StringLiteralPrinterParser
Event: 5.445 Loading class java/time/format/DateTimeFormatterBuilder$StringLiteralPrinterParser done
Event: 5.445 Loading class java/time/format/DateTimeFormatterBuilder$InstantPrinterParser
Event: 5.445 Loading class java/time/format/DateTimeFormatterBuilder$InstantPrinterParser done
Event: 5.445 Loading class java/time/format/DateTimeTextProvider$LocaleStore
Event: 5.445 Loading class java/time/format/DateTimeTextProvider$LocaleStore done
Event: 5.445 Loading class java/time/format/DateTimeTextProvider
Event: 5.445 Loading class java/time/format/DateTimeTextProvider done
Event: 5.445 Loading class java/time/format/DateTimeTextProvider$1
Event: 5.446 Loading class java/time/format/DateTimeTextProvider$1 done
Event: 5.446 Loading class java/time/format/DateTimeFormatterBuilder$1
Event: 5.446 Loading class java/time/format/DateTimeFormatterBuilder$1 done
Event: 5.446 Loading class java/time/format/DateTimeFormatterBuilder$TextPrinterParser
Event: 5.446 Loading class java/time/format/DateTimeFormatterBuilder$TextPrinterParser done
Event: 5.446 Loading class java/util/concurrent/Executors$DefaultThreadFactory
Event: 5.446 Loading class java/util/concurrent/Executors$DefaultThreadFactory done

Classes unloaded (0 events):
No events

Classes redefined (0 events):
No events

Internal exceptions (20 events):
Event: 3.888 Thread 0x000002b51bed0530 Exception <a 'java/lang/ClassNotFoundException'{0x00000000847a4580}: java/util/AbstractCollectionCustomizer> (0x00000000847a4580) 
thrown [s\src\hotspot\share\classfile\systemDictionary.cpp, line 312]
Event: 3.888 Thread 0x000002b51bed0530 Exception <a 'java/lang/ClassNotFoundException'{0x00000000847bfc70}: org/gradle/api/internal/DefaultDomainObjectCollectionCustomizer> (0x00000000847bfc70) 
thrown [s\src\hotspot\share\classfile\systemDictionary.cpp, line 312]
Event: 3.889 Thread 0x000002b51bed0530 Exception <a 'java/lang/ClassNotFoundException'{0x00000000847f2000}: org/gradle/api/internal/DefaultNamedDomainObjectCollectionCustomizer> (0x00000000847f2000) 
thrown [s\src\hotspot\share\classfile\systemDictionary.cpp, line 312]
Event: 3.889 Thread 0x000002b51bed0530 Exception <a 'java/lang/ClassNotFoundException'{0x0000000084633220}: org/gradle/api/internal/DefaultNamedDomainObjectSetCustomizer> (0x0000000084633220) 
thrown [s\src\hotspot\share\classfile\systemDictionary.cpp, line 312]
Event: 3.890 Thread 0x000002b51bed0530 Exception <a 'java/lang/ClassNotFoundException'{0x000000008466d3c8}: org/gradle/api/internal/tasks/DefaultTaskCollectionCustomizer> (0x000000008466d3c8) 
thrown [s\src\hotspot\share\classfile\systemDictionary.cpp, line 312]
Event: 3.890 Thread 0x000002b51bed0530 Exception <a 'java/lang/ClassNotFoundException'{0x00000000846cbe90}: org/gradle/api/internal/tasks/DefaultTaskCollection_DecoratedCustomizer> (0x00000000846cbe90) 
thrown [s\src\hotspot\share\classfile\systemDictionary.cpp, line 312]
Event: 3.893 Thread 0x000002b51bed0530 Exception <a 'java/lang/NoSuchMethodError'{0x00000000845351c8}: 'long java.lang.invoke.DirectMethodHandle$Holder.invokeVirtual(java.lang.Object, java.lang.Object)'> (0x00000000845351c8) 
thrown [s\src\hotspot\share\interpreter\linkResolver.cpp, line 784]
Event: 3.895 Thread 0x000002b51be073e0 Exception <a 'java/lang/NoSuchMethodError'{0x0000000084566310}: static Lorg/gradle/internal/build/event/types/DefaultOperationFinishedProgressEvent;.<clinit>()V> (0x0000000084566310) 
thrown [s\src\hotspot\share\prims\jni.cpp, line 1144]
Event: 3.895 Thread 0x000002b51be073e0 Exception <a 'java/lang/NoSuchMethodError'{0x00000000845ef000}: static Lorg/gradle/internal/build/event/types/DefaultProjectConfigurationSuccessResult;.<clinit>()V> (0x00000000845ef000) 
thrown [s\src\hotspot\share\prims\jni.cpp, line 1144]
Event: 3.896 Thread 0x000002b51be073e0 Exception <a 'java/lang/NoSuchMethodError'{0x00000000845f05b8}: static Lorg/gradle/internal/build/event/types/AbstractProjectConfigurationResult;.<clinit>()V> (0x00000000845f05b8) 
thrown [s\src\hotspot\share\prims\jni.cpp, line 1144]
Event: 3.896 Thread 0x000002b51be073e0 Exception <a 'java/lang/NoSuchMethodError'{0x00000000845f1ea0}: static Lorg/gradle/internal/build/event/types/AbstractOperationResult;.<clinit>()V> (0x00000000845f1ea0) 
thrown [s\src\hotspot\share\prims\jni.cpp, line 1144]
Event: 3.896 Thread 0x000002b51be073e0 Exception <a 'java/lang/NoSuchMethodError'{0x00000000845f3370}: static Lorg/gradle/internal/build/event/types/AbstractResult;.<clinit>()V> (0x00000000845f3370) 
thrown [s\src\hotspot\share\prims\jni.cpp, line 1144]
Event: 3.896 Thread 0x000002b51be073e0 Exception <a 'java/lang/NoSuchMethodError'{0x000000008440c450}: static Lorg/gradle/internal/build/event/types/DefaultPluginApplicationResult;.<clinit>()V> (0x000000008440c450) 
thrown [s\src\hotspot\share\prims\jni.cpp, line 1144]
Event: 3.896 Thread 0x000002b51be073e0 Exception <a 'java/lang/NoSuchMethodError'{0x0000000084418e60}: static Lorg/gradle/internal/build/event/types/DefaultBinaryPluginIdentifier;.<clinit>()V> (0x0000000084418e60) 
thrown [s\src\hotspot\share\prims\jni.cpp, line 1144]
Event: 3.897 Thread 0x000002b51be073e0 Exception <a 'java/lang/NoSuchMethodError'{0x0000000084432ef0}: static Lorg/gradle/internal/build/event/types/DefaultScriptPluginIdentifier;.<clinit>()V> (0x0000000084432ef0) 
thrown [s\src\hotspot\share\prims\jni.cpp, line 1144]
Event: 3.918 Thread 0x000002b51bed0530 Implicit null exception at 0x000002b507f8cddd to 0x000002b507f8d2b0
Event: 3.918 Thread 0x000002b51bed0530 Implicit null exception at 0x000002b507f8c15f to 0x000002b507f8c61c
Event: 4.035 Thread 0x000002b51bed0530 Exception <a 'java/lang/ClassNotFoundException'{0x000000008ea75480}: org/gradle/api/internal/plugins/DefaultObjectConfigurationActionBeanInfo> (0x000000008ea75480) 
thrown [s\src\hotspot\share\classfile\systemDictionary.cpp, line 312]
Event: 4.035 Thread 0x000002b51bed0530 Exception <a 'java/lang/ClassNotFoundException'{0x000000008ea88ea0}: org/gradle/api/internal/plugins/DefaultObjectConfigurationActionCustomizer> (0x000000008ea88ea0) 
thrown [s\src\hotspot\share\classfile\systemDictionary.cpp, line 312]
Event: 4.276 Thread 0x000002b51bed0530 Exception <a 'java/lang/NoSuchMethodError'{0x0000000084a40ab8}: 'int java.lang.invoke.DirectMethodHandle$Holder.invokeSpecialIFC(java.lang.Object, java.lang.Object, java.lang.Object, java.lang.Object, java.lang.Object)'> (0x0000000084a40ab8) 
thrown [s\src\hotspot\share\interpreter\linkResolver.cpp, line 784]

ZGC Phase Switch (0 events):
No events

VM Operations (20 events):
Event: 3.945 Executing VM operation: G1PauseRemark done
Event: 3.950 Executing VM operation: G1PauseCleanup
Event: 3.950 Executing VM operation: G1PauseCleanup done
Event: 3.971 Executing VM operation: HandshakeAllThreads (Deoptimize)
Event: 3.971 Executing VM operation: HandshakeAllThreads (Deoptimize) done
Event: 4.317 Executing VM operation: G1CollectForAllocation (G1 Evacuation Pause)
Event: 5.349 Executing VM operation: G1CollectForAllocation (G1 Evacuation Pause) done
Event: 5.359 Executing VM operation: G1CollectForAllocation (G1 Evacuation Pause)
Event: 5.362 Executing VM operation: G1CollectForAllocation (G1 Evacuation Pause) done
Event: 5.366 Executing VM operation: HandshakeAllThreads (Deoptimize)
Event: 5.366 Executing VM operation: HandshakeAllThreads (Deoptimize) done
Event: 5.402 Executing VM operation: G1CollectForAllocation (G1 Evacuation Pause)
Event: 5.404 Executing VM operation: G1CollectForAllocation (G1 Evacuation Pause) done
Event: 5.437 Executing VM operation: G1CollectForAllocation (G1 Evacuation Pause)
Event: 5.439 Executing VM operation: G1CollectForAllocation (G1 Evacuation Pause) done
Event: 5.447 Executing VM operation: G1PauseRemark
Event: 5.449 Executing VM operation: G1PauseRemark done
Event: 5.454 Executing VM operation: G1PauseCleanup
Event: 5.454 Executing VM operation: G1PauseCleanup done
Event: 5.496 Executing VM operation: G1CollectForAllocation (G1 Evacuation Pause)

Memory protections (0 events):
No events

Nmethod flushes (20 events):
Event: 5.449 Thread 0x000002b5156d4000 flushing  nmethod 0x000002b5007c5510
Event: 5.449 Thread 0x000002b5156d4000 flushing  nmethod 0x000002b5007d8710
Event: 5.449 Thread 0x000002b5156d4000 flushing  nmethod 0x000002b5007d8d10
Event: 5.449 Thread 0x000002b5156d4000 flushing  nmethod 0x000002b5008ff690
Event: 5.449 Thread 0x000002b5156d4000 flushing  nmethod 0x000002b50092f010
Event: 5.449 Thread 0x000002b5156d4000 flushing  nmethod 0x000002b500930010
Event: 5.449 Thread 0x000002b5156d4000 flushing  nmethod 0x000002b500935190
Event: 5.449 Thread 0x000002b5156d4000 flushing  nmethod 0x000002b500937310
Event: 5.449 Thread 0x000002b5156d4000 flushing  nmethod 0x000002b50093a790
Event: 5.449 Thread 0x000002b5156d4000 flushing  nmethod 0x000002b500978d90
Event: 5.449 Thread 0x000002b5156d4000 flushing  nmethod 0x000002b500994f10
Event: 5.449 Thread 0x000002b5156d4000 flushing  nmethod 0x000002b500997010
Event: 5.449 Thread 0x000002b5156d4000 flushing  nmethod 0x000002b5009e6a90
Event: 5.449 Thread 0x000002b5156d4000 flushing  nmethod 0x000002b500b28110
Event: 5.449 Thread 0x000002b5156d4000 flushing  nmethod 0x000002b500b2c410
Event: 5.449 Thread 0x000002b5156d4000 flushing  nmethod 0x000002b500bd5890
Event: 5.449 Thread 0x000002b5156d4000 flushing  nmethod 0x000002b500dc7610
Event: 5.449 Thread 0x000002b5156d4000 flushing  nmethod 0x000002b500df9590
Event: 5.449 Thread 0x000002b5156d4000 flushing  nmethod 0x000002b500dfa490
Event: 5.449 Thread 0x000002b5156d4000 flushing  nmethod 0x000002b500e22690

Events (20 events):
Event: 3.717 Thread 0x000002b51bed0530 Thread added: 0x000002b521b71fc0
Event: 3.718 Thread 0x000002b51bed0530 Thread added: 0x000002b521b712a0
Event: 3.718 Thread 0x000002b51bed0530 Thread added: 0x000002b521b71930
Event: 3.718 Thread 0x000002b51bed0530 Thread added: 0x000002b521b72650
Event: 3.718 Thread 0x000002b51bed0530 Thread added: 0x000002b521b73370
Event: 3.718 Thread 0x000002b51bed0530 Thread added: 0x000002b522595430
Event: 3.719 Thread 0x000002b51bed0530 Thread added: 0x000002b522594710
Event: 3.719 Thread 0x000002b51bed0530 Thread added: 0x000002b522596150
Event: 3.719 Thread 0x000002b51bed0530 Thread added: 0x000002b522594080
Event: 3.719 Thread 0x000002b51bed0530 Thread added: 0x000002b522597500
Event: 3.720 Thread 0x000002b51bed0530 Thread added: 0x000002b522597b90
Event: 3.720 Thread 0x000002b51bed0530 Thread added: 0x000002b522596e70
Event: 3.720 Thread 0x000002b51bed0530 Thread added: 0x000002b5225967e0
Event: 3.721 Thread 0x000002b51bed0530 Thread added: 0x000002b522595ac0
Event: 4.078 Thread 0x000002b51adcc6d0 Thread exited: 0x000002b51adcc6d0
Event: 4.109 Thread 0x000002b51a268cb0 Thread exited: 0x000002b51a268cb0
Event: 5.352 Thread 0x000002b51adcdb40 Thread exited: 0x000002b51adcdb40
Event: 5.354 Thread 0x000002b515989370 Thread exited: 0x000002b515989370
Event: 5.354 Thread 0x000002b5145b8850 Thread exited: 0x000002b5145b8850
Event: 5.367 Thread 0x000002b51bed0530 Thread added: 0x000002b522594da0


Dynamic libraries:
0x00007ff74f6b0000 - 0x00007ff74f6ba000 	C:\Program Files\Android\Android Studio\jbr\bin\java.exe
0x00007ffd993a0000 - 0x00007ffd99607000 	C:\Windows\SYSTEM32\ntdll.dll
0x00007ffd985e0000 - 0x00007ffd986a9000 	C:\Windows\System32\KERNEL32.DLL
0x00007ffd96850000 - 0x00007ffd96c40000 	C:\Windows\System32\KERNELBASE.dll
0x00007ffd96fe0000 - 0x00007ffd9712b000 	C:\Windows\System32\ucrtbase.dll
0x00007ffd93540000 - 0x00007ffd9355b000 	C:\Program Files\Android\Android Studio\jbr\bin\VCRUNTIME140.dll
0x00007ffd7b2a0000 - 0x00007ffd7b2b8000 	C:\Program Files\Android\Android Studio\jbr\bin\jli.dll
0x00007ffd980c0000 - 0x00007ffd98285000 	C:\Windows\System32\USER32.dll
0x00007ffd96820000 - 0x00007ffd96847000 	C:\Windows\System32\win32u.dll
0x00007ffd98d40000 - 0x00007ffd98d6b000 	C:\Windows\System32\GDI32.dll
0x00007ffd96640000 - 0x00007ffd96778000 	C:\Windows\System32\gdi32full.dll
0x00007ffd81bb0000 - 0x00007ffd81e4a000 	C:\Windows\WinSxS\amd64_microsoft.windows.common-controls_6595b64144ccf1df_6.0.26100.4768_none_3e0c112ce331287c\COMCTL32.dll
0x00007ffd96590000 - 0x00007ffd96633000 	C:\Windows\System32\msvcp_win.dll
0x00007ffd98010000 - 0x00007ffd980b9000 	C:\Windows\System32\msvcrt.dll
0x00007ffd98a80000 - 0x00007ffd98aaf000 	C:\Windows\System32\IMM32.DLL
0x00007ffd93530000 - 0x00007ffd9353c000 	C:\Program Files\Android\Android Studio\jbr\bin\vcruntime140_1.dll
0x00007ffd65960000 - 0x00007ffd659ed000 	C:\Program Files\Android\Android Studio\jbr\bin\msvcp140.dll
0x00007ffd24ac0000 - 0x00007ffd25756000 	C:\Program Files\Android\Android Studio\jbr\bin\server\jvm.dll
0x00007ffd974f0000 - 0x00007ffd975a4000 	C:\Windows\System32\ADVAPI32.dll
0x00007ffd98e10000 - 0x00007ffd98eb6000 	C:\Windows\System32\sechost.dll
0x00007ffd98300000 - 0x00007ffd98418000 	C:\Windows\System32\RPCRT4.dll
0x00007ffd97d90000 - 0x00007ffd97e04000 	C:\Windows\System32\WS2_32.dll
0x00007ffd96330000 - 0x00007ffd9638e000 	C:\Windows\SYSTEM32\POWRPROF.dll
0x00007ffd8e1a0000 - 0x00007ffd8e1d5000 	C:\Windows\SYSTEM32\WINMM.dll
0x00007ffd839d0000 - 0x00007ffd839db000 	C:\Windows\SYSTEM32\VERSION.dll
0x00007ffd96310000 - 0x00007ffd96324000 	C:\Windows\SYSTEM32\UMPDC.dll
0x00007ffd95210000 - 0x00007ffd9522b000 	C:\Windows\SYSTEM32\kernel.appcore.dll
0x00007ffd912a0000 - 0x00007ffd912aa000 	C:\Program Files\Android\Android Studio\jbr\bin\jimage.dll
0x00007ffd81e90000 - 0x00007ffd820d1000 	C:\Windows\SYSTEM32\DBGHELP.DLL
0x00007ffd97160000 - 0x00007ffd974e5000 	C:\Windows\System32\combase.dll
0x00007ffd98440000 - 0x00007ffd98520000 	C:\Windows\System32\OLEAUT32.dll
0x00007ffd7d3f0000 - 0x00007ffd7d433000 	C:\Windows\SYSTEM32\dbgcore.DLL
0x00007ffd96780000 - 0x00007ffd96819000 	C:\Windows\System32\bcryptPrimitives.dll
0x00007ffd83810000 - 0x00007ffd8381e000 	C:\Program Files\Android\Android Studio\jbr\bin\instrument.dll
0x00007ffd91280000 - 0x00007ffd912a0000 	C:\Program Files\Android\Android Studio\jbr\bin\java.dll
0x00007ffd7b190000 - 0x00007ffd7b1a8000 	C:\Program Files\Android\Android Studio\jbr\bin\zip.dll
0x00007ffd97640000 - 0x00007ffd97d8d000 	C:\Windows\System32\SHELL32.dll
0x00007ffd96c50000 - 0x00007ffd96dc3000 	C:\Windows\System32\wintypes.dll
0x00007ffd94090000 - 0x00007ffd948f0000 	C:\Windows\SYSTEM32\windows.storage.dll
0x00007ffd98730000 - 0x00007ffd98825000 	C:\Windows\System32\SHCORE.dll
0x00007ffd98290000 - 0x00007ffd982fa000 	C:\Windows\System32\shlwapi.dll
0x00007ffd963f0000 - 0x00007ffd96419000 	C:\Windows\SYSTEM32\profapi.dll
0x00007ffd85430000 - 0x00007ffd85440000 	C:\Program Files\Android\Android Studio\jbr\bin\net.dll
0x00007ffd883a0000 - 0x00007ffd884be000 	C:\Windows\SYSTEM32\WINHTTP.dll
0x00007ffd95780000 - 0x00007ffd957eb000 	C:\Windows\system32\mswsock.dll
0x00007ffd738b0000 - 0x00007ffd738c6000 	C:\Program Files\Android\Android Studio\jbr\bin\nio.dll
0x00007ffd7a290000 - 0x00007ffd7a2a0000 	C:\Program Files\Android\Android Studio\jbr\bin\verify.dll
0x00007ffd83820000 - 0x00007ffd83847000 	C:\Users\COMPUTER\.gradle\native\1def1411415f61bf3af743bc5b6707747c0891f09f0c88961ee8f79bc544acac\windows-amd64\native-platform.dll
0x00007ffd66870000 - 0x00007ffd668e8000 	C:\Users\COMPUTER\.gradle\native\0.2.7\x86_64-windows-gnu\gradle-fileevents.dll
0x00007ffd83800000 - 0x00007ffd83809000 	C:\Program Files\Android\Android Studio\jbr\bin\management.dll
0x00007ffd80510000 - 0x00007ffd8051b000 	C:\Program Files\Android\Android Studio\jbr\bin\management_ext.dll
0x00007ffd98df0000 - 0x00007ffd98df8000 	C:\Windows\System32\PSAPI.DLL
0x00007ffd94c00000 - 0x00007ffd94c33000 	C:\Windows\SYSTEM32\IPHLPAPI.DLL
0x00007ffd98ec0000 - 0x00007ffd98eca000 	C:\Windows\System32\NSI.dll
0x00007ffd85370000 - 0x00007ffd85379000 	C:\Program Files\Android\Android Studio\jbr\bin\extnet.dll
0x00007ffd95b60000 - 0x00007ffd95b7b000 	C:\Windows\SYSTEM32\CRYPTSP.dll
0x00007ffd95170000 - 0x00007ffd951ab000 	C:\Windows\system32\rsaenh.dll
0x00007ffd95820000 - 0x00007ffd9584b000 	C:\Windows\SYSTEM32\USERENV.dll
0x00007ffd963c0000 - 0x00007ffd963e6000 	C:\Windows\SYSTEM32\bcrypt.dll
0x00007ffd959c0000 - 0x00007ffd959cc000 	C:\Windows\SYSTEM32\CRYPTBASE.dll
0x00007ffd6d1b0000 - 0x00007ffd6d1b8000 	C:\Windows\system32\wshunix.dll

JVMTI agents:
C:\Users\COMPUTER\.gradle\wrapper\dists\gradle-8.13-bin\5xuhj0ry160q40clulazy9h7d\gradle-8.13\lib\agents\gradle-instrumentation-agent-8.13.jar path:C:\Program Files\Android\Android Studio\jbr\bin\instrument.dll, loaded, initialized, instrumentlib options:none

dbghelp: loaded successfully - version: 4.0.5 - missing functions: none
symbol engine: initialized successfully - sym options: 0x614 - pdb path: .;C:\Program Files\Android\Android Studio\jbr\bin;C:\Windows\SYSTEM32;C:\Windows\WinSxS\amd64_microsoft.windows.common-controls_6595b64144ccf1df_6.0.26100.4768_none_3e0c112ce331287c;C:\Program Files\Android\Android Studio\jbr\bin\server;C:\Users\COMPUTER\.gradle\native\1def1411415f61bf3af743bc5b6707747c0891f09f0c88961ee8f79bc544acac\windows-amd64;C:\Users\COMPUTER\.gradle\native\0.2.7\x86_64-windows-gnu

VM Arguments:
jvm_args: --add-opens=java.base/java.lang=ALL-UNNAMED --add-opens=java.base/java.lang.invoke=ALL-UNNAMED --add-opens=java.base/java.util=ALL-UNNAMED --add-opens=java.prefs/java.util.prefs=ALL-UNNAMED --add-exports=jdk.compiler/com.sun.tools.javac.api=ALL-UNNAMED --add-exports=jdk.compiler/com.sun.tools.javac.util=ALL-UNNAMED --add-opens=java.base/java.util=ALL-UNNAMED --add-opens=java.prefs/java.util.prefs=ALL-UNNAMED --add-opens=java.base/java.nio.charset=ALL-UNNAMED --add-opens=java.base/java.net=ALL-UNNAMED --add-opens=java.base/java.util.concurrent.atomic=ALL-UNNAMED --add-opens=java.xml/javax.xml.namespace=ALL-UNNAMED -Xmx2048m -Dfile.encoding=UTF-8 -Duser.country=KR -Duser.language=ko -Duser.variant -javaagent:C:\Users\COMPUTER\.gradle\wrapper\dists\gradle-8.13-bin\5xuhj0ry160q40clulazy9h7d\gradle-8.13\lib\agents\gradle-instrumentation-agent-8.13.jar 
java_command: org.gradle.launcher.daemon.bootstrap.GradleDaemon 8.13
java_class_path (initial): C:\Users\COMPUTER\.gradle\wrapper\dists\gradle-8.13-bin\5xuhj0ry160q40clulazy9h7d\gradle-8.13\lib\gradle-daemon-main-8.13.jar
Launcher Type: SUN_STANDARD

[Global flags]
     intx CICompilerCount                          = 12                                        {product} {ergonomic}
     uint ConcGCThreads                            = 5                                         {product} {ergonomic}
     uint G1ConcRefinementThreads                  = 20                                        {product} {ergonomic}
   size_t G1HeapRegionSize                         = 1048576                                   {product} {ergonomic}
    uintx GCDrainStackTargetSize                   = 64                                        {product} {ergonomic}
   size_t InitialHeapSize                          = 264241152                                 {product} {ergonomic}
   size_t MarkStackSize                            = 4194304                                   {product} {ergonomic}
   size_t MaxHeapSize                              = 2147483648                                {product} {command line}
   size_t MaxNewSize                               = 1287651328                                {product} {ergonomic}
   size_t MinHeapDeltaBytes                        = 1048576                                   {product} {ergonomic}
   size_t MinHeapSize                              = 8388608                                   {product} {ergonomic}
    uintx NonNMethodCodeHeapSize                   = 7602480                                {pd product} {ergonomic}
    uintx NonProfiledCodeHeapSize                  = 122027880                              {pd product} {ergonomic}
    uintx ProfiledCodeHeapSize                     = 122027880                              {pd product} {ergonomic}
    uintx ReservedCodeCacheSize                    = 251658240                              {pd product} {ergonomic}
     bool SegmentedCodeCache                       = true                                      {product} {ergonomic}
   size_t SoftMaxHeapSize                          = 2147483648                             {manageable} {ergonomic}
     bool UseCompressedOops                        = true                           {product lp64_product} {ergonomic}
     bool UseG1GC                                  = true                                      {product} {ergonomic}
     bool UseLargePagesIndividualAllocation        = false                                  {pd product} {ergonomic}

Logging:
Log output configuration:
 #0: stdout all=warning uptime,level,tags foldmultilines=false
 #1: stderr all=off uptime,level,tags foldmultilines=false

Environment Variables:
PATH=C:\Program Files\Common Files\Oracle\Java\javapath;C:\Windows\system32;C:\Windows;C:\Windows\System32\Wbem;C:\Windows\System32\WindowsPowerShell\v1.0\;C:\Windows\System32\OpenSSH\;C:\Program Files (x86)\Windows Kits\10\Windows Performance Toolkit\;C:\Users\COMPUTER\AppData\Local\Android\Sdk\tools;C:\Users\COMPUTER\AppData\Local\Android\Sdk\platform-tools;C:\Program Files\Git\cmd;C:\Program Files\Git\bin\git.exe;C:\Program Files\Git\cmd\git.exe;C:\Users\COMPUTER\anaconda3;C:\Users\COMPUTER\anaconda3\Library\mingw-w64\bin;C:\Users\COMPUTER\anaconda3\Library\usr\bin;C:\Users\COMPUTER\anaconda3\Library\bin;C:\Users\COMPUTER\anaconda3\Scripts;C:\Users\COMPUTER\AppData\Local\Programs\Python\Launcher\;C:\Users\COMPUTER\AppData\Local\Microsoft\WindowsApps;C:\Users\COMPUTER\AppData\Local\GitHubDesktop\bin;C:\Program Files\JetBrains\IntelliJ IDEA Community Edition 2025.2\bin;C:\Users\COMPUTER\AppData\Local\Programs\Microsoft VS Code\bin;C:\Users\COMPUTER\AppData\Local\Android\Sdk;
USERNAME=COMPUTER
TMPDIR=C:\Users\Public\Documents\ESTsoft\CreatorTemp
OS=Windows_NT
PROCESSOR_IDENTIFIER=Intel64 Family 6 Model 183 Stepping 1, GenuineIntel
TMP=C:\Users\COMPUTER\AppData\Local\Temp
TEMP=C:\Users\COMPUTER\AppData\Local\Temp




Periodic native trim disabled

JNI global refs:
JNI global refs: 36, weak refs: 0

JNI global refs memory usage: 835, weak refs: 833

Process memory usage:
Resident Set Size: 369808K (2% of 16424388K total physical memory with 5424872K free physical memory)

OOME stack traces (most recent first):
Classloader memory used:
Loader org.gradle.internal.classloader.VisitableURLClassLoader                         : 37823K
Loader bootstrap                                                                       : 24194K
Loader org.gradle.initialization.MixInLegacyTypesClassLoader                           : 11110K
Loader org.gradle.internal.classloader.VisitableURLClassLoader$InstrumentingVisitableURLClassLoader: 5420K
Loader jdk.internal.loader.ClassLoaders$PlatformClassLoader                            : 536K
Loader jdk.internal.loader.ClassLoaders$AppClassLoader                                 : 235K
Loader jdk.internal.reflect.DelegatingClassLoader                                      : 179K
Loader org.gradle.internal.classloader.VisitableURLClassLoader                         : 124K
Loader org.gradle.groovy.scripts.internal.DefaultScriptCompilationHandler$ScriptClassLoader: 122K
Loader org.codehaus.groovy.runtime.callsite.CallSiteClassLoader                        : 17272B

Classes loaded by more than one classloader:
Class Program                                                                         : loaded 4 times (x 74B)
Class com.google.common.base.Equivalence$Identity                                     : loaded 2 times (x 82B)
Class com.google.common.collect.RegularImmutableMap$KeySet                            : loaded 2 times (x 152B)
Class org.gradle.internal.classloader.FilteringClassLoader                            : loaded 2 times (x 105B)
Class com.google.common.base.CharMatcher$IsEither                                     : loaded 2 times (x 111B)
Class org.gradle.internal.classloader.ClassLoaderHierarchy                            : loaded 2 times (x 70B)
Class com.google.common.util.concurrent.ExecutionError                                : loaded 2 times (x 82B)
Class com.google.common.collect.ImmutableList$1                                       : loaded 2 times (x 97B)
Class org.gradle.api.internal.classpath.ManifestUtil                                  : loaded 2 times (x 71B)
Class com.google.common.collect.RegularImmutableMap                                   : loaded 2 times (x 121B)
Class com.google.common.collect.ImmutableMap$MapViewOfValuesAsSingletonSets           : loaded 2 times (x 126B)
Class com.google.common.collect.UnmodifiableListIterator                              : loaded 2 times (x 95B)
Class [Lcom.google.common.cache.CacheBuilder$OneWeigher;                              : loaded 2 times (x 69B)
Class com.google.common.base.Suppliers                                                : loaded 2 times (x 71B)
Class org.gradle.internal.classloader.DefaultClassLoaderFactory                       : loaded 2 times (x 82B)
Class org.gradle.internal.classloader.ClassLoaderVisitor                              : loaded 2 times (x 76B)
Class [Lcom.google.common.collect.ImmutableMapEntry;                                  : loaded 2 times (x 69B)
Class org.gradle.api.internal.classpath.EffectiveClassPath                            : loaded 2 times (x 90B)
Class com.google.common.collect.ImmutableEnumMap                                      : loaded 2 times (x 126B)
Class org.gradle.api.internal.DefaultClassPathProvider                                : loaded 2 times (x 76B)
Class [Lorg.gradle.api.internal.ClassPathProvider;                                    : loaded 2 times (x 69B)
Class org.gradle.api.internal.ClassPathProvider                                       : loaded 2 times (x 70B)
Class com.google.common.cache.LocalCache$LocalLoadingCache                            : loaded 2 times (x 134B)
Class org.gradle.internal.service.UnknownServiceException                             : loaded 2 times (x 83B)
Class com.google.common.cache.LocalCache$Strength$1                                   : loaded 2 times (x 81B)
Class com.google.common.cache.LocalCache$Strength$2                                   : loaded 2 times (x 81B)
Class com.google.common.cache.LocalCache$Strength$3                                   : loaded 2 times (x 81B)
Class com.google.common.collect.MapDifference                                         : loaded 2 times (x 70B)
Class com.google.common.cache.CacheBuilder$NullListener                               : loaded 2 times (x 82B)
Class org.gradle.internal.classpath.TransformedClassPath                              : loaded 2 times (x 96B)
Class org.gradle.internal.classloader.InstrumentingClassLoader                        : loaded 2 times (x 70B)
Class com.google.common.cache.CacheLoader$FunctionToCacheLoader                       : loaded 2 times (x 75B)
Class com.google.common.collect.Iterators$ArrayItr                                    : loaded 2 times (x 97B)
Class com.google.common.collect.ImmutableCollection$Builder                           : loaded 2 times (x 76B)
Class com.google.common.base.MoreObjects                                              : loaded 2 times (x 71B)
Class com.google.common.collect.UnmodifiableIterator                                  : loaded 2 times (x 80B)
Class org.gradle.internal.service.ServiceLocator                                      : loaded 2 times (x 70B)
Class com.google.common.cache.LocalCache$1                                            : loaded 2 times (x 89B)
Class com.google.common.collect.SingletonImmutableBiMap                               : loaded 2 times (x 143B)
Class com.google.common.collect.AbstractMapEntry                                      : loaded 2 times (x 81B)
Class com.google.common.cache.LocalCache$2                                            : loaded 2 times (x 142B)
Class com.google.common.collect.RegularImmutableAsList                                : loaded 2 times (x 217B)
Class com.google.common.collect.Iterators                                             : loaded 2 times (x 71B)
Class com.google.common.util.concurrent.UncheckedExecutionException                   : loaded 2 times (x 82B)
Class org.gradle.kotlin.dsl.VersionCatalogAccessorsKt                                 : loaded 2 times (x 71B)
Class org.gradle.internal.InternalTransformer                                         : loaded 2 times (x 70B)
Class com.google.common.cache.CacheLoader$UnsupportedLoadingOperationException        : loaded 2 times (x 82B)
Class com.google.common.base.CharMatcher$And                                          : loaded 2 times (x 112B)
Class org.gradle.internal.classloader.ClasspathUtil$1                                 : loaded 2 times (x 76B)
Class com.google.common.collect.IndexedImmutableSet                                   : loaded 2 times (x 152B)
Class com.google.common.collect.ImmutableMap$1                                        : loaded 2 times (x 81B)
Class com.google.common.collect.BiMap                                                 : loaded 2 times (x 70B)
Class org.gradle.api.internal.classpath.DefaultModuleRegistry$DefaultModule           : loaded 2 times (x 86B)
Class com.google.common.collect.AbstractIterator                                      : loaded 2 times (x 82B)
Class com.google.common.collect.AbstractIndexedListIterator                           : loaded 2 times (x 96B)
Class com.google.common.math.MathPreconditions                                        : loaded 2 times (x 71B)
Class com.google.common.collect.ImmutableMapEntrySet                                  : loaded 2 times (x 152B)
Class org.gradle.api.internal.classpath.Module                                        : loaded 2 times (x 70B)
Class com.google.common.cache.Weigher                                                 : loaded 2 times (x 70B)
Class org.gradle.api.internal.classpath.UnknownModuleException                        : loaded 2 times (x 82B)
Class com.google.common.cache.LocalCache$Strength                                     : loaded 2 times (x 81B)
Class com.google.common.cache.Cache                                                   : loaded 2 times (x 70B)
Class com.google.common.collect.ImmutableMap$Builder                                  : loaded 2 times (x 82B)
Class com.google.common.cache.RemovalListener                                         : loaded 2 times (x 70B)
Class org.gradle.api.internal.DefaultClassPathRegistry                                : loaded 2 times (x 76B)
Class org.gradle.api.internal.ClassPathRegistry                                       : loaded 2 times (x 70B)
Class org.gradle.internal.classpath.DefaultClassPath$ImmutableUniqueList              : loaded 2 times (x 199B)
Class com.google.common.cache.CacheBuilder                                            : loaded 2 times (x 72B)
Class com.google.common.collect.SingletonImmutableList                                : loaded 2 times (x 207B)
Class com.google.common.base.PairwiseEquivalence                                      : loaded 2 times (x 83B)
Class Settings_gradle$1                                                               : loaded 2 times (x 74B)
Class org.gradle.internal.classpath.ClassPath                                         : loaded 2 times (x 70B)
Class org.gradle.api.UncheckedIOException                                             : loaded 2 times (x 82B)
Class com.google.common.collect.ImmutableList$ReverseImmutableList                    : loaded 2 times (x 209B)
Class ijJvmDebugger2_8g869j4xt9t70z2h08yspeiyl                                        : loaded 2 times (x 179B)
Class com.google.common.base.Suppliers$SupplierOfInstance                             : loaded 2 times (x 79B)
Class com.google.common.collect.Iterators$1                                           : loaded 2 times (x 81B)
Class com.google.common.cache.LocalCache$ComputingValueReference                      : loaded 2 times (x 96B)
Class com.google.common.collect.SingletonImmutableSet                                 : loaded 2 times (x 146B)
Class com.google.common.collect.ImmutableMap$IteratorBasedImmutableMap                : loaded 2 times (x 126B)
Class com.google.common.cache.LocalCache$Segment                                      : loaded 2 times (x 154B)
Class com.google.common.cache.CacheLoader                                             : loaded 2 times (x 74B)
Class com.google.common.collect.Iterators$4                                           : loaded 2 times (x 82B)
Class com.google.common.collect.ImmutableBiMap                                        : loaded 2 times (x 143B)
Class org.gradle.internal.installation.GradleInstallation$1                           : loaded 2 times (x 75B)
Class org.gradle.api.internal.classpath.ModuleRegistry                                : loaded 2 times (x 70B)
Class com.google.common.collect.Iterators$5                                           : loaded 2 times (x 82B)
Class com.google.common.collect.ImmutableSet$JdkBackedSetBuilderImpl                  : loaded 2 times (x 76B)
Class com.google.common.cache.LocalCache$LocalManualCache$1                           : loaded 2 times (x 75B)
Class com.google.common.base.CharMatcher$ForPredicate                                 : loaded 2 times (x 112B)
Class com.google.common.base.CharMatcher$AnyOf                                        : loaded 2 times (x 112B)
Class com.google.common.collect.ImmutableCollection                                   : loaded 2 times (x 125B)
Class org.gradle.api.internal.classpath.DefaultModuleRegistry                         : loaded 2 times (x 86B)
Class com.google.common.cache.ReferenceEntry                                          : loaded 2 times (x 70B)
Class com.google.common.base.Converter                                                : loaded 2 times (x 90B)
Class com.google.common.collect.ImmutableSet$CachingAsList                            : loaded 2 times (x 148B)
Class com.google.common.base.FunctionalEquivalence                                    : loaded 2 times (x 83B)
Class com.google.common.collect.Iterators$9                                           : loaded 2 times (x 81B)
Class com.google.common.collect.ImmutableAsList                                       : loaded 2 times (x 209B)
Class com.google.common.cache.CacheLoader$SupplierToCacheLoader                       : loaded 2 times (x 75B)
Class com.google.common.collect.Maps$EntryTransformer                                 : loaded 2 times (x 70B)
Class org.gradle.internal.service.ServiceLookupException                              : loaded 2 times (x 82B)
Class [Lcom.google.common.cache.LocalCache$EntryFactory;                              : loaded 2 times (x 69B)
Class ijKotlinCoroutineJvmDebugInit2_ezbr0y5lgx6mgpo6abq1y1nio$_run_closure1          : loaded 2 times (x 139B)
Class org.gradle.internal.classloader.ClassLoaderFactory                              : loaded 2 times (x 70B)
Class com.google.common.cache.LocalCache$LocalManualCache                             : loaded 2 times (x 99B)
Class com.google.common.base.CharMatcher$IsNot                                        : loaded 2 times (x 111B)
Class org.gradle.internal.service.CachingServiceLocator                               : loaded 2 times (x 82B)
Class com.google.common.math.IntMath                                                  : loaded 2 times (x 71B)
Class com.google.common.collect.ImmutableMapEntry                                     : loaded 2 times (x 85B)
Class ijKotlinCoroutineJvmDebugInit2_ezbr0y5lgx6mgpo6abq1y1nio                        : loaded 2 times (x 179B)
Class com.google.common.base.Equivalence                                              : loaded 2 times (x 82B)
Class com.google.common.base.Function                                                 : loaded 2 times (x 70B)
Class com.google.common.collect.ImmutableMapEntry$NonTerminalImmutableMapEntry        : loaded 2 times (x 85B)
Class com.google.common.cache.CacheBuilder$OneWeigher                                 : loaded 2 times (x 82B)
Class com.google.common.collect.RegularImmutableList                                  : loaded 2 times (x 213B)
Class org.gradle.internal.classloader.ClasspathUtil                                   : loaded 2 times (x 71B)
Class com.google.common.collect.Maps                                                  : loaded 2 times (x 71B)
Class ijJvmDebugger2_8g869j4xt9t70z2h08yspeiyl$_run_closure1                          : loaded 2 times (x 139B)
Class org.gradle.api.specs.Spec                                                       : loaded 2 times (x 70B)
Class [Lcom.google.common.collect.ImmutableEntry;                                     : loaded 2 times (x 69B)
Class com.google.common.cache.LocalCache$LoadingValueReference                        : loaded 2 times (x 96B)
Class ijJvmDebugger2_8g869j4xt9t70z2h08yspeiyl$_run_closure1$_closure2                : loaded 2 times (x 140B)
Class Build_gradle$1                                                                  : loaded 2 times (x 78B)
Class com.google.common.collect.Maps$8                                                : loaded 2 times (x 82B)
Class org.gradle.internal.classloader.VisitableURLClassLoader$InstrumentingVisitableURLClassLoader: loaded 2 times (x 123B)
Class [Lcom.google.common.cache.CacheBuilder$NullListener;                            : loaded 2 times (x 69B)
Class com.google.common.math.IntMath$1                                                : loaded 2 times (x 71B)
Class org.gradle.internal.classloader.VisitableURLClassLoader$Spec                    : loaded 2 times (x 74B)
Class org.gradle.internal.classpath.DefaultClassPath                                  : loaded 2 times (x 90B)
Class com.google.common.base.CharMatcher$Ascii                                        : loaded 2 times (x 112B)
Class com.google.common.base.CharMatcher$BitSetMatcher                                : loaded 2 times (x 112B)
Class com.google.common.collect.RegularImmutableMap$Values                            : loaded 2 times (x 207B)
Class com.google.common.collect.ImmutableSet                                          : loaded 2 times (x 145B)
Class org.gradle.internal.classloader.ClassLoaderSpec                                 : loaded 2 times (x 71B)
Class com.google.common.cache.CacheStats                                              : loaded 2 times (x 71B)
Class com.google.common.base.CharMatcher$Or                                           : loaded 2 times (x 112B)
Class Settings_gradle$1$1                                                             : loaded 2 times (x 74B)
Class com.google.common.base.Supplier                                                 : loaded 2 times (x 70B)
Class org.gradle.internal.classloader.VisitableURLClassLoader                         : loaded 2 times (x 117B)
Class Settings_gradle                                                                 : loaded 2 times (x 128B)
Class org.gradle.internal.Cast                                                        : loaded 2 times (x 71B)
Class org.gradle.api.Action                                                           : loaded 2 times (x 70B)
Class com.google.common.base.Ticker                                                   : loaded 2 times (x 72B)
Class com.google.common.base.CharMatcher$FastMatcher                                  : loaded 2 times (x 111B)
Class [Lcom.google.common.cache.LocalCache$Segment;                                   : loaded 2 times (x 69B)
Class [Lcom.google.common.cache.LocalCache$Strength;                                  : loaded 2 times (x 69B)
Class com.google.common.cache.CacheBuilder$1                                          : loaded 2 times (x 85B)
Class com.google.common.base.Predicate                                                : loaded 2 times (x 70B)
Class com.google.common.collect.ImmutableMap                                          : loaded 2 times (x 120B)
Class org.gradle.internal.classpath.DefaultClassPath$ImmutableUniqueList$Builder      : loaded 2 times (x 75B)
Class com.google.common.cache.LocalCache                                              : loaded 2 times (x 187B)
Class com.google.common.cache.CacheBuilder$2                                          : loaded 2 times (x 79B)
Class com.google.common.base.CharMatcher$NegatedFastMatcher                           : loaded 2 times (x 113B)
Class com.google.common.cache.CacheBuilder$3                                          : loaded 2 times (x 72B)
Class [Lcom.google.common.collect.AbstractMapEntry;                                   : loaded 2 times (x 69B)
Class com.google.common.collect.ImmutableEntry                                        : loaded 2 times (x 82B)
Class org.gradle.api.GradleException                                                  : loaded 2 times (x 82B)
Class com.google.common.collect.CollectPreconditions                                  : loaded 2 times (x 71B)
Class com.google.common.collect.SortedMapDifference                                   : loaded 2 times (x 70B)
Class com.google.common.cache.LocalCache$EntryFactory                                 : loaded 2 times (x 83B)
Class org.gradle.internal.IoActions                                                   : loaded 2 times (x 71B)
Class com.google.common.cache.CacheLoader$InvalidCacheLoadException                   : loaded 2 times (x 82B)
Class com.google.common.collect.ImmutableSet$RegularSetBuilderImpl                    : loaded 2 times (x 77B)
Class org.gradle.internal.classloader.SystemClassLoaderSpec                           : loaded 2 times (x 71B)
Class com.google.common.cache.LoadingCache                                            : loaded 2 times (x 70B)
Class [Lcom.google.common.cache.Weigher;                                              : loaded 2 times (x 69B)
Class com.google.common.collect.RegularImmutableMap$BucketOverflowException           : loaded 2 times (x 82B)
Class com.google.common.cache.LocalCache$ValueReference                               : loaded 2 times (x 70B)
Class com.google.common.base.CharMatcher$Negated                                      : loaded 2 times (x 113B)
Class com.google.common.base.CharMatcher$Is                                           : loaded 2 times (x 111B)
Class com.google.common.collect.RegularImmutableBiMap                                 : loaded 2 times (x 149B)
Class ijKotlinCoroutineJvmDebugInit2_ezbr0y5lgx6mgpo6abq1y1nio$_run_closure1$_closure2: loaded 2 times (x 139B)
Class com.google.common.base.Equivalence$Equals                                       : loaded 2 times (x 82B)
Class com.google.common.collect.Hashing                                               : loaded 2 times (x 71B)
Class com.google.common.base.Preconditions                                            : loaded 2 times (x 71B)
Class com.google.common.base.CharMatcher                                              : loaded 2 times (x 111B)
Class com.google.common.collect.PeekingIterator                                       : loaded 2 times (x 70B)
Class com.google.common.cache.LocalCache$EntryFactory$1                               : loaded 2 times (x 83B)
Class [Lcom.google.common.cache.RemovalListener;                                      : loaded 2 times (x 69B)
Class com.google.common.base.CharMatcher$1                                            : loaded 2 times (x 113B)
Class com.google.common.base.CharMatcher$NamedFastMatcher                             : loaded 2 times (x 112B)
Class com.google.common.cache.LocalCache$EntryFactory$2                               : loaded 2 times (x 83B)
Class org.gradle.api.internal.classpath.GlobalCacheRootsProvider                      : loaded 2 times (x 70B)
Class com.google.common.cache.LocalCache$EntryFactory$3                               : loaded 2 times (x 83B)
Class com.google.common.base.Ticker$1                                                 : loaded 2 times (x 72B)
Class com.google.common.collect.Maps$BiMapConverter                                   : loaded 2 times (x 90B)
Class com.google.common.collect.ImmutableMapEntrySet$RegularEntrySet                  : loaded 2 times (x 152B)
Class com.google.common.cache.LocalCache$EntryFactory$4                               : loaded 2 times (x 83B)
Class com.google.common.base.CharMatcher$InRange                                      : loaded 2 times (x 111B)
Class com.google.common.collect.ImmutableSet$Builder                                  : loaded 2 times (x 85B)
Class com.google.common.cache.LocalCache$EntryFactory$5                               : loaded 2 times (x 83B)
Class com.google.common.cache.LocalCache$EntryFactory$6                               : loaded 2 times (x 83B)
Class Build_gradle                                                                    : loaded 2 times (x 72B)
Class org.gradle.internal.installation.CurrentGradleInstallationLocator               : loaded 2 times (x 71B)
Class com.google.common.cache.LocalCache$EntryFactory$7                               : loaded 2 times (x 83B)
Class com.google.common.collect.ImmutableSet$EmptySetBuilderImpl                      : loaded 2 times (x 76B)
Class com.google.common.collect.ImmutableList                                         : loaded 2 times (x 206B)
Class org.gradle.internal.service.DefaultServiceLocator                               : loaded 2 times (x 83B)
Class com.google.common.cache.LocalCache$EntryFactory$8                               : loaded 2 times (x 83B)
Class com.google.common.collect.ImmutableSet$SetBuilderImpl                           : loaded 2 times (x 76B)
Class org.gradle.internal.installation.CurrentGradleInstallation                      : loaded 2 times (x 73B)
Class com.google.common.cache.CacheLoader$1                                           : loaded 2 times (x 75B)
Class com.google.common.collect.ImmutableList$SubList                                 : loaded 2 times (x 209B)
Class org.gradle.util.internal.GUtil                                                  : loaded 2 times (x 71B)
Class com.google.common.cache.AbstractCache$StatsCounter                              : loaded 2 times (x 70B)
Class com.google.common.collect.Iterators$MergingIterator                             : loaded 2 times (x 81B)
Class com.google.common.collect.RegularImmutableSet                                   : loaded 2 times (x 149B)
Class org.gradle.internal.installation.GradleInstallation                             : loaded 2 times (x 75B)
Class com.google.common.collect.Iterables                                             : loaded 2 times (x 71B)

---------------  S Y S T E M  ---------------

OS:
 Windows 11 , 64 bit Build 26100 (10.0.26100.4768)
OS uptime: 8 days 4:55 hours
Hyper-V role detected

CPU: total 28 (initial active 28) (14 cores per cpu, 2 threads per core) family 6 model 183 stepping 1 microcode 0x12b, cx8, cmov, fxsr, ht, mmx, 3dnowpref, sse, sse2, sse3, ssse3, sse4.1, sse4.2, popcnt, lzcnt, tsc, tscinvbit, avx, avx2, aes, erms, clmul, bmi1, bmi2, adx, sha, fma, vzeroupper, clflush, clflushopt, clwb, hv, serialize, rdtscp, rdpid, fsrm, f16c, cet_ibt, cet_ss
Processor Information for the first 28 processors :
  Max Mhz: 2100, Current Mhz: 2100, Mhz Limit: 2100

Memory: 4k page, system-wide physical 16039M (5297M free)
TotalPageFile size 65191M (AvailPageFile size 22M)
current process WorkingSet (physical memory assigned to process): 361M, peak: 397M
current process commit charge ("private bytes"): 454M, peak: 543M

vm_info: OpenJDK 64-Bit Server VM (21.0.8+-14196175-b1038.72) for windows-amd64 JRE (21.0.8+-14196175-b1038.72), built on 2025-10-01T10:24:33Z by "builder" with MS VC++ 16.10 / 16.11 (VS2019)

END.
