#
# There is insufficient memory for the Java Runtime Environment to continue.
# Native memory allocation (malloc) failed to allocate 1106016 bytes. Error detail: Chunk::new
# Possible reasons:
#   The system is out of physical RAM or swap space
#   This process is running with CompressedOops enabled, and the Java Heap may be blocking the growth of the native heap
# Possible solutions:
#   Reduce memory load on the system
#   Increase physical memory or swap space
#   Check if swap backing store is full
#   Decrease Java heap size (-Xmx/-Xms)
#   Decrease number of Java threads
#   Decrease Java thread stack sizes (-Xss)
#   Set larger code cache with -XX:ReservedCodeCacheSize=
#   JVM is running with Unscaled Compressed Oops mode in which the Java heap is
#     placed in the first 4GB address space. The Java Heap base address is the
#     maximum limit for the native heap growth. Please use -XX:HeapBaseMinAddress
#     to set the Java Heap base and to place the Java Heap above 4GB virtual address.
# This output file may be truncated or incomplete.
#
#  Out of Memory Error (arena.cpp:168), pid=3520, tid=21908
#
# JRE version: OpenJDK Runtime Environment (21.0.8) (build 21.0.8+-14196175-b1038.72)
# Java VM: OpenJDK 64-Bit Server VM (21.0.8+-14196175-b1038.72, mixed mode, tiered, compressed oops, compressed class ptrs, g1 gc, windows-amd64)
# No core dump will be written. Minidumps are not enabled by default on client versions of Windows
#

---------------  S U M M A R Y ------------

Command Line: --add-opens=java.base/java.lang=ALL-UNNAMED --add-opens=java.base/java.lang.invoke=ALL-UNNAMED --add-opens=java.base/java.util=ALL-UNNAMED --add-opens=java.prefs/java.util.prefs=ALL-UNNAMED --add-exports=jdk.compiler/com.sun.tools.javac.api=ALL-UNNAMED --add-exports=jdk.compiler/com.sun.tools.javac.util=ALL-UNNAMED --add-opens=java.base/java.util=ALL-UNNAMED --add-opens=java.prefs/java.util.prefs=ALL-UNNAMED --add-opens=java.base/java.nio.charset=ALL-UNNAMED --add-opens=java.base/java.net=ALL-UNNAMED --add-opens=java.base/java.util.concurrent.atomic=ALL-UNNAMED --add-opens=java.xml/javax.xml.namespace=ALL-UNNAMED -Xmx2048m -Dfile.encoding=UTF-8 -Duser.country=KR -Duser.language=ko -Duser.variant -javaagent:C:\Users\COMPUTER\.gradle\wrapper\dists\gradle-8.13-bin\5xuhj0ry160q40clulazy9h7d\gradle-8.13\lib\agents\gradle-instrumentation-agent-8.13.jar org.gradle.launcher.daemon.bootstrap.GradleDaemon 8.13

Host: Intel(R) Core(TM) i7-14700, 28 cores, 15G,  Windows 11 , 64 bit Build 26100 (10.0.26100.4768)
Time: Fri Nov 14 13:31:03 2025 elapsed time: 6889.341271 seconds (0d 1h 54m 49s)

---------------  T H R E A D  ---------------

Current thread (0x000002bad9c52cc0):  JavaThread "C2 CompilerThread0" daemon [_thread_in_native, id=21908, stack(0x000000f499400000,0x000000f499500000) (1024K)]


Current CompileTask:
C2:6889341 29422       4       org.gradle.internal.execution.steps.IdentifyStep::createIdentityContextInternal (78 bytes)

Stack: [0x000000f499400000,0x000000f499500000]
Native frames: (J=compiled Java code, j=interpreted, Vv=VM code, C=native code)
V  [jvm.dll+0x6d68d9]
V  [jvm.dll+0x866693]
V  [jvm.dll+0x868c4e]
V  [jvm.dll+0x869333]
V  [jvm.dll+0x280566]
V  [jvm.dll+0xc07cd]
V  [jvm.dll+0xc0d03]
V  [jvm.dll+0x2f5970]
V  [jvm.dll+0x5ff719]
V  [jvm.dll+0x252362]
V  [jvm.dll+0x24ab5d]
V  [jvm.dll+0x24871e]
V  [jvm.dll+0x1c73a4]
V  [jvm.dll+0x257f9e]
V  [jvm.dll+0x2564e6]
V  [jvm.dll+0x3f4696]
V  [jvm.dll+0x80eac8]
V  [jvm.dll+0x6d512d]
C  [ucrtbase.dll+0x37b0]
C  [KERNEL32.DLL+0x2e8d7]
C  [ntdll.dll+0x3c34c]


---------------  P R O C E S S  ---------------

Threads class SMR info:
_java_thread_list=0x000002baee516f60, length=407, elements={
0x000002bac08aa2e0, 0x000002bad9bb3190, 0x000002bad9c06e90, 0x000002bad9bd9050,
0x000002bad9bda230, 0x000002bad9c3b8f0, 0x000002bad9c49070, 0x000002bad9c496e0,
0x000002bad9c52cc0, 0x000002bad9c76f20, 0x000002bade0e4e10, 0x000002badfbf6420,
0x000002badfcf16b0, 0x000002badfd053a0, 0x000002badfcd6460, 0x000002badfcd6af0,
0x000002badfcd7180, 0x000002bae3393fd0, 0x000002bae33932b0, 0x000002bae33960a0,
0x000002bae3394660, 0x000002bae3393940, 0x000002bae3395a10, 0x000002bae3394cf0,
0x000002bae3395380, 0x000002bae3392c20, 0x000002bae3398800, 0x000002bae3397450,
0x000002bae3399bb0, 0x000002bae3399520, 0x000002bae3398e90, 0x000002bae3396730,
0x000002bae339a240, 0x000002bae3396dc0, 0x000002bae3397ae0, 0x000002bae3398170,
0x000002bae02ee330, 0x000002bae02ebbd0, 0x000002bae02ee9c0, 0x000002bae02ef050,
0x000002bae02ecf80, 0x000002bae02ec260, 0x000002bae02ef6e0, 0x000002bae02efd70,
0x000002bae02f0400, 0x000002bae02f1120, 0x000002badffa0830, 0x000002bae4eb3690,
0x000002bae6da0d80, 0x000002bae6d9d900, 0x000002bae6d9e620, 0x000002bae265ead0,
0x000002bae14547c0, 0x000002bae14526f0, 0x000002bae1454e50, 0x000002bae1453410,
0x000002bae1456200, 0x000002bae1452d80, 0x000002bae1456890, 0x000002bae1456f20,
0x000002bae14554e0, 0x000002bae1455b70, 0x000002bae1453aa0, 0x000002bae14575b0,
0x000002bae1454130, 0x000002bae145a3a0, 0x000002bae145aa30, 0x000002bae1457c40,
0x000002bae1459680, 0x000002bae1459d10, 0x000002bae145b0c0, 0x000002bae14582d0,
0x000002bae145b750, 0x000002bae1458960, 0x000002bae145c470, 0x000002bae1458ff0,
0x000002bae145d820, 0x000002bae145f8f0, 0x000002bae145f260, 0x000002bae145d190,
0x000002bae145deb0, 0x000002bae145e540, 0x000002bae145ff80, 0x000002bae145ebd0,
0x000002bae145cb00, 0x000002bae1460610, 0x000002bae1463400, 0x000002bae1463a90,
0x000002bae1464120, 0x000002bae1461330, 0x000002bae14619c0, 0x000002bae1462050,
0x000002bae1460ca0, 0x000002bae1462d70, 0x000002bae14626e0, 0x000002bae14654d0,
0x000002bae14661f0, 0x000002bae1467c30, 0x000002bae1465b60, 0x000002bae14647b0,
0x000002bae1466880, 0x000002bae1466f10, 0x000002bae14675a0, 0x000002bae14682c0,
0x000002bae1464e40, 0x000002bae1469670, 0x000002bae146a390, 0x000002bae1468950,
0x000002bae146b740, 0x000002bae146aa20, 0x000002bae146b0b0, 0x000002bae146bdd0,
0x000002bae146c460, 0x000002bae146d810, 0x000002bae146caf0, 0x000002bae146f250,
0x000002bae146ebc0, 0x000002bae146e530, 0x000002bae146dea0, 0x000002bae146d180,
0x000002bae146f8e0, 0x000002bae1470600, 0x000002bae1470c90, 0x000002bae1471320,
0x000002bae146ff70, 0x000002bae14719b0, 0x000002bae6d80520, 0x000002bae6d80bb0,
0x000002bae6d818d0, 0x000002bae6d81240, 0x000002bae6d7eae0, 0x000002bae6d7f170,
0x000002bae6d84030, 0x000002bae6d853e0, 0x000002bae6d839a0, 0x000002bae6d82c80,
0x000002bae6d85a70, 0x000002bae6d83310, 0x000002bae6d846c0, 0x000002bae6d84d50,
0x000002bae6d825f0, 0x000002bae6d89580, 0x000002bae6d86100, 0x000002bae6d89c10,
0x000002bae6d88ef0, 0x000002bae6d874b0, 0x000002bae6d88860, 0x000002bae6d881d0,
0x000002bae6d86790, 0x000002bae6d8a2a0, 0x000002bae6d86e20, 0x000002bae6d8afc0,
0x000002bae6d8ddb0, 0x000002bae6d8bce0, 0x000002bae6d8d090, 0x000002bae6d8c370,
0x000002bae6d8a930, 0x000002bae6d8b650, 0x000002bae6d8ca00, 0x000002bae6d8d720,
0x000002bae6d9d270, 0x000002bae6d9ab10, 0x000002bae6d9b1a0, 0x000002bae6d9c550,
0x000002bae6d9ecb0, 0x000002bae6d9cbe0, 0x000002bae6d9df90, 0x000002bae6d9b830,
0x000002bae6d9f340, 0x000002bae6d9bec0, 0x000002bae6da1aa0, 0x000002bae6da2e50,
0x000002bae6da34e0, 0x000002bae6da0060, 0x000002bae6da3b70, 0x000002bae6da06f0,
0x000002bae6da1410, 0x000002bae6da27c0, 0x000002bae6da2130, 0x000002bae6da7680,
0x000002bae6da6960, 0x000002bae6da4200, 0x000002bae6da7d10, 0x000002bae6da4890,
0x000002bae6da4f20, 0x000002bade1add20, 0x000002bae6da6ff0, 0x000002bae6da83a0,
0x000002bae6da8a30, 0x000002bae6da55b0, 0x000002bae6da90c0, 0x000002bae6da5c40,
0x000002bae6da9750, 0x000002bae6da62d0, 0x000002bae6da9de0, 0x000002bae265ddb0,
0x000002bade1aff30, 0x000002bae265f160, 0x000002bae2660ba0, 0x000002bae2660510,
0x000002bae265d720, 0x000002bae2661230, 0x000002bae265e440, 0x000002bae2663990,
0x000002bae26618c0, 0x000002bae2663300, 0x000002bae2664020, 0x000002bae2664d40,
0x000002bae2662c70, 0x000002bae26653d0, 0x000002bae2661f50, 0x000002bae2665a60,
0x000002bae26625e0, 0x000002bae26681c0, 0x000002bae2668850, 0x000002bae2669570,
0x000002bae26660f0, 0x000002bae2669c00, 0x000002bae26674a0, 0x000002bae2666780,
0x000002bae2667b30, 0x000002bae266a290, 0x000002bae2666e10, 0x000002bae266a920,
0x000002bae266afb0, 0x000002bae266c360, 0x000002bae266b640, 0x000002bae266bcd0,
0x000002bae4d82480, 0x000002bae4d81df0, 0x000002bae4d82b10, 0x000002bae4d83830,
0x000002bae4d803b0, 0x000002bae4d83ec0, 0x000002bae4d80a40, 0x000002bae4d810d0,
0x000002bae4d81760, 0x000002bae4d86cb0, 0x000002bae4d89410, 0x000002bae4d87340,
0x000002bae4d85f90, 0x000002bae4d88060, 0x000002bae4d8a7c0, 0x000002bae4d8ae50,
0x000002bad9c753e0, 0x000002bae34ac700, 0x000002bae7198cb0, 0x000002bae71999d0,
0x000002bae719a060, 0x000002bae7197900, 0x000002bae7196be0, 0x000002bae719a6f0,
0x000002bae7197270, 0x000002bae719ad80, 0x000002bae719b410, 0x000002bae7197f90,
0x000002bae719baa0, 0x000002bae7198620, 0x000002bae719e890, 0x000002bae719ef20,
0x000002bae719c130, 0x000002bae719d4e0, 0x000002bae719c7c0, 0x000002bae719db70,
0x000002bae719f5b0, 0x000002bae719e200, 0x000002bae719fc40, 0x000002bae71a02d0,
0x000002bae71b2a20, 0x000002bae71b3dd0, 0x000002bae71b1d00, 0x000002bae71b4460,
0x000002bae719ce50, 0x000002bae71a3750, 0x000002bae71a1d10, 0x000002bae71a3de0,
0x000002bae71a2a30, 0x000002bae71a0960, 0x000002bae71a4470, 0x000002bae71a23a0,
0x000002bae71a30c0, 0x000002bae71a0ff0, 0x000002bae71a4b00, 0x000002bae71a1680,
0x000002bae71a7260, 0x000002bae71a7f80, 0x000002bae71a5190, 0x000002bae71a8610,
0x000002bae71a5eb0, 0x000002bae71a6540, 0x000002bae71a78f0, 0x000002bae71a5820,
0x000002bae71a6bd0, 0x000002bae71ab400, 0x000002bae71aba90, 0x000002bae71aa6e0,
0x000002bae71aad70, 0x000002bae71a99c0, 0x000002bae71ac120, 0x000002bae71a8ca0,
0x000002bae71a9330, 0x000002bae71ad4d0, 0x000002bae71ace40, 0x000002bae71aa050,
0x000002bae71adb60, 0x000002bae71ae1f0, 0x000002bae71aef10, 0x000002bae71af5a0,
0x000002bae71afc30, 0x000002bae71b02c0, 0x000002bae71b0950, 0x000002bae71ae880,
0x000002bae4eaf4f0, 0x000002bae4eaee60, 0x000002bae4ead420, 0x000002bae4eac700,
0x000002bae4eadab0, 0x000002bae4eacd90, 0x000002bae4eae140, 0x000002bae4eac070,
0x000002bae4eae7d0, 0x000002bae4eb0210, 0x000002bae4eb22e0, 0x000002bae4eb08a0,
0x000002bae4eb2970, 0x000002bae4eafb80, 0x000002bae4eb15c0, 0x000002bae6ad8510,
0x000002bae6ad7160, 0x000002bae6adac70, 0x000002bae6adb300, 0x000002bae6adb990,
0x000002bae6adc020, 0x000002bae6ad8ba0, 0x000002bae6adc6b0, 0x000002bae6ad9230,
0x000002bae6adee10, 0x000002bae6adcd40, 0x000002bae6ae01c0, 0x000002bae6adfb30,
0x000002bae6ade780, 0x000002bae6adf4a0, 0x000002bae6ae0850, 0x000002bae6add3d0,
0x000002bae6adda60, 0x000002bae6ae0ee0, 0x000002bae6ae1570, 0x000002bae6ade0f0,
0x000002bae6ae5080, 0x000002bae6ae1c00, 0x000002bae6ae3cd0, 0x000002bae6ae3640,
0x000002bae6ae4360, 0x000002bae6ae49f0, 0x000002bae6ae2fb0, 0x000002bae6ae5710,
0x000002bae6ae2290, 0x000002bae6ae2920, 0x000002bae6ae5da0, 0x000002bae6ae6430,
0x000002bae6ae6ac0, 0x000002bae6ae9f40, 0x000002bae6ae9220, 0x000002bae6ae98b0,
0x000002bae6aea5d0, 0x000002bae6ae8500, 0x000002bae6ae7150, 0x000002bae6aeac60,
0x000002bae6ae77e0, 0x000002bae6aeb2f0, 0x000002bae6ae7e70, 0x000002bae6aeb980,
0x000002bae6ae8b90, 0x000002bae6aec010, 0x000002bae5e9b9b0, 0x000002bae5e9ac90,
0x000002bae5e9cd60, 0x000002bae5e9da80, 0x000002bae5e9d3f0, 0x000002bae5e9a600,
0x000002bae5e9c040, 0x000002bae5e9c6d0, 0x000002bae5e9e7a0, 0x000002bae5e9e110,
0x000002bae5e9b320, 0x000002bae5e9ee30, 0x000002bae5ea01e0, 0x000002bae5ea0870,
0x000002bae5e9fb50, 0x000002bae5ea1c20, 0x000002bae5ea2940, 0x000002bae5ea0f00,
0x000002bae5e9f4c0, 0x000002bae5ea3660, 0x000002bae5ea22b0, 0x000002bae5ea1590,
0x000002bae5ea6450, 0x000002bae5ea4a10, 0x000002bae5ea5dc0, 0x000002bae5ea2fd0,
0x000002bae5ea5730, 0x000002bae5ea6ae0, 0x000002bae5ea3cf0, 0x000002bae5ea50a0,
0x000002bae5ea7170, 0x000002bae5ea7800, 0x000002bae5ea4380
}

Java Threads: ( => current thread )
  0x000002bac08aa2e0 JavaThread "main"                              [_thread_blocked, id=11108, stack(0x000000f498500000,0x000000f498600000) (1024K)]
  0x000002bad9bb3190 JavaThread "Common-Cleaner"             daemon [_thread_blocked, id=17052, stack(0x000000f498d00000,0x000000f498e00000) (1024K)]
  0x000002bad9c06e90 JavaThread "Reference Handler"          daemon [_thread_blocked, id=18792, stack(0x000000f498e00000,0x000000f498f00000) (1024K)]
  0x000002bad9bd9050 JavaThread "Finalizer"                  daemon [_thread_blocked, id=4836, stack(0x000000f498f00000,0x000000f499000000) (1024K)]
  0x000002bad9bda230 JavaThread "Signal Dispatcher"          daemon [_thread_blocked, id=3888, stack(0x000000f499000000,0x000000f499100000) (1024K)]
  0x000002bad9c3b8f0 JavaThread "Attach Listener"            daemon [_thread_blocked, id=13520, stack(0x000000f499100000,0x000000f499200000) (1024K)]
  0x000002bad9c49070 JavaThread "Service Thread"             daemon [_thread_blocked, id=6092, stack(0x000000f499200000,0x000000f499300000) (1024K)]
  0x000002bad9c496e0 JavaThread "Monitor Deflation Thread"   daemon [_thread_blocked, id=12540, stack(0x000000f499300000,0x000000f499400000) (1024K)]
=>0x000002bad9c52cc0 JavaThread "C2 CompilerThread0"         daemon [_thread_in_native, id=21908, stack(0x000000f499400000,0x000000f499500000) (1024K)]
  0x000002bad9c76f20 JavaThread "C1 CompilerThread0"         daemon [_thread_blocked, id=21532, stack(0x000000f499500000,0x000000f499600000) (1024K)]
  0x000002bade0e4e10 JavaThread "Notification Thread"        daemon [_thread_blocked, id=13556, stack(0x000000f499700000,0x000000f499800000) (1024K)]
  0x000002badfbf6420 JavaThread "Daemon health stats"               [_thread_blocked, id=13852, stack(0x000000f49a300000,0x000000f49a400000) (1024K)]
  0x000002badfcf16b0 JavaThread "Incoming local TCP Connector on port 55713"        [_thread_in_native, id=14268, stack(0x000000f49a800000,0x000000f49a900000) (1024K)]
  0x000002badfd053a0 JavaThread "Daemon periodic checks"            [_thread_blocked, id=23104, stack(0x000000f49a900000,0x000000f49aa00000) (1024K)]
  0x000002badfcd6460 JavaThread "Cache worker for journal cache (C:\Users\COMPUTER\.gradle\caches\journal-1)"        [_thread_blocked, id=9932, stack(0x000000f49bb00000,0x000000f49bc00000) (1024K)]
  0x000002badfcd6af0 JavaThread "File lock request listener"        [_thread_in_native, id=14200, stack(0x000000f49bc00000,0x000000f49bd00000) (1024K)]
  0x000002badfcd7180 JavaThread "Cache worker for file hash cache (C:\Users\COMPUTER\.gradle\caches\8.13\fileHashes)"        [_thread_in_vm, id=13764, stack(0x000000f49bd00000,0x000000f49be00000) (1024K)] _threads_hazard_ptr=0x000002baee516f60
  0x000002bae3393fd0 JavaThread "File watcher server"        daemon [_thread_in_native, id=9428, stack(0x000000f49c400000,0x000000f49c500000) (1024K)]
  0x000002bae33932b0 JavaThread "File watcher consumer"      daemon [_thread_blocked, id=15632, stack(0x000000f49c500000,0x000000f49c600000) (1024K)]
  0x000002bae33960a0 JavaThread "jar transforms"                    [_thread_blocked, id=14552, stack(0x000000f49c600000,0x000000f49c700000) (1024K)]
  0x000002bae3394660 JavaThread "jar transforms Thread 2"           [_thread_blocked, id=24308, stack(0x000000f49c700000,0x000000f49c800000) (1024K)]
  0x000002bae3393940 JavaThread "jar transforms Thread 3"           [_thread_blocked, id=16844, stack(0x000000f49c800000,0x000000f49c900000) (1024K)]
  0x000002bae3395a10 JavaThread "jar transforms Thread 4"           [_thread_blocked, id=23312, stack(0x000000f49c900000,0x000000f49ca00000) (1024K)]
  0x000002bae3394cf0 JavaThread "jar transforms Thread 5"           [_thread_blocked, id=1260, stack(0x000000f49ca00000,0x000000f49cb00000) (1024K)]
  0x000002bae3395380 JavaThread "jar transforms Thread 6"           [_thread_blocked, id=1004, stack(0x000000f49cb00000,0x000000f49cc00000) (1024K)]
  0x000002bae3392c20 JavaThread "jar transforms Thread 7"           [_thread_blocked, id=24008, stack(0x000000f49cc00000,0x000000f49cd00000) (1024K)]
  0x000002bae3398800 JavaThread "jar transforms Thread 8"           [_thread_blocked, id=16536, stack(0x000000f49cd00000,0x000000f49ce00000) (1024K)]
  0x000002bae3397450 JavaThread "jar transforms Thread 9"           [_thread_blocked, id=12472, stack(0x000000f49ce00000,0x000000f49cf00000) (1024K)]
  0x000002bae3399bb0 JavaThread "jar transforms Thread 10"          [_thread_blocked, id=20968, stack(0x000000f49cf00000,0x000000f49d000000) (1024K)]
  0x000002bae3399520 JavaThread "jar transforms Thread 11"          [_thread_blocked, id=24368, stack(0x000000f49d000000,0x000000f49d100000) (1024K)]
  0x000002bae3398e90 JavaThread "jar transforms Thread 12"          [_thread_blocked, id=8428, stack(0x000000f49d100000,0x000000f49d200000) (1024K)]
  0x000002bae3396730 JavaThread "jar transforms Thread 13"          [_thread_blocked, id=20920, stack(0x000000f49d200000,0x000000f49d300000) (1024K)]
  0x000002bae339a240 JavaThread "jar transforms Thread 14"          [_thread_blocked, id=8680, stack(0x000000f49d300000,0x000000f49d400000) (1024K)]
  0x000002bae3396dc0 JavaThread "jar transforms Thread 15"          [_thread_blocked, id=24668, stack(0x000000f49d400000,0x000000f49d500000) (1024K)]
  0x000002bae3397ae0 JavaThread "jar transforms Thread 16"          [_thread_blocked, id=15140, stack(0x000000f49d500000,0x000000f49d600000) (1024K)]
  0x000002bae3398170 JavaThread "jar transforms Thread 17"          [_thread_blocked, id=1180, stack(0x000000f49d600000,0x000000f49d700000) (1024K)]
  0x000002bae02ee330 JavaThread "jar transforms Thread 18"          [_thread_blocked, id=1580, stack(0x000000f49d700000,0x000000f49d800000) (1024K)]
  0x000002bae02ebbd0 JavaThread "jar transforms Thread 19"          [_thread_blocked, id=23160, stack(0x000000f49d800000,0x000000f49d900000) (1024K)]
  0x000002bae02ee9c0 JavaThread "jar transforms Thread 20"          [_thread_blocked, id=20368, stack(0x000000f49d900000,0x000000f49da00000) (1024K)]
  0x000002bae02ef050 JavaThread "jar transforms Thread 21"          [_thread_blocked, id=22016, stack(0x000000f49da00000,0x000000f49db00000) (1024K)]
  0x000002bae02ecf80 JavaThread "jar transforms Thread 22"          [_thread_blocked, id=21384, stack(0x000000f49db00000,0x000000f49dc00000) (1024K)]
  0x000002bae02ec260 JavaThread "jar transforms Thread 23"          [_thread_blocked, id=21392, stack(0x000000f49dc00000,0x000000f49dd00000) (1024K)]
  0x000002bae02ef6e0 JavaThread "Cache worker for file content cache (C:\Users\COMPUTER\.gradle\caches\8.13\fileContent)"        [_thread_blocked, id=10628, stack(0x000000f49dd00000,0x000000f49de00000) (1024K)]
  0x000002bae02efd70 JavaThread "jar transforms Thread 24"          [_thread_blocked, id=13308, stack(0x000000f49de00000,0x000000f49df00000) (1024K)]
  0x000002bae02f0400 JavaThread "jar transforms Thread 25"          [_thread_blocked, id=22624, stack(0x000000f49e500000,0x000000f49e600000) (1024K)]
  0x000002bae02f1120 JavaThread "jar transforms Thread 26"          [_thread_blocked, id=20268, stack(0x000000f49e700000,0x000000f49e800000) (1024K)]
  0x000002badffa0830 JavaThread "jar transforms Thread 27"          [_thread_blocked, id=22456, stack(0x000000f49f900000,0x000000f49fa00000) (1024K)]
  0x000002bae4eb3690 JavaThread "Memory manager"                    [_thread_blocked, id=17380, stack(0x000000f499a00000,0x000000f499b00000) (1024K)]
  0x000002bae6da0d80 JavaThread "jar transforms Thread 28"          [_thread_blocked, id=2800, stack(0x000000f49ad00000,0x000000f49ae00000) (1024K)]
  0x000002bae6d9d900 JavaThread "Daemon Thread 5"                   [_thread_blocked, id=4800, stack(0x000000f498200000,0x000000f498300000) (1024K)]
  0x000002bae6d9e620 JavaThread "Daemon worker Thread 5"            [_thread_blocked, id=18892, stack(0x000000f499600000,0x000000f499700000) (1024K)]
  0x000002bae265ead0 JavaThread "included builds"                   [_thread_blocked, id=14580, stack(0x000000f4a2200000,0x000000f4a2300000) (1024K)]
  0x000002bae14547c0 JavaThread "VFS cleanup Thread 5"              [_thread_blocked, id=23048, stack(0x000000f499800000,0x000000f499900000) (1024K)]
  0x000002bae14526f0 JavaThread "Handler for socket connection from /127.0.0.1:55713 to /127.0.0.1:57920"        [_thread_in_native, id=22500, stack(0x000000f498300000,0x000000f498400000) (1024K)]
  0x000002bae1454e50 JavaThread "Cancel handler"                    [_thread_blocked, id=21248, stack(0x000000f498400000,0x000000f498500000) (1024K)]
  0x000002bae1453410 JavaThread "Asynchronous log dispatcher for DefaultDaemonConnection: socket connection from /127.0.0.1:55713 to /127.0.0.1:57920"        [_thread_blocked, id=20424, stack(0x000000f499900000,0x000000f499a00000) (1024K)]
  0x000002bae1456200 JavaThread "Stdin handler"                     [_thread_blocked, id=23072, stack(0x000000f499b00000,0x000000f499c00000) (1024K)]
  0x000002bae1452d80 JavaThread "Daemon client event forwarder"        [_thread_blocked, id=18496, stack(0x000000f49a100000,0x000000f49a200000) (1024K)]
  0x000002bae1456890 JavaThread "Cache worker for file hash cache (D:\project_1.4v\.gradle\8.13\fileHashes)"        [_thread_blocked, id=23036, stack(0x000000f49ab00000,0x000000f49ac00000) (1024K)]
  0x000002bae1456f20 JavaThread "Cache worker for Build Output Cleanup Cache (D:\project_1.4v\.gradle\buildOutputCleanup)"        [_thread_blocked, id=18808, stack(0x000000f49ac00000,0x000000f49ad00000) (1024K)]
  0x000002bae14554e0 JavaThread "Cache worker for checksums cache (D:\project_1.4v\.gradle\8.13\checksums)"        [_thread_blocked, id=14824, stack(0x000000f49b800000,0x000000f49b900000) (1024K)]
  0x000002bae1455b70 JavaThread "Cache worker for cache directory md-supplier (C:\Users\COMPUTER\.gradle\caches\8.13\md-supplier)"        [_thread_blocked, id=24620, stack(0x000000f49b900000,0x000000f49ba00000) (1024K)]
  0x000002bae1453aa0 JavaThread "Cache worker for cache directory md-rule (C:\Users\COMPUTER\.gradle\caches\8.13\md-rule)"        [_thread_blocked, id=14756, stack(0x000000f49ba00000,0x000000f49bb00000) (1024K)]
  0x000002bae14575b0 JavaThread "Unconstrained build operations"        [_thread_blocked, id=12156, stack(0x000000f49c200000,0x000000f49c300000) (1024K)]
  0x000002bae1454130 JavaThread "Unconstrained build operations Thread 2"        [_thread_blocked, id=24572, stack(0x000000f49c300000,0x000000f49c400000) (1024K)]
  0x000002bae145a3a0 JavaThread "Unconstrained build operations Thread 3"        [_thread_blocked, id=19744, stack(0x000000f49df00000,0x000000f49e000000) (1024K)]
  0x000002bae145aa30 JavaThread "Unconstrained build operations Thread 4"        [_thread_blocked, id=9512, stack(0x000000f49e000000,0x000000f49e100000) (1024K)]
  0x000002bae1457c40 JavaThread "Unconstrained build operations Thread 5"        [_thread_blocked, id=21932, stack(0x000000f49e100000,0x000000f49e200000) (1024K)]
  0x000002bae1459680 JavaThread "Unconstrained build operations Thread 6"        [_thread_blocked, id=16012, stack(0x000000f49e200000,0x000000f49e300000) (1024K)]
  0x000002bae1459d10 JavaThread "Unconstrained build operations Thread 7"        [_thread_blocked, id=8480, stack(0x000000f49e300000,0x000000f49e400000) (1024K)]
  0x000002bae145b0c0 JavaThread "Unconstrained build operations Thread 8"        [_thread_blocked, id=23676, stack(0x000000f49e400000,0x000000f49e500000) (1024K)]
  0x000002bae14582d0 JavaThread "Unconstrained build operations Thread 9"        [_thread_blocked, id=10384, stack(0x000000f49e600000,0x000000f49e700000) (1024K)]
  0x000002bae145b750 JavaThread "Unconstrained build operations Thread 10"        [_thread_blocked, id=17684, stack(0x000000f49e800000,0x000000f49e900000) (1024K)]
  0x000002bae1458960 JavaThread "Unconstrained build operations Thread 11"        [_thread_blocked, id=9924, stack(0x000000f49e900000,0x000000f49ea00000) (1024K)]
  0x000002bae145c470 JavaThread "Unconstrained build operations Thread 12"        [_thread_blocked, id=24404, stack(0x000000f49ea00000,0x000000f49eb00000) (1024K)]
  0x000002bae1458ff0 JavaThread "Unconstrained build operations Thread 13"        [_thread_blocked, id=20108, stack(0x000000f49eb00000,0x000000f49ec00000) (1024K)]
  0x000002bae145d820 JavaThread "Unconstrained build operations Thread 14"        [_thread_blocked, id=26024, stack(0x000000f49ec00000,0x000000f49ed00000) (1024K)]
  0x000002bae145f8f0 JavaThread "Unconstrained build operations Thread 15"        [_thread_blocked, id=25296, stack(0x000000f49ed00000,0x000000f49ee00000) (1024K)]
  0x000002bae145f260 JavaThread "Unconstrained build operations Thread 16"        [_thread_blocked, id=18064, stack(0x000000f49ee00000,0x000000f49ef00000) (1024K)]
  0x000002bae145d190 JavaThread "Unconstrained build operations Thread 17"        [_thread_blocked, id=10188, stack(0x000000f49ef00000,0x000000f49f000000) (1024K)]
  0x000002bae145deb0 JavaThread "Unconstrained build operations Thread 18"        [_thread_blocked, id=13648, stack(0x000000f49f000000,0x000000f49f100000) (1024K)]
  0x000002bae145e540 JavaThread "Unconstrained build operations Thread 19"        [_thread_blocked, id=16600, stack(0x000000f49f100000,0x000000f49f200000) (1024K)]
  0x000002bae145ff80 JavaThread "Unconstrained build operations Thread 20"        [_thread_blocked, id=10832, stack(0x000000f49f200000,0x000000f49f300000) (1024K)]
  0x000002bae145ebd0 JavaThread "Unconstrained build operations Thread 21"        [_thread_blocked, id=26000, stack(0x000000f49f300000,0x000000f49f400000) (1024K)]
  0x000002bae145cb00 JavaThread "Unconstrained build operations Thread 22"        [_thread_blocked, id=16552, stack(0x000000f49f400000,0x000000f49f500000) (1024K)]
  0x000002bae1460610 JavaThread "Unconstrained build operations Thread 23"        [_thread_blocked, id=15388, stack(0x000000f49f500000,0x000000f49f600000) (1024K)]
  0x000002bae1463400 JavaThread "Unconstrained build operations Thread 24"        [_thread_blocked, id=22840, stack(0x000000f49f600000,0x000000f49f700000) (1024K)]
  0x000002bae1463a90 JavaThread "Unconstrained build operations Thread 25"        [_thread_blocked, id=19808, stack(0x000000f49f700000,0x000000f49f800000) (1024K)]
  0x000002bae1464120 JavaThread "Unconstrained build operations Thread 26"        [_thread_blocked, id=14596, stack(0x000000f49f800000,0x000000f49f900000) (1024K)]
  0x000002bae1461330 JavaThread "Unconstrained build operations Thread 27"        [_thread_blocked, id=20316, stack(0x000000f49fa00000,0x000000f49fb00000) (1024K)]
  0x000002bae14619c0 JavaThread "Unconstrained build operations Thread 28"        [_thread_blocked, id=3700, stack(0x000000f49fb00000,0x000000f49fc00000) (1024K)]
  0x000002bae1462050 JavaThread "Unconstrained build operations Thread 29"        [_thread_blocked, id=10656, stack(0x000000f49fc00000,0x000000f49fd00000) (1024K)]
  0x000002bae1460ca0 JavaThread "Unconstrained build operations Thread 30"        [_thread_blocked, id=23848, stack(0x000000f49fd00000,0x000000f49fe00000) (1024K)]
  0x000002bae1462d70 JavaThread "Unconstrained build operations Thread 31"        [_thread_blocked, id=22264, stack(0x000000f49fe00000,0x000000f49ff00000) (1024K)]
  0x000002bae14626e0 JavaThread "Unconstrained build operations Thread 32"        [_thread_blocked, id=2132, stack(0x000000f49ff00000,0x000000f4a0000000) (1024K)]
  0x000002bae14654d0 JavaThread "Unconstrained build operations Thread 33"        [_thread_blocked, id=24108, stack(0x000000f4a0000000,0x000000f4a0100000) (1024K)]
  0x000002bae14661f0 JavaThread "Unconstrained build operations Thread 34"        [_thread_blocked, id=6512, stack(0x000000f4a0100000,0x000000f4a0200000) (1024K)]
  0x000002bae1467c30 JavaThread "Unconstrained build operations Thread 35"        [_thread_blocked, id=17936, stack(0x000000f4a0200000,0x000000f4a0300000) (1024K)]
  0x000002bae1465b60 JavaThread "Unconstrained build operations Thread 36"        [_thread_blocked, id=24732, stack(0x000000f4a0300000,0x000000f4a0400000) (1024K)]
  0x000002bae14647b0 JavaThread "Unconstrained build operations Thread 37"        [_thread_blocked, id=10564, stack(0x000000f4a0400000,0x000000f4a0500000) (1024K)]
  0x000002bae1466880 JavaThread "Unconstrained build operations Thread 38"        [_thread_blocked, id=21256, stack(0x000000f4a0600000,0x000000f4a0700000) (1024K)]
  0x000002bae1466f10 JavaThread "Unconstrained build operations Thread 39"        [_thread_blocked, id=2672, stack(0x000000f4a0700000,0x000000f4a0800000) (1024K)]
  0x000002bae14675a0 JavaThread "Unconstrained build operations Thread 40"        [_thread_blocked, id=13276, stack(0x000000f4a0800000,0x000000f4a0900000) (1024K)]
  0x000002bae14682c0 JavaThread "Unconstrained build operations Thread 41"        [_thread_blocked, id=3924, stack(0x000000f4a0900000,0x000000f4a0a00000) (1024K)]
  0x000002bae1464e40 JavaThread "Unconstrained build operations Thread 42"        [_thread_blocked, id=23924, stack(0x000000f4a0a00000,0x000000f4a0b00000) (1024K)]
  0x000002bae1469670 JavaThread "Unconstrained build operations Thread 43"        [_thread_blocked, id=23928, stack(0x000000f4a0b00000,0x000000f4a0c00000) (1024K)]
  0x000002bae146a390 JavaThread "Unconstrained build operations Thread 44"        [_thread_blocked, id=25728, stack(0x000000f4a0c00000,0x000000f4a0d00000) (1024K)]
  0x000002bae1468950 JavaThread "Unconstrained build operations Thread 45"        [_thread_blocked, id=9848, stack(0x000000f4a0d00000,0x000000f4a0e00000) (1024K)]
  0x000002bae146b740 JavaThread "Unconstrained build operations Thread 46"        [_thread_blocked, id=19040, stack(0x000000f4a0e00000,0x000000f4a0f00000) (1024K)]
  0x000002bae146aa20 JavaThread "Unconstrained build operations Thread 47"        [_thread_blocked, id=4424, stack(0x000000f4a0f00000,0x000000f4a1000000) (1024K)]
  0x000002bae146b0b0 JavaThread "Unconstrained build operations Thread 48"        [_thread_blocked, id=13280, stack(0x000000f4a1000000,0x000000f4a1100000) (1024K)]
  0x000002bae146bdd0 JavaThread "Unconstrained build operations Thread 49"        [_thread_blocked, id=26448, stack(0x000000f4a1100000,0x000000f4a1200000) (1024K)]
  0x000002bae146c460 JavaThread "Unconstrained build operations Thread 50"        [_thread_blocked, id=19108, stack(0x000000f4a1200000,0x000000f4a1300000) (1024K)]
  0x000002bae146d810 JavaThread "Unconstrained build operations Thread 51"        [_thread_blocked, id=22772, stack(0x000000f4a1300000,0x000000f4a1400000) (1024K)]
  0x000002bae146caf0 JavaThread "Unconstrained build operations Thread 52"        [_thread_blocked, id=21232, stack(0x000000f4a1400000,0x000000f4a1500000) (1024K)]
  0x000002bae146f250 JavaThread "Unconstrained build operations Thread 53"        [_thread_blocked, id=5156, stack(0x000000f4a1500000,0x000000f4a1600000) (1024K)]
  0x000002bae146ebc0 JavaThread "Unconstrained build operations Thread 54"        [_thread_blocked, id=13256, stack(0x000000f4a1600000,0x000000f4a1700000) (1024K)]
  0x000002bae146e530 JavaThread "Unconstrained build operations Thread 55"        [_thread_blocked, id=22300, stack(0x000000f4a1700000,0x000000f4a1800000) (1024K)]
  0x000002bae146dea0 JavaThread "Unconstrained build operations Thread 56"        [_thread_blocked, id=1600, stack(0x000000f4a1800000,0x000000f4a1900000) (1024K)]
  0x000002bae146d180 JavaThread "Unconstrained build operations Thread 57"        [_thread_blocked, id=15040, stack(0x000000f4a1900000,0x000000f4a1a00000) (1024K)]
  0x000002bae146f8e0 JavaThread "Unconstrained build operations Thread 58"        [_thread_blocked, id=15168, stack(0x000000f4a1a00000,0x000000f4a1b00000) (1024K)]
  0x000002bae1470600 JavaThread "Unconstrained build operations Thread 59"        [_thread_blocked, id=9800, stack(0x000000f4a1b00000,0x000000f4a1c00000) (1024K)]
  0x000002bae1470c90 JavaThread "Unconstrained build operations Thread 60"        [_thread_blocked, id=20008, stack(0x000000f4a1c00000,0x000000f4a1d00000) (1024K)]
  0x000002bae1471320 JavaThread "Unconstrained build operations Thread 61"        [_thread_blocked, id=3980, stack(0x000000f4a1d00000,0x000000f4a1e00000) (1024K)]
  0x000002bae146ff70 JavaThread "Unconstrained build operations Thread 62"        [_thread_blocked, id=12336, stack(0x000000f4a1e00000,0x000000f4a1f00000) (1024K)]
  0x000002bae14719b0 JavaThread "Unconstrained build operations Thread 63"        [_thread_blocked, id=1936, stack(0x000000f4a1f00000,0x000000f4a2000000) (1024K)]
  0x000002bae6d80520 JavaThread "Unconstrained build operations Thread 64"        [_thread_blocked, id=20876, stack(0x000000f4a2000000,0x000000f4a2100000) (1024K)]
  0x000002bae6d80bb0 JavaThread "build event listener"              [_thread_blocked, id=10516, stack(0x000000f4a2100000,0x000000f4a2200000) (1024K)]
  0x000002bae6d818d0 JavaThread "build event listener"              [_thread_blocked, id=24760, stack(0x000000f4a2300000,0x000000f4a2400000) (1024K)]
  0x000002bae6d81240 JavaThread "included builds"                   [_thread_blocked, id=20708, stack(0x000000f4a2500000,0x000000f4a2600000) (1024K)]
  0x000002bae6d7eae0 JavaThread "Execution worker"                  [_thread_blocked, id=11208, stack(0x000000f4a2600000,0x000000f4a2700000) (1024K)]
  0x000002bae6d7f170 JavaThread "Execution worker Thread 2"         [_thread_blocked, id=20328, stack(0x000000f4a2700000,0x000000f4a2800000) (1024K)]
  0x000002bae6d84030 JavaThread "Execution worker Thread 3"         [_thread_blocked, id=14516, stack(0x000000f4a2800000,0x000000f4a2900000) (1024K)]
  0x000002bae6d853e0 JavaThread "Execution worker Thread 4"         [_thread_blocked, id=18460, stack(0x000000f4a2900000,0x000000f4a2a00000) (1024K)]
  0x000002bae6d839a0 JavaThread "Execution worker Thread 5"         [_thread_blocked, id=16116, stack(0x000000f4a2a00000,0x000000f4a2b00000) (1024K)]
  0x000002bae6d82c80 JavaThread "Execution worker Thread 6"         [_thread_blocked, id=18340, stack(0x000000f4a2b00000,0x000000f4a2c00000) (1024K)]
  0x000002bae6d85a70 JavaThread "Execution worker Thread 7"         [_thread_in_native, id=1908, stack(0x000000f4a2c00000,0x000000f4a2d00000) (1024K)]
  0x000002bae6d83310 JavaThread "Execution worker Thread 8"         [_thread_blocked, id=19152, stack(0x000000f4a2d00000,0x000000f4a2e00000) (1024K)]
  0x000002bae6d846c0 JavaThread "Execution worker Thread 9"         [_thread_blocked, id=22952, stack(0x000000f4a2e00000,0x000000f4a2f00000) (1024K)]
  0x000002bae6d84d50 JavaThread "Execution worker Thread 10"        [_thread_blocked, id=15096, stack(0x000000f4a2f00000,0x000000f4a3000000) (1024K)]
  0x000002bae6d825f0 JavaThread "Execution worker Thread 11"        [_thread_blocked, id=3468, stack(0x000000f4a3000000,0x000000f4a3100000) (1024K)]
  0x000002bae6d89580 JavaThread "Execution worker Thread 12"        [_thread_blocked, id=16028, stack(0x000000f4a3100000,0x000000f4a3200000) (1024K)]
  0x000002bae6d86100 JavaThread "Execution worker Thread 13"        [_thread_blocked, id=24896, stack(0x000000f4a3200000,0x000000f4a3300000) (1024K)]
  0x000002bae6d89c10 JavaThread "Execution worker Thread 14"        [_thread_blocked, id=16812, stack(0x000000f4a3300000,0x000000f4a3400000) (1024K)]
  0x000002bae6d88ef0 JavaThread "Execution worker Thread 15"        [_thread_blocked, id=6016, stack(0x000000f4a3400000,0x000000f4a3500000) (1024K)]
  0x000002bae6d874b0 JavaThread "Execution worker Thread 16"        [_thread_blocked, id=20812, stack(0x000000f4a3500000,0x000000f4a3600000) (1024K)]
  0x000002bae6d88860 JavaThread "Execution worker Thread 17"        [_thread_blocked, id=14172, stack(0x000000f4a3600000,0x000000f4a3700000) (1024K)]
  0x000002bae6d881d0 JavaThread "Execution worker Thread 18"        [_thread_blocked, id=13452, stack(0x000000f4a3700000,0x000000f4a3800000) (1024K)]
  0x000002bae6d86790 JavaThread "Execution worker Thread 19"        [_thread_blocked, id=17980, stack(0x000000f4a3800000,0x000000f4a3900000) (1024K)]
  0x000002bae6d8a2a0 JavaThread "Execution worker Thread 20"        [_thread_blocked, id=5668, stack(0x000000f4a3900000,0x000000f4a3a00000) (1024K)]
  0x000002bae6d86e20 JavaThread "Execution worker Thread 21"        [_thread_blocked, id=21160, stack(0x000000f4a3a00000,0x000000f4a3b00000) (1024K)]
  0x000002bae6d8afc0 JavaThread "Execution worker Thread 22"        [_thread_blocked, id=23212, stack(0x000000f4a3b00000,0x000000f4a3c00000) (1024K)]
  0x000002bae6d8ddb0 JavaThread "Execution worker Thread 23"        [_thread_blocked, id=15112, stack(0x000000f4a3c00000,0x000000f4a3d00000) (1024K)]
  0x000002bae6d8bce0 JavaThread "Execution worker Thread 24"        [_thread_blocked, id=17796, stack(0x000000f4a3d00000,0x000000f4a3e00000) (1024K)]
  0x000002bae6d8d090 JavaThread "Execution worker Thread 25"        [_thread_blocked, id=11672, stack(0x000000f4a3e00000,0x000000f4a3f00000) (1024K)]
  0x000002bae6d8c370 JavaThread "Execution worker Thread 26"        [_thread_blocked, id=9552, stack(0x000000f4a3f00000,0x000000f4a4000000) (1024K)]
  0x000002bae6d8a930 JavaThread "Execution worker Thread 27"        [_thread_blocked, id=18144, stack(0x000000f4a4000000,0x000000f4a4100000) (1024K)]
  0x000002bae6d8b650 JavaThread "Cache worker for execution history cache (D:\project_1.4v\.gradle\8.13\executionHistory)"        [_thread_blocked, id=11092, stack(0x000000f4a4300000,0x000000f4a4400000) (1024K)]
  0x000002bae6d8ca00 JavaThread "Unconstrained build operations Thread 65"        [_thread_blocked, id=11824, stack(0x000000f49a200000,0x000000f49a300000) (1024K)]
  0x000002bae6d8d720 JavaThread "Unconstrained build operations Thread 66"        [_thread_blocked, id=15012, stack(0x000000f4a0500000,0x000000f4a0600000) (1024K)]
  0x000002bae6d9d270 JavaThread "Unconstrained build operations Thread 67"        [_thread_blocked, id=21688, stack(0x000000f4a2400000,0x000000f4a2500000) (1024K)]
  0x000002bae6d9ab10 JavaThread "Unconstrained build operations Thread 68"        [_thread_blocked, id=17996, stack(0x000000f4a4400000,0x000000f4a4500000) (1024K)]
  0x000002bae6d9b1a0 JavaThread "Unconstrained build operations Thread 69"        [_thread_blocked, id=17800, stack(0x000000f4a4500000,0x000000f4a4600000) (1024K)]
  0x000002bae6d9c550 JavaThread "Unconstrained build operations Thread 70"        [_thread_blocked, id=22380, stack(0x000000f4a4600000,0x000000f4a4700000) (1024K)]
  0x000002bae6d9ecb0 JavaThread "Unconstrained build operations Thread 71"        [_thread_blocked, id=11668, stack(0x000000f4a4700000,0x000000f4a4800000) (1024K)]
  0x000002bae6d9cbe0 JavaThread "Unconstrained build operations Thread 72"        [_thread_blocked, id=15072, stack(0x000000f4a4800000,0x000000f4a4900000) (1024K)]
  0x000002bae6d9df90 JavaThread "Unconstrained build operations Thread 73"        [_thread_blocked, id=26420, stack(0x000000f4a4900000,0x000000f4a4a00000) (1024K)]
  0x000002bae6d9b830 JavaThread "Unconstrained build operations Thread 74"        [_thread_blocked, id=11312, stack(0x000000f4a4a00000,0x000000f4a4b00000) (1024K)]
  0x000002bae6d9f340 JavaThread "Unconstrained build operations Thread 75"        [_thread_blocked, id=8556, stack(0x000000f4a4b00000,0x000000f4a4c00000) (1024K)]
  0x000002bae6d9bec0 JavaThread "Unconstrained build operations Thread 76"        [_thread_blocked, id=10372, stack(0x000000f4a4c00000,0x000000f4a4d00000) (1024K)]
  0x000002bae6da1aa0 JavaThread "Unconstrained build operations Thread 77"        [_thread_blocked, id=20672, stack(0x000000f4a4d00000,0x000000f4a4e00000) (1024K)]
  0x000002bae6da2e50 JavaThread "Unconstrained build operations Thread 78"        [_thread_blocked, id=1356, stack(0x000000f4a4e00000,0x000000f4a4f00000) (1024K)]
  0x000002bae6da34e0 JavaThread "Unconstrained build operations Thread 79"        [_thread_blocked, id=18852, stack(0x000000f4a4f00000,0x000000f4a5000000) (1024K)]
  0x000002bae6da0060 JavaThread "Unconstrained build operations Thread 80"        [_thread_blocked, id=18488, stack(0x000000f4a5000000,0x000000f4a5100000) (1024K)]
  0x000002bae6da3b70 JavaThread "Unconstrained build operations Thread 81"        [_thread_blocked, id=1428, stack(0x000000f4a5100000,0x000000f4a5200000) (1024K)]
  0x000002bae6da06f0 JavaThread "Unconstrained build operations Thread 82"        [_thread_blocked, id=10964, stack(0x000000f4a5200000,0x000000f4a5300000) (1024K)]
  0x000002bae6da1410 JavaThread "Unconstrained build operations Thread 83"        [_thread_blocked, id=9300, stack(0x000000f4a5300000,0x000000f4a5400000) (1024K)]
  0x000002bae6da27c0 JavaThread "Unconstrained build operations Thread 84"        [_thread_blocked, id=14300, stack(0x000000f4a5400000,0x000000f4a5500000) (1024K)]
  0x000002bae6da2130 JavaThread "Unconstrained build operations Thread 85"        [_thread_blocked, id=9524, stack(0x000000f4a5500000,0x000000f4a5600000) (1024K)]
  0x000002bae6da7680 JavaThread "Unconstrained build operations Thread 86"        [_thread_blocked, id=20344, stack(0x000000f4a5600000,0x000000f4a5700000) (1024K)]
  0x000002bae6da6960 JavaThread "Unconstrained build operations Thread 87"        [_thread_blocked, id=16008, stack(0x000000f4a5700000,0x000000f4a5800000) (1024K)]
  0x000002bae6da4200 JavaThread "Unconstrained build operations Thread 88"        [_thread_blocked, id=14752, stack(0x000000f4a5800000,0x000000f4a5900000) (1024K)]
  0x000002bae6da7d10 JavaThread "Unconstrained build operations Thread 89"        [_thread_blocked, id=9564, stack(0x000000f4a5900000,0x000000f4a5a00000) (1024K)]
  0x000002bae6da4890 JavaThread "Unconstrained build operations Thread 90"        [_thread_blocked, id=3040, stack(0x000000f4a5a00000,0x000000f4a5b00000) (1024K)]
  0x000002bae6da4f20 JavaThread "Unconstrained build operations Thread 91"        [_thread_blocked, id=23644, stack(0x000000f4a5b00000,0x000000f4a5c00000) (1024K)]
  0x000002bade1add20 JavaThread "C2 CompilerThread1"         daemon [_thread_blocked, id=11048, stack(0x000000f4a5c00000,0x000000f4a5d00000) (1024K)]
  0x000002bae6da6ff0 JavaThread "WorkerExecutor Queue"              [_thread_blocked, id=16972, stack(0x000000f4a5d00000,0x000000f4a5e00000) (1024K)]
  0x000002bae6da83a0 JavaThread "Unconstrained build operations Thread 92"        [_thread_blocked, id=6000, stack(0x000000f4a5e00000,0x000000f4a5f00000) (1024K)]
  0x000002bae6da8a30 JavaThread "Unconstrained build operations Thread 93"        [_thread_blocked, id=21020, stack(0x000000f4a5f00000,0x000000f4a6000000) (1024K)]
  0x000002bae6da55b0 JavaThread "Unconstrained build operations Thread 94"        [_thread_blocked, id=3184, stack(0x000000f4a6000000,0x000000f4a6100000) (1024K)]
  0x000002bae6da90c0 JavaThread "Unconstrained build operations Thread 95"        [_thread_blocked, id=22576, stack(0x000000f4a6100000,0x000000f4a6200000) (1024K)]
  0x000002bae6da5c40 JavaThread "Unconstrained build operations Thread 96"        [_thread_blocked, id=2988, stack(0x000000f4a6200000,0x000000f4a6300000) (1024K)]
  0x000002bae6da9750 JavaThread "Unconstrained build operations Thread 97"        [_thread_blocked, id=26528, stack(0x000000f4a6300000,0x000000f4a6400000) (1024K)]
  0x000002bae6da62d0 JavaThread "Unconstrained build operations Thread 98"        [_thread_blocked, id=19016, stack(0x000000f4a6400000,0x000000f4a6500000) (1024K)]
  0x000002bae6da9de0 JavaThread "Unconstrained build operations Thread 99"        [_thread_blocked, id=7668, stack(0x000000f4a6500000,0x000000f4a6600000) (1024K)]
  0x000002bae265ddb0 JavaThread "Unconstrained build operations Thread 100"        [_thread_blocked, id=12332, stack(0x000000f4a6700000,0x000000f4a6800000) (1024K)]
  0x000002bade1aff30 JavaThread "C2 CompilerThread2"         daemon [_thread_blocked, id=20352, stack(0x000000f4a6600000,0x000000f4a6700000) (1024K)]
  0x000002bae265f160 JavaThread "Unconstrained build operations Thread 101"        [_thread_blocked, id=19904, stack(0x000000f4a6800000,0x000000f4a6900000) (1024K)]
  0x000002bae2660ba0 JavaThread "Unconstrained build operations Thread 102"        [_thread_blocked, id=14828, stack(0x000000f4a6900000,0x000000f4a6a00000) (1024K)]
  0x000002bae2660510 JavaThread "Unconstrained build operations Thread 103"        [_thread_blocked, id=18928, stack(0x000000f4a6a00000,0x000000f4a6b00000) (1024K)]
  0x000002bae265d720 JavaThread "Unconstrained build operations Thread 104"        [_thread_blocked, id=16636, stack(0x000000f4a6b00000,0x000000f4a6c00000) (1024K)]
  0x000002bae2661230 JavaThread "Unconstrained build operations Thread 105"        [_thread_blocked, id=22480, stack(0x000000f4a6c00000,0x000000f4a6d00000) (1024K)]
  0x000002bae265e440 JavaThread "Unconstrained build operations Thread 106"        [_thread_blocked, id=22936, stack(0x000000f4a6d00000,0x000000f4a6e00000) (1024K)]
  0x000002bae2663990 JavaThread "Unconstrained build operations Thread 107"        [_thread_blocked, id=16472, stack(0x000000f4a6e00000,0x000000f4a6f00000) (1024K)]
  0x000002bae26618c0 JavaThread "Unconstrained build operations Thread 108"        [_thread_blocked, id=11816, stack(0x000000f4a6f00000,0x000000f4a7000000) (1024K)]
  0x000002bae2663300 JavaThread "Unconstrained build operations Thread 109"        [_thread_blocked, id=3664, stack(0x000000f4a7000000,0x000000f4a7100000) (1024K)]
  0x000002bae2664020 JavaThread "Unconstrained build operations Thread 110"        [_thread_blocked, id=12252, stack(0x000000f4a7100000,0x000000f4a7200000) (1024K)]
  0x000002bae2664d40 JavaThread "Unconstrained build operations Thread 111"        [_thread_blocked, id=14136, stack(0x000000f4a7200000,0x000000f4a7300000) (1024K)]
  0x000002bae2662c70 JavaThread "Unconstrained build operations Thread 112"        [_thread_blocked, id=14592, stack(0x000000f4a7400000,0x000000f4a7500000) (1024K)]
  0x000002bae26653d0 JavaThread "Unconstrained build operations Thread 113"        [_thread_blocked, id=23228, stack(0x000000f4a7500000,0x000000f4a7600000) (1024K)]
  0x000002bae2661f50 JavaThread "Unconstrained build operations Thread 114"        [_thread_blocked, id=15636, stack(0x000000f4a7600000,0x000000f4a7700000) (1024K)]
  0x000002bae2665a60 JavaThread "Unconstrained build operations Thread 115"        [_thread_blocked, id=3760, stack(0x000000f4a7700000,0x000000f4a7800000) (1024K)]
  0x000002bae26625e0 JavaThread "Unconstrained build operations Thread 116"        [_thread_blocked, id=18108, stack(0x000000f4a7800000,0x000000f4a7900000) (1024K)]
  0x000002bae26681c0 JavaThread "Unconstrained build operations Thread 117"        [_thread_blocked, id=10792, stack(0x000000f4a7900000,0x000000f4a7a00000) (1024K)]
  0x000002bae2668850 JavaThread "Unconstrained build operations Thread 118"        [_thread_blocked, id=3580, stack(0x000000f4a7a00000,0x000000f4a7b00000) (1024K)]
  0x000002bae2669570 JavaThread "Unconstrained build operations Thread 119"        [_thread_blocked, id=9780, stack(0x000000f4a7c00000,0x000000f4a7d00000) (1024K)]
  0x000002bae26660f0 JavaThread "WorkerExecutor Queue Thread 2"        [_thread_blocked, id=11336, stack(0x000000f4a7d00000,0x000000f4a7e00000) (1024K)]
  0x000002bae2669c00 JavaThread "Unconstrained build operations Thread 120"        [_thread_blocked, id=15944, stack(0x000000f4a7e00000,0x000000f4a7f00000) (1024K)]
  0x000002bae26674a0 JavaThread "Unconstrained build operations Thread 121"        [_thread_blocked, id=17732, stack(0x000000f4a7f00000,0x000000f4a8000000) (1024K)]
  0x000002bae2666780 JavaThread "Unconstrained build operations Thread 122"        [_thread_blocked, id=14992, stack(0x000000f4a8000000,0x000000f4a8100000) (1024K)]
  0x000002bae2667b30 JavaThread "Unconstrained build operations Thread 123"        [_thread_blocked, id=12248, stack(0x000000f4a8100000,0x000000f4a8200000) (1024K)]
  0x000002bae266a290 JavaThread "Unconstrained build operations Thread 124"        [_thread_blocked, id=14044, stack(0x000000f4a8400000,0x000000f4a8500000) (1024K)]
  0x000002bae2666e10 JavaThread "Unconstrained build operations Thread 125"        [_thread_blocked, id=17132, stack(0x000000f4a8500000,0x000000f4a8600000) (1024K)]
  0x000002bae266a920 JavaThread "Unconstrained build operations Thread 126"        [_thread_blocked, id=1084, stack(0x000000f4a8600000,0x000000f4a8700000) (1024K)]
  0x000002bae266afb0 JavaThread "Unconstrained build operations Thread 127"        [_thread_blocked, id=20256, stack(0x000000f4a8700000,0x000000f4a8800000) (1024K)]
  0x000002bae266c360 JavaThread "Unconstrained build operations Thread 128"        [_thread_blocked, id=23636, stack(0x000000f4a8800000,0x000000f4a8900000) (1024K)]
  0x000002bae266b640 JavaThread "Unconstrained build operations Thread 129"        [_thread_blocked, id=10096, stack(0x000000f4a8900000,0x000000f4a8a00000) (1024K)]
  0x000002bae266bcd0 JavaThread "Unconstrained build operations Thread 130"        [_thread_blocked, id=13952, stack(0x000000f4a8a00000,0x000000f4a8b00000) (1024K)]
  0x000002bae4d82480 JavaThread "Unconstrained build operations Thread 131"        [_thread_blocked, id=23800, stack(0x000000f4a8b00000,0x000000f4a8c00000) (1024K)]
  0x000002bae4d81df0 JavaThread "Unconstrained build operations Thread 132"        [_thread_blocked, id=20832, stack(0x000000f4a8c00000,0x000000f4a8d00000) (1024K)]
  0x000002bae4d82b10 JavaThread "Unconstrained build operations Thread 133"        [_thread_blocked, id=6100, stack(0x000000f4a8d00000,0x000000f4a8e00000) (1024K)]
  0x000002bae4d83830 JavaThread "Unconstrained build operations Thread 134"        [_thread_blocked, id=18976, stack(0x000000f4a8e00000,0x000000f4a8f00000) (1024K)]
  0x000002bae4d803b0 JavaThread "Unconstrained build operations Thread 135"        [_thread_blocked, id=23256, stack(0x000000f4a8f00000,0x000000f4a9000000) (1024K)]
  0x000002bae4d83ec0 JavaThread "Unconstrained build operations Thread 136"        [_thread_blocked, id=17620, stack(0x000000f4a9000000,0x000000f4a9100000) (1024K)]
  0x000002bae4d80a40 JavaThread "Unconstrained build operations Thread 137"        [_thread_blocked, id=24848, stack(0x000000f4a9100000,0x000000f4a9200000) (1024K)]
  0x000002bae4d810d0 JavaThread "Unconstrained build operations Thread 138"        [_thread_blocked, id=11980, stack(0x000000f4a9200000,0x000000f4a9300000) (1024K)]
  0x000002bae4d81760 JavaThread "Unconstrained build operations Thread 139"        [_thread_blocked, id=19268, stack(0x000000f4a9300000,0x000000f4a9400000) (1024K)]
  0x000002bae4d86cb0 JavaThread "Unconstrained build operations Thread 140"        [_thread_blocked, id=16432, stack(0x000000f4a9400000,0x000000f4a9500000) (1024K)]
  0x000002bae4d89410 JavaThread "Unconstrained build operations Thread 141"        [_thread_blocked, id=25672, stack(0x000000f4a9500000,0x000000f4a9600000) (1024K)]
  0x000002bae4d87340 JavaThread "Unconstrained build operations Thread 142"        [_thread_blocked, id=12376, stack(0x000000f4a9600000,0x000000f4a9700000) (1024K)]
  0x000002bae4d85f90 JavaThread "Unconstrained build operations Thread 143"        [_thread_blocked, id=19588, stack(0x000000f4a9700000,0x000000f4a9800000) (1024K)]
  0x000002bae4d88060 JavaThread "Unconstrained build operations Thread 144"        [_thread_blocked, id=23884, stack(0x000000f4a9800000,0x000000f4a9900000) (1024K)]
  0x000002bae4d8a7c0 JavaThread "Unconstrained build operations Thread 145"        [_thread_blocked, id=20156, stack(0x000000f4a9900000,0x000000f4a9a00000) (1024K)]
  0x000002bae4d8ae50 JavaThread "Unconstrained build operations Thread 146"        [_thread_blocked, id=10004, stack(0x000000f4a9a00000,0x000000f4a9b00000) (1024K)]
  0x000002bad9c753e0 JavaThread "C2 CompilerThread3"         daemon [_thread_blocked, id=18764, stack(0x000000f4a7300000,0x000000f4a7400000) (1024K)]
  0x000002bae34ac700 JavaThread "C2 CompilerThread4"         daemon [_thread_in_native, id=12924, stack(0x000000f4a7b00000,0x000000f4a7c00000) (1024K)]
  0x000002bae7198cb0 JavaThread "WorkerExecutor Queue Thread 3"        [_thread_blocked, id=14848, stack(0x000000f4a9e00000,0x000000f4a9f00000) (1024K)]
  0x000002bae71999d0 JavaThread "WorkerExecutor Queue Thread 4"        [_thread_blocked, id=19116, stack(0x000000f4a9f00000,0x000000f4aa000000) (1024K)]
  0x000002bae719a060 JavaThread "WorkerExecutor Queue Thread 5"        [_thread_blocked, id=24584, stack(0x000000f4aa000000,0x000000f4aa100000) (1024K)]
  0x000002bae7197900 JavaThread "WorkerExecutor Queue Thread 6"        [_thread_blocked, id=16616, stack(0x000000f4aa100000,0x000000f4aa200000) (1024K)]
  0x000002bae7196be0 JavaThread "WorkerExecutor Queue Thread 7"        [_thread_blocked, id=23540, stack(0x000000f4aa200000,0x000000f4aa300000) (1024K)]
  0x000002bae719a6f0 JavaThread "WorkerExecutor Queue Thread 8"        [_thread_blocked, id=3172, stack(0x000000f4aa300000,0x000000f4aa400000) (1024K)]
  0x000002bae7197270 JavaThread "WorkerExecutor Queue Thread 9"        [_thread_blocked, id=2948, stack(0x000000f4aa400000,0x000000f4aa500000) (1024K)]
  0x000002bae719ad80 JavaThread "WorkerExecutor Queue Thread 10"        [_thread_blocked, id=9536, stack(0x000000f4aa500000,0x000000f4aa600000) (1024K)]
  0x000002bae719b410 JavaThread "WorkerExecutor Queue Thread 11"        [_thread_blocked, id=24416, stack(0x000000f4aa600000,0x000000f4aa700000) (1024K)]
  0x000002bae7197f90 JavaThread "WorkerExecutor Queue Thread 12"        [_thread_blocked, id=16420, stack(0x000000f4aa700000,0x000000f4aa800000) (1024K)]
  0x000002bae719baa0 JavaThread "WorkerExecutor Queue Thread 13"        [_thread_blocked, id=3108, stack(0x000000f4aa800000,0x000000f4aa900000) (1024K)]
  0x000002bae7198620 JavaThread "WorkerExecutor Queue Thread 14"        [_thread_blocked, id=8956, stack(0x000000f4aa900000,0x000000f4aaa00000) (1024K)]
  0x000002bae719e890 JavaThread "WorkerExecutor Queue Thread 15"        [_thread_blocked, id=8140, stack(0x000000f4aaa00000,0x000000f4aab00000) (1024K)]
  0x000002bae719ef20 JavaThread "WorkerExecutor Queue Thread 16"        [_thread_blocked, id=24316, stack(0x000000f4aab00000,0x000000f4aac00000) (1024K)]
  0x000002bae719c130 JavaThread "WorkerExecutor Queue Thread 17"        [_thread_blocked, id=24160, stack(0x000000f4aac00000,0x000000f4aad00000) (1024K)]
  0x000002bae719d4e0 JavaThread "WorkerExecutor Queue Thread 18"        [_thread_blocked, id=26152, stack(0x000000f4aad00000,0x000000f4aae00000) (1024K)]
  0x000002bae719c7c0 JavaThread "WorkerExecutor Queue Thread 19"        [_thread_blocked, id=21652, stack(0x000000f4aae00000,0x000000f4aaf00000) (1024K)]
  0x000002bae719db70 JavaThread "WorkerExecutor Queue Thread 20"        [_thread_blocked, id=25880, stack(0x000000f4aaf00000,0x000000f4ab000000) (1024K)]
  0x000002bae719f5b0 JavaThread "WorkerExecutor Queue Thread 21"        [_thread_blocked, id=24840, stack(0x000000f4ab000000,0x000000f4ab100000) (1024K)]
  0x000002bae719e200 JavaThread "WorkerExecutor Queue Thread 22"        [_thread_blocked, id=21352, stack(0x000000f4ab100000,0x000000f4ab200000) (1024K)]
  0x000002bae719fc40 JavaThread "WorkerExecutor Queue Thread 23"        [_thread_blocked, id=24336, stack(0x000000f4ab200000,0x000000f4ab300000) (1024K)]
  0x000002bae71a02d0 JavaThread "WorkerExecutor Queue Thread 24"        [_thread_blocked, id=2512, stack(0x000000f4ab300000,0x000000f4ab400000) (1024K)]
  0x000002bae71b2a20 JavaThread "WorkerExecutor Queue Thread 25"        [_thread_blocked, id=5932, stack(0x000000f4ab400000,0x000000f4ab500000) (1024K)]
  0x000002bae71b3dd0 JavaThread "WorkerExecutor Queue Thread 26"        [_thread_blocked, id=21296, stack(0x000000f4ab500000,0x000000f4ab600000) (1024K)]
  0x000002bae71b1d00 JavaThread "WorkerExecutor Queue Thread 27"        [_thread_blocked, id=18972, stack(0x000000f4ab600000,0x000000f4ab700000) (1024K)]
  0x000002bae71b4460 JavaThread "WorkerExecutor Queue Thread 28"        [_thread_blocked, id=4676, stack(0x000000f4ab700000,0x000000f4ab800000) (1024K)]
  0x000002bae719ce50 JavaThread "Unconstrained build operations Thread 147"        [_thread_blocked, id=26224, stack(0x000000f4a9b00000,0x000000f4a9c00000) (1024K)]
  0x000002bae71a3750 JavaThread "Unconstrained build operations Thread 148"        [_thread_blocked, id=16252, stack(0x000000f4a9c00000,0x000000f4a9d00000) (1024K)]
  0x000002bae71a1d10 JavaThread "Unconstrained build operations Thread 149"        [_thread_blocked, id=26280, stack(0x000000f4a9d00000,0x000000f4a9e00000) (1024K)]
  0x000002bae71a3de0 JavaThread "Unconstrained build operations Thread 150"        [_thread_blocked, id=20176, stack(0x000000f4ab900000,0x000000f4aba00000) (1024K)]
  0x000002bae71a2a30 JavaThread "Unconstrained build operations Thread 151"        [_thread_blocked, id=25656, stack(0x000000f4aba00000,0x000000f4abb00000) (1024K)]
  0x000002bae71a0960 JavaThread "Unconstrained build operations Thread 152"        [_thread_blocked, id=18096, stack(0x000000f4abb00000,0x000000f4abc00000) (1024K)]
  0x000002bae71a4470 JavaThread "Unconstrained build operations Thread 153"        [_thread_blocked, id=23752, stack(0x000000f4abc00000,0x000000f4abd00000) (1024K)]
  0x000002bae71a23a0 JavaThread "Unconstrained build operations Thread 154"        [_thread_blocked, id=18592, stack(0x000000f4abd00000,0x000000f4abe00000) (1024K)]
  0x000002bae71a30c0 JavaThread "Unconstrained build operations Thread 155"        [_thread_blocked, id=16328, stack(0x000000f4abe00000,0x000000f4abf00000) (1024K)]
  0x000002bae71a0ff0 JavaThread "Unconstrained build operations Thread 156"        [_thread_blocked, id=23808, stack(0x000000f4abf00000,0x000000f4ac000000) (1024K)]
  0x000002bae71a4b00 JavaThread "Unconstrained build operations Thread 157"        [_thread_blocked, id=2288, stack(0x000000f4ac000000,0x000000f4ac100000) (1024K)]
  0x000002bae71a1680 JavaThread "Unconstrained build operations Thread 158"        [_thread_blocked, id=12492, stack(0x000000f4ac100000,0x000000f4ac200000) (1024K)]
  0x000002bae71a7260 JavaThread "Unconstrained build operations Thread 159"        [_thread_blocked, id=2668, stack(0x000000f4ac200000,0x000000f4ac300000) (1024K)]
  0x000002bae71a7f80 JavaThread "Unconstrained build operations Thread 160"        [_thread_blocked, id=16928, stack(0x000000f4ac300000,0x000000f4ac400000) (1024K)]
  0x000002bae71a5190 JavaThread "Unconstrained build operations Thread 161"        [_thread_blocked, id=22628, stack(0x000000f4ac400000,0x000000f4ac500000) (1024K)]
  0x000002bae71a8610 JavaThread "Unconstrained build operations Thread 162"        [_thread_blocked, id=1800, stack(0x000000f4ac500000,0x000000f4ac600000) (1024K)]
  0x000002bae71a5eb0 JavaThread "Unconstrained build operations Thread 163"        [_thread_blocked, id=3208, stack(0x000000f4ac600000,0x000000f4ac700000) (1024K)]
  0x000002bae71a6540 JavaThread "Unconstrained build operations Thread 164"        [_thread_blocked, id=7724, stack(0x000000f4ac700000,0x000000f4ac800000) (1024K)]
  0x000002bae71a78f0 JavaThread "Unconstrained build operations Thread 165"        [_thread_blocked, id=2848, stack(0x000000f4ac800000,0x000000f4ac900000) (1024K)]
  0x000002bae71a5820 JavaThread "Unconstrained build operations Thread 166"        [_thread_blocked, id=1368, stack(0x000000f4ac900000,0x000000f4aca00000) (1024K)]
  0x000002bae71a6bd0 JavaThread "Unconstrained build operations Thread 167"        [_thread_blocked, id=16412, stack(0x000000f4aca00000,0x000000f4acb00000) (1024K)]
  0x000002bae71ab400 JavaThread "Unconstrained build operations Thread 168"        [_thread_blocked, id=13136, stack(0x000000f4acb00000,0x000000f4acc00000) (1024K)]
  0x000002bae71aba90 JavaThread "Unconstrained build operations Thread 169"        [_thread_blocked, id=3192, stack(0x000000f4acc00000,0x000000f4acd00000) (1024K)]
  0x000002bae71aa6e0 JavaThread "Unconstrained build operations Thread 170"        [_thread_blocked, id=6112, stack(0x000000f4acd00000,0x000000f4ace00000) (1024K)]
  0x000002bae71aad70 JavaThread "Unconstrained build operations Thread 171"        [_thread_blocked, id=20488, stack(0x000000f4ace00000,0x000000f4acf00000) (1024K)]
  0x000002bae71a99c0 JavaThread "Unconstrained build operations Thread 172"        [_thread_blocked, id=9664, stack(0x000000f4acf00000,0x000000f4ad000000) (1024K)]
  0x000002bae71ac120 JavaThread "Unconstrained build operations Thread 173"        [_thread_blocked, id=25532, stack(0x000000f4ad000000,0x000000f4ad100000) (1024K)]
  0x000002bae71a8ca0 JavaThread "Unconstrained build operations Thread 174"        [_thread_blocked, id=18176, stack(0x000000f4ad100000,0x000000f4ad200000) (1024K)]
  0x000002bae71a9330 JavaThread "Unconstrained build operations Thread 175"        [_thread_blocked, id=23436, stack(0x000000f4ad200000,0x000000f4ad300000) (1024K)]
  0x000002bae71ad4d0 JavaThread "Unconstrained build operations Thread 176"        [_thread_blocked, id=17568, stack(0x000000f4ad300000,0x000000f4ad400000) (1024K)]
  0x000002bae71ace40 JavaThread "Unconstrained build operations Thread 177"        [_thread_blocked, id=6124, stack(0x000000f4ad400000,0x000000f4ad500000) (1024K)]
  0x000002bae71aa050 JavaThread "Unconstrained build operations Thread 178"        [_thread_blocked, id=2908, stack(0x000000f4ad500000,0x000000f4ad600000) (1024K)]
  0x000002bae71adb60 JavaThread "Unconstrained build operations Thread 179"        [_thread_blocked, id=2180, stack(0x000000f4ad600000,0x000000f4ad700000) (1024K)]
  0x000002bae71ae1f0 JavaThread "Unconstrained build operations Thread 180"        [_thread_blocked, id=13924, stack(0x000000f4ad700000,0x000000f4ad800000) (1024K)]
  0x000002bae71aef10 JavaThread "Unconstrained build operations Thread 181"        [_thread_blocked, id=18088, stack(0x000000f4ad800000,0x000000f4ad900000) (1024K)]
  0x000002bae71af5a0 JavaThread "Unconstrained build operations Thread 182"        [_thread_blocked, id=4548, stack(0x000000f4ad900000,0x000000f4ada00000) (1024K)]
  0x000002bae71afc30 JavaThread "Unconstrained build operations Thread 183"        [_thread_blocked, id=25008, stack(0x000000f4ada00000,0x000000f4adb00000) (1024K)]
  0x000002bae71b02c0 JavaThread "Unconstrained build operations Thread 184"        [_thread_blocked, id=23816, stack(0x000000f4adb00000,0x000000f4adc00000) (1024K)]
  0x000002bae71b0950 JavaThread "Unconstrained build operations Thread 185"        [_thread_blocked, id=1772, stack(0x000000f4adc00000,0x000000f4add00000) (1024K)]
  0x000002bae71ae880 JavaThread "Unconstrained build operations Thread 186"        [_thread_blocked, id=23216, stack(0x000000f4add00000,0x000000f4ade00000) (1024K)]
  0x000002bae4eaf4f0 JavaThread "Unconstrained build operations Thread 187"        [_thread_blocked, id=22024, stack(0x000000f4ade00000,0x000000f4adf00000) (1024K)]
  0x000002bae4eaee60 JavaThread "Unconstrained build operations Thread 188"        [_thread_blocked, id=5364, stack(0x000000f4adf00000,0x000000f4ae000000) (1024K)]
  0x000002bae4ead420 JavaThread "Unconstrained build operations Thread 189"        [_thread_blocked, id=9948, stack(0x000000f4ae000000,0x000000f4ae100000) (1024K)]
  0x000002bae4eac700 JavaThread "Unconstrained build operations Thread 190"        [_thread_blocked, id=15396, stack(0x000000f4ae100000,0x000000f4ae200000) (1024K)]
  0x000002bae4eadab0 JavaThread "Unconstrained build operations Thread 191"        [_thread_blocked, id=8004, stack(0x000000f4ae200000,0x000000f4ae300000) (1024K)]
  0x000002bae4eacd90 JavaThread "Unconstrained build operations Thread 192"        [_thread_blocked, id=16480, stack(0x000000f4ae300000,0x000000f4ae400000) (1024K)]
  0x000002bae4eae140 JavaThread "Unconstrained build operations Thread 193"        [_thread_blocked, id=9384, stack(0x000000f4ae400000,0x000000f4ae500000) (1024K)]
  0x000002bae4eac070 JavaThread "Unconstrained build operations Thread 194"        [_thread_blocked, id=10996, stack(0x000000f4ae500000,0x000000f4ae600000) (1024K)]
  0x000002bae4eae7d0 JavaThread "Unconstrained build operations Thread 195"        [_thread_blocked, id=14880, stack(0x000000f4ae600000,0x000000f4ae700000) (1024K)]
  0x000002bae4eb0210 JavaThread "Unconstrained build operations Thread 196"        [_thread_blocked, id=8052, stack(0x000000f4ae700000,0x000000f4ae800000) (1024K)]
  0x000002bae4eb22e0 JavaThread "Unconstrained build operations Thread 197"        [_thread_blocked, id=13776, stack(0x000000f4ae800000,0x000000f4ae900000) (1024K)]
  0x000002bae4eb08a0 JavaThread "Unconstrained build operations Thread 198"        [_thread_blocked, id=1852, stack(0x000000f4ae900000,0x000000f4aea00000) (1024K)]
  0x000002bae4eb2970 JavaThread "Unconstrained build operations Thread 199"        [_thread_blocked, id=21936, stack(0x000000f4aea00000,0x000000f4aeb00000) (1024K)]
  0x000002bae4eafb80 JavaThread "Unconstrained build operations Thread 200"        [_thread_blocked, id=15076, stack(0x000000f4aeb00000,0x000000f4aec00000) (1024K)]
  0x000002bae4eb15c0 JavaThread "Unconstrained build operations Thread 201"        [_thread_blocked, id=3524, stack(0x000000f4aec00000,0x000000f4aed00000) (1024K)]
  0x000002bae6ad8510 JavaThread "WorkerExecutor Queue Thread 29"        [_thread_blocked, id=19356, stack(0x000000f4aed00000,0x000000f4aee00000) (1024K)]
  0x000002bae6ad7160 JavaThread "Unconstrained build operations Thread 202"        [_thread_blocked, id=4788, stack(0x000000f4aee00000,0x000000f4aef00000) (1024K)]
  0x000002bae6adac70 JavaThread "Unconstrained build operations Thread 203"        [_thread_blocked, id=18960, stack(0x000000f4aef00000,0x000000f4af000000) (1024K)]
  0x000002bae6adb300 JavaThread "Unconstrained build operations Thread 204"        [_thread_blocked, id=9912, stack(0x000000f4af000000,0x000000f4af100000) (1024K)]
  0x000002bae6adb990 JavaThread "Unconstrained build operations Thread 205"        [_thread_blocked, id=15508, stack(0x000000f4af100000,0x000000f4af200000) (1024K)]
  0x000002bae6adc020 JavaThread "Unconstrained build operations Thread 206"        [_thread_blocked, id=18152, stack(0x000000f4af200000,0x000000f4af300000) (1024K)]
  0x000002bae6ad8ba0 JavaThread "Unconstrained build operations Thread 207"        [_thread_blocked, id=22608, stack(0x000000f4af300000,0x000000f4af400000) (1024K)]
  0x000002bae6adc6b0 JavaThread "Unconstrained build operations Thread 208"        [_thread_blocked, id=22172, stack(0x000000f4af400000,0x000000f4af500000) (1024K)]
  0x000002bae6ad9230 JavaThread "Unconstrained build operations Thread 209"        [_thread_blocked, id=23120, stack(0x000000f4af500000,0x000000f4af600000) (1024K)]
  0x000002bae6adee10 JavaThread "Unconstrained build operations Thread 210"        [_thread_blocked, id=588, stack(0x000000f4af600000,0x000000f4af700000) (1024K)]
  0x000002bae6adcd40 JavaThread "Unconstrained build operations Thread 211"        [_thread_blocked, id=2360, stack(0x000000f4af700000,0x000000f4af800000) (1024K)]
  0x000002bae6ae01c0 JavaThread "Unconstrained build operations Thread 212"        [_thread_blocked, id=25332, stack(0x000000f4af800000,0x000000f4af900000) (1024K)]
  0x000002bae6adfb30 JavaThread "Unconstrained build operations Thread 213"        [_thread_blocked, id=10228, stack(0x000000f4af900000,0x000000f4afa00000) (1024K)]
  0x000002bae6ade780 JavaThread "Unconstrained build operations Thread 214"        [_thread_blocked, id=21524, stack(0x000000f4afa00000,0x000000f4afb00000) (1024K)]
  0x000002bae6adf4a0 JavaThread "Unconstrained build operations Thread 215"        [_thread_blocked, id=18364, stack(0x000000f4afb00000,0x000000f4afc00000) (1024K)]
  0x000002bae6ae0850 JavaThread "Unconstrained build operations Thread 216"        [_thread_blocked, id=22912, stack(0x000000f4afc00000,0x000000f4afd00000) (1024K)]
  0x000002bae6add3d0 JavaThread "Unconstrained build operations Thread 217"        [_thread_blocked, id=25172, stack(0x000000f4afd00000,0x000000f4afe00000) (1024K)]
  0x000002bae6adda60 JavaThread "Unconstrained build operations Thread 218"        [_thread_blocked, id=25972, stack(0x000000f4afe00000,0x000000f4aff00000) (1024K)]
  0x000002bae6ae0ee0 JavaThread "Unconstrained build operations Thread 219"        [_thread_blocked, id=14400, stack(0x000000f4aff00000,0x000000f4b0000000) (1024K)]
  0x000002bae6ae1570 JavaThread "Unconstrained build operations Thread 220"        [_thread_blocked, id=15968, stack(0x000000f4b0000000,0x000000f4b0100000) (1024K)]
  0x000002bae6ade0f0 JavaThread "Unconstrained build operations Thread 221"        [_thread_blocked, id=16036, stack(0x000000f4b0100000,0x000000f4b0200000) (1024K)]
  0x000002bae6ae5080 JavaThread "Unconstrained build operations Thread 222"        [_thread_blocked, id=13604, stack(0x000000f4b0200000,0x000000f4b0300000) (1024K)]
  0x000002bae6ae1c00 JavaThread "Unconstrained build operations Thread 223"        [_thread_blocked, id=22396, stack(0x000000f4b0300000,0x000000f4b0400000) (1024K)]
  0x000002bae6ae3cd0 JavaThread "Unconstrained build operations Thread 224"        [_thread_blocked, id=14744, stack(0x000000f4b0400000,0x000000f4b0500000) (1024K)]
  0x000002bae6ae3640 JavaThread "Unconstrained build operations Thread 225"        [_thread_blocked, id=8536, stack(0x000000f4b0500000,0x000000f4b0600000) (1024K)]
  0x000002bae6ae4360 JavaThread "Unconstrained build operations Thread 226"        [_thread_blocked, id=12912, stack(0x000000f4b0600000,0x000000f4b0700000) (1024K)]
  0x000002bae6ae49f0 JavaThread "Unconstrained build operations Thread 227"        [_thread_blocked, id=11368, stack(0x000000f4b0700000,0x000000f4b0800000) (1024K)]
  0x000002bae6ae2fb0 JavaThread "Unconstrained build operations Thread 228"        [_thread_blocked, id=14852, stack(0x000000f4b0800000,0x000000f4b0900000) (1024K)]
  0x000002bae6ae5710 JavaThread "Unconstrained build operations Thread 229"        [_thread_blocked, id=21312, stack(0x000000f4b0900000,0x000000f4b0a00000) (1024K)]
  0x000002bae6ae2290 JavaThread "Unconstrained build operations Thread 230"        [_thread_blocked, id=16312, stack(0x000000f4b0a00000,0x000000f4b0b00000) (1024K)]
  0x000002bae6ae2920 JavaThread "Unconstrained build operations Thread 231"        [_thread_blocked, id=21548, stack(0x000000f4b0b00000,0x000000f4b0c00000) (1024K)]
  0x000002bae6ae5da0 JavaThread "Unconstrained build operations Thread 232"        [_thread_blocked, id=19864, stack(0x000000f4b0c00000,0x000000f4b0d00000) (1024K)]
  0x000002bae6ae6430 JavaThread "Unconstrained build operations Thread 233"        [_thread_blocked, id=9792, stack(0x000000f4b0d00000,0x000000f4b0e00000) (1024K)]
  0x000002bae6ae6ac0 JavaThread "Unconstrained build operations Thread 234"        [_thread_blocked, id=17172, stack(0x000000f4b0e00000,0x000000f4b0f00000) (1024K)]
  0x000002bae6ae9f40 JavaThread "Unconstrained build operations Thread 235"        [_thread_blocked, id=24864, stack(0x000000f4b0f00000,0x000000f4b1000000) (1024K)]
  0x000002bae6ae9220 JavaThread "Unconstrained build operations Thread 236"        [_thread_blocked, id=19564, stack(0x000000f4b1000000,0x000000f4b1100000) (1024K)]
  0x000002bae6ae98b0 JavaThread "Unconstrained build operations Thread 237"        [_thread_blocked, id=22540, stack(0x000000f4b1100000,0x000000f4b1200000) (1024K)]
  0x000002bae6aea5d0 JavaThread "Unconstrained build operations Thread 238"        [_thread_blocked, id=18148, stack(0x000000f4b1200000,0x000000f4b1300000) (1024K)]
  0x000002bae6ae8500 JavaThread "Unconstrained build operations Thread 239"        [_thread_blocked, id=16940, stack(0x000000f4b1300000,0x000000f4b1400000) (1024K)]
  0x000002bae6ae7150 JavaThread "Unconstrained build operations Thread 240"        [_thread_blocked, id=14444, stack(0x000000f4b1400000,0x000000f4b1500000) (1024K)]
  0x000002bae6aeac60 JavaThread "Unconstrained build operations Thread 241"        [_thread_blocked, id=20816, stack(0x000000f4b1500000,0x000000f4b1600000) (1024K)]
  0x000002bae6ae77e0 JavaThread "Unconstrained build operations Thread 242"        [_thread_blocked, id=15648, stack(0x000000f4b1600000,0x000000f4b1700000) (1024K)]
  0x000002bae6aeb2f0 JavaThread "Unconstrained build operations Thread 243"        [_thread_blocked, id=25308, stack(0x000000f4b1700000,0x000000f4b1800000) (1024K)]
  0x000002bae6ae7e70 JavaThread "Unconstrained build operations Thread 244"        [_thread_blocked, id=21444, stack(0x000000f4b1800000,0x000000f4b1900000) (1024K)]
  0x000002bae6aeb980 JavaThread "Unconstrained build operations Thread 245"        [_thread_blocked, id=16684, stack(0x000000f4b1900000,0x000000f4b1a00000) (1024K)]
  0x000002bae6ae8b90 JavaThread "Unconstrained build operations Thread 246"        [_thread_blocked, id=4636, stack(0x000000f4b1a00000,0x000000f4b1b00000) (1024K)]
  0x000002bae6aec010 JavaThread "Unconstrained build operations Thread 247"        [_thread_blocked, id=24880, stack(0x000000f4b1b00000,0x000000f4b1c00000) (1024K)]
  0x000002bae5e9b9b0 JavaThread "Unconstrained build operations Thread 248"        [_thread_blocked, id=3324, stack(0x000000f4b1c00000,0x000000f4b1d00000) (1024K)]
  0x000002bae5e9ac90 JavaThread "Unconstrained build operations Thread 249"        [_thread_blocked, id=16288, stack(0x000000f4b1d00000,0x000000f4b1e00000) (1024K)]
  0x000002bae5e9cd60 JavaThread "Unconstrained build operations Thread 250"        [_thread_blocked, id=11104, stack(0x000000f4b1e00000,0x000000f4b1f00000) (1024K)]
  0x000002bae5e9da80 JavaThread "Unconstrained build operations Thread 251"        [_thread_blocked, id=1680, stack(0x000000f4b1f00000,0x000000f4b2000000) (1024K)]
  0x000002bae5e9d3f0 JavaThread "Unconstrained build operations Thread 252"        [_thread_blocked, id=21596, stack(0x000000f4b2000000,0x000000f4b2100000) (1024K)]
  0x000002bae5e9a600 JavaThread "Unconstrained build operations Thread 253"        [_thread_blocked, id=21728, stack(0x000000f4b2100000,0x000000f4b2200000) (1024K)]
  0x000002bae5e9c040 JavaThread "Unconstrained build operations Thread 254"        [_thread_blocked, id=9440, stack(0x000000f4b2200000,0x000000f4b2300000) (1024K)]
  0x000002bae5e9c6d0 JavaThread "Unconstrained build operations Thread 255"        [_thread_blocked, id=20196, stack(0x000000f4b2300000,0x000000f4b2400000) (1024K)]
  0x000002bae5e9e7a0 JavaThread "Unconstrained build operations Thread 256"        [_thread_blocked, id=9528, stack(0x000000f4b2400000,0x000000f4b2500000) (1024K)]
  0x000002bae5e9e110 JavaThread "Unconstrained build operations Thread 257"        [_thread_blocked, id=15696, stack(0x000000f4b2500000,0x000000f4b2600000) (1024K)]
  0x000002bae5e9b320 JavaThread "Unconstrained build operations Thread 258"        [_thread_blocked, id=23456, stack(0x000000f4b2600000,0x000000f4b2700000) (1024K)]
  0x000002bae5e9ee30 JavaThread "Unconstrained build operations Thread 259"        [_thread_blocked, id=16960, stack(0x000000f4b2700000,0x000000f4b2800000) (1024K)]
  0x000002bae5ea01e0 JavaThread "Unconstrained build operations Thread 260"        [_thread_blocked, id=26552, stack(0x000000f4b2800000,0x000000f4b2900000) (1024K)]
  0x000002bae5ea0870 JavaThread "Unconstrained build operations Thread 261"        [_thread_blocked, id=21132, stack(0x000000f4b2900000,0x000000f4b2a00000) (1024K)]
  0x000002bae5e9fb50 JavaThread "Unconstrained build operations Thread 262"        [_thread_blocked, id=13620, stack(0x000000f4b2a00000,0x000000f4b2b00000) (1024K)]
  0x000002bae5ea1c20 JavaThread "Unconstrained build operations Thread 263"        [_thread_blocked, id=24136, stack(0x000000f4b2b00000,0x000000f4b2c00000) (1024K)]
  0x000002bae5ea2940 JavaThread "Unconstrained build operations Thread 264"        [_thread_blocked, id=4264, stack(0x000000f4b2c00000,0x000000f4b2d00000) (1024K)]
  0x000002bae5ea0f00 JavaThread "Unconstrained build operations Thread 265"        [_thread_blocked, id=23900, stack(0x000000f4b2d00000,0x000000f4b2e00000) (1024K)]
  0x000002bae5e9f4c0 JavaThread "Unconstrained build operations Thread 266"        [_thread_in_native, id=7660, stack(0x000000f4b2e00000,0x000000f4b2f00000) (1024K)]
  0x000002bae5ea3660 JavaThread "Unconstrained build operations Thread 267"        [_thread_blocked, id=14364, stack(0x000000f4b2f00000,0x000000f4b3000000) (1024K)]
  0x000002bae5ea22b0 JavaThread "Unconstrained build operations Thread 268"        [_thread_in_native, id=25740, stack(0x000000f4b3000000,0x000000f4b3100000) (1024K)]
  0x000002bae5ea1590 JavaThread "Unconstrained build operations Thread 269"        [_thread_in_native, id=24180, stack(0x000000f4b3100000,0x000000f4b3200000) (1024K)]
  0x000002bae5ea6450 JavaThread "Unconstrained build operations Thread 270"        [_thread_blocked, id=12440, stack(0x000000f4b3200000,0x000000f4b3300000) (1024K)]
  0x000002bae5ea4a10 JavaThread "Unconstrained build operations Thread 271"        [_thread_in_native, id=22408, stack(0x000000f4b3300000,0x000000f4b3400000) (1024K)]
  0x000002bae5ea5dc0 JavaThread "Unconstrained build operations Thread 272"        [_thread_blocked, id=22880, stack(0x000000f4b3400000,0x000000f4b3500000) (1024K)]
  0x000002bae5ea2fd0 JavaThread "Unconstrained build operations Thread 273"        [_thread_blocked, id=8584, stack(0x000000f4b3500000,0x000000f4b3600000) (1024K)]
  0x000002bae5ea5730 JavaThread "Unconstrained build operations Thread 274"        [_thread_blocked, id=13180, stack(0x000000f4b3600000,0x000000f4b3700000) (1024K)]
  0x000002bae5ea6ae0 JavaThread "Unconstrained build operations Thread 275"        [_thread_blocked, id=25528, stack(0x000000f4b3700000,0x000000f4b3800000) (1024K)]
  0x000002bae5ea3cf0 JavaThread "Unconstrained build operations Thread 276"        [_thread_blocked, id=22176, stack(0x000000f4b3800000,0x000000f4b3900000) (1024K)]
  0x000002bae5ea50a0 JavaThread "Unconstrained build operations Thread 277"        [_thread_blocked, id=4156, stack(0x000000f4b3900000,0x000000f4b3a00000) (1024K)]
  0x000002bae5ea7170 JavaThread "Unconstrained build operations Thread 278"        [_thread_blocked, id=18484, stack(0x000000f4b3a00000,0x000000f4b3b00000) (1024K)]
  0x000002bae5ea7800 JavaThread "Unconstrained build operations Thread 279"        [_thread_blocked, id=24420, stack(0x000000f4b3b00000,0x000000f4b3c00000) (1024K)]
  0x000002bae5ea4380 JavaThread "Unconstrained build operations Thread 280"        [_thread_blocked, id=9900, stack(0x000000f4b3c00000,0x000000f4b3d00000) (1024K)]
Total: 407

Other Threads:
  0x000002bad9b57770 VMThread "VM Thread"                           [id=19960, stack(0x000000f498c00000,0x000000f498d00000) (1024K)]
  0x000002bad9b219e0 WatcherThread "VM Periodic Task Thread"        [id=9360, stack(0x000000f498b00000,0x000000f498c00000) (1024K)]
  0x000002bac09073d0 WorkerThread "GC Thread#0"                     [id=10868, stack(0x000000f498600000,0x000000f498700000) (1024K)]
  0x000002bade6d6c70 WorkerThread "GC Thread#1"                     [id=10260, stack(0x000000f499c00000,0x000000f499d00000) (1024K)]
  0x000002bade374ed0 WorkerThread "GC Thread#2"                     [id=12816, stack(0x000000f499d00000,0x000000f499e00000) (1024K)]
  0x000002bade83d910 WorkerThread "GC Thread#3"                     [id=4724, stack(0x000000f499e00000,0x000000f499f00000) (1024K)]
  0x000002bade6498e0 WorkerThread "GC Thread#4"                     [id=19476, stack(0x000000f499f00000,0x000000f49a000000) (1024K)]
  0x000002bade649c80 WorkerThread "GC Thread#5"                     [id=19032, stack(0x000000f49a000000,0x000000f49a100000) (1024K)]
  0x000002badfe93070 WorkerThread "GC Thread#6"                     [id=17608, stack(0x000000f49a400000,0x000000f49a500000) (1024K)]
  0x000002badfe93410 WorkerThread "GC Thread#7"                     [id=23704, stack(0x000000f49a500000,0x000000f49a600000) (1024K)]
  0x000002badfe93bc0 WorkerThread "GC Thread#8"                     [id=5904, stack(0x000000f49a600000,0x000000f49a700000) (1024K)]
  0x000002badfe99580 WorkerThread "GC Thread#9"                     [id=10876, stack(0x000000f49a700000,0x000000f49a800000) (1024K)]
  0x000002badfe98e40 WorkerThread "GC Thread#10"                    [id=3864, stack(0x000000f49ae00000,0x000000f49af00000) (1024K)]
  0x000002badfe991e0 WorkerThread "GC Thread#11"                    [id=9872, stack(0x000000f49af00000,0x000000f49b000000) (1024K)]
  0x000002badfe98aa0 WorkerThread "GC Thread#12"                    [id=6132, stack(0x000000f49b000000,0x000000f49b100000) (1024K)]
  0x000002badfe97fc0 WorkerThread "GC Thread#13"                    [id=16740, stack(0x000000f49b100000,0x000000f49b200000) (1024K)]
  0x000002badfe98360 WorkerThread "GC Thread#14"                    [id=1588, stack(0x000000f49b200000,0x000000f49b300000) (1024K)]
  0x000002badfe98700 WorkerThread "GC Thread#15"                    [id=18776, stack(0x000000f49b300000,0x000000f49b400000) (1024K)]
  0x000002badfe6b9a0 WorkerThread "GC Thread#16"                    [id=25084, stack(0x000000f49be00000,0x000000f49bf00000) (1024K)]
  0x000002badfe6c0e0 WorkerThread "GC Thread#17"                    [id=7776, stack(0x000000f49bf00000,0x000000f49c000000) (1024K)]
  0x000002bae3325de0 WorkerThread "GC Thread#18"                    [id=25192, stack(0x000000f49c000000,0x000000f49c100000) (1024K)]
  0x000002bae3326c60 WorkerThread "GC Thread#19"                    [id=22056, stack(0x000000f49c100000,0x000000f49c200000) (1024K)]
  0x000002bac0918370 ConcurrentGCThread "G1 Main Marker"            [id=17952, stack(0x000000f498700000,0x000000f498800000) (1024K)]
  0x000002bac0919bc0 WorkerThread "G1 Conc#0"                       [id=3560, stack(0x000000f498800000,0x000000f498900000) (1024K)]
  0x000002badfe6c820 WorkerThread "G1 Conc#1"                       [id=19644, stack(0x000000f49b400000,0x000000f49b500000) (1024K)]
  0x000002badfe6bd40 WorkerThread "G1 Conc#2"                       [id=6052, stack(0x000000f49b500000,0x000000f49b600000) (1024K)]
  0x000002badfe6c480 WorkerThread "G1 Conc#3"                       [id=7884, stack(0x000000f49b600000,0x000000f49b700000) (1024K)]
  0x000002badfe6aec0 WorkerThread "G1 Conc#4"                       [id=21868, stack(0x000000f49b700000,0x000000f49b800000) (1024K)]
  0x000002bad924c250 ConcurrentGCThread "G1 Refine#0"               [id=19096, stack(0x000000f498900000,0x000000f498a00000) (1024K)]
  0x000002bad924ccd0 ConcurrentGCThread "G1 Service"                [id=11064, stack(0x000000f498a00000,0x000000f498b00000) (1024K)]
Total: 30

Threads with active compile tasks:
C2 CompilerThread0  6889357 29422       4       org.gradle.internal.execution.steps.IdentifyStep::createIdentityContextInternal (78 bytes)
C2 CompilerThread4  6889357 29426       4       org.gradle.internal.execution.steps.IdentifyStep$$Lambda/0x00000001005f4280::accept (14 bytes)
Total: 2

VM state: not at safepoint (normal execution)

VM Mutex/Monitor currently owned by a thread: None

Heap address: 0x0000000080000000, size: 2048 MB, Compressed Oops mode: 32-bit

CDS archive(s) not mapped
Compressed class space mapped at: 0x0000000100000000-0x0000000140000000, reserved size: 1073741824
Narrow klass base: 0x0000000000000000, Narrow klass shift: 3, Narrow klass range: 0x140000000

GC Precious Log:
 CardTable entry size: 512
 Card Set container configuration: InlinePtr #cards 5 size 8 Array Of Cards #cards 12 size 40 Howl #buckets 4 coarsen threshold 1843 Howl Bitmap #cards 512 size 80 coarsen threshold 460 Card regions per heap region 1 cards per card region 2048
 CPUs: 28 total, 28 available
 Memory: 16039M
 Large Page Support: Disabled
 NUMA Support: Disabled
 Compressed Oops: Enabled (32-bit)
 Heap Region Size: 1M
 Heap Min Capacity: 8M
 Heap Initial Capacity: 252M
 Heap Max Capacity: 2G
 Pre-touch: Disabled
 Parallel Workers: 20
 Concurrent Workers: 5
 Concurrent Refinement Workers: 20
 Periodic GC: Disabled

Heap:
 garbage-first heap   total 411648K, used 248943K [0x0000000080000000, 0x0000000100000000)
  region size 1024K, 9 young (9216K), 8 survivors (8192K)
 Metaspace       used 175553K, committed 177344K, reserved 1245184K
  class space    used 22946K, committed 23808K, reserved 1048576K

Heap Regions: E=young(eden), S=young(survivor), O=old, HS=humongous(starts), HC=humongous(continues), CS=collection set, F=free, TAMS=top-at-mark-start, PB=parsable bottom
|   0|0x0000000080000000, 0x0000000080100000, 0x0000000080100000|100%|HS|  |TAMS 0x0000000080000000| PB 0x0000000080000000| Complete 
|   1|0x0000000080100000, 0x0000000080200000, 0x0000000080200000|100%|HC|  |TAMS 0x0000000080100000| PB 0x0000000080100000| Complete 
|   2|0x0000000080200000, 0x0000000080300000, 0x0000000080300000|100%|HC|  |TAMS 0x0000000080200000| PB 0x0000000080200000| Complete 
|   3|0x0000000080300000, 0x0000000080400000, 0x0000000080400000|100%| O|  |TAMS 0x0000000080300000| PB 0x0000000080300000| Untracked 
|   4|0x0000000080400000, 0x0000000080500000, 0x0000000080500000|100%| O|  |TAMS 0x0000000080400000| PB 0x0000000080400000| Untracked 
|   5|0x0000000080500000, 0x0000000080600000, 0x0000000080600000|100%| O|  |TAMS 0x0000000080500000| PB 0x0000000080500000| Untracked 
|   6|0x0000000080600000, 0x0000000080700000, 0x0000000080700000|100%|HS|  |TAMS 0x0000000080600000| PB 0x0000000080600000| Complete 
|   7|0x0000000080700000, 0x0000000080800000, 0x0000000080800000|100%| O|  |TAMS 0x0000000080700000| PB 0x0000000080700000| Untracked 
|   8|0x0000000080800000, 0x0000000080900000, 0x0000000080900000|100%| O|  |TAMS 0x0000000080800000| PB 0x0000000080800000| Untracked 
|   9|0x0000000080900000, 0x0000000080a00000, 0x0000000080a00000|100%| O|  |TAMS 0x0000000080900000| PB 0x0000000080900000| Untracked 
|  10|0x0000000080a00000, 0x0000000080b00000, 0x0000000080b00000|100%| O|  |TAMS 0x0000000080a00000| PB 0x0000000080a00000| Untracked 
|  11|0x0000000080b00000, 0x0000000080c00000, 0x0000000080c00000|100%| O|  |TAMS 0x0000000080b00000| PB 0x0000000080b00000| Untracked 
|  12|0x0000000080c00000, 0x0000000080d00000, 0x0000000080d00000|100%| O|  |TAMS 0x0000000080c00000| PB 0x0000000080c00000| Untracked 
|  13|0x0000000080d00000, 0x0000000080e00000, 0x0000000080e00000|100%| O|  |TAMS 0x0000000080d00000| PB 0x0000000080d00000| Untracked 
|  14|0x0000000080e00000, 0x0000000080f00000, 0x0000000080f00000|100%| O|  |TAMS 0x0000000080e00000| PB 0x0000000080e00000| Untracked 
|  15|0x0000000080f00000, 0x0000000081000000, 0x0000000081000000|100%| O|  |TAMS 0x0000000080f00000| PB 0x0000000080f00000| Untracked 
|  16|0x0000000081000000, 0x0000000081100000, 0x0000000081100000|100%| O|  |TAMS 0x0000000081000000| PB 0x0000000081000000| Untracked 
|  17|0x0000000081100000, 0x0000000081200000, 0x0000000081200000|100%| O|  |TAMS 0x0000000081100000| PB 0x0000000081100000| Untracked 
|  18|0x0000000081200000, 0x0000000081300000, 0x0000000081300000|100%| O|  |TAMS 0x0000000081200000| PB 0x0000000081200000| Untracked 
|  19|0x0000000081300000, 0x0000000081400000, 0x0000000081400000|100%| O|  |TAMS 0x0000000081300000| PB 0x0000000081300000| Untracked 
|  20|0x0000000081400000, 0x0000000081500000, 0x0000000081500000|100%| O|  |TAMS 0x0000000081400000| PB 0x0000000081400000| Untracked 
|  21|0x0000000081500000, 0x0000000081600000, 0x0000000081600000|100%| O|  |TAMS 0x0000000081500000| PB 0x0000000081500000| Untracked 
|  22|0x0000000081600000, 0x0000000081700000, 0x0000000081700000|100%|HS|  |TAMS 0x0000000081600000| PB 0x0000000081600000| Complete 
|  23|0x0000000081700000, 0x0000000081800000, 0x0000000081800000|100%|HC|  |TAMS 0x0000000081700000| PB 0x0000000081700000| Complete 
|  24|0x0000000081800000, 0x0000000081900000, 0x0000000081900000|100%|HC|  |TAMS 0x0000000081800000| PB 0x0000000081800000| Complete 
|  25|0x0000000081900000, 0x0000000081a00000, 0x0000000081a00000|100%|HC|  |TAMS 0x0000000081900000| PB 0x0000000081900000| Complete 
|  26|0x0000000081a00000, 0x0000000081b00000, 0x0000000081b00000|100%|HC|  |TAMS 0x0000000081a00000| PB 0x0000000081a00000| Complete 
|  27|0x0000000081b00000, 0x0000000081c00000, 0x0000000081c00000|100%|HC|  |TAMS 0x0000000081b00000| PB 0x0000000081b00000| Complete 
|  28|0x0000000081c00000, 0x0000000081d00000, 0x0000000081d00000|100%|HS|  |TAMS 0x0000000081c00000| PB 0x0000000081c00000| Complete 
|  29|0x0000000081d00000, 0x0000000081e00000, 0x0000000081e00000|100%|HS|  |TAMS 0x0000000081d00000| PB 0x0000000081d00000| Complete 
|  30|0x0000000081e00000, 0x0000000081f00000, 0x0000000081f00000|100%|HC|  |TAMS 0x0000000081e00000| PB 0x0000000081e00000| Complete 
|  31|0x0000000081f00000, 0x0000000082000000, 0x0000000082000000|100%|HS|  |TAMS 0x0000000081f00000| PB 0x0000000081f00000| Complete 
|  32|0x0000000082000000, 0x0000000082100000, 0x0000000082100000|100%|HC|  |TAMS 0x0000000082000000| PB 0x0000000082000000| Complete 
|  33|0x0000000082100000, 0x0000000082200000, 0x0000000082200000|100%|HC|  |TAMS 0x0000000082100000| PB 0x0000000082100000| Complete 
|  34|0x0000000082200000, 0x0000000082300000, 0x0000000082300000|100%|HC|  |TAMS 0x0000000082200000| PB 0x0000000082200000| Complete 
|  35|0x0000000082300000, 0x0000000082400000, 0x0000000082400000|100%|HS|  |TAMS 0x0000000082300000| PB 0x0000000082300000| Complete 
|  36|0x0000000082400000, 0x0000000082500000, 0x0000000082500000|100%|HS|  |TAMS 0x0000000082400000| PB 0x0000000082400000| Complete 
|  37|0x0000000082500000, 0x0000000082600000, 0x0000000082600000|100%|HC|  |TAMS 0x0000000082500000| PB 0x0000000082500000| Complete 
|  38|0x0000000082600000, 0x0000000082700000, 0x0000000082700000|100%|HC|  |TAMS 0x0000000082600000| PB 0x0000000082600000| Complete 
|  39|0x0000000082700000, 0x0000000082800000, 0x0000000082800000|100%|HC|  |TAMS 0x0000000082700000| PB 0x0000000082700000| Complete 
|  40|0x0000000082800000, 0x0000000082900000, 0x0000000082900000|100%|HC|  |TAMS 0x0000000082800000| PB 0x0000000082800000| Complete 
|  41|0x0000000082900000, 0x0000000082a00000, 0x0000000082a00000|100%|HC|  |TAMS 0x0000000082900000| PB 0x0000000082900000| Complete 
|  42|0x0000000082a00000, 0x0000000082b00000, 0x0000000082b00000|100%|HS|  |TAMS 0x0000000082a00000| PB 0x0000000082a00000| Complete 
|  43|0x0000000082b00000, 0x0000000082c00000, 0x0000000082c00000|100%|HS|  |TAMS 0x0000000082b00000| PB 0x0000000082b00000| Complete 
|  44|0x0000000082c00000, 0x0000000082d00000, 0x0000000082d00000|100%|HC|  |TAMS 0x0000000082c00000| PB 0x0000000082c00000| Complete 
|  45|0x0000000082d00000, 0x0000000082e00000, 0x0000000082e00000|100%|HS|  |TAMS 0x0000000082d00000| PB 0x0000000082d00000| Complete 
|  46|0x0000000082e00000, 0x0000000082f00000, 0x0000000082f00000|100%|HC|  |TAMS 0x0000000082e00000| PB 0x0000000082e00000| Complete 
|  47|0x0000000082f00000, 0x0000000083000000, 0x0000000083000000|100%|HC|  |TAMS 0x0000000082f00000| PB 0x0000000082f00000| Complete 
|  48|0x0000000083000000, 0x0000000083100000, 0x0000000083100000|100%|HC|  |TAMS 0x0000000083000000| PB 0x0000000083000000| Complete 
|  49|0x0000000083100000, 0x0000000083200000, 0x0000000083200000|100%|HS|  |TAMS 0x0000000083100000| PB 0x0000000083100000| Complete 
|  50|0x0000000083200000, 0x0000000083300000, 0x0000000083300000|100%| O|  |TAMS 0x0000000083200000| PB 0x0000000083200000| Untracked 
|  51|0x0000000083300000, 0x0000000083400000, 0x0000000083400000|100%| O|  |TAMS 0x0000000083300000| PB 0x0000000083300000| Untracked 
|  52|0x0000000083400000, 0x0000000083500000, 0x0000000083500000|100%| O|  |TAMS 0x0000000083400000| PB 0x0000000083400000| Untracked 
|  53|0x0000000083500000, 0x0000000083600000, 0x0000000083600000|100%| O|  |TAMS 0x0000000083500000| PB 0x0000000083500000| Untracked 
|  54|0x0000000083600000, 0x0000000083700000, 0x0000000083700000|100%| O|  |TAMS 0x0000000083600000| PB 0x0000000083600000| Untracked 
|  55|0x0000000083700000, 0x0000000083800000, 0x0000000083800000|100%| O|  |TAMS 0x0000000083700000| PB 0x0000000083700000| Untracked 
|  56|0x0000000083800000, 0x0000000083900000, 0x0000000083900000|100%| O|  |TAMS 0x0000000083800000| PB 0x0000000083800000| Untracked 
|  57|0x0000000083900000, 0x0000000083a00000, 0x0000000083a00000|100%| O|  |TAMS 0x0000000083900000| PB 0x0000000083900000| Untracked 
|  58|0x0000000083a00000, 0x0000000083b00000, 0x0000000083b00000|100%| O|  |TAMS 0x0000000083a00000| PB 0x0000000083a00000| Untracked 
|  59|0x0000000083b00000, 0x0000000083c00000, 0x0000000083c00000|100%| O|  |TAMS 0x0000000083b00000| PB 0x0000000083b00000| Untracked 
|  60|0x0000000083c00000, 0x0000000083d00000, 0x0000000083d00000|100%| O|  |TAMS 0x0000000083c00000| PB 0x0000000083c00000| Untracked 
|  61|0x0000000083d00000, 0x0000000083e00000, 0x0000000083e00000|100%| O|  |TAMS 0x0000000083d00000| PB 0x0000000083d00000| Untracked 
|  62|0x0000000083e00000, 0x0000000083f00000, 0x0000000083f00000|100%| O|  |TAMS 0x0000000083e00000| PB 0x0000000083e00000| Untracked 
|  63|0x0000000083f00000, 0x0000000084000000, 0x0000000084000000|100%| O|Cm|TAMS 0x0000000083f00000| PB 0x0000000083f00000| Complete 
|  64|0x0000000084000000, 0x0000000084100000, 0x0000000084100000|100%| O|  |TAMS 0x0000000084000000| PB 0x0000000084000000| Untracked 
|  65|0x0000000084100000, 0x0000000084200000, 0x0000000084200000|100%|HS|  |TAMS 0x0000000084100000| PB 0x0000000084100000| Complete 
|  66|0x0000000084200000, 0x0000000084300000, 0x0000000084300000|100%| O|  |TAMS 0x0000000084200000| PB 0x0000000084200000| Untracked 
|  67|0x0000000084300000, 0x0000000084400000, 0x0000000084400000|100%| O|  |TAMS 0x0000000084300000| PB 0x0000000084300000| Untracked 
|  68|0x0000000084400000, 0x0000000084500000, 0x0000000084500000|100%|HS|  |TAMS 0x0000000084400000| PB 0x0000000084400000| Complete 
|  69|0x0000000084500000, 0x0000000084600000, 0x0000000084600000|100%|HC|  |TAMS 0x0000000084500000| PB 0x0000000084500000| Complete 
|  70|0x0000000084600000, 0x0000000084700000, 0x0000000084700000|100%|HS|  |TAMS 0x0000000084600000| PB 0x0000000084600000| Complete 
|  71|0x0000000084700000, 0x0000000084800000, 0x0000000084800000|100%|HC|  |TAMS 0x0000000084700000| PB 0x0000000084700000| Complete 
|  72|0x0000000084800000, 0x0000000084900000, 0x0000000084900000|100%|HC|  |TAMS 0x0000000084800000| PB 0x0000000084800000| Complete 
|  73|0x0000000084900000, 0x0000000084a00000, 0x0000000084a00000|100%|HC|  |TAMS 0x0000000084900000| PB 0x0000000084900000| Complete 
|  74|0x0000000084a00000, 0x0000000084b00000, 0x0000000084b00000|100%|HC|  |TAMS 0x0000000084a00000| PB 0x0000000084a00000| Complete 
|  75|0x0000000084b00000, 0x0000000084c00000, 0x0000000084c00000|100%|HC|  |TAMS 0x0000000084b00000| PB 0x0000000084b00000| Complete 
|  76|0x0000000084c00000, 0x0000000084d00000, 0x0000000084d00000|100%|HS|  |TAMS 0x0000000084c00000| PB 0x0000000084c00000| Complete 
|  77|0x0000000084d00000, 0x0000000084e00000, 0x0000000084e00000|100%|HC|  |TAMS 0x0000000084d00000| PB 0x0000000084d00000| Complete 
|  78|0x0000000084e00000, 0x0000000084f00000, 0x0000000084f00000|100%|HC|  |TAMS 0x0000000084e00000| PB 0x0000000084e00000| Complete 
|  79|0x0000000084f00000, 0x0000000085000000, 0x0000000085000000|100%|HC|  |TAMS 0x0000000084f00000| PB 0x0000000084f00000| Complete 
|  80|0x0000000085000000, 0x0000000085100000, 0x0000000085100000|100%|HC|  |TAMS 0x0000000085000000| PB 0x0000000085000000| Complete 
|  81|0x0000000085100000, 0x0000000085200000, 0x0000000085200000|100%|HC|  |TAMS 0x0000000085100000| PB 0x0000000085100000| Complete 
|  82|0x0000000085200000, 0x0000000085300000, 0x0000000085300000|100%|HS|  |TAMS 0x0000000085200000| PB 0x0000000085200000| Complete 
|  83|0x0000000085300000, 0x0000000085400000, 0x0000000085400000|100%| O|  |TAMS 0x0000000085300000| PB 0x0000000085300000| Untracked 
|  84|0x0000000085400000, 0x0000000085500000, 0x0000000085500000|100%| O|  |TAMS 0x0000000085400000| PB 0x0000000085400000| Untracked 
|  85|0x0000000085500000, 0x0000000085600000, 0x0000000085600000|100%| O|Cm|TAMS 0x0000000085500000| PB 0x0000000085500000| Complete 
|  86|0x0000000085600000, 0x0000000085700000, 0x0000000085700000|100%| O|  |TAMS 0x0000000085600000| PB 0x0000000085600000| Untracked 
|  87|0x0000000085700000, 0x0000000085800000, 0x0000000085800000|100%| O|  |TAMS 0x0000000085700000| PB 0x0000000085700000| Untracked 
|  88|0x0000000085800000, 0x0000000085900000, 0x0000000085900000|100%| O|  |TAMS 0x0000000085800000| PB 0x0000000085800000| Untracked 
|  89|0x0000000085900000, 0x0000000085a00000, 0x0000000085a00000|100%| O|  |TAMS 0x0000000085900000| PB 0x0000000085900000| Untracked 
|  90|0x0000000085a00000, 0x0000000085b00000, 0x0000000085b00000|100%| O|  |TAMS 0x0000000085a00000| PB 0x0000000085a00000| Untracked 
|  91|0x0000000085b00000, 0x0000000085c00000, 0x0000000085c00000|100%| O|  |TAMS 0x0000000085b00000| PB 0x0000000085b00000| Untracked 
|  92|0x0000000085c00000, 0x0000000085d00000, 0x0000000085d00000|100%| O|Cm|TAMS 0x0000000085c00000| PB 0x0000000085c00000| Complete 
|  93|0x0000000085d00000, 0x0000000085e00000, 0x0000000085e00000|100%| O|  |TAMS 0x0000000085d00000| PB 0x0000000085d00000| Untracked 
|  94|0x0000000085e00000, 0x0000000085f00000, 0x0000000085f00000|100%| O|  |TAMS 0x0000000085e00000| PB 0x0000000085e00000| Untracked 
|  95|0x0000000085f00000, 0x0000000086000000, 0x0000000086000000|100%| O|Cm|TAMS 0x0000000085f00000| PB 0x0000000085f00000| Complete 
|  96|0x0000000086000000, 0x0000000086100000, 0x0000000086100000|100%| O|  |TAMS 0x0000000086000000| PB 0x0000000086000000| Untracked 
|  97|0x0000000086100000, 0x0000000086200000, 0x0000000086200000|100%|HS|  |TAMS 0x0000000086100000| PB 0x0000000086100000| Complete 
|  98|0x0000000086200000, 0x0000000086300000, 0x0000000086300000|100%|HS|  |TAMS 0x0000000086200000| PB 0x0000000086200000| Complete 
|  99|0x0000000086300000, 0x0000000086400000, 0x0000000086400000|100%|HS|  |TAMS 0x0000000086300000| PB 0x0000000086300000| Complete 
| 100|0x0000000086400000, 0x0000000086500000, 0x0000000086500000|100%|HC|  |TAMS 0x0000000086400000| PB 0x0000000086400000| Complete 
| 101|0x0000000086500000, 0x0000000086600000, 0x0000000086600000|100%|HS|  |TAMS 0x0000000086500000| PB 0x0000000086500000| Complete 
| 102|0x0000000086600000, 0x0000000086700000, 0x0000000086700000|100%|HC|  |TAMS 0x0000000086600000| PB 0x0000000086600000| Complete 
| 103|0x0000000086700000, 0x0000000086800000, 0x0000000086800000|100%|HS|  |TAMS 0x0000000086700000| PB 0x0000000086700000| Complete 
| 104|0x0000000086800000, 0x0000000086900000, 0x0000000086900000|100%|HS|  |TAMS 0x0000000086800000| PB 0x0000000086800000| Complete 
| 105|0x0000000086900000, 0x0000000086a00000, 0x0000000086a00000|100%|HC|  |TAMS 0x0000000086900000| PB 0x0000000086900000| Complete 
| 106|0x0000000086a00000, 0x0000000086b00000, 0x0000000086b00000|100%|HC|  |TAMS 0x0000000086a00000| PB 0x0000000086a00000| Complete 
| 107|0x0000000086b00000, 0x0000000086c00000, 0x0000000086c00000|100%|HS|  |TAMS 0x0000000086b00000| PB 0x0000000086b00000| Complete 
| 108|0x0000000086c00000, 0x0000000086d00000, 0x0000000086d00000|100%|HS|  |TAMS 0x0000000086c00000| PB 0x0000000086c00000| Complete 
| 109|0x0000000086d00000, 0x0000000086e00000, 0x0000000086e00000|100%| O|  |TAMS 0x0000000086d00000| PB 0x0000000086d00000| Untracked 
| 110|0x0000000086e00000, 0x0000000086f00000, 0x0000000086f00000|100%|HS|  |TAMS 0x0000000086e00000| PB 0x0000000086e00000| Complete 
| 111|0x0000000086f00000, 0x0000000087000000, 0x0000000087000000|100%| O|  |TAMS 0x0000000086f00000| PB 0x0000000086f00000| Untracked 
| 112|0x0000000087000000, 0x0000000087100000, 0x0000000087100000|100%| O|  |TAMS 0x0000000087000000| PB 0x0000000087000000| Untracked 
| 113|0x0000000087100000, 0x0000000087200000, 0x0000000087200000|100%| O|  |TAMS 0x0000000087100000| PB 0x0000000087100000| Untracked 
| 114|0x0000000087200000, 0x0000000087300000, 0x0000000087300000|100%| O|  |TAMS 0x0000000087200000| PB 0x0000000087200000| Untracked 
| 115|0x0000000087300000, 0x0000000087400000, 0x0000000087400000|100%| O|  |TAMS 0x0000000087300000| PB 0x0000000087300000| Untracked 
| 116|0x0000000087400000, 0x0000000087500000, 0x0000000087500000|100%| O|  |TAMS 0x0000000087400000| PB 0x0000000087400000| Untracked 
| 117|0x0000000087500000, 0x0000000087600000, 0x0000000087600000|100%| O|  |TAMS 0x0000000087500000| PB 0x0000000087500000| Untracked 
| 118|0x0000000087600000, 0x0000000087700000, 0x0000000087700000|100%| O|  |TAMS 0x0000000087600000| PB 0x0000000087600000| Untracked 
| 119|0x0000000087700000, 0x0000000087800000, 0x0000000087800000|100%| O|  |TAMS 0x0000000087700000| PB 0x0000000087700000| Untracked 
| 120|0x0000000087800000, 0x0000000087900000, 0x0000000087900000|100%| O|  |TAMS 0x0000000087800000| PB 0x0000000087800000| Untracked 
| 121|0x0000000087900000, 0x0000000087a00000, 0x0000000087a00000|100%| O|  |TAMS 0x0000000087900000| PB 0x0000000087900000| Untracked 
| 122|0x0000000087a00000, 0x0000000087b00000, 0x0000000087b00000|100%|HS|  |TAMS 0x0000000087a00000| PB 0x0000000087a00000| Complete 
| 123|0x0000000087b00000, 0x0000000087c00000, 0x0000000087c00000|100%|HS|  |TAMS 0x0000000087b00000| PB 0x0000000087b00000| Complete 
| 124|0x0000000087c00000, 0x0000000087d00000, 0x0000000087d00000|100%|HC|  |TAMS 0x0000000087c00000| PB 0x0000000087c00000| Complete 
| 125|0x0000000087d00000, 0x0000000087e00000, 0x0000000087e00000|100%|HC|  |TAMS 0x0000000087d00000| PB 0x0000000087d00000| Complete 
| 126|0x0000000087e00000, 0x0000000087f00000, 0x0000000087f00000|100%| O|Cm|TAMS 0x0000000087e00000| PB 0x0000000087e00000| Complete 
| 127|0x0000000087f00000, 0x0000000088000000, 0x0000000088000000|100%| O|  |TAMS 0x0000000087f00000| PB 0x0000000087f00000| Untracked 
| 128|0x0000000088000000, 0x0000000088100000, 0x0000000088100000|100%| O|  |TAMS 0x0000000088000000| PB 0x0000000088000000| Untracked 
| 129|0x0000000088100000, 0x0000000088200000, 0x0000000088200000|100%| O|  |TAMS 0x0000000088100000| PB 0x0000000088100000| Untracked 
| 130|0x0000000088200000, 0x0000000088300000, 0x0000000088300000|100%| O|  |TAMS 0x0000000088200000| PB 0x0000000088200000| Untracked 
| 131|0x0000000088300000, 0x0000000088400000, 0x0000000088400000|100%| O|  |TAMS 0x0000000088300000| PB 0x0000000088300000| Untracked 
| 132|0x0000000088400000, 0x0000000088500000, 0x0000000088500000|100%| O|  |TAMS 0x0000000088400000| PB 0x0000000088400000| Untracked 
| 133|0x0000000088500000, 0x000000008851f5d0, 0x0000000088600000| 12%| O|  |TAMS 0x0000000088500000| PB 0x0000000088500000| Untracked 
| 134|0x0000000088600000, 0x0000000088700000, 0x0000000088700000|100%| O|  |TAMS 0x0000000088600000| PB 0x0000000088600000| Untracked 
| 135|0x0000000088700000, 0x0000000088800000, 0x0000000088800000|100%| O|  |TAMS 0x0000000088700000| PB 0x0000000088700000| Untracked 
| 136|0x0000000088800000, 0x0000000088900000, 0x0000000088900000|100%| O|  |TAMS 0x0000000088800000| PB 0x0000000088800000| Untracked 
| 137|0x0000000088900000, 0x0000000088a00000, 0x0000000088a00000|100%|HS|  |TAMS 0x0000000088900000| PB 0x0000000088900000| Complete 
| 138|0x0000000088a00000, 0x0000000088b00000, 0x0000000088b00000|100%|HC|  |TAMS 0x0000000088a00000| PB 0x0000000088a00000| Complete 
| 139|0x0000000088b00000, 0x0000000088c00000, 0x0000000088c00000|100%| O|  |TAMS 0x0000000088b00000| PB 0x0000000088b00000| Untracked 
| 140|0x0000000088c00000, 0x0000000088d00000, 0x0000000088d00000|100%| O|  |TAMS 0x0000000088c00000| PB 0x0000000088c00000| Untracked 
| 141|0x0000000088d00000, 0x0000000088e00000, 0x0000000088e00000|100%| O|  |TAMS 0x0000000088d00000| PB 0x0000000088d00000| Untracked 
| 142|0x0000000088e00000, 0x0000000088f00000, 0x0000000088f00000|100%| O|  |TAMS 0x0000000088e00000| PB 0x0000000088e00000| Untracked 
| 143|0x0000000088f00000, 0x0000000089000000, 0x0000000089000000|100%| O|  |TAMS 0x0000000088f00000| PB 0x0000000088f00000| Untracked 
| 144|0x0000000089000000, 0x0000000089100000, 0x0000000089100000|100%| O|  |TAMS 0x0000000089000000| PB 0x0000000089000000| Untracked 
| 145|0x0000000089100000, 0x0000000089200000, 0x0000000089200000|100%| O|  |TAMS 0x0000000089100000| PB 0x0000000089100000| Untracked 
| 146|0x0000000089200000, 0x0000000089300000, 0x0000000089300000|100%| O|  |TAMS 0x0000000089200000| PB 0x0000000089200000| Untracked 
| 147|0x0000000089300000, 0x0000000089400000, 0x0000000089400000|100%| O|  |TAMS 0x0000000089300000| PB 0x0000000089300000| Untracked 
| 148|0x0000000089400000, 0x0000000089500000, 0x0000000089500000|100%| O|  |TAMS 0x0000000089400000| PB 0x0000000089400000| Untracked 
| 149|0x0000000089500000, 0x0000000089600000, 0x0000000089600000|100%| O|  |TAMS 0x0000000089500000| PB 0x0000000089500000| Untracked 
| 150|0x0000000089600000, 0x0000000089700000, 0x0000000089700000|100%| O|  |TAMS 0x0000000089600000| PB 0x0000000089600000| Untracked 
| 151|0x0000000089700000, 0x0000000089800000, 0x0000000089800000|100%| O|  |TAMS 0x0000000089700000| PB 0x0000000089700000| Untracked 
| 152|0x0000000089800000, 0x0000000089900000, 0x0000000089900000|100%| O|  |TAMS 0x0000000089800000| PB 0x0000000089800000| Untracked 
| 153|0x0000000089900000, 0x0000000089a00000, 0x0000000089a00000|100%| O|  |TAMS 0x0000000089900000| PB 0x0000000089900000| Untracked 
| 154|0x0000000089a00000, 0x0000000089b00000, 0x0000000089b00000|100%| O|  |TAMS 0x0000000089a00000| PB 0x0000000089a00000| Untracked 
| 155|0x0000000089b00000, 0x0000000089c00000, 0x0000000089c00000|100%| O|  |TAMS 0x0000000089b00000| PB 0x0000000089b00000| Untracked 
| 156|0x0000000089c00000, 0x0000000089d00000, 0x0000000089d00000|100%| O|  |TAMS 0x0000000089c00000| PB 0x0000000089c00000| Untracked 
| 157|0x0000000089d00000, 0x0000000089e00000, 0x0000000089e00000|100%| O|  |TAMS 0x0000000089d00000| PB 0x0000000089d00000| Untracked 
| 158|0x0000000089e00000, 0x0000000089f00000, 0x0000000089f00000|100%| O|  |TAMS 0x0000000089e00000| PB 0x0000000089e00000| Untracked 
| 159|0x0000000089f00000, 0x000000008a000000, 0x000000008a000000|100%| O|Cm|TAMS 0x0000000089f00000| PB 0x0000000089f00000| Complete 
| 160|0x000000008a000000, 0x000000008a100000, 0x000000008a100000|100%| O|Cm|TAMS 0x000000008a000000| PB 0x000000008a000000| Complete 
| 161|0x000000008a100000, 0x000000008a200000, 0x000000008a200000|100%| O|  |TAMS 0x000000008a100000| PB 0x000000008a100000| Untracked 
| 162|0x000000008a200000, 0x000000008a300000, 0x000000008a300000|100%| O|Cm|TAMS 0x000000008a200000| PB 0x000000008a200000| Complete 
| 163|0x000000008a300000, 0x000000008a400000, 0x000000008a400000|100%| O|  |TAMS 0x000000008a300000| PB 0x000000008a300000| Untracked 
| 164|0x000000008a400000, 0x000000008a500000, 0x000000008a500000|100%| O|  |TAMS 0x000000008a400000| PB 0x000000008a400000| Untracked 
| 165|0x000000008a500000, 0x000000008a600000, 0x000000008a600000|100%| O|Cm|TAMS 0x000000008a500000| PB 0x000000008a500000| Complete 
| 166|0x000000008a600000, 0x000000008a700000, 0x000000008a700000|100%| O|  |TAMS 0x000000008a600000| PB 0x000000008a600000| Untracked 
| 167|0x000000008a700000, 0x000000008a800000, 0x000000008a800000|100%| O|  |TAMS 0x000000008a700000| PB 0x000000008a700000| Untracked 
| 168|0x000000008a800000, 0x000000008a800000, 0x000000008a900000|  0%| F|  |TAMS 0x000000008a800000| PB 0x000000008a800000| Untracked 
| 169|0x000000008a900000, 0x000000008aa00000, 0x000000008aa00000|100%| O|  |TAMS 0x000000008a900000| PB 0x000000008a900000| Untracked 
| 170|0x000000008aa00000, 0x000000008ab00000, 0x000000008ab00000|100%| O|Cm|TAMS 0x000000008aa00000| PB 0x000000008aa00000| Complete 
| 171|0x000000008ab00000, 0x000000008ac00000, 0x000000008ac00000|100%| O|  |TAMS 0x000000008ab00000| PB 0x000000008ab00000| Untracked 
| 172|0x000000008ac00000, 0x000000008ac00000, 0x000000008ad00000|  0%| F|  |TAMS 0x000000008ac00000| PB 0x000000008ac00000| Untracked 
| 173|0x000000008ad00000, 0x000000008ad00000, 0x000000008ae00000|  0%| F|  |TAMS 0x000000008ad00000| PB 0x000000008ad00000| Untracked 
| 174|0x000000008ae00000, 0x000000008af00000, 0x000000008af00000|100%| O|  |TAMS 0x000000008ae00000| PB 0x000000008ae00000| Untracked 
| 175|0x000000008af00000, 0x000000008b000000, 0x000000008b000000|100%| O|  |TAMS 0x000000008af00000| PB 0x000000008af00000| Untracked 
| 176|0x000000008b000000, 0x000000008b100000, 0x000000008b100000|100%| O|  |TAMS 0x000000008b000000| PB 0x000000008b000000| Untracked 
| 177|0x000000008b100000, 0x000000008b200000, 0x000000008b200000|100%| O|  |TAMS 0x000000008b100000| PB 0x000000008b100000| Untracked 
| 178|0x000000008b200000, 0x000000008b300000, 0x000000008b300000|100%| O|  |TAMS 0x000000008b200000| PB 0x000000008b200000| Untracked 
| 179|0x000000008b300000, 0x000000008b300000, 0x000000008b400000|  0%| F|  |TAMS 0x000000008b300000| PB 0x000000008b300000| Untracked 
| 180|0x000000008b400000, 0x000000008b500000, 0x000000008b500000|100%| O|Cm|TAMS 0x000000008b400000| PB 0x000000008b400000| Complete 
| 181|0x000000008b500000, 0x000000008b600000, 0x000000008b600000|100%| O|Cm|TAMS 0x000000008b500000| PB 0x000000008b500000| Complete 
| 182|0x000000008b600000, 0x000000008b700000, 0x000000008b700000|100%| O|Cm|TAMS 0x000000008b600000| PB 0x000000008b600000| Complete 
| 183|0x000000008b700000, 0x000000008b700000, 0x000000008b800000|  0%| F|  |TAMS 0x000000008b700000| PB 0x000000008b700000| Untracked 
| 184|0x000000008b800000, 0x000000008b800000, 0x000000008b900000|  0%| F|  |TAMS 0x000000008b800000| PB 0x000000008b800000| Untracked 
| 185|0x000000008b900000, 0x000000008ba00000, 0x000000008ba00000|100%| O|  |TAMS 0x000000008b900000| PB 0x000000008b900000| Untracked 
| 186|0x000000008ba00000, 0x000000008bb00000, 0x000000008bb00000|100%| O|  |TAMS 0x000000008ba00000| PB 0x000000008ba00000| Untracked 
| 187|0x000000008bb00000, 0x000000008bc00000, 0x000000008bc00000|100%| O|  |TAMS 0x000000008bb00000| PB 0x000000008bb00000| Untracked 
| 188|0x000000008bc00000, 0x000000008bd00000, 0x000000008bd00000|100%| O|Cm|TAMS 0x000000008bc00000| PB 0x000000008bc00000| Complete 
| 189|0x000000008bd00000, 0x000000008be00000, 0x000000008be00000|100%| O|  |TAMS 0x000000008bd00000| PB 0x000000008bd00000| Untracked 
| 190|0x000000008be00000, 0x000000008be00000, 0x000000008bf00000|  0%| F|  |TAMS 0x000000008be00000| PB 0x000000008be00000| Untracked 
| 191|0x000000008bf00000, 0x000000008c000000, 0x000000008c000000|100%| O|  |TAMS 0x000000008bf00000| PB 0x000000008bf00000| Untracked 
| 192|0x000000008c000000, 0x000000008c100000, 0x000000008c100000|100%| O|  |TAMS 0x000000008c000000| PB 0x000000008c000000| Untracked 
| 193|0x000000008c100000, 0x000000008c200000, 0x000000008c200000|100%| O|Cm|TAMS 0x000000008c100000| PB 0x000000008c100000| Complete 
| 194|0x000000008c200000, 0x000000008c300000, 0x000000008c300000|100%| O|Cm|TAMS 0x000000008c200000| PB 0x000000008c200000| Complete 
| 195|0x000000008c300000, 0x000000008c400000, 0x000000008c400000|100%| O|Cm|TAMS 0x000000008c300000| PB 0x000000008c300000| Complete 
| 196|0x000000008c400000, 0x000000008c500000, 0x000000008c500000|100%| O|Cm|TAMS 0x000000008c400000| PB 0x000000008c400000| Complete 
| 197|0x000000008c500000, 0x000000008c600000, 0x000000008c600000|100%| O|Cm|TAMS 0x000000008c500000| PB 0x000000008c500000| Complete 
| 198|0x000000008c600000, 0x000000008c700000, 0x000000008c700000|100%| O|  |TAMS 0x000000008c600000| PB 0x000000008c600000| Untracked 
| 199|0x000000008c700000, 0x000000008c800000, 0x000000008c800000|100%| O|  |TAMS 0x000000008c700000| PB 0x000000008c700000| Untracked 
| 200|0x000000008c800000, 0x000000008c900000, 0x000000008c900000|100%| O|  |TAMS 0x000000008c800000| PB 0x000000008c800000| Untracked 
| 201|0x000000008c900000, 0x000000008ca00000, 0x000000008ca00000|100%| O|Cm|TAMS 0x000000008c900000| PB 0x000000008c900000| Complete 
| 202|0x000000008ca00000, 0x000000008cb00000, 0x000000008cb00000|100%| O|Cm|TAMS 0x000000008ca00000| PB 0x000000008ca00000| Complete 
| 203|0x000000008cb00000, 0x000000008cc00000, 0x000000008cc00000|100%| O|Cm|TAMS 0x000000008cb00000| PB 0x000000008cb00000| Complete 
| 204|0x000000008cc00000, 0x000000008cd00000, 0x000000008cd00000|100%| O|Cm|TAMS 0x000000008cc00000| PB 0x000000008cc00000| Complete 
| 205|0x000000008cd00000, 0x000000008ce00000, 0x000000008ce00000|100%| O|Cm|TAMS 0x000000008cd00000| PB 0x000000008cd00000| Complete 
| 206|0x000000008ce00000, 0x000000008cf00000, 0x000000008cf00000|100%| O|Cm|TAMS 0x000000008ce00000| PB 0x000000008ce00000| Complete 
| 207|0x000000008cf00000, 0x000000008d000000, 0x000000008d000000|100%| O|Cm|TAMS 0x000000008cf00000| PB 0x000000008cf00000| Complete 
| 208|0x000000008d000000, 0x000000008d100000, 0x000000008d100000|100%| O|Cm|TAMS 0x000000008d000000| PB 0x000000008d000000| Complete 
| 209|0x000000008d100000, 0x000000008d200000, 0x000000008d200000|100%| O|Cm|TAMS 0x000000008d100000| PB 0x000000008d100000| Complete 
| 210|0x000000008d200000, 0x000000008d300000, 0x000000008d300000|100%| O|Cm|TAMS 0x000000008d200000| PB 0x000000008d200000| Complete 
| 211|0x000000008d300000, 0x000000008d400000, 0x000000008d400000|100%| O|Cm|TAMS 0x000000008d300000| PB 0x000000008d300000| Complete 
| 212|0x000000008d400000, 0x000000008d500000, 0x000000008d500000|100%| O|Cm|TAMS 0x000000008d400000| PB 0x000000008d400000| Complete 
| 213|0x000000008d500000, 0x000000008d600000, 0x000000008d600000|100%| O|Cm|TAMS 0x000000008d500000| PB 0x000000008d500000| Complete 
| 214|0x000000008d600000, 0x000000008d700000, 0x000000008d700000|100%| O|  |TAMS 0x000000008d600000| PB 0x000000008d600000| Untracked 
| 215|0x000000008d700000, 0x000000008d700000, 0x000000008d800000|  0%| F|  |TAMS 0x000000008d700000| PB 0x000000008d700000| Untracked 
| 216|0x000000008d800000, 0x000000008d800000, 0x000000008d900000|  0%| F|  |TAMS 0x000000008d800000| PB 0x000000008d800000| Untracked 
| 217|0x000000008d900000, 0x000000008d900000, 0x000000008da00000|  0%| F|  |TAMS 0x000000008d900000| PB 0x000000008d900000| Untracked 
| 218|0x000000008da00000, 0x000000008da00000, 0x000000008db00000|  0%| F|  |TAMS 0x000000008da00000| PB 0x000000008da00000| Untracked 
| 219|0x000000008db00000, 0x000000008db00000, 0x000000008dc00000|  0%| F|  |TAMS 0x000000008db00000| PB 0x000000008db00000| Untracked 
| 220|0x000000008dc00000, 0x000000008dc00000, 0x000000008dd00000|  0%| F|  |TAMS 0x000000008dc00000| PB 0x000000008dc00000| Untracked 
| 221|0x000000008dd00000, 0x000000008dd00000, 0x000000008de00000|  0%| F|  |TAMS 0x000000008dd00000| PB 0x000000008dd00000| Untracked 
| 222|0x000000008de00000, 0x000000008df00000, 0x000000008df00000|100%| O|Cm|TAMS 0x000000008de00000| PB 0x000000008de00000| Complete 
| 223|0x000000008df00000, 0x000000008df00000, 0x000000008e000000|  0%| F|  |TAMS 0x000000008df00000| PB 0x000000008df00000| Untracked 
| 224|0x000000008e000000, 0x000000008e100000, 0x000000008e100000|100%| O|Cm|TAMS 0x000000008e000000| PB 0x000000008e000000| Complete 
| 225|0x000000008e100000, 0x000000008e200000, 0x000000008e200000|100%| O|Cm|TAMS 0x000000008e100000| PB 0x000000008e100000| Complete 
| 226|0x000000008e200000, 0x000000008e300000, 0x000000008e300000|100%| O|Cm|TAMS 0x000000008e200000| PB 0x000000008e200000| Complete 
| 227|0x000000008e300000, 0x000000008e400000, 0x000000008e400000|100%| O|Cm|TAMS 0x000000008e300000| PB 0x000000008e300000| Complete 
| 228|0x000000008e400000, 0x000000008e400000, 0x000000008e500000|  0%| F|  |TAMS 0x000000008e400000| PB 0x000000008e400000| Untracked 
| 229|0x000000008e500000, 0x000000008e600000, 0x000000008e600000|100%| O|Cm|TAMS 0x000000008e500000| PB 0x000000008e500000| Complete 
| 230|0x000000008e600000, 0x000000008e600000, 0x000000008e700000|  0%| F|  |TAMS 0x000000008e600000| PB 0x000000008e600000| Untracked 
| 231|0x000000008e700000, 0x000000008e700000, 0x000000008e800000|  0%| F|  |TAMS 0x000000008e700000| PB 0x000000008e700000| Untracked 
| 232|0x000000008e800000, 0x000000008e800000, 0x000000008e900000|  0%| F|  |TAMS 0x000000008e800000| PB 0x000000008e800000| Untracked 
| 233|0x000000008e900000, 0x000000008e900000, 0x000000008ea00000|  0%| F|  |TAMS 0x000000008e900000| PB 0x000000008e900000| Untracked 
| 234|0x000000008ea00000, 0x000000008ea00000, 0x000000008eb00000|  0%| F|  |TAMS 0x000000008ea00000| PB 0x000000008ea00000| Untracked 
| 235|0x000000008eb00000, 0x000000008ec00000, 0x000000008ec00000|100%| O|Cm|TAMS 0x000000008eb00000| PB 0x000000008eb00000| Complete 
| 236|0x000000008ec00000, 0x000000008ec00000, 0x000000008ed00000|  0%| F|  |TAMS 0x000000008ec00000| PB 0x000000008ec00000| Untracked 
| 237|0x000000008ed00000, 0x000000008ed00000, 0x000000008ee00000|  0%| F|  |TAMS 0x000000008ed00000| PB 0x000000008ed00000| Untracked 
| 238|0x000000008ee00000, 0x000000008ee00000, 0x000000008ef00000|  0%| F|  |TAMS 0x000000008ee00000| PB 0x000000008ee00000| Untracked 
| 239|0x000000008ef00000, 0x000000008ef00000, 0x000000008f000000|  0%| F|  |TAMS 0x000000008ef00000| PB 0x000000008ef00000| Untracked 
| 240|0x000000008f000000, 0x000000008f000000, 0x000000008f100000|  0%| F|  |TAMS 0x000000008f000000| PB 0x000000008f000000| Untracked 
| 241|0x000000008f100000, 0x000000008f100000, 0x000000008f200000|  0%| F|  |TAMS 0x000000008f100000| PB 0x000000008f100000| Untracked 
| 242|0x000000008f200000, 0x000000008f200000, 0x000000008f300000|  0%| F|  |TAMS 0x000000008f200000| PB 0x000000008f200000| Untracked 
| 243|0x000000008f300000, 0x000000008f300000, 0x000000008f400000|  0%| F|  |TAMS 0x000000008f300000| PB 0x000000008f300000| Untracked 
| 244|0x000000008f400000, 0x000000008f400000, 0x000000008f500000|  0%| F|  |TAMS 0x000000008f400000| PB 0x000000008f400000| Untracked 
| 245|0x000000008f500000, 0x000000008f500000, 0x000000008f600000|  0%| F|  |TAMS 0x000000008f500000| PB 0x000000008f500000| Untracked 
| 246|0x000000008f600000, 0x000000008f600000, 0x000000008f700000|  0%| F|  |TAMS 0x000000008f600000| PB 0x000000008f600000| Untracked 
| 247|0x000000008f700000, 0x000000008f700000, 0x000000008f800000|  0%| F|  |TAMS 0x000000008f700000| PB 0x000000008f700000| Untracked 
| 248|0x000000008f800000, 0x000000008f800000, 0x000000008f900000|  0%| F|  |TAMS 0x000000008f800000| PB 0x000000008f800000| Untracked 
| 249|0x000000008f900000, 0x000000008f900000, 0x000000008fa00000|  0%| F|  |TAMS 0x000000008f900000| PB 0x000000008f900000| Untracked 
| 250|0x000000008fa00000, 0x000000008fa00000, 0x000000008fb00000|  0%| F|  |TAMS 0x000000008fa00000| PB 0x000000008fa00000| Untracked 
| 251|0x000000008fb00000, 0x000000008fb00000, 0x000000008fc00000|  0%| F|  |TAMS 0x000000008fb00000| PB 0x000000008fb00000| Untracked 
| 252|0x000000008fc00000, 0x000000008fc00000, 0x000000008fd00000|  0%| F|  |TAMS 0x000000008fc00000| PB 0x000000008fc00000| Untracked 
| 253|0x000000008fd00000, 0x000000008fd00000, 0x000000008fe00000|  0%| F|  |TAMS 0x000000008fd00000| PB 0x000000008fd00000| Untracked 
| 254|0x000000008fe00000, 0x000000008fe00000, 0x000000008ff00000|  0%| F|  |TAMS 0x000000008fe00000| PB 0x000000008fe00000| Untracked 
| 255|0x000000008ff00000, 0x000000008ff00000, 0x0000000090000000|  0%| F|  |TAMS 0x000000008ff00000| PB 0x000000008ff00000| Untracked 
| 256|0x0000000090000000, 0x0000000090000000, 0x0000000090100000|  0%| F|  |TAMS 0x0000000090000000| PB 0x0000000090000000| Untracked 
| 257|0x0000000090100000, 0x0000000090100000, 0x0000000090200000|  0%| F|  |TAMS 0x0000000090100000| PB 0x0000000090100000| Untracked 
| 258|0x0000000090200000, 0x0000000090200000, 0x0000000090300000|  0%| F|  |TAMS 0x0000000090200000| PB 0x0000000090200000| Untracked 
| 259|0x0000000090300000, 0x0000000090300000, 0x0000000090400000|  0%| F|  |TAMS 0x0000000090300000| PB 0x0000000090300000| Untracked 
| 260|0x0000000090400000, 0x0000000090400000, 0x0000000090500000|  0%| F|  |TAMS 0x0000000090400000| PB 0x0000000090400000| Untracked 
| 261|0x0000000090500000, 0x0000000090500000, 0x0000000090600000|  0%| F|  |TAMS 0x0000000090500000| PB 0x0000000090500000| Untracked 
| 262|0x0000000090600000, 0x0000000090600000, 0x0000000090700000|  0%| F|  |TAMS 0x0000000090600000| PB 0x0000000090600000| Untracked 
| 263|0x0000000090700000, 0x0000000090700000, 0x0000000090800000|  0%| F|  |TAMS 0x0000000090700000| PB 0x0000000090700000| Untracked 
| 264|0x0000000090800000, 0x0000000090800000, 0x0000000090900000|  0%| F|  |TAMS 0x0000000090800000| PB 0x0000000090800000| Untracked 
| 265|0x0000000090900000, 0x0000000090900000, 0x0000000090a00000|  0%| F|  |TAMS 0x0000000090900000| PB 0x0000000090900000| Untracked 
| 266|0x0000000090a00000, 0x0000000090a00000, 0x0000000090b00000|  0%| F|  |TAMS 0x0000000090a00000| PB 0x0000000090a00000| Untracked 
| 267|0x0000000090b00000, 0x0000000090b00000, 0x0000000090c00000|  0%| F|  |TAMS 0x0000000090b00000| PB 0x0000000090b00000| Untracked 
| 268|0x0000000090c00000, 0x0000000090c00000, 0x0000000090d00000|  0%| F|  |TAMS 0x0000000090c00000| PB 0x0000000090c00000| Untracked 
| 269|0x0000000090d00000, 0x0000000090d00000, 0x0000000090e00000|  0%| F|  |TAMS 0x0000000090d00000| PB 0x0000000090d00000| Untracked 
| 270|0x0000000090e00000, 0x0000000090e00000, 0x0000000090f00000|  0%| F|  |TAMS 0x0000000090e00000| PB 0x0000000090e00000| Untracked 
| 271|0x0000000090f00000, 0x0000000090f00000, 0x0000000091000000|  0%| F|  |TAMS 0x0000000090f00000| PB 0x0000000090f00000| Untracked 
| 272|0x0000000091000000, 0x0000000091000000, 0x0000000091100000|  0%| F|  |TAMS 0x0000000091000000| PB 0x0000000091000000| Untracked 
| 273|0x0000000091100000, 0x0000000091100000, 0x0000000091200000|  0%| F|  |TAMS 0x0000000091100000| PB 0x0000000091100000| Untracked 
| 274|0x0000000091200000, 0x0000000091200000, 0x0000000091300000|  0%| F|  |TAMS 0x0000000091200000| PB 0x0000000091200000| Untracked 
| 275|0x0000000091300000, 0x00000000913fc9c0, 0x0000000091400000| 98%| S|CS|TAMS 0x0000000091300000| PB 0x0000000091300000| Complete 
| 276|0x0000000091400000, 0x0000000091500000, 0x0000000091500000|100%| S|CS|TAMS 0x0000000091400000| PB 0x0000000091400000| Complete 
| 277|0x0000000091500000, 0x0000000091600000, 0x0000000091600000|100%| S|CS|TAMS 0x0000000091500000| PB 0x0000000091500000| Complete 
| 278|0x0000000091600000, 0x0000000091700000, 0x0000000091700000|100%| S|CS|TAMS 0x0000000091600000| PB 0x0000000091600000| Complete 
| 279|0x0000000091700000, 0x0000000091800000, 0x0000000091800000|100%| S|CS|TAMS 0x0000000091700000| PB 0x0000000091700000| Complete 
| 280|0x0000000091800000, 0x0000000091900000, 0x0000000091900000|100%| S|CS|TAMS 0x0000000091800000| PB 0x0000000091800000| Complete 
| 281|0x0000000091900000, 0x0000000091a00000, 0x0000000091a00000|100%| S|CS|TAMS 0x0000000091900000| PB 0x0000000091900000| Complete 
| 282|0x0000000091a00000, 0x0000000091b00000, 0x0000000091b00000|100%| S|CS|TAMS 0x0000000091a00000| PB 0x0000000091a00000| Complete 
| 283|0x0000000091b00000, 0x0000000091b00000, 0x0000000091c00000|  0%| F|  |TAMS 0x0000000091b00000| PB 0x0000000091b00000| Untracked 
| 284|0x0000000091c00000, 0x0000000091c00000, 0x0000000091d00000|  0%| F|  |TAMS 0x0000000091c00000| PB 0x0000000091c00000| Untracked 
| 285|0x0000000091d00000, 0x0000000091d00000, 0x0000000091e00000|  0%| F|  |TAMS 0x0000000091d00000| PB 0x0000000091d00000| Untracked 
| 286|0x0000000091e00000, 0x0000000091e00000, 0x0000000091f00000|  0%| F|  |TAMS 0x0000000091e00000| PB 0x0000000091e00000| Untracked 
| 287|0x0000000091f00000, 0x0000000091f00000, 0x0000000092000000|  0%| F|  |TAMS 0x0000000091f00000| PB 0x0000000091f00000| Untracked 
| 288|0x0000000092000000, 0x0000000092000000, 0x0000000092100000|  0%| F|  |TAMS 0x0000000092000000| PB 0x0000000092000000| Untracked 
| 289|0x0000000092100000, 0x0000000092100000, 0x0000000092200000|  0%| F|  |TAMS 0x0000000092100000| PB 0x0000000092100000| Untracked 
| 290|0x0000000092200000, 0x0000000092200000, 0x0000000092300000|  0%| F|  |TAMS 0x0000000092200000| PB 0x0000000092200000| Untracked 
| 291|0x0000000092300000, 0x0000000092300000, 0x0000000092400000|  0%| F|  |TAMS 0x0000000092300000| PB 0x0000000092300000| Untracked 
| 292|0x0000000092400000, 0x0000000092400000, 0x0000000092500000|  0%| F|  |TAMS 0x0000000092400000| PB 0x0000000092400000| Untracked 
| 293|0x0000000092500000, 0x0000000092500000, 0x0000000092600000|  0%| F|  |TAMS 0x0000000092500000| PB 0x0000000092500000| Untracked 
| 294|0x0000000092600000, 0x0000000092600000, 0x0000000092700000|  0%| F|  |TAMS 0x0000000092600000| PB 0x0000000092600000| Untracked 
| 295|0x0000000092700000, 0x0000000092700000, 0x0000000092800000|  0%| F|  |TAMS 0x0000000092700000| PB 0x0000000092700000| Untracked 
| 296|0x0000000092800000, 0x0000000092800000, 0x0000000092900000|  0%| F|  |TAMS 0x0000000092800000| PB 0x0000000092800000| Untracked 
| 297|0x0000000092900000, 0x0000000092900000, 0x0000000092a00000|  0%| F|  |TAMS 0x0000000092900000| PB 0x0000000092900000| Untracked 
| 298|0x0000000092a00000, 0x0000000092a00000, 0x0000000092b00000|  0%| F|  |TAMS 0x0000000092a00000| PB 0x0000000092a00000| Untracked 
| 299|0x0000000092b00000, 0x0000000092b00000, 0x0000000092c00000|  0%| F|  |TAMS 0x0000000092b00000| PB 0x0000000092b00000| Untracked 
| 300|0x0000000092c00000, 0x0000000092c00000, 0x0000000092d00000|  0%| F|  |TAMS 0x0000000092c00000| PB 0x0000000092c00000| Untracked 
| 301|0x0000000092d00000, 0x0000000092d00000, 0x0000000092e00000|  0%| F|  |TAMS 0x0000000092d00000| PB 0x0000000092d00000| Untracked 
| 302|0x0000000092e00000, 0x0000000092e00000, 0x0000000092f00000|  0%| F|  |TAMS 0x0000000092e00000| PB 0x0000000092e00000| Untracked 
| 303|0x0000000092f00000, 0x0000000092f00000, 0x0000000093000000|  0%| F|  |TAMS 0x0000000092f00000| PB 0x0000000092f00000| Untracked 
| 304|0x0000000093000000, 0x0000000093000000, 0x0000000093100000|  0%| F|  |TAMS 0x0000000093000000| PB 0x0000000093000000| Untracked 
| 305|0x0000000093100000, 0x0000000093100000, 0x0000000093200000|  0%| F|  |TAMS 0x0000000093100000| PB 0x0000000093100000| Untracked 
| 306|0x0000000093200000, 0x0000000093200000, 0x0000000093300000|  0%| F|  |TAMS 0x0000000093200000| PB 0x0000000093200000| Untracked 
| 307|0x0000000093300000, 0x0000000093300000, 0x0000000093400000|  0%| F|  |TAMS 0x0000000093300000| PB 0x0000000093300000| Untracked 
| 308|0x0000000093400000, 0x0000000093400000, 0x0000000093500000|  0%| F|  |TAMS 0x0000000093400000| PB 0x0000000093400000| Untracked 
| 309|0x0000000093500000, 0x0000000093500000, 0x0000000093600000|  0%| F|  |TAMS 0x0000000093500000| PB 0x0000000093500000| Untracked 
| 310|0x0000000093600000, 0x0000000093600000, 0x0000000093700000|  0%| F|  |TAMS 0x0000000093600000| PB 0x0000000093600000| Untracked 
| 311|0x0000000093700000, 0x0000000093700000, 0x0000000093800000|  0%| F|  |TAMS 0x0000000093700000| PB 0x0000000093700000| Untracked 
| 312|0x0000000093800000, 0x0000000093800000, 0x0000000093900000|  0%| F|  |TAMS 0x0000000093800000| PB 0x0000000093800000| Untracked 
| 313|0x0000000093900000, 0x0000000093900000, 0x0000000093a00000|  0%| F|  |TAMS 0x0000000093900000| PB 0x0000000093900000| Untracked 
| 314|0x0000000093a00000, 0x0000000093a00000, 0x0000000093b00000|  0%| F|  |TAMS 0x0000000093a00000| PB 0x0000000093a00000| Untracked 
| 315|0x0000000093b00000, 0x0000000093b00000, 0x0000000093c00000|  0%| F|  |TAMS 0x0000000093b00000| PB 0x0000000093b00000| Untracked 
| 316|0x0000000093c00000, 0x0000000093c00000, 0x0000000093d00000|  0%| F|  |TAMS 0x0000000093c00000| PB 0x0000000093c00000| Untracked 
| 317|0x0000000093d00000, 0x0000000093d00000, 0x0000000093e00000|  0%| F|  |TAMS 0x0000000093d00000| PB 0x0000000093d00000| Untracked 
| 318|0x0000000093e00000, 0x0000000093e00000, 0x0000000093f00000|  0%| F|  |TAMS 0x0000000093e00000| PB 0x0000000093e00000| Untracked 
| 319|0x0000000093f00000, 0x0000000093f00000, 0x0000000094000000|  0%| F|  |TAMS 0x0000000093f00000| PB 0x0000000093f00000| Untracked 
| 320|0x0000000094000000, 0x0000000094000000, 0x0000000094100000|  0%| F|  |TAMS 0x0000000094000000| PB 0x0000000094000000| Untracked 
| 321|0x0000000094100000, 0x0000000094100000, 0x0000000094200000|  0%| F|  |TAMS 0x0000000094100000| PB 0x0000000094100000| Untracked 
| 322|0x0000000094200000, 0x0000000094200000, 0x0000000094300000|  0%| F|  |TAMS 0x0000000094200000| PB 0x0000000094200000| Untracked 
| 323|0x0000000094300000, 0x0000000094300000, 0x0000000094400000|  0%| F|  |TAMS 0x0000000094300000| PB 0x0000000094300000| Untracked 
| 324|0x0000000094400000, 0x0000000094400000, 0x0000000094500000|  0%| F|  |TAMS 0x0000000094400000| PB 0x0000000094400000| Untracked 
| 325|0x0000000094500000, 0x0000000094500000, 0x0000000094600000|  0%| F|  |TAMS 0x0000000094500000| PB 0x0000000094500000| Untracked 
| 326|0x0000000094600000, 0x0000000094600000, 0x0000000094700000|  0%| F|  |TAMS 0x0000000094600000| PB 0x0000000094600000| Untracked 
| 327|0x0000000094700000, 0x0000000094700000, 0x0000000094800000|  0%| F|  |TAMS 0x0000000094700000| PB 0x0000000094700000| Untracked 
| 328|0x0000000094800000, 0x0000000094800000, 0x0000000094900000|  0%| F|  |TAMS 0x0000000094800000| PB 0x0000000094800000| Untracked 
| 329|0x0000000094900000, 0x0000000094900000, 0x0000000094a00000|  0%| F|  |TAMS 0x0000000094900000| PB 0x0000000094900000| Untracked 
| 330|0x0000000094a00000, 0x0000000094a00000, 0x0000000094b00000|  0%| F|  |TAMS 0x0000000094a00000| PB 0x0000000094a00000| Untracked 
| 331|0x0000000094b00000, 0x0000000094b00000, 0x0000000094c00000|  0%| F|  |TAMS 0x0000000094b00000| PB 0x0000000094b00000| Untracked 
| 332|0x0000000094c00000, 0x0000000094c00000, 0x0000000094d00000|  0%| F|  |TAMS 0x0000000094c00000| PB 0x0000000094c00000| Untracked 
| 333|0x0000000094d00000, 0x0000000094d00000, 0x0000000094e00000|  0%| F|  |TAMS 0x0000000094d00000| PB 0x0000000094d00000| Untracked 
| 334|0x0000000094e00000, 0x0000000094e00000, 0x0000000094f00000|  0%| F|  |TAMS 0x0000000094e00000| PB 0x0000000094e00000| Untracked 
| 335|0x0000000094f00000, 0x0000000094f00000, 0x0000000095000000|  0%| F|  |TAMS 0x0000000094f00000| PB 0x0000000094f00000| Untracked 
| 336|0x0000000095000000, 0x0000000095000000, 0x0000000095100000|  0%| F|  |TAMS 0x0000000095000000| PB 0x0000000095000000| Untracked 
| 337|0x0000000095100000, 0x0000000095100000, 0x0000000095200000|  0%| F|  |TAMS 0x0000000095100000| PB 0x0000000095100000| Untracked 
| 338|0x0000000095200000, 0x0000000095200000, 0x0000000095300000|  0%| F|  |TAMS 0x0000000095200000| PB 0x0000000095200000| Untracked 
| 339|0x0000000095300000, 0x0000000095300000, 0x0000000095400000|  0%| F|  |TAMS 0x0000000095300000| PB 0x0000000095300000| Untracked 
| 340|0x0000000095400000, 0x0000000095400000, 0x0000000095500000|  0%| F|  |TAMS 0x0000000095400000| PB 0x0000000095400000| Untracked 
| 341|0x0000000095500000, 0x0000000095500000, 0x0000000095600000|  0%| F|  |TAMS 0x0000000095500000| PB 0x0000000095500000| Untracked 
| 342|0x0000000095600000, 0x0000000095600000, 0x0000000095700000|  0%| F|  |TAMS 0x0000000095600000| PB 0x0000000095600000| Untracked 
| 343|0x0000000095700000, 0x0000000095700000, 0x0000000095800000|  0%| F|  |TAMS 0x0000000095700000| PB 0x0000000095700000| Untracked 
| 344|0x0000000095800000, 0x0000000095800000, 0x0000000095900000|  0%| F|  |TAMS 0x0000000095800000| PB 0x0000000095800000| Untracked 
| 345|0x0000000095900000, 0x0000000095900000, 0x0000000095a00000|  0%| F|  |TAMS 0x0000000095900000| PB 0x0000000095900000| Untracked 
| 346|0x0000000095a00000, 0x0000000095a00000, 0x0000000095b00000|  0%| F|  |TAMS 0x0000000095a00000| PB 0x0000000095a00000| Untracked 
| 347|0x0000000095b00000, 0x0000000095b00000, 0x0000000095c00000|  0%| F|  |TAMS 0x0000000095b00000| PB 0x0000000095b00000| Untracked 
| 348|0x0000000095c00000, 0x0000000095c00000, 0x0000000095d00000|  0%| F|  |TAMS 0x0000000095c00000| PB 0x0000000095c00000| Untracked 
| 349|0x0000000095d00000, 0x0000000095d00000, 0x0000000095e00000|  0%| F|  |TAMS 0x0000000095d00000| PB 0x0000000095d00000| Untracked 
| 350|0x0000000095e00000, 0x0000000095e00000, 0x0000000095f00000|  0%| F|  |TAMS 0x0000000095e00000| PB 0x0000000095e00000| Untracked 
| 351|0x0000000095f00000, 0x0000000095f00000, 0x0000000096000000|  0%| F|  |TAMS 0x0000000095f00000| PB 0x0000000095f00000| Untracked 
| 352|0x0000000096000000, 0x0000000096000000, 0x0000000096100000|  0%| F|  |TAMS 0x0000000096000000| PB 0x0000000096000000| Untracked 
| 353|0x0000000096100000, 0x0000000096100000, 0x0000000096200000|  0%| F|  |TAMS 0x0000000096100000| PB 0x0000000096100000| Untracked 
| 354|0x0000000096200000, 0x0000000096200000, 0x0000000096300000|  0%| F|  |TAMS 0x0000000096200000| PB 0x0000000096200000| Untracked 
| 355|0x0000000096300000, 0x0000000096300000, 0x0000000096400000|  0%| F|  |TAMS 0x0000000096300000| PB 0x0000000096300000| Untracked 
| 356|0x0000000096400000, 0x0000000096400000, 0x0000000096500000|  0%| F|  |TAMS 0x0000000096400000| PB 0x0000000096400000| Untracked 
| 357|0x0000000096500000, 0x0000000096500000, 0x0000000096600000|  0%| F|  |TAMS 0x0000000096500000| PB 0x0000000096500000| Untracked 
| 358|0x0000000096600000, 0x0000000096600000, 0x0000000096700000|  0%| F|  |TAMS 0x0000000096600000| PB 0x0000000096600000| Untracked 
| 359|0x0000000096700000, 0x0000000096700000, 0x0000000096800000|  0%| F|  |TAMS 0x0000000096700000| PB 0x0000000096700000| Untracked 
| 360|0x0000000096800000, 0x0000000096800000, 0x0000000096900000|  0%| F|  |TAMS 0x0000000096800000| PB 0x0000000096800000| Untracked 
| 361|0x0000000096900000, 0x0000000096900000, 0x0000000096a00000|  0%| F|  |TAMS 0x0000000096900000| PB 0x0000000096900000| Untracked 
| 362|0x0000000096a00000, 0x0000000096a00000, 0x0000000096b00000|  0%| F|  |TAMS 0x0000000096a00000| PB 0x0000000096a00000| Untracked 
| 363|0x0000000096b00000, 0x0000000096b00000, 0x0000000096c00000|  0%| F|  |TAMS 0x0000000096b00000| PB 0x0000000096b00000| Untracked 
| 364|0x0000000096c00000, 0x0000000096c00000, 0x0000000096d00000|  0%| F|  |TAMS 0x0000000096c00000| PB 0x0000000096c00000| Untracked 
| 365|0x0000000096d00000, 0x0000000096d00000, 0x0000000096e00000|  0%| F|  |TAMS 0x0000000096d00000| PB 0x0000000096d00000| Untracked 
| 366|0x0000000096e00000, 0x0000000096e00000, 0x0000000096f00000|  0%| F|  |TAMS 0x0000000096e00000| PB 0x0000000096e00000| Untracked 
| 367|0x0000000096f00000, 0x0000000096f00000, 0x0000000097000000|  0%| F|  |TAMS 0x0000000096f00000| PB 0x0000000096f00000| Untracked 
| 368|0x0000000097000000, 0x0000000097000000, 0x0000000097100000|  0%| F|  |TAMS 0x0000000097000000| PB 0x0000000097000000| Untracked 
| 369|0x0000000097100000, 0x0000000097100000, 0x0000000097200000|  0%| F|  |TAMS 0x0000000097100000| PB 0x0000000097100000| Untracked 
| 370|0x0000000097200000, 0x0000000097200000, 0x0000000097300000|  0%| F|  |TAMS 0x0000000097200000| PB 0x0000000097200000| Untracked 
| 371|0x0000000097300000, 0x0000000097300000, 0x0000000097400000|  0%| F|  |TAMS 0x0000000097300000| PB 0x0000000097300000| Untracked 
| 372|0x0000000097400000, 0x0000000097400000, 0x0000000097500000|  0%| F|  |TAMS 0x0000000097400000| PB 0x0000000097400000| Untracked 
| 373|0x0000000097500000, 0x0000000097500000, 0x0000000097600000|  0%| F|  |TAMS 0x0000000097500000| PB 0x0000000097500000| Untracked 
| 374|0x0000000097600000, 0x0000000097600000, 0x0000000097700000|  0%| F|  |TAMS 0x0000000097600000| PB 0x0000000097600000| Untracked 
|2021|0x00000000fe500000, 0x00000000fe600000, 0x00000000fe600000|100%| O|Cm|TAMS 0x00000000fe500000| PB 0x00000000fe500000| Complete 
|2022|0x00000000fe600000, 0x00000000fe600000, 0x00000000fe700000|  0%| F|  |TAMS 0x00000000fe600000| PB 0x00000000fe600000| Untracked 
|2023|0x00000000fe700000, 0x00000000fe800000, 0x00000000fe800000|100%| O|  |TAMS 0x00000000fe700000| PB 0x00000000fe700000| Untracked 
|2024|0x00000000fe800000, 0x00000000fe900000, 0x00000000fe900000|100%| O|  |TAMS 0x00000000fe800000| PB 0x00000000fe800000| Untracked 
|2025|0x00000000fe900000, 0x00000000fea00000, 0x00000000fea00000|100%| O|Cm|TAMS 0x00000000fe900000| PB 0x00000000fe900000| Complete 
|2026|0x00000000fea00000, 0x00000000feb00000, 0x00000000feb00000|100%| O|Cm|TAMS 0x00000000fea00000| PB 0x00000000fea00000| Complete 
|2027|0x00000000feb00000, 0x00000000fec00000, 0x00000000fec00000|100%| O|Cm|TAMS 0x00000000feb00000| PB 0x00000000feb00000| Complete 
|2028|0x00000000fec00000, 0x00000000fed00000, 0x00000000fed00000|100%| O|Cm|TAMS 0x00000000fec00000| PB 0x00000000fec00000| Complete 
|2029|0x00000000fed00000, 0x00000000fee00000, 0x00000000fee00000|100%| O|Cm|TAMS 0x00000000fed00000| PB 0x00000000fed00000| Complete 
|2030|0x00000000fee00000, 0x00000000fef00000, 0x00000000fef00000|100%| O|Cm|TAMS 0x00000000fee00000| PB 0x00000000fee00000| Complete 
|2031|0x00000000fef00000, 0x00000000ff000000, 0x00000000ff000000|100%| O|  |TAMS 0x00000000fef00000| PB 0x00000000fef00000| Untracked 
|2032|0x00000000ff000000, 0x00000000ff100000, 0x00000000ff100000|100%| O|  |TAMS 0x00000000ff000000| PB 0x00000000ff000000| Untracked 
|2033|0x00000000ff100000, 0x00000000ff200000, 0x00000000ff200000|100%| O|  |TAMS 0x00000000ff100000| PB 0x00000000ff100000| Untracked 
|2034|0x00000000ff200000, 0x00000000ff300000, 0x00000000ff300000|100%| O|  |TAMS 0x00000000ff200000| PB 0x00000000ff200000| Untracked 
|2035|0x00000000ff300000, 0x00000000ff400000, 0x00000000ff400000|100%| O|  |TAMS 0x00000000ff300000| PB 0x00000000ff300000| Untracked 
|2036|0x00000000ff400000, 0x00000000ff500000, 0x00000000ff500000|100%| O|  |TAMS 0x00000000ff400000| PB 0x00000000ff400000| Untracked 
|2037|0x00000000ff500000, 0x00000000ff600000, 0x00000000ff600000|100%| O|  |TAMS 0x00000000ff500000| PB 0x00000000ff500000| Untracked 
|2038|0x00000000ff600000, 0x00000000ff600000, 0x00000000ff700000|  0%| F|  |TAMS 0x00000000ff600000| PB 0x00000000ff600000| Untracked 
|2039|0x00000000ff700000, 0x00000000ff800000, 0x00000000ff800000|100%| O|  |TAMS 0x00000000ff700000| PB 0x00000000ff700000| Untracked 
|2040|0x00000000ff800000, 0x00000000ff800000, 0x00000000ff900000|  0%| F|  |TAMS 0x00000000ff800000| PB 0x00000000ff800000| Untracked 
|2041|0x00000000ff900000, 0x00000000ff900000, 0x00000000ffa00000|  0%| F|  |TAMS 0x00000000ff900000| PB 0x00000000ff900000| Untracked 
|2042|0x00000000ffa00000, 0x00000000ffa00000, 0x00000000ffb00000|  0%| F|  |TAMS 0x00000000ffa00000| PB 0x00000000ffa00000| Untracked 
|2043|0x00000000ffb00000, 0x00000000ffc00000, 0x00000000ffc00000|100%| O|  |TAMS 0x00000000ffb00000| PB 0x00000000ffb00000| Untracked 
|2044|0x00000000ffc00000, 0x00000000ffd00000, 0x00000000ffd00000|100%| O|  |TAMS 0x00000000ffc00000| PB 0x00000000ffc00000| Untracked 
|2045|0x00000000ffd00000, 0x00000000ffdd5f88, 0x00000000ffe00000| 83%| E|  |TAMS 0x00000000ffd00000| PB 0x00000000ffd00000| Complete 
|2046|0x00000000ffe00000, 0x00000000fff00000, 0x00000000fff00000|100%| O|  |TAMS 0x00000000ffe00000| PB 0x00000000ffe00000| Untracked 
|2047|0x00000000fff00000, 0x0000000100000000, 0x0000000100000000|100%| O|  |TAMS 0x00000000fff00000| PB 0x00000000fff00000| Untracked 

Card table byte_map: [0x000002bad3e00000,0x000002bad4200000] _byte_map_base: 0x000002bad3a00000

Marking Bits: (CMBitMap*) 0x000002bac09079e0
 Bits: [0x000002bad4200000, 0x000002bad6200000)

Polling page: 0x000002babe670000

Metaspace:

Usage:
  Non-class:    149.03 MB used.
      Class:     22.41 MB used.
       Both:    171.44 MB used.

Virtual space:
  Non-class space:      192.00 MB reserved,     149.94 MB ( 78%) committed,  3 nodes.
      Class space:        1.00 GB reserved,      23.25 MB (  2%) committed,  1 nodes.
             Both:        1.19 GB reserved,     173.19 MB ( 14%) committed. 

Chunk freelists:
   Non-Class:  9.95 MB
       Class:  8.78 MB
        Both:  18.73 MB

MaxMetaspaceSize: unlimited
CompressedClassSpaceSize: 1.00 GB
Initial GC threshold: 21.00 MB
Current GC threshold: 285.31 MB
CDS: off
 - commit_granule_bytes: 65536.
 - commit_granule_words: 8192.
 - virtual_space_node_default_size: 8388608.
 - enlarge_chunks_in_place: 1.
 - use_allocation_guard: 0.


Internal statistics:

num_allocs_failed_limit: 6.
num_arena_births: 6620.
num_arena_deaths: 3472.
num_vsnodes_births: 4.
num_vsnodes_deaths: 0.
num_space_committed: 2764.
num_space_uncommitted: 1.
num_chunks_returned_to_freelist: 4258.
num_chunks_taken_from_freelist: 15955.
num_chunk_merges: 1619.
num_chunk_splits: 9273.
num_chunks_enlarged: 5690.
num_inconsistent_stats: 0.

CodeHeap 'non-profiled nmethods': size=119168Kb used=17434Kb max_used=19759Kb free=101733Kb
 bounds [0x000002bacb5a0000, 0x000002bacc8f0000, 0x000002bad2a00000]
CodeHeap 'profiled nmethods': size=119104Kb used=35853Kb max_used=39353Kb free=83251Kb
 bounds [0x000002bac3a00000, 0x000002bac6070000, 0x000002bacae50000]
CodeHeap 'non-nmethods': size=7488Kb used=3080Kb max_used=4886Kb free=4408Kb
 bounds [0x000002bacae50000, 0x000002bacb330000, 0x000002bacb5a0000]
CodeCache: size=245760Kb, used=56367Kb, max_used=63998Kb, free=189392Kb
 total_blobs=18120, nmethods=16991, adapters=1031, full_count=0
Compilation: enabled, stopped_count=0, restarted_count=0

Compilation events (20 events):
Event: 6888.303 Thread 0x000002bade1add20 29419   !   4       org.gradle.internal.Deferrable$3::completeAndGet (46 bytes)
Event: 6888.304 Thread 0x000002bade1add20 nmethod 29419 0x000002bacbfac690 code [0x000002bacbfac820, 0x000002bacbfacbf0]
Event: 6888.305 Thread 0x000002bade1add20 29420       4       org.gradle.internal.fingerprint.impl.DefaultCurrentFileCollectionFingerprint::from (96 bytes)
Event: 6888.306 Thread 0x000002bad9c753e0 29421   !   4       org.gradle.internal.execution.impl.DefaultInputFingerprinter$InputCollectingVisitor::visitInputFileProperty (135 bytes)
Event: 6888.306 Thread 0x000002bad9c52cc0 29422       4       org.gradle.internal.execution.steps.IdentifyStep::createIdentityContextInternal (78 bytes)
Event: 6888.306 Thread 0x000002bade1aff30 29423       4       org.gradle.internal.execution.impl.DefaultFileCollectionFingerprinterRegistry::getFingerprinter (67 bytes)
Event: 6888.308 Thread 0x000002bade1aff30 nmethod 29423 0x000002bacb5ab090 code [0x000002bacb5ab240, 0x000002bacb5ab528]
Event: 6888.308 Thread 0x000002bade1aff30 29425   !   4       org.gradle.internal.execution.impl.DefaultInputFingerprinter$InputCollectingVisitor::visitInputProperty (115 bytes)
Event: 6888.308 Thread 0x000002bade1add20 nmethod 29420 0x000002bacba92b10 code [0x000002bacba92d60, 0x000002bacba93648]
Event: 6888.308 Thread 0x000002bade1add20 29424       4       org.gradle.internal.execution.impl.DefaultInputFingerprinter$InputCollectingVisitor::complete (37 bytes)
Event: 6888.313 Thread 0x000002bae34ac700 nmethod 29416 0x000002bacbdaec10 code [0x000002bacbdaeec0, 0x000002bacbdb0390]
Event: 6888.313 Thread 0x000002bae34ac700 29426       4       org.gradle.internal.execution.steps.IdentifyStep$$Lambda/0x00000001005f4280::accept (14 bytes)
Event: 6888.318 Thread 0x000002bade1aff30 nmethod 29425 0x000002bacc4c6010 code [0x000002bacc4c6360, 0x000002bacc4c7dc0]
Event: 6888.327 Thread 0x000002bade1add20 nmethod 29424 0x000002bacbe4f110 code [0x000002bacbe4f4a0, 0x000002bacbe51e00]
Event: 6888.332 Thread 0x000002bad9c753e0 nmethod 29421 0x000002bacc5a4710 code [0x000002bacc5a4be0, 0x000002bacc5a7d18]
Event: 6888.820 Thread 0x000002bad9c753e0 29427       4       org.gradle.cache.internal.DefaultMultiProcessSafeIndexedCache::getCache (27 bytes)
Event: 6888.821 Thread 0x000002bad9c753e0 nmethod 29427 0x000002bacbb83710 code [0x000002bacbb838c0, 0x000002bacbb83a38]
Event: 6889.318 Thread 0x000002bade1add20 29428       4       com.google.common.io.CountingOutputStream::write (22 bytes)
Event: 6889.318 Thread 0x000002bad9c753e0 29429   !   4       java.io.BufferedOutputStream::write (73 bytes)
Event: 6889.319 Thread 0x000002bade1aff30 29430       4       java.io.BufferedOutputStream::implWrite (71 bytes)

GC Heap History (20 events):
Event: 2171.916 GC heap before
{Heap before GC invocations=55 (full 0):
 garbage-first heap   total 365568K, used 309847K [0x0000000080000000, 0x0000000100000000)
  region size 1024K, 104 young (106496K), 15 survivors (15360K)
 Metaspace       used 152559K, committed 155264K, reserved 1245184K
  class space    used 20614K, committed 21952K, reserved 1048576K
}
Event: 2171.925 GC heap after
{Heap after GC invocations=56 (full 0):
 garbage-first heap   total 365568K, used 213026K [0x0000000080000000, 0x0000000100000000)
  region size 1024K, 1 young (1024K), 1 survivors (1024K)
 Metaspace       used 152559K, committed 155264K, reserved 1245184K
  class space    used 20614K, committed 21952K, reserved 1048576K
}
Event: 6878.693 GC heap before
{Heap before GC invocations=56 (full 0):
 garbage-first heap   total 365568K, used 340002K [0x0000000080000000, 0x0000000100000000)
  region size 1024K, 125 young (128000K), 1 survivors (1024K)
 Metaspace       used 154227K, committed 157056K, reserved 1245184K
  class space    used 20846K, committed 22208K, reserved 1048576K
}
Event: 6878.697 GC heap after
{Heap after GC invocations=57 (full 0):
 garbage-first heap   total 365568K, used 204528K [0x0000000080000000, 0x0000000100000000)
  region size 1024K, 3 young (3072K), 3 survivors (3072K)
 Metaspace       used 154227K, committed 157056K, reserved 1245184K
  class space    used 20846K, committed 22208K, reserved 1048576K
}
Event: 6879.094 GC heap before
{Heap before GC invocations=57 (full 0):
 garbage-first heap   total 365568K, used 283376K [0x0000000080000000, 0x0000000100000000)
  region size 1024K, 82 young (83968K), 3 survivors (3072K)
 Metaspace       used 157522K, committed 160256K, reserved 1245184K
  class space    used 21263K, committed 22592K, reserved 1048576K
}
Event: 6879.098 GC heap after
{Heap after GC invocations=58 (full 0):
 garbage-first heap   total 365568K, used 211711K [0x0000000080000000, 0x0000000100000000)
  region size 1024K, 10 young (10240K), 10 survivors (10240K)
 Metaspace       used 157522K, committed 160256K, reserved 1245184K
  class space    used 21263K, committed 22592K, reserved 1048576K
}
Event: 6884.211 GC heap before
{Heap before GC invocations=59 (full 0):
 garbage-first heap   total 365568K, used 334591K [0x0000000080000000, 0x0000000100000000)
  region size 1024K, 131 young (134144K), 10 survivors (10240K)
 Metaspace       used 161747K, committed 163840K, reserved 1245184K
  class space    used 21300K, committed 22656K, reserved 1048576K
}
Event: 6884.214 GC heap after
{Heap after GC invocations=60 (full 0):
 garbage-first heap   total 365568K, used 209610K [0x0000000080000000, 0x0000000100000000)
  region size 1024K, 9 young (9216K), 9 survivors (9216K)
 Metaspace       used 161747K, committed 163840K, reserved 1245184K
  class space    used 21300K, committed 22656K, reserved 1048576K
}
Event: 6884.850 GC heap before
{Heap before GC invocations=60 (full 0):
 garbage-first heap   total 365568K, used 335562K [0x0000000080000000, 0x0000000100000000)
  region size 1024K, 132 young (135168K), 9 survivors (9216K)
 Metaspace       used 164289K, committed 166208K, reserved 1245184K
  class space    used 21691K, committed 22720K, reserved 1048576K
}
Event: 6884.859 GC heap after
{Heap after GC invocations=61 (full 0):
 garbage-first heap   total 367616K, used 194687K [0x0000000080000000, 0x0000000100000000)
  region size 1024K, 17 young (17408K), 17 survivors (17408K)
 Metaspace       used 164289K, committed 166208K, reserved 1245184K
  class space    used 21691K, committed 22720K, reserved 1048576K
}
Event: 6886.169 GC heap before
{Heap before GC invocations=61 (full 0):
 garbage-first heap   total 367616K, used 338047K [0x0000000080000000, 0x0000000100000000)
  region size 1024K, 149 young (152576K), 17 survivors (17408K)
 Metaspace       used 167171K, committed 168896K, reserved 1245184K
  class space    used 22111K, committed 22912K, reserved 1048576K
}
Event: 6886.180 GC heap after
{Heap after GC invocations=62 (full 0):
 garbage-first heap   total 388096K, used 224794K [0x0000000080000000, 0x0000000100000000)
  region size 1024K, 19 young (19456K), 19 survivors (19456K)
 Metaspace       used 167171K, committed 168896K, reserved 1245184K
  class space    used 22111K, committed 22912K, reserved 1048576K
}
Event: 6886.475 GC heap before
{Heap before GC invocations=62 (full 0):
 garbage-first heap   total 388096K, used 262682K [0x0000000080000000, 0x0000000100000000)
  region size 1024K, 57 young (58368K), 19 survivors (19456K)
 Metaspace       used 167729K, committed 169472K, reserved 1245184K
  class space    used 22150K, committed 22976K, reserved 1048576K
}
Event: 6886.481 GC heap after
{Heap after GC invocations=63 (full 0):
 garbage-first heap   total 388096K, used 243354K [0x0000000080000000, 0x0000000100000000)
  region size 1024K, 17 young (17408K), 17 survivors (17408K)
 Metaspace       used 167729K, committed 169472K, reserved 1245184K
  class space    used 22150K, committed 22976K, reserved 1048576K
}
Event: 6886.822 GC heap before
{Heap before GC invocations=64 (full 0):
 garbage-first heap   total 411648K, used 337562K [0x0000000080000000, 0x0000000100000000)
  region size 1024K, 88 young (90112K), 17 survivors (17408K)
 Metaspace       used 168119K, committed 169792K, reserved 1245184K
  class space    used 22167K, committed 22976K, reserved 1048576K
}
Event: 6886.827 GC heap after
{Heap after GC invocations=65 (full 0):
 garbage-first heap   total 411648K, used 252607K [0x0000000080000000, 0x0000000100000000)
  region size 1024K, 10 young (10240K), 10 survivors (10240K)
 Metaspace       used 168119K, committed 169792K, reserved 1245184K
  class space    used 22167K, committed 22976K, reserved 1048576K
}
Event: 6887.037 GC heap before
{Heap before GC invocations=65 (full 0):
 garbage-first heap   total 411648K, used 336575K [0x0000000080000000, 0x0000000100000000)
  region size 1024K, 93 young (95232K), 10 survivors (10240K)
 Metaspace       used 171599K, committed 173312K, reserved 1245184K
  class space    used 22478K, committed 23296K, reserved 1048576K
}
Event: 6887.043 GC heap after
{Heap after GC invocations=66 (full 0):
 garbage-first heap   total 411648K, used 259109K [0x0000000080000000, 0x0000000100000000)
  region size 1024K, 11 young (11264K), 11 survivors (11264K)
 Metaspace       used 171599K, committed 173312K, reserved 1245184K
  class space    used 22478K, committed 23296K, reserved 1048576K
}
Event: 6887.655 GC heap before
{Heap before GC invocations=66 (full 0):
 garbage-first heap   total 411648K, used 345125K [0x0000000080000000, 0x0000000100000000)
  region size 1024K, 96 young (98304K), 11 survivors (11264K)
 Metaspace       used 173498K, committed 175296K, reserved 1245184K
  class space    used 22668K, committed 23552K, reserved 1048576K
}
Event: 6887.658 GC heap after
{Heap after GC invocations=67 (full 0):
 garbage-first heap   total 411648K, used 253148K [0x0000000080000000, 0x0000000100000000)
  region size 1024K, 4 young (4096K), 4 survivors (4096K)
 Metaspace       used 173498K, committed 175296K, reserved 1245184K
  class space    used 22668K, committed 23552K, reserved 1048576K
}

Dll operation events (3 events):
Event: 0.006 Loaded shared library C:\Program Files\Android\Android Studio\jbr\bin\java.dll
Event: 0.009 Loaded shared library C:\Program Files\Android\Android Studio\jbr\bin\zip.dll
Event: 0.282 Loaded shared library C:\Program Files\Android\Android Studio\jbr\bin\verify.dll

Deoptimization events (20 events):
Event: 6888.256 Thread 0x000002bae7197270 Uncommon trap: trap_request=0xffffff45 fr.pc=0x000002bacc232b18 relative=0x0000000000000078
Event: 6888.256 Thread 0x000002bae7197270 Uncommon trap: reason=unstable_if action=reinterpret pc=0x000002bacc232b18 method=java.lang.invoke.MethodHandle.asTypeCached(Ljava/lang/invoke/MethodType;)Ljava/lang/invoke/MethodHandle; @ 6 c2
Event: 6888.256 Thread 0x000002bae7197270 DEOPT PACKING pc=0x000002bacc232b18 sp=0x000000f4aa4fe220
Event: 6888.256 Thread 0x000002bae7197270 DEOPT UNPACKING pc=0x000002bacaea46a2 sp=0x000000f4aa4fe1b0 mode 2
Event: 6888.280 Thread 0x000002bae6d881d0 Uncommon trap: trap_request=0xffffffde fr.pc=0x000002bacc8e5480 relative=0x00000000000001c0
Event: 6888.280 Thread 0x000002bae6d881d0 Uncommon trap: reason=class_check action=maybe_recompile pc=0x000002bacc8e5480 method=org.gradle.internal.snapshot.AbstractIncompleteFileSystemNode$2.handleAsDescendantOfChild(Lorg/gradle/internal/snapshot/VfsRelativePath;Ljava/lang/Object;)Ljava/lang/Obj
Event: 6888.280 Thread 0x000002bae6d881d0 DEOPT PACKING pc=0x000002bacc8e5480 sp=0x000000f4a37fb820
Event: 6888.280 Thread 0x000002bae6d881d0 DEOPT UNPACKING pc=0x000002bacaea46a2 sp=0x000000f4a37fb7a8 mode 2
Event: 6888.280 Thread 0x000002bae6d881d0 Uncommon trap: trap_request=0xffffffde fr.pc=0x000002bacc8e4888 relative=0x00000000000001c8
Event: 6888.280 Thread 0x000002bae6d881d0 Uncommon trap: reason=class_check action=maybe_recompile pc=0x000002bacc8e4888 method=org.gradle.internal.snapshot.AbstractIncompleteFileSystemNode$2.handleAsDescendantOfChild(Lorg/gradle/internal/snapshot/VfsRelativePath;Lorg/gradle/internal/snapshot/Fil
Event: 6888.280 Thread 0x000002bae6d881d0 DEOPT PACKING pc=0x000002bacc8e4888 sp=0x000000f4a37fb790
Event: 6888.280 Thread 0x000002bae6d881d0 DEOPT UNPACKING pc=0x000002bacaea46a2 sp=0x000000f4a37fb720 mode 2
Event: 6888.280 Thread 0x000002bae6d881d0 Uncommon trap: trap_request=0xffffffde fr.pc=0x000002bacc8e4eec relative=0x00000000000001ac
Event: 6888.280 Thread 0x000002bae6d881d0 Uncommon trap: reason=class_check action=maybe_recompile pc=0x000002bacc8e4eec method=org.gradle.internal.snapshot.AbstractIncompleteFileSystemNode.store(Lorg/gradle/internal/snapshot/VfsRelativePath;Lorg/gradle/internal/snapshot/CaseSensitivity;Lorg/grad
Event: 6888.280 Thread 0x000002bae6d881d0 DEOPT PACKING pc=0x000002bacc8e4eec sp=0x000000f4a37fb700
Event: 6888.280 Thread 0x000002bae6d881d0 DEOPT UNPACKING pc=0x000002bacaea46a2 sp=0x000000f4a37fb6b0 mode 2
Event: 6888.280 Thread 0x000002bae6d881d0 Uncommon trap: trap_request=0xffffffc6 fr.pc=0x000002bacc4ee848 relative=0x0000000000000128
Event: 6888.280 Thread 0x000002bae6d881d0 Uncommon trap: reason=bimorphic_or_optimized_type_check action=maybe_recompile pc=0x000002bacc4ee848 method=com.google.common.collect.RegularImmutableMap.checkNoConflictInKeyBucket(Ljava/lang/Object;Ljava/lang/Object;Lcom/google/common/collect/ImmutableMa
Event: 6888.280 Thread 0x000002bae6d881d0 DEOPT PACKING pc=0x000002bacc4ee848 sp=0x000000f4a37fd670
Event: 6888.280 Thread 0x000002bae6d881d0 DEOPT UNPACKING pc=0x000002bacaea46a2 sp=0x000000f4a37fd618 mode 2

Classes loaded (20 events):
Event: 6887.797 Loading class java/util/TreeMap$NavigableSubMap$DescendingSubMapEntryIterator
Event: 6887.797 Loading class java/util/TreeMap$NavigableSubMap$DescendingSubMapEntryIterator done
Event: 6887.801 Loading class com/sun/org/apache/xerces/internal/dom/DeepNodeListImpl
Event: 6887.801 Loading class com/sun/org/apache/xerces/internal/dom/DeepNodeListImpl done
Event: 6888.097 Loading class java/util/zip/Deflater
Event: 6888.097 Loading class java/util/zip/Deflater done
Event: 6888.098 Loading class java/util/zip/Deflater$DeflaterZStreamRef
Event: 6888.098 Loading class java/util/zip/Deflater$DeflaterZStreamRef done
Event: 6888.099 Loading class java/nio/channels/FileChannel$MapMode
Event: 6888.099 Loading class java/nio/channels/FileChannel$MapMode done
Event: 6888.099 Loading class jdk/internal/misc/ExtendedMapMode
Event: 6888.099 Loading class jdk/internal/misc/ExtendedMapMode done
Event: 6888.100 Loading class sun/nio/ch/FileChannelImpl$DefaultUnmapper
Event: 6888.100 Loading class sun/nio/ch/FileChannelImpl$Unmapper
Event: 6888.100 Loading class jdk/internal/access/foreign/UnmapperProxy
Event: 6888.100 Loading class jdk/internal/access/foreign/UnmapperProxy done
Event: 6888.100 Loading class sun/nio/ch/FileChannelImpl$Unmapper done
Event: 6888.100 Loading class sun/nio/ch/FileChannelImpl$DefaultUnmapper done
Event: 6888.100 Loading class sun/nio/ch/Util$4
Event: 6888.100 Loading class sun/nio/ch/Util$4 done

Classes unloaded (20 events):
Event: 6886.502 Thread 0x000002bad9b57770 Unloading class 0x000000010158b400 'jdk/internal/reflect/GeneratedSerializationConstructorAccessor371'
Event: 6886.502 Thread 0x000002bad9b57770 Unloading class 0x000000010158b000 'jdk/internal/reflect/GeneratedSerializationConstructorAccessor370'
Event: 6886.502 Thread 0x000002bad9b57770 Unloading class 0x000000010158ac00 'jdk/internal/reflect/GeneratedSerializationConstructorAccessor369'
Event: 6886.502 Thread 0x000002bad9b57770 Unloading class 0x000000010158a800 'jdk/internal/reflect/GeneratedSerializationConstructorAccessor368'
Event: 6886.502 Thread 0x000002bad9b57770 Unloading class 0x000000010158a400 'jdk/internal/reflect/GeneratedSerializationConstructorAccessor367'
Event: 6886.502 Thread 0x000002bad9b57770 Unloading class 0x000000010158a000 'jdk/internal/reflect/GeneratedSerializationConstructorAccessor366'
Event: 6886.502 Thread 0x000002bad9b57770 Unloading class 0x0000000101587000 'jdk/internal/reflect/GeneratedSerializationConstructorAccessor365'
Event: 6886.502 Thread 0x000002bad9b57770 Unloading class 0x0000000101586800 'jdk/internal/reflect/GeneratedSerializationConstructorAccessor364'
Event: 6886.502 Thread 0x000002bad9b57770 Unloading class 0x0000000101586400 'jdk/internal/reflect/GeneratedSerializationConstructorAccessor363'
Event: 6886.502 Thread 0x000002bad9b57770 Unloading class 0x0000000101584400 'jdk/internal/reflect/GeneratedSerializationConstructorAccessor362'
Event: 6886.502 Thread 0x000002bad9b57770 Unloading class 0x0000000101585000 'sync_studio_tooling9_c2alr0af8sa2u2lmo5h7vduwr$_run_closure2'
Event: 6886.502 Thread 0x000002bad9b57770 Unloading class 0x0000000101584800 'sync_studio_tooling9_c2alr0af8sa2u2lmo5h7vduwr'
Event: 6886.502 Thread 0x000002bad9b57770 Unloading class 0x00000001015839f0 'sync_studio_tooling9_c2alr0af8sa2u2lmo5h7vduwr$_run_closure1$_closure2'
Event: 6886.502 Thread 0x000002bad9b57770 Unloading class 0x0000000101583598 'sync_studio_tooling9_c2alr0af8sa2u2lmo5h7vduwr$_run_closure1'
Event: 6886.502 Thread 0x000002bad9b57770 Unloading class 0x0000000101583000 'sync_studio_tooling9_c2alr0af8sa2u2lmo5h7vduwr'
Event: 6886.502 Thread 0x000002bad9b57770 Unloading class 0x0000000101414598 'JetGradlePlugin'
Event: 6886.502 Thread 0x000002bad9b57770 Unloading class 0x0000000101414000 'ijInit7_ihhnat4bxwfe1crhj24hmr91'
Event: 6886.502 Thread 0x000002bad9b57770 Unloading class 0x0000000101413458 'ijInit7_ihhnat4bxwfe1crhj24hmr91$_run_closure1$_closure2'
Event: 6886.502 Thread 0x000002bad9b57770 Unloading class 0x0000000101413000 'ijInit7_ihhnat4bxwfe1crhj24hmr91$_run_closure1'
Event: 6886.502 Thread 0x000002bad9b57770 Unloading class 0x0000000101412800 'ijInit7_ihhnat4bxwfe1crhj24hmr91'

Classes redefined (0 events):
No events

Internal exceptions (20 events):
Event: 6887.939 Thread 0x000002bae71b3dd0 Exception <a 'sun/nio/fs/WindowsException'{0x00000000953200e8}> (0x00000000953200e8) 
thrown [s\src\hotspot\share\prims\jni.cpp, line 537]
Event: 6887.949 Thread 0x000002bae6d88860 Exception <a 'java/lang/NoSuchMethodError'{0x00000000952e8708}: static Lcom/android/ide/common/resources/MergedAssetWriter$AssetWorkAction;.<clinit>()V> (0x00000000952e8708) 
thrown [s\src\hotspot\share\prims\jni.cpp, line 1144]
Event: 6887.953 Thread 0x000002bae6d88860 Exception <a 'sun/nio/fs/WindowsException'{0x0000000095172708}> (0x0000000095172708) 
thrown [s\src\hotspot\share\prims\jni.cpp, line 537]
Event: 6887.956 Thread 0x000002bae6d88860 Exception <a 'java/lang/NoSuchMethodError'{0x00000000951a04c8}: 'int java.lang.invoke.DirectMethodHandle$Holder.invokeSpecial(java.lang.Object, java.lang.Object, java.lang.Object, java.lang.Object, java.lang.Object)'> (0x00000000951a04c8) 
thrown [s\src\hotspot\share\interpreter\linkResolver.cpp, line 784]
Event: 6888.014 Thread 0x000002bae6d88860 Exception <a 'java/lang/NoSuchMethodError'{0x00000000949be928}: static Lcom/android/ide/common/resources/AssetItem;.<clinit>()V> (0x00000000949be928) 
thrown [s\src\hotspot\share\prims\jni.cpp, line 1144]
Event: 6888.014 Thread 0x000002bae6d88860 Exception <a 'java/lang/NoSuchMethodError'{0x00000000949c1d10}: static Lcom/android/ide/common/resources/DataItem;.<clinit>()V> (0x00000000949c1d10) 
thrown [s\src\hotspot\share\prims\jni.cpp, line 1144]
Event: 6888.014 Thread 0x000002bae6d88860 Exception <a 'java/lang/NoSuchMethodError'{0x00000000949e9a40}: static Lcom/android/ide/common/resources/AssetFile;.<clinit>()V> (0x00000000949e9a40) 
thrown [s\src\hotspot\share\prims\jni.cpp, line 1144]
Event: 6888.014 Thread 0x000002bae6d88860 Exception <a 'java/lang/NoSuchMethodError'{0x00000000949ec370}: static Ljava/lang/Object;.<clinit>()V> (0x00000000949ec370) 
thrown [s\src\hotspot\share\prims\jni.cpp, line 1144]
Event: 6888.015 Thread 0x000002bae719c7c0 Exception <a 'sun/nio/fs/WindowsException'{0x0000000095636858}> (0x0000000095636858) 
thrown [s\src\hotspot\share\prims\jni.cpp, line 537]
Event: 6888.015 Thread 0x000002bae719c7c0 Exception <a 'sun/nio/fs/WindowsException'{0x0000000095637220}> (0x0000000095637220) 
thrown [s\src\hotspot\share\prims\jni.cpp, line 537]
Event: 6888.016 Thread 0x000002bae719c7c0 Exception <a 'sun/nio/fs/WindowsException'{0x0000000095637958}> (0x0000000095637958) 
thrown [s\src\hotspot\share\prims\jni.cpp, line 537]
Event: 6888.016 Thread 0x000002bae719c7c0 Exception <a 'sun/nio/fs/WindowsException'{0x00000000956382f8}> (0x00000000956382f8) 
thrown [s\src\hotspot\share\prims\jni.cpp, line 537]
Event: 6888.093 Thread 0x000002bae6ad8510 Exception <a 'sun/nio/fs/WindowsException'{0x0000000094778d50}> (0x0000000094778d50) 
thrown [s\src\hotspot\share\prims\jni.cpp, line 537]
Event: 6888.094 Thread 0x000002bae719d4e0 Exception <a 'sun/nio/fs/WindowsException'{0x0000000095643d68}> (0x0000000095643d68) 
thrown [s\src\hotspot\share\prims\jni.cpp, line 537]
Event: 6888.094 Thread 0x000002bae719d4e0 Exception <a 'sun/nio/fs/WindowsException'{0x00000000956446a8}> (0x00000000956446a8) 
thrown [s\src\hotspot\share\prims\jni.cpp, line 537]
Event: 6888.095 Thread 0x000002bae6ad8510 Exception <a 'sun/nio/fs/WindowsException'{0x00000000947d1618}> (0x00000000947d1618) 
thrown [s\src\hotspot\share\prims\jni.cpp, line 537]
Event: 6888.095 Thread 0x000002bae719d4e0 Exception <a 'sun/nio/fs/WindowsException'{0x0000000095645678}> (0x0000000095645678) 
thrown [s\src\hotspot\share\prims\jni.cpp, line 537]
Event: 6888.095 Thread 0x000002bae6ad8510 Exception <a 'sun/nio/fs/WindowsException'{0x00000000947d2150}> (0x00000000947d2150) 
thrown [s\src\hotspot\share\prims\jni.cpp, line 537]
Event: 6888.100 Thread 0x000002bae719d4e0 Exception <a 'java/lang/NoSuchMethodError'{0x0000000094629b98}: 'long java.lang.invoke.DirectMethodHandle$Holder.invokeStatic(java.lang.Object, java.lang.Object, int)'> (0x0000000094629b98) 
thrown [s\src\hotspot\share\interpreter\linkResolver.cpp, line 784]
Event: 6888.100 Thread 0x000002bae719d4e0 Exception <a 'java/lang/NoSuchMethodError'{0x0000000094634460}: 'java.lang.Object java.lang.invoke.DelegatingMethodHandle$Holder.reinvoke_L(java.lang.Object, int, long, java.lang.Object, java.lang.Object, int, java.lang.Object)'> (0x0000000094634460) 
thrown [s\src\hotspot\share\interpreter\linkResolver.cpp, line 784]

ZGC Phase Switch (0 events):
No events

VM Operations (20 events):
Event: 6887.681 Executing VM operation: G1PauseRemark done
Event: 6887.699 Executing VM operation: G1PauseCleanup
Event: 6887.699 Executing VM operation: G1PauseCleanup done
Event: 6887.793 Executing VM operation: HandshakeAllThreads (Deoptimize)
Event: 6887.793 Executing VM operation: HandshakeAllThreads (Deoptimize) done
Event: 6887.797 Executing VM operation: HandshakeAllThreads (Deoptimize)
Event: 6887.797 Executing VM operation: HandshakeAllThreads (Deoptimize) done
Event: 6887.943 Executing VM operation: HandshakeAllThreads (Deoptimize)
Event: 6887.943 Executing VM operation: HandshakeAllThreads (Deoptimize) done
Event: 6887.945 Executing VM operation: HandshakeAllThreads (Deoptimize)
Event: 6887.945 Executing VM operation: HandshakeAllThreads (Deoptimize) done
Event: 6887.956 Executing VM operation: HandshakeAllThreads (Deoptimize)
Event: 6887.956 Executing VM operation: HandshakeAllThreads (Deoptimize) done
Event: 6887.956 Executing VM operation: ICBufferFull
Event: 6887.956 Executing VM operation: ICBufferFull done
Event: 6888.011 Executing VM operation: HandshakeAllThreads (Deoptimize)
Event: 6888.011 Executing VM operation: HandshakeAllThreads (Deoptimize) done
Event: 6888.012 Executing VM operation: HandshakeAllThreads (Deoptimize)
Event: 6888.012 Executing VM operation: HandshakeAllThreads (Deoptimize) done
Event: 6889.006 Executing VM operation: Cleanup

Memory protections (0 events):
No events

Nmethod flushes (20 events):
Event: 6887.680 Thread 0x000002bad9b57770 flushing  nmethod 0x000002bac550d790
Event: 6887.680 Thread 0x000002bad9b57770 flushing  nmethod 0x000002bac5511210
Event: 6887.680 Thread 0x000002bad9b57770 flushing  nmethod 0x000002bac5603e90
Event: 6887.680 Thread 0x000002bad9b57770 flushing  nmethod 0x000002bac5605090
Event: 6887.680 Thread 0x000002bad9b57770 flushing  nmethod 0x000002bac5715d90
Event: 6887.680 Thread 0x000002bad9b57770 flushing  nmethod 0x000002bac5716f90
Event: 6887.680 Thread 0x000002bad9b57770 flushing  nmethod 0x000002bac5717510
Event: 6887.680 Thread 0x000002bad9b57770 flushing  nmethod 0x000002bac57a3590
Event: 6887.680 Thread 0x000002bad9b57770 flushing  nmethod 0x000002bac5897310
Event: 6887.680 Thread 0x000002bad9b57770 flushing  nmethod 0x000002bac5933790
Event: 6887.680 Thread 0x000002bad9b57770 flushing  nmethod 0x000002bac5939610
Event: 6887.680 Thread 0x000002bad9b57770 flushing  nmethod 0x000002bac5939e10
Event: 6887.680 Thread 0x000002bad9b57770 flushing  nmethod 0x000002bac59f6510
Event: 6887.680 Thread 0x000002bad9b57770 flushing  nmethod 0x000002bac59f6910
Event: 6887.680 Thread 0x000002bad9b57770 flushing  nmethod 0x000002bac59f6c90
Event: 6887.680 Thread 0x000002bad9b57770 flushing  nmethod 0x000002bac59f7190
Event: 6887.680 Thread 0x000002bad9b57770 flushing  nmethod 0x000002bac59f8010
Event: 6887.680 Thread 0x000002bad9b57770 flushing  nmethod 0x000002bac59fe010
Event: 6887.680 Thread 0x000002bad9b57770 flushing  nmethod 0x000002bac59feb10
Event: 6887.680 Thread 0x000002bad9b57770 flushing  nmethod 0x000002bac5a7f010

Events (20 events):
Event: 6888.303 Thread 0x000002bae6d881d0 Thread added: 0x000002bae5e9fb50
Event: 6888.303 Thread 0x000002bae6d881d0 Thread added: 0x000002bae5ea1c20
Event: 6888.303 Thread 0x000002bae6d881d0 Thread added: 0x000002bae5ea2940
Event: 6888.303 Thread 0x000002bae6d881d0 Thread added: 0x000002bae5ea0f00
Event: 6888.304 Thread 0x000002bae6d881d0 Thread added: 0x000002bae5e9f4c0
Event: 6888.304 Thread 0x000002bae6d881d0 Thread added: 0x000002bae5ea3660
Event: 6888.304 Thread 0x000002bae6d881d0 Thread added: 0x000002bae5ea22b0
Event: 6888.304 Thread 0x000002bae6d881d0 Thread added: 0x000002bae5ea1590
Event: 6888.304 Thread 0x000002bae6d881d0 Thread added: 0x000002bae5ea6450
Event: 6888.304 Thread 0x000002bae6d881d0 Thread added: 0x000002bae5ea4a10
Event: 6888.304 Thread 0x000002bae6d881d0 Thread added: 0x000002bae5ea5dc0
Event: 6888.304 Thread 0x000002bae6d881d0 Thread added: 0x000002bae5ea2fd0
Event: 6888.304 Thread 0x000002bae6d881d0 Thread added: 0x000002bae5ea5730
Event: 6888.304 Thread 0x000002bae6d881d0 Thread added: 0x000002bae5ea6ae0
Event: 6888.304 Thread 0x000002bae6d881d0 Thread added: 0x000002bae5ea3cf0
Event: 6888.304 Thread 0x000002bae6d881d0 Thread added: 0x000002bae5ea50a0
Event: 6888.305 Thread 0x000002bae6d881d0 Thread added: 0x000002bae5ea7170
Event: 6888.305 Thread 0x000002bae6d881d0 Thread added: 0x000002bae5ea7800
Event: 6888.305 Thread 0x000002bae6d881d0 Thread added: 0x000002bae5ea4380
Event: 6888.820 Thread 0x000002bade1acf80 Thread exited: 0x000002bade1acf80


Dynamic libraries:
0x00007ff7ef910000 - 0x00007ff7ef91a000 	C:\Program Files\Android\Android Studio\jbr\bin\java.exe
0x00007ffd993a0000 - 0x00007ffd99607000 	C:\Windows\SYSTEM32\ntdll.dll
0x00007ffd985e0000 - 0x00007ffd986a9000 	C:\Windows\System32\KERNEL32.DLL
0x00007ffd96850000 - 0x00007ffd96c40000 	C:\Windows\System32\KERNELBASE.dll
0x00007ffd96fe0000 - 0x00007ffd9712b000 	C:\Windows\System32\ucrtbase.dll
0x00007ffd93540000 - 0x00007ffd9355b000 	C:\Program Files\Android\Android Studio\jbr\bin\VCRUNTIME140.dll
0x00007ffd68550000 - 0x00007ffd68568000 	C:\Program Files\Android\Android Studio\jbr\bin\jli.dll
0x00007ffd980c0000 - 0x00007ffd98285000 	C:\Windows\System32\USER32.dll
0x00007ffd96820000 - 0x00007ffd96847000 	C:\Windows\System32\win32u.dll
0x00007ffd81bb0000 - 0x00007ffd81e4a000 	C:\Windows\WinSxS\amd64_microsoft.windows.common-controls_6595b64144ccf1df_6.0.26100.4768_none_3e0c112ce331287c\COMCTL32.dll
0x00007ffd98010000 - 0x00007ffd980b9000 	C:\Windows\System32\msvcrt.dll
0x00007ffd98d40000 - 0x00007ffd98d6b000 	C:\Windows\System32\GDI32.dll
0x00007ffd96640000 - 0x00007ffd96778000 	C:\Windows\System32\gdi32full.dll
0x00007ffd96590000 - 0x00007ffd96633000 	C:\Windows\System32\msvcp_win.dll
0x00007ffd98a80000 - 0x00007ffd98aaf000 	C:\Windows\System32\IMM32.DLL
0x00007ffd93530000 - 0x00007ffd9353c000 	C:\Program Files\Android\Android Studio\jbr\bin\vcruntime140_1.dll
0x00007ffd50e50000 - 0x00007ffd50edd000 	C:\Program Files\Android\Android Studio\jbr\bin\msvcp140.dll
0x00007ffd320c0000 - 0x00007ffd32d56000 	C:\Program Files\Android\Android Studio\jbr\bin\server\jvm.dll
0x00007ffd974f0000 - 0x00007ffd975a4000 	C:\Windows\System32\ADVAPI32.dll
0x00007ffd98e10000 - 0x00007ffd98eb6000 	C:\Windows\System32\sechost.dll
0x00007ffd98300000 - 0x00007ffd98418000 	C:\Windows\System32\RPCRT4.dll
0x00007ffd97d90000 - 0x00007ffd97e04000 	C:\Windows\System32\WS2_32.dll
0x00007ffd96330000 - 0x00007ffd9638e000 	C:\Windows\SYSTEM32\POWRPROF.dll
0x00007ffd8e1a0000 - 0x00007ffd8e1d5000 	C:\Windows\SYSTEM32\WINMM.dll
0x00007ffd839d0000 - 0x00007ffd839db000 	C:\Windows\SYSTEM32\VERSION.dll
0x00007ffd96310000 - 0x00007ffd96324000 	C:\Windows\SYSTEM32\UMPDC.dll
0x00007ffd95210000 - 0x00007ffd9522b000 	C:\Windows\SYSTEM32\kernel.appcore.dll
0x00007ffd912a0000 - 0x00007ffd912aa000 	C:\Program Files\Android\Android Studio\jbr\bin\jimage.dll
0x00007ffd81e90000 - 0x00007ffd820d1000 	C:\Windows\SYSTEM32\DBGHELP.DLL
0x00007ffd97160000 - 0x00007ffd974e5000 	C:\Windows\System32\combase.dll
0x00007ffd98440000 - 0x00007ffd98520000 	C:\Windows\System32\OLEAUT32.dll
0x00007ffd7d3f0000 - 0x00007ffd7d433000 	C:\Windows\SYSTEM32\dbgcore.DLL
0x00007ffd96780000 - 0x00007ffd96819000 	C:\Windows\System32\bcryptPrimitives.dll
0x00007ffd7b280000 - 0x00007ffd7b28e000 	C:\Program Files\Android\Android Studio\jbr\bin\instrument.dll
0x00007ffd91280000 - 0x00007ffd912a0000 	C:\Program Files\Android\Android Studio\jbr\bin\java.dll
0x00007ffd83830000 - 0x00007ffd83848000 	C:\Program Files\Android\Android Studio\jbr\bin\zip.dll
0x00007ffd97640000 - 0x00007ffd97d8d000 	C:\Windows\System32\SHELL32.dll
0x00007ffd96c50000 - 0x00007ffd96dc3000 	C:\Windows\System32\wintypes.dll
0x00007ffd94090000 - 0x00007ffd948f0000 	C:\Windows\SYSTEM32\windows.storage.dll
0x00007ffd98730000 - 0x00007ffd98825000 	C:\Windows\System32\SHCORE.dll
0x00007ffd98290000 - 0x00007ffd982fa000 	C:\Windows\System32\shlwapi.dll
0x00007ffd963f0000 - 0x00007ffd96419000 	C:\Windows\SYSTEM32\profapi.dll
0x00007ffd85430000 - 0x00007ffd85440000 	C:\Program Files\Android\Android Studio\jbr\bin\net.dll
0x00007ffd883a0000 - 0x00007ffd884be000 	C:\Windows\SYSTEM32\WINHTTP.dll
0x00007ffd95780000 - 0x00007ffd957eb000 	C:\Windows\system32\mswsock.dll
0x00007ffd83810000 - 0x00007ffd83826000 	C:\Program Files\Android\Android Studio\jbr\bin\nio.dll
0x00007ffd7a290000 - 0x00007ffd7a2a0000 	C:\Program Files\Android\Android Studio\jbr\bin\verify.dll
0x00007ffd6aad0000 - 0x00007ffd6aaf7000 	C:\Users\COMPUTER\.gradle\native\1def1411415f61bf3af743bc5b6707747c0891f09f0c88961ee8f79bc544acac\windows-amd64\native-platform.dll
0x00007ffd66870000 - 0x00007ffd668e8000 	C:\Users\COMPUTER\.gradle\native\0.2.7\x86_64-windows-gnu\gradle-fileevents.dll
0x00007ffd83800000 - 0x00007ffd83809000 	C:\Program Files\Android\Android Studio\jbr\bin\management.dll
0x00007ffd80510000 - 0x00007ffd8051b000 	C:\Program Files\Android\Android Studio\jbr\bin\management_ext.dll
0x00007ffd98df0000 - 0x00007ffd98df8000 	C:\Windows\System32\PSAPI.DLL
0x00007ffd94c00000 - 0x00007ffd94c33000 	C:\Windows\SYSTEM32\IPHLPAPI.DLL
0x00007ffd98ec0000 - 0x00007ffd98eca000 	C:\Windows\System32\NSI.dll
0x00007ffd85370000 - 0x00007ffd85379000 	C:\Program Files\Android\Android Studio\jbr\bin\extnet.dll
0x00007ffd95b60000 - 0x00007ffd95b7b000 	C:\Windows\SYSTEM32\CRYPTSP.dll
0x00007ffd95170000 - 0x00007ffd951ab000 	C:\Windows\system32\rsaenh.dll
0x00007ffd95820000 - 0x00007ffd9584b000 	C:\Windows\SYSTEM32\USERENV.dll
0x00007ffd963c0000 - 0x00007ffd963e6000 	C:\Windows\SYSTEM32\bcrypt.dll
0x00007ffd959c0000 - 0x00007ffd959cc000 	C:\Windows\SYSTEM32\CRYPTBASE.dll
0x00007ffd6d1b0000 - 0x00007ffd6d1b8000 	C:\Windows\system32\wshunix.dll
0x00007ffd827e0000 - 0x00007ffd827f8000 	C:\Windows\system32\napinsp.dll
0x00007ffd94c40000 - 0x00007ffd94d66000 	C:\Windows\SYSTEM32\DNSAPI.dll
0x00007ffd827a0000 - 0x00007ffd827b2000 	C:\Windows\System32\winrnr.dll
0x00007ffd7fe10000 - 0x00007ffd7fe40000 	C:\Windows\system32\nlansp_c.dll
0x00007ffd63a90000 - 0x00007ffd63ab0000 	C:\Windows\system32\wshbth.dll
0x00007ffd8d940000 - 0x00007ffd8d94b000 	C:\Windows\System32\rasadhlp.dll
0x00007ffd87b70000 - 0x00007ffd87bf6000 	C:\Windows\System32\fwpuclnt.dll
0x00007ffd95340000 - 0x00007ffd95376000 	C:\Windows\SYSTEM32\ntmarta.dll

JVMTI agents:
C:\Users\COMPUTER\.gradle\wrapper\dists\gradle-8.13-bin\5xuhj0ry160q40clulazy9h7d\gradle-8.13\lib\agents\gradle-instrumentation-agent-8.13.jar path:C:\Program Files\Android\Android Studio\jbr\bin\instrument.dll, loaded, initialized, instrumentlib options:none

dbghelp: loaded successfully - version: 4.0.5 - missing functions: none
symbol engine: initialized successfully - sym options: 0x614 - pdb path: .;C:\Program Files\Android\Android Studio\jbr\bin;C:\Windows\SYSTEM32;C:\Windows\WinSxS\amd64_microsoft.windows.common-controls_6595b64144ccf1df_6.0.26100.4768_none_3e0c112ce331287c;C:\Program Files\Android\Android Studio\jbr\bin\server;C:\Users\COMPUTER\.gradle\native\1def1411415f61bf3af743bc5b6707747c0891f09f0c88961ee8f79bc544acac\windows-amd64;C:\Users\COMPUTER\.gradle\native\0.2.7\x86_64-windows-gnu

VM Arguments:
jvm_args: --add-opens=java.base/java.lang=ALL-UNNAMED --add-opens=java.base/java.lang.invoke=ALL-UNNAMED --add-opens=java.base/java.util=ALL-UNNAMED --add-opens=java.prefs/java.util.prefs=ALL-UNNAMED --add-exports=jdk.compiler/com.sun.tools.javac.api=ALL-UNNAMED --add-exports=jdk.compiler/com.sun.tools.javac.util=ALL-UNNAMED --add-opens=java.base/java.util=ALL-UNNAMED --add-opens=java.prefs/java.util.prefs=ALL-UNNAMED --add-opens=java.base/java.nio.charset=ALL-UNNAMED --add-opens=java.base/java.net=ALL-UNNAMED --add-opens=java.base/java.util.concurrent.atomic=ALL-UNNAMED --add-opens=java.xml/javax.xml.namespace=ALL-UNNAMED -Xmx2048m -Dfile.encoding=UTF-8 -Duser.country=KR -Duser.language=ko -Duser.variant -javaagent:C:\Users\COMPUTER\.gradle\wrapper\dists\gradle-8.13-bin\5xuhj0ry160q40clulazy9h7d\gradle-8.13\lib\agents\gradle-instrumentation-agent-8.13.jar 
java_command: org.gradle.launcher.daemon.bootstrap.GradleDaemon 8.13
java_class_path (initial): C:\Users\COMPUTER\.gradle\wrapper\dists\gradle-8.13-bin\5xuhj0ry160q40clulazy9h7d\gradle-8.13\lib\gradle-daemon-main-8.13.jar
Launcher Type: SUN_STANDARD

[Global flags]
     intx CICompilerCount                          = 12                                        {product} {ergonomic}
     uint ConcGCThreads                            = 5                                         {product} {ergonomic}
     uint G1ConcRefinementThreads                  = 20                                        {product} {ergonomic}
   size_t G1HeapRegionSize                         = 1048576                                   {product} {ergonomic}
    uintx GCDrainStackTargetSize                   = 64                                        {product} {ergonomic}
   size_t InitialHeapSize                          = 264241152                                 {product} {ergonomic}
   size_t MarkStackSize                            = 4194304                                   {product} {ergonomic}
   size_t MaxHeapSize                              = 2147483648                                {product} {command line}
   size_t MaxNewSize                               = 1287651328                                {product} {ergonomic}
   size_t MinHeapDeltaBytes                        = 1048576                                   {product} {ergonomic}
   size_t MinHeapSize                              = 8388608                                   {product} {ergonomic}
    uintx NonNMethodCodeHeapSize                   = 7602480                                {pd product} {ergonomic}
    uintx NonProfiledCodeHeapSize                  = 122027880                              {pd product} {ergonomic}
    uintx ProfiledCodeHeapSize                     = 122027880                              {pd product} {ergonomic}
    uintx ReservedCodeCacheSize                    = 251658240                              {pd product} {ergonomic}
     bool SegmentedCodeCache                       = true                                      {product} {ergonomic}
   size_t SoftMaxHeapSize                          = 2147483648                             {manageable} {ergonomic}
     bool UseCompressedOops                        = true                           {product lp64_product} {ergonomic}
     bool UseG1GC                                  = true                                      {product} {ergonomic}
     bool UseLargePagesIndividualAllocation        = false                                  {pd product} {ergonomic}

Logging:
Log output configuration:
 #0: stdout all=warning uptime,level,tags foldmultilines=false
 #1: stderr all=off uptime,level,tags foldmultilines=false

Environment Variables:
PATH=C:\Program Files\Common Files\Oracle\Java\javapath;C:\Windows\system32;C:\Windows;C:\Windows\System32\Wbem;C:\Windows\System32\WindowsPowerShell\v1.0\;C:\Windows\System32\OpenSSH\;C:\Program Files (x86)\Windows Kits\10\Windows Performance Toolkit\;C:\Users\COMPUTER\AppData\Local\Android\Sdk\tools;C:\Users\COMPUTER\AppData\Local\Android\Sdk\platform-tools;C:\Program Files\Git\cmd;C:\Program Files\Git\bin\git.exe;C:\Program Files\Git\cmd\git.exe;C:\Users\COMPUTER\anaconda3;C:\Users\COMPUTER\anaconda3\Library\mingw-w64\bin;C:\Users\COMPUTER\anaconda3\Library\usr\bin;C:\Users\COMPUTER\anaconda3\Library\bin;C:\Users\COMPUTER\anaconda3\Scripts;C:\Users\COMPUTER\AppData\Local\Programs\Python\Launcher\;C:\Users\COMPUTER\AppData\Local\Microsoft\WindowsApps;C:\Users\COMPUTER\AppData\Local\GitHubDesktop\bin;C:\Program Files\JetBrains\IntelliJ IDEA Community Edition 2025.2\bin;C:\Users\COMPUTER\AppData\Local\Programs\Microsoft VS Code\bin;C:\Users\COMPUTER\AppData\Local\Android\Sdk;
USERNAME=COMPUTER
TMPDIR=C:\Users\Public\Documents\ESTsoft\CreatorTemp
OS=Windows_NT
PROCESSOR_IDENTIFIER=Intel64 Family 6 Model 183 Stepping 1, GenuineIntel
TMP=C:\Users\COMPUTER\AppData\Local\Temp
TEMP=C:\Users\COMPUTER\AppData\Local\Temp




Periodic native trim disabled

JNI global refs:
JNI global refs: 38, weak refs: 0

JNI global refs memory usage: 835, weak refs: 833

Process memory usage:
Resident Set Size: 858968K (5% of 16424388K total physical memory with 3055912K free physical memory)

OOME stack traces (most recent first):
Classloader memory used:
Loader org.gradle.internal.classloader.VisitableURLClassLoader$InstrumentingVisitableURLClassLoader: 52954K
Loader org.gradle.internal.classloader.VisitableURLClassLoader                         : 49648K
Loader bootstrap                                                                       : 30492K
Loader org.gradle.internal.classloader.VisitableURLClassLoader                         : 25390K
Loader org.gradle.initialization.MixInLegacyTypesClassLoader                           : 15162K
Loader jdk.internal.reflect.DelegatingClassLoader                                      : 820K
Loader jdk.internal.loader.ClassLoaders$PlatformClassLoader                            : 574K
Loader org.gradle.groovy.scripts.internal.DefaultScriptCompilationHandler$ScriptClassLoader: 238K
Loader jdk.internal.loader.ClassLoaders$AppClassLoader                                 : 235K
Loader org.codehaus.groovy.runtime.callsite.CallSiteClassLoader                        : 35592B
Loader sun.reflect.misc.MethodUtil                                                     : 2984B

Classes loaded by more than one classloader:
Class com.intellij.gradle.toolingExtension.util.GradleVersionUtil                     : loaded 7 times (x 71B)
Class com.amazon.ion.impl._Private_Utils                                              : loaded 6 times (x 71B)
Class org.jetbrains.plugins.gradle.model.GradleProperty                               : loaded 6 times (x 70B)
Class com.intellij.gradle.toolingExtension.model.repositoryModel.ProjectRepositoriesModel: loaded 6 times (x 70B)
Class com.amazon.ion.IonLoader                                                        : loaded 6 times (x 70B)
Class com.amazon.ion.impl.bin.IonManagedBinaryWriter$UserState$1                      : loaded 6 times (x 85B)
Class org.jetbrains.plugins.gradle.tooling.serialization.internal.IdeaProjectSerializationService$ReadContext: loaded 6 times (x 72B)
Class com.amazon.ion.IonBool                                                          : loaded 6 times (x 70B)
Class com.amazon.ion.impl.bin.utf8.Utf8StringEncoder                                  : loaded 6 times (x 80B)
Class [Lcom.amazon.ion.impl.bin.IonManagedBinaryWriter$UserState;                     : loaded 6 times (x 69B)
Class org.jetbrains.plugins.gradle.model.GradleConfiguration                          : loaded 6 times (x 70B)
Class org.gradle.internal.impldep.gnu.trove.TObjectIntProcedure                       : loaded 6 times (x 70B)
Class com.amazon.ion.IonNumber                                                        : loaded 6 times (x 70B)
Class com.amazon.ion.impl.lite.IonTextLite                                            : loaded 6 times (x 181B)
Class com.amazon.ion.impl.lite.IonLobLite                                             : loaded 6 times (x 184B)
Class com.amazon.ion.impl.bin.utf8.Utf8StringEncoderPool                              : loaded 6 times (x 74B)
Class com.amazon.ion.impl._Private_IonSystem                                          : loaded 6 times (x 70B)
Class com.amazon.ion.BufferConfiguration$OversizedValueHandler                        : loaded 6 times (x 70B)
Class org.jetbrains.plugins.gradle.tooling.ModelBuilderService$Parameter              : loaded 6 times (x 70B)
Class com.amazon.ion.IonClob                                                          : loaded 6 times (x 70B)
Class com.amazon.ion.IonReader                                                        : loaded 6 times (x 70B)
Class org.jetbrains.plugins.gradle.model.AnnotationProcessingConfig                   : loaded 6 times (x 70B)
Class com.amazon.ion.system.IonReaderBuilder                                          : loaded 6 times (x 95B)
Class org.jetbrains.plugins.gradle.tooling.util.ObjectCollector$Processor             : loaded 6 times (x 70B)
Class com.amazon.ion.impl.bin.AbstractIonWriter                                       : loaded 6 times (x 161B)
Class com.amazon.ion.impl.SymbolTableAsStruct                                         : loaded 6 times (x 70B)
Class com.amazon.ion.impl._Private_Utils$1                                            : loaded 6 times (x 89B)
Class com.amazon.ion.impl.lite.IonSequenceLite                                        : loaded 6 times (x 432B)
Class com.amazon.ion.impl.bin.IonManagedBinaryWriter$UserState$2                      : loaded 6 times (x 85B)
Class com.amazon.ion.impl._Private_IonValue                                           : loaded 6 times (x 70B)
Class com.amazon.ion.IonDecimal                                                       : loaded 6 times (x 70B)
Class com.intellij.gradle.toolingExtension.impl.model.sourceSetModel.GradleSourceSetSerialisationService$Companion: loaded 6 times (x 71B)
Class org.jetbrains.plugins.gradle.model.GradleSourceSetModel                         : loaded 6 times (x 70B)
Class com.intellij.gradle.toolingExtension.impl.model.sourceSetDependencyModel.GradleSourceSetDependencySerialisationService: loaded 6 times (x 77B)
Class org.jetbrains.plugins.gradle.tooling.serialization.internal.IdeaProjectSerializationService$WriteContext: loaded 6 times (x 72B)
Class com.amazon.ion.impl.bin.BlockAllocatorProvider                                  : loaded 6 times (x 72B)
Class org.jetbrains.plugins.gradle.model.tests.ExternalTestsModel                     : loaded 6 times (x 70B)
Class com.amazon.ion.impl.bin.AbstractIonWriter$WriteValueOptimization                : loaded 6 times (x 79B)
Class org.jetbrains.plugins.gradle.tooling.serialization.ExternalTestsSerializationService$ReadContext: loaded 6 times (x 72B)
Class com.amazon.ion.impl.BlockedBuffer$BufferedOutputStream                          : loaded 6 times (x 90B)
Class com.amazon.ion.impl.bin.IonBinaryWriterAdapter$Factory                          : loaded 6 times (x 70B)
Class [Lcom.amazon.ion.SymbolTable;                                                   : loaded 6 times (x 69B)
Class com.amazon.ion.impl.bin.IonRawBinaryWriter$1                                    : loaded 6 times (x 77B)
Class com.amazon.ion.impl.bin.IonRawBinaryWriter$StreamCloseMode                      : loaded 6 times (x 79B)
Class com.amazon.ion.impl._Private_IonBinaryWriterBuilder$Mutable                     : loaded 6 times (x 115B)
Class com.intellij.gradle.toolingExtension.impl.model.projectModel.GradleExternalProjectSerializationService: loaded 6 times (x 77B)
Class com.amazon.ion.system.IonWriterBuilderBase                                      : loaded 6 times (x 83B)
Class com.amazon.ion.impl._Private_RecyclingQueue                                     : loaded 6 times (x 80B)
Class com.amazon.ion.impl.bin.BlockAllocator                                          : loaded 6 times (x 80B)
Class com.amazon.ion.impl.IonWriterSystemTextMarkup                                   : loaded 6 times (x 192B)
Class com.amazon.ion.impl.bin.IonManagedBinaryWriter$UserState$3                      : loaded 6 times (x 85B)
Class com.amazon.ion.util.GzipStreamInterceptor                                       : loaded 6 times (x 85B)
Class com.amazon.ion.IonException                                                     : loaded 6 times (x 84B)
Class org.jetbrains.plugins.gradle.tooling.util.IntObjectMap$ObjectFactory            : loaded 6 times (x 70B)
Class org.jetbrains.plugins.gradle.model.GradleBuildScriptClasspathModel              : loaded 6 times (x 70B)
Class com.amazon.ion.IonStruct                                                        : loaded 6 times (x 70B)
Class com.amazon.ion.impl.bin.IonManagedBinaryWriter$SymbolState                      : loaded 6 times (x 80B)
Class com.amazon.ion.impl.bin.IonRawBinaryWriter$PatchPoint                           : loaded 6 times (x 73B)
Class com.amazon.ion.IonBlob                                                          : loaded 6 times (x 70B)
Class com.amazon.ion.IonLob                                                           : loaded 6 times (x 70B)
Class com.amazon.ion.IonSequence                                                      : loaded 6 times (x 70B)
Class org.jetbrains.plugins.gradle.tooling.serialization.ExternalTestsSerializationService: loaded 6 times (x 77B)
Class com.amazon.ion.UnsupportedIonVersionException                                   : loaded 6 times (x 85B)
Class [Lcom.amazon.ion.impl.bin.IonRawBinaryWriter$StreamFlushMode;                   : loaded 6 times (x 69B)
Class org.gradle.internal.impldep.com.google.common.base.Preconditions                : loaded 6 times (x 71B)
Class org.jetbrains.plugins.gradle.tooling.util.IntObjectMap$1                        : loaded 6 times (x 77B)
Class com.intellij.gradle.toolingExtension.impl.model.taskModel.GradleTaskSerialisationService: loaded 6 times (x 76B)
Class com.amazon.ion.system.SimpleCatalog                                             : loaded 6 times (x 91B)
Class com.amazon.ion.BufferConfiguration                                              : loaded 6 times (x 73B)
Class org.jetbrains.plugins.gradle.tooling.serialization.RepositoriesModelSerializationService$WriteContext: loaded 6 times (x 72B)
Class com.amazon.ion.impl._Private_IonBinaryWriterBuilder                             : loaded 6 times (x 115B)
Class com.amazon.ion.BufferConfiguration$DataHandler                                  : loaded 6 times (x 70B)
Class org.jetbrains.plugins.gradle.model.UnresolvedExternalDependency                 : loaded 6 times (x 70B)
Class org.jetbrains.plugins.gradle.model.GradleSourceSetDependencyModel               : loaded 6 times (x 70B)
Class com.amazon.ion.IonString                                                        : loaded 6 times (x 70B)
Class com.amazon.ion.system.IonTextWriterBuilder                                      : loaded 6 times (x 98B)
Class com.intellij.gradle.toolingExtension.impl.model.utilDummyModel.DummyModel       : loaded 6 times (x 70B)
Class org.gradle.internal.impldep.gnu.trove.TObjectHashingStrategy                    : loaded 6 times (x 70B)
Class com.amazon.ion.impl.bin.IonManagedBinaryWriter$UserState$4                      : loaded 6 times (x 85B)
Class com.amazon.ion.system.IonBinaryWriterBuilder                                    : loaded 6 times (x 99B)
Class org.jetbrains.plugins.gradle.model.AnnotationProcessingModel                    : loaded 6 times (x 70B)
Class org.jetbrains.plugins.gradle.model.GradleExtensions                             : loaded 6 times (x 70B)
Class org.jetbrains.plugins.gradle.model.FileCollectionDependency                     : loaded 6 times (x 70B)
Class com.amazon.ion.impl.lite.IonTimestampLite                                       : loaded 6 times (x 192B)
Class com.amazon.ion.impl.LocalSymbolTableAsStruct                                    : loaded 6 times (x 126B)
Class com.amazon.ion.impl.bin.IonManagedBinaryWriter$ImportedSymbolResolverMode$1$1$1 : loaded 6 times (x 76B)
Class com.intellij.gradle.toolingExtension.impl.model.buildScriptClasspathModel.GradleBuildScriptClasspathSerializationService: loaded 6 times (x 77B)
Class com.amazon.ion.impl.bin.IonManagedBinaryWriter$ImportedSymbolResolverMode       : loaded 6 times (x 80B)
Class com.amazon.ion.impl.LocalSymbolTable$Factory                                    : loaded 6 times (x 77B)
Class com.amazon.ion.impl._Private_LocalSymbolTableFactory                            : loaded 6 times (x 70B)
Class org.jetbrains.plugins.gradle.tooling.serialization.AnnotationProcessingModelSerializationService: loaded 6 times (x 77B)
Class com.amazon.ion.impl._Private_LocalSymbolTable                                   : loaded 6 times (x 70B)
Class com.amazon.ion.ReadOnlyValueException                                           : loaded 6 times (x 84B)
Class com.amazon.ion.IonFloat                                                         : loaded 6 times (x 70B)
Class com.amazon.ion.impl.lite.IonListLite                                            : loaded 6 times (x 490B)
Class com.intellij.util.ThrowableConsumer                                             : loaded 6 times (x 70B)
Class com.amazon.ion.impl.lite.IonSexpLite                                            : loaded 6 times (x 490B)
Class [Lcom.amazon.ion.impl.bin.IonRawBinaryWriter$PreallocationMode;                 : loaded 6 times (x 69B)
Class com.amazon.ion.util._Private_FastAppendable                                     : loaded 6 times (x 70B)
Class com.amazon.ion.impl._Private_IonReaderBuilder$TwoElementInputStream             : loaded 6 times (x 92B)
Class com.amazon.ion.impl.lite.IonIntLite                                             : loaded 6 times (x 189B)
Class com.intellij.gradle.toolingExtension.impl.model.sourceSetModel.GradleSourceSetSerialisationService: loaded 6 times (x 77B)
Class com.amazon.ion.impl.bin.IonManagedBinaryWriter$ImportedSymbolContext            : loaded 6 times (x 72B)
Class com.amazon.ion.IonSystem                                                        : loaded 6 times (x 70B)
Class org.jetbrains.plugins.gradle.tooling.serialization.internal.adapter.Supplier    : loaded 6 times (x 70B)
Class com.amazon.ion.IonList                                                          : loaded 6 times (x 70B)
Class com.amazon.ion.impl.lite.IonNullLite                                            : loaded 6 times (x 175B)
Class org.jetbrains.plugins.gradle.model.DependencyAccessorsModel                     : loaded 6 times (x 70B)
Class org.jetbrains.plugins.gradle.tooling.serialization.SerializationService         : loaded 6 times (x 70B)
Class com.amazon.ion.impl.LocalSymbolTable                                            : loaded 6 times (x 121B)
Class com.amazon.ion.IonSexp                                                          : loaded 6 times (x 70B)
Class com.amazon.ion.UnexpectedEofException                                           : loaded 6 times (x 84B)
Class com.amazon.ion.impl.lite.IonBlobLite                                            : loaded 6 times (x 219B)
Class [Lcom.intellij.openapi.externalSystem.model.project.dependencies.ResolutionState;: loaded 6 times (x 69B)
Class org.gradle.internal.impldep.gnu.trove.TObjectHash                               : loaded 6 times (x 94B)
Class org.jetbrains.plugins.gradle.tooling.serialization.internal.IdeaProjectSerializationService$WriteContext$8: loaded 6 times (x 83B)
Class org.jetbrains.kotlin.idea.gradleTooling.AndroidAwareGradleModelProvider$Companion: loaded 6 times (x 71B)
Class com.amazon.ion.impl.bin.IonManagedBinaryWriter                                  : loaded 6 times (x 166B)
Class [Lcom.amazon.ion.impl.bin.IonRawBinaryWriter$StreamCloseMode;                   : loaded 6 times (x 69B)
Class com.amazon.ion.impl.lite.IonSymbolLite                                          : loaded 6 times (x 246B)
Class com.amazon.ion.impl.bin.IonManagedBinaryWriter$ImportedSymbolResolverMode$1     : loaded 6 times (x 80B)
Class com.amazon.ion.impl.bin.WriteBuffer                                             : loaded 6 times (x 78B)
Class com.intellij.util.containers.IntObjectHashMap$ArrayProducer                     : loaded 6 times (x 70B)
Class org.jetbrains.plugins.gradle.tooling.serialization.internal.IdeaProjectSerializationService$WriteContext$7: loaded 6 times (x 83B)
Class org.jetbrains.plugins.gradle.model.RepositoryModels                             : loaded 6 times (x 70B)
Class com.amazon.ion.impl.lite.ValueFactoryLite                                       : loaded 6 times (x 218B)
Class org.jetbrains.plugins.gradle.tooling.util.IntObjectMap                          : loaded 6 times (x 73B)
Class org.jetbrains.plugins.gradle.tooling.serialization.internal.IdeaProjectSerializationService$WriteContext$6: loaded 6 times (x 83B)
Class com.amazon.ion.IonType                                                          : loaded 6 times (x 79B)
Class com.amazon.ion.impl.lite._Private_LiteDomTrampoline                             : loaded 6 times (x 71B)
Class com.amazon.ion.impl._Private_RecyclingQueue$ElementIterator                     : loaded 6 times (x 82B)
Class com.amazon.ion.impl.bin.IntList                                                 : loaded 6 times (x 77B)
Class com.amazon.ion.impl.lite.IonClobLite                                            : loaded 6 times (x 220B)
Class com.amazon.ion.impl._Private_ValueFactory                                       : loaded 6 times (x 70B)
Class com.amazon.ion.impl.bin.IonRawBinaryWriter$PreallocationMode$1                  : loaded 6 times (x 82B)
Class com.intellij.gradle.toolingExtension.impl.model.sourceSetDependencyModel.GradleSourceSetDependencySerialisationService$SourceSetDependencyModelWriteContext: loaded 6 times (x 72B)
Class org.jetbrains.plugins.gradle.tooling.serialization.internal.IdeaProjectSerializationService$WriteContext$5: loaded 6 times (x 83B)
Class com.amazon.ion.BufferConfiguration$Builder                                      : loaded 6 times (x 78B)
Class [Lcom.amazon.ion.impl.bin._Private_IonManagedBinaryWriterBuilder$AllocatorMode; : loaded 6 times (x 69B)
Class com.amazon.ion.impl.bin.IonManagedBinaryWriter$ImportedSymbolResolverMode$2     : loaded 6 times (x 80B)
Class org.jetbrains.kotlin.idea.gradleTooling.KotlinMPPGradleModel                    : loaded 6 times (x 70B)
Class com.intellij.gradle.toolingExtension.impl.model.dependencyDownloadPolicyModel.GradleDependencyDownloadPolicy: loaded 6 times (x 70B)
Class com.intellij.gradle.toolingExtension.impl.model.sourceSetDependencyModel.GradleSourceSetDependencySerialisationService$Companion: loaded 6 times (x 71B)
Class org.jetbrains.plugins.gradle.tooling.serialization.internal.IdeaProjectSerializationService$WriteContext$4: loaded 6 times (x 83B)
Class org.jetbrains.kotlin.idea.gradleTooling.AndroidAwareGradleModelProvider         : loaded 6 times (x 79B)
Class org.jetbrains.plugins.gradle.tooling.serialization.internal.IdeaProjectSerializationService$WriteContext$3: loaded 6 times (x 83B)
Class org.jetbrains.plugins.gradle.tooling.serialization.AnnotationProcessingModelSerializationService$ReadContext: loaded 6 times (x 72B)
Class com.amazon.ion.impl.bin.PooledBlockAllocatorProvider                            : loaded 6 times (x 73B)
Class com.amazon.ion.IonContainer                                                     : loaded 6 times (x 70B)
Class com.amazon.ion.impl.lite.IonValueLite                                           : loaded 6 times (x 147B)
Class org.jetbrains.kotlin.idea.projectModel.KotlinTaskProperties                     : loaded 6 times (x 70B)
Class com.amazon.ion.impl._Private_IonSymbol                                          : loaded 6 times (x 70B)
Class org.jetbrains.plugins.gradle.tooling.serialization.internal.IdeaProjectSerializationService: loaded 6 times (x 77B)
Class org.jetbrains.plugins.gradle.tooling.serialization.internal.IdeaProjectSerializationService$WriteContext$2: loaded 6 times (x 83B)
Class com.amazon.ion.impl._Private_SymtabExtendsCache                                 : loaded 6 times (x 72B)
Class com.amazon.ion.impl.bin.utf8.Pool                                               : loaded 6 times (x 74B)
Class com.amazon.ion.IonInt                                                           : loaded 6 times (x 70B)
Class com.amazon.ion.impl.bin.IonRawBinaryWriter$PreallocationMode$2                  : loaded 6 times (x 82B)
Class org.jetbrains.kotlin.idea.gradleTooling.PrepareKotlinIdeImportTaskModel         : loaded 6 times (x 70B)
Class org.jetbrains.plugins.gradle.model.ExternalProject                              : loaded 6 times (x 70B)
Class org.jetbrains.plugins.gradle.tooling.serialization.internal.IdeaProjectSerializationService$WriteContext$1: loaded 6 times (x 83B)
Class [Lcom.amazon.ion.util.InputStreamInterceptor;                                   : loaded 6 times (x 69B)
Class org.jetbrains.plugins.gradle.tooling.serialization.GradleExtensionsSerializationService$ReadContext: loaded 6 times (x 72B)
Class com.amazon.ion.impl.bin.IonManagedBinaryWriter$SymbolState$4                    : loaded 6 times (x 80B)
Class com.amazon.ion.impl.lite.ContainerlessContext                                   : loaded 6 times (x 80B)
Class com.amazon.ion.impl.lite.IonSystemLite                                          : loaded 6 times (x 275B)
Class com.amazon.ion.util.InputStreamInterceptor                                      : loaded 6 times (x 70B)
Class com.amazon.ion.impl.bin.IonRawBinaryWriter$PreallocationMode                    : loaded 6 times (x 82B)
Class com.amazon.ion.impl.bin._Private_IonRawWriter                                   : loaded 6 times (x 70B)
Class com.amazon.ion.IonWriter                                                        : loaded 6 times (x 70B)
Class com.intellij.gradle.toolingExtension.impl.model.sourceSetArtifactIndex.GradleSourceSetArtifactBuildRequest: loaded 6 times (x 70B)
Class com.amazon.ion.IonBinaryWriter                                                  : loaded 6 times (x 70B)
Class com.amazon.ion.impl.bin.IonRawBinaryWriter$StreamFlushMode                      : loaded 6 times (x 79B)
Class com.amazon.ion.impl.bin.IonManagedBinaryWriter$SymbolState$3                    : loaded 6 times (x 80B)
Class com.amazon.ion.impl.bin.IonRawBinaryWriter$ContainerInfo                        : loaded 6 times (x 74B)
Class com.intellij.gradle.toolingExtension.impl.model.warmUp.GradleTaskWarmUpRequest  : loaded 6 times (x 70B)
Class com.amazon.ion.IonNull                                                          : loaded 6 times (x 70B)
Class com.amazon.ion.impl.bin.IonManagedBinaryWriter$SymbolState$2                    : loaded 6 times (x 80B)
Class org.jetbrains.plugins.gradle.model.ExternalSourceSet                            : loaded 6 times (x 70B)
Class org.jetbrains.plugins.gradle.model.ProjectImportModelProvider                   : loaded 6 times (x 70B)
Class com.intellij.gradle.toolingExtension.impl.model.dependencyModel.DependencyReadContext: loaded 6 times (x 72B)
Class com.intellij.gradle.toolingExtension.impl.model.sourceSetDependencyModel.GradleSourceSetDependencySerialisationService$SourceSetDependencyModelReadContext: loaded 6 times (x 72B)
Class com.amazon.ion.impl._Private_RecyclingQueue$Recycler                            : loaded 6 times (x 70B)
Class org.jetbrains.plugins.gradle.model.VersionCatalogsModel                         : loaded 6 times (x 70B)
Class [Lcom.amazon.ion.IonType;                                                       : loaded 6 times (x 69B)
Class com.amazon.ion.impl.LocalSymbolTableAsStruct$Factory                            : loaded 6 times (x 79B)
Class com.amazon.ion.impl.bin.IonManagedBinaryWriter$SymbolState$1                    : loaded 6 times (x 80B)
Class com.amazon.ion.impl._Private_RecyclingQueue$ElementFactory                      : loaded 6 times (x 70B)
Class com.amazon.ion.impl._Private_IonContainer                                       : loaded 6 times (x 70B)
Class com.intellij.gradle.toolingExtension.impl.model.buildScriptClasspathModel.GradleBuildScriptClasspathSerializationService$ReadContext: loaded 6 times (x 72B)
Class org.gradle.internal.impldep.gnu.trove.TObjectIntHashMap                         : loaded 6 times (x 109B)
Class com.intellij.util.containers.IntObjectHashMap                                   : loaded 6 times (x 72B)
Class org.jetbrains.plugins.gradle.model.ExternalDependency                           : loaded 6 times (x 70B)
Class com.amazon.ion.impl.bin.IonRawBinaryWriter$PreallocationMode$3                  : loaded 6 times (x 82B)
Class org.jetbrains.plugins.gradle.model.IntelliJProjectSettings                      : loaded 6 times (x 70B)
Class com.amazon.ion.UnknownSymbolException                                           : loaded 6 times (x 86B)
Class com.amazon.ion.impl.bin.IonRawBinaryWriter$ThrowingRunnable                     : loaded 6 times (x 70B)
Class com.amazon.ion.impl.bin.IonManagedBinaryWriter$LocalSymbolTableView             : loaded 6 times (x 107B)
Class com.amazon.ion.impl._Private_RecyclingStack$Recycler                            : loaded 6 times (x 70B)
Class org.jetbrains.plugins.gradle.tooling.serialization.ExternalTestsSerializationService$WriteContext: loaded 6 times (x 72B)
Class org.jetbrains.kotlin.idea.gradleTooling.KotlinGradleModel                       : loaded 6 times (x 70B)
Class com.amazon.ion.impl.bin.IonManagedBinaryWriter$SymbolResolverBuilder            : loaded 6 times (x 70B)
Class com.amazon.ion.system.IonSystemBuilder$Mutable                                  : loaded 6 times (x 75B)
Class org.jetbrains.plugins.gradle.tooling.serialization.KotlinDslScriptsModelSerializationService: loaded 6 times (x 81B)
Class org.jetbrains.plugins.gradle.model.ExternalProjectDependency                    : loaded 6 times (x 70B)
Class org.jetbrains.plugins.gradle.model.GradleExtension                              : loaded 6 times (x 70B)
Class [Lcom.amazon.ion.SymbolToken;                                                   : loaded 6 times (x 69B)
Class com.amazon.ion.impl.lite.IonDecimalLite                                         : loaded 6 times (x 188B)
Class com.amazon.ion.impl._Private_RecyclingStack$$Iterator                           : loaded 6 times (x 99B)
Class com.amazon.ion.impl.SharedSymbolTable                                           : loaded 6 times (x 93B)
Class com.amazon.ion.impl.bin.IonRawBinaryWriter                                      : loaded 6 times (x 169B)
Class com.amazon.ion.SymbolToken                                                      : loaded 6 times (x 70B)
Class com.amazon.ion.IonBufferConfiguration$Builder                                   : loaded 6 times (x 78B)
Class com.intellij.gradle.toolingExtension.impl.model.projectModel.GradleExternalProjectSerializationService$WriteContext: loaded 6 times (x 73B)
Class com.amazon.ion.impl.bin._Private_IonManagedBinaryWriterBuilder                  : loaded 6 times (x 72B)
Class com.amazon.ion.impl._Private_IonWriter                                          : loaded 6 times (x 70B)
Class com.amazon.ion.impl.bin.IonManagedBinaryWriter$UserState                        : loaded 6 times (x 85B)
Class org.jetbrains.plugins.gradle.tooling.serialization.RepositoriesModelSerializationService$ReadContext: loaded 6 times (x 72B)
Class [Lcom.amazon.ion.impl.bin.AbstractIonWriter$WriteValueOptimization;             : loaded 6 times (x 69B)
Class org.jetbrains.plugins.gradle.tooling.serialization.RepositoriesModelSerializationService: loaded 6 times (x 82B)
Class com.amazon.ion.impl.bin.Symbols                                                 : loaded 6 times (x 71B)
Class com.amazon.ion.IonBufferConfiguration                                           : loaded 6 times (x 73B)
Class [Lcom.amazon.ion.impl.bin.IonRawBinaryWriter$ContainerType;                     : loaded 6 times (x 69B)
Class org.gradle.internal.impldep.gnu.trove.TObjectIdentityHashingStrategy            : loaded 6 times (x 78B)
Class org.jetbrains.plugins.gradle.tooling.serialization.ProjectDependenciesSerializationService$ReadContext: loaded 6 times (x 72B)
Class com.intellij.openapi.externalSystem.model.project.dependencies.ProjectDependencies: loaded 6 times (x 70B)
Class com.intellij.openapi.externalSystem.model.project.IExternalSystemSourceType     : loaded 6 times (x 70B)
Class com.amazon.ion.impl._Private_IonReaderBuilder$Mutable                           : loaded 6 times (x 97B)
Class [Lcom.amazon.ion.util.GzipStreamInterceptor;                                    : loaded 6 times (x 69B)
Class org.jetbrains.plugins.gradle.tooling.util.ObjectCollector                       : loaded 6 times (x 72B)
Class org.jetbrains.plugins.gradle.model.GradleTaskModel                              : loaded 6 times (x 70B)
Class com.amazon.ion.impl.bin._Private_IonManagedBinaryWriterBuilder$AllocatorMode    : loaded 6 times (x 80B)
Class com.amazon.ion.impl._Private_SymbolToken                                        : loaded 6 times (x 70B)
Class com.amazon.ion.impl.bin.IonManagedBinaryWriter$SymbolResolver                   : loaded 6 times (x 70B)
Class com.amazon.ion.ValueFactory                                                     : loaded 6 times (x 70B)
Class [Lcom.amazon.ion.impl.bin.IonManagedBinaryWriter$ImportedSymbolResolverMode;    : loaded 6 times (x 69B)
Class com.amazon.ion.impl.lite.IonBoolLite                                            : loaded 6 times (x 178B)
Class org.gradle.internal.impldep.gnu.trove.TObjectHash$NULL                          : loaded 6 times (x 71B)
Class com.amazon.ion.impl.IonWriterSystemText                                         : loaded 6 times (x 190B)
Class com.amazon.ion.impl.lite.IonContext                                             : loaded 6 times (x 70B)
Class com.amazon.ion.impl.lite.IonLoaderLite                                          : loaded 6 times (x 82B)
Class com.amazon.ion.impl.bin.utf8.Utf8StringEncoderPool$1                            : loaded 6 times (x 76B)
Class org.jetbrains.plugins.gradle.model.ExternalTask                                 : loaded 6 times (x 70B)
Class com.intellij.openapi.externalSystem.model.ExternalSystemException               : loaded 6 times (x 86B)
Class com.amazon.ion.impl.bin.Block                                                   : loaded 6 times (x 79B)
Class com.amazon.ion.impl.bin.utf8.Utf8StringEncoder$Result                           : loaded 6 times (x 74B)
Class com.amazon.ion.impl.bin.utf8.Pool$Allocator                                     : loaded 6 times (x 70B)
Class com.amazon.ion.impl.lite.IonStringLite                                          : loaded 6 times (x 212B)
Class com.amazon.ion.impl.bin.PooledBlockAllocatorProvider$PooledBlockAllocator$1     : loaded 6 times (x 79B)
Class com.amazon.ion.IonText                                                          : loaded 6 times (x 70B)
Class com.amazon.ion.impl.SymbolTokenImpl                                             : loaded 6 times (x 81B)
Class com.amazon.ion.SubstituteSymbolTableException                                   : loaded 6 times (x 84B)
Class org.gradle.internal.impldep.gnu.trove.TObjectCanonicalHashingStrategy           : loaded 6 times (x 80B)
Class com.intellij.gradle.toolingExtension.impl.model.sourceSetModel.GradleSourceSetSerialisationService$SourceSetModelWriteContext: loaded 6 times (x 72B)
Class com.intellij.gradle.toolingExtension.impl.model.buildScriptClasspathModel.GradleBuildScriptClasspathSerializationService$WriteContext: loaded 6 times (x 72B)
Class com.amazon.ion.IonMutableCatalog                                                : loaded 6 times (x 70B)
Class com.amazon.ion.impl._Private_IonReaderBuilder                                   : loaded 6 times (x 97B)
Class com.amazon.ion.impl._Private_RecyclingStack                                     : loaded 6 times (x 79B)
Class org.jetbrains.plugins.gradle.ExternalDependencyId                               : loaded 6 times (x 70B)
Class org.jetbrains.kotlin.idea.gradleTooling.model.kapt.KaptGradleModel              : loaded 6 times (x 70B)
Class org.gradle.internal.impldep.gnu.trove.PrimeFinder                               : loaded 6 times (x 71B)
Class org.gradle.internal.impldep.gnu.trove.Equality                                  : loaded 6 times (x 70B)
Class org.jetbrains.kotlin.idea.gradleTooling.KotlinDslScriptAdditionalTask           : loaded 6 times (x 70B)
Class org.jetbrains.plugins.gradle.model.ClasspathEntryModel                          : loaded 6 times (x 70B)
Class com.amazon.ion.impl.bin._Private_IonManagedBinaryWriterBuilder$AllocatorMode$2  : loaded 6 times (x 80B)
Class com.amazon.ion.impl._Private_IonTextWriterBuilder                               : loaded 6 times (x 102B)
Class com.amazon.ion.impl.lite.IonFloatLite                                           : loaded 6 times (x 186B)
Class org.jetbrains.plugins.gradle.tooling.serialization.ProjectDependenciesSerializationService: loaded 6 times (x 77B)
Class org.jetbrains.plugins.gradle.tooling.serialization.ProjectDependenciesSerializationService$WriteContext: loaded 6 times (x 72B)
Class com.amazon.ion.impl.bin._Private_IonManagedBinaryWriterBuilder$AllocatorMode$1  : loaded 6 times (x 80B)
Class com.amazon.ion.Decimal                                                          : loaded 6 times (x 133B)
Class com.amazon.ion.impl.bin.AbstractSymbolTable                                     : loaded 6 times (x 107B)
Class com.amazon.ion.impl._Private_ReaderWriter                                       : loaded 6 times (x 70B)
Class com.amazon.ion.impl.lite.IonStructLite                                          : loaded 6 times (x 298B)
Class com.amazon.ion.IonTimestamp                                                     : loaded 6 times (x 70B)
Class com.amazon.ion.impl.bin.PooledBlockAllocatorProvider$PooledBlockAllocator       : loaded 6 times (x 81B)
Class com.intellij.compose.ide.plugin.gradleTooling.rt.ComposeResourcesModel          : loaded 6 times (x 70B)
Class org.jetbrains.plugins.gradle.tooling.serialization.GradleExtensionsSerializationService: loaded 6 times (x 77B)
Class org.jetbrains.kotlin.idea.gradleTooling.KotlinGradlePluginVersion               : loaded 6 times (x 70B)
Class org.gradle.internal.impldep.gnu.trove.THash                                     : loaded 6 times (x 81B)
Class org.jetbrains.plugins.gradle.tooling.serialization.AnnotationProcessingModelSerializationService$WriteContext: loaded 6 times (x 72B)
Class com.amazon.ion.IonSymbol                                                        : loaded 6 times (x 70B)
Class com.amazon.ion.impl.bin.utf8.Poolable                                           : loaded 6 times (x 79B)
Class com.amazon.ion.facet.Faceted                                                    : loaded 6 times (x 70B)
Class org.jetbrains.plugins.gradle.tooling.serialization.ToolingStreamApiUtils        : loaded 6 times (x 71B)
Class com.amazon.ion.system.IonWriterBuilder                                          : loaded 6 times (x 74B)
Class com.amazon.ion.IonBufferConfiguration$OversizedSymbolTableHandler               : loaded 6 times (x 70B)
Class com.amazon.ion.impl.lite.IonContainerLite                                       : loaded 6 times (x 248B)
Class com.amazon.ion.impl.bin.IonManagedBinaryWriter$ImportDescriptor                 : loaded 6 times (x 76B)
Class com.intellij.gradle.toolingExtension.impl.model.sourceSetModel.GradleSourceSetSerialisationService$SourceSetModelReadContext: loaded 6 times (x 72B)
Class com.intellij.gradle.toolingExtension.impl.model.utilTurnOffDefaultTasksModel.TurnOffDefaultTasks: loaded 6 times (x 70B)
Class com.amazon.ion.SymbolTable                                                      : loaded 6 times (x 70B)
Class com.amazon.ion.impl.bin._Private_IonManagedWriter                               : loaded 6 times (x 70B)
Class com.amazon.ion.impl.bin.Symbols$2                                               : loaded 6 times (x 107B)
Class com.amazon.ion.IonDatagram                                                      : loaded 6 times (x 70B)
Class com.amazon.ion.impl._Private_RecyclingStack$ElementFactory                      : loaded 6 times (x 70B)
Class com.amazon.ion.impl.bin.IonManagedBinaryWriter$ImportedSymbolResolverMode$1$1   : loaded 6 times (x 78B)
Class com.amazon.ion.impl._Private_ByteTransferSink                                   : loaded 6 times (x 70B)
Class com.amazon.ion.impl.IonWriterSystem                                             : loaded 6 times (x 171B)
Class com.intellij.openapi.externalSystem.model.project.dependencies.ResolutionState  : loaded 6 times (x 79B)
Class com.intellij.gradle.toolingExtension.impl.model.projectModel.GradleExternalProjectSerializationService$ReadContext: loaded 6 times (x 73B)
Class org.jetbrains.plugins.gradle.javaModel.JavaGradleManifestModel                  : loaded 6 times (x 70B)
Class org.jetbrains.plugins.gradle.tooling.serialization.GradleExtensionsSerializationService$WriteContext: loaded 6 times (x 72B)
Class com.intellij.gradle.toolingExtension.impl.model.taskModel.GradleTaskSerialisationService$Companion: loaded 6 times (x 71B)
Class org.jetbrains.plugins.gradle.model.IntelliJSettings                             : loaded 6 times (x 70B)
Class org.jetbrains.kotlin.idea.gradleTooling.KotlinSourceSetContainer                : loaded 6 times (x 70B)
Class com.amazon.ion.impl._Private_IonTextWriterBuilder$Mutable                       : loaded 6 times (x 102B)
Class com.amazon.ion.impl.bin.IonRawBinaryWriter$ContainerType                        : loaded 6 times (x 79B)
Class com.amazon.ion.IonValue                                                         : loaded 6 times (x 70B)
Class org.jetbrains.plugins.gradle.model.ExternalLibraryDependency                    : loaded 6 times (x 70B)
Class [Lcom.amazon.ion.impl.bin.IonManagedBinaryWriter$SymbolState;                   : loaded 6 times (x 69B)
Class com.amazon.ion.IonCatalog                                                       : loaded 6 times (x 70B)
Class com.amazon.ion.impl._Private_IonWriterBase                                      : loaded 6 times (x 162B)
Class com.amazon.ion.system.IonSystemBuilder                                          : loaded 6 times (x 75B)
Class com.intellij.gradle.toolingExtension.impl.model.dependencyModel.DependencyWriteContext: loaded 6 times (x 72B)
Class com.android.ide.gradle.model.GradlePluginModel                                  : loaded 5 times (x 70B)
Class Program                                                                         : loaded 5 times (x 72B)
Class com.google.common.collect.Iterators$1                                           : loaded 5 times (x 81B)
Class org.gradle.api.UncheckedIOException                                             : loaded 5 times (x 82B)
Class com.google.common.collect.SingletonImmutableSet                                 : loaded 5 times (x 146B)
Class com.google.common.collect.SingletonImmutableList                                : loaded 5 times (x 207B)
Class com.android.ide.gradle.model.composites.BuildMap                                : loaded 5 times (x 70B)
Class com.google.common.collect.Iterators$4                                           : loaded 5 times (x 82B)
Class com.google.common.collect.SortedIterable                                        : loaded 5 times (x 70B)
Class com.google.common.collect.Iterators$5                                           : loaded 5 times (x 82B)
Class com.google.common.collect.ImmutableRangeSet                                     : loaded 5 times (x 115B)
Class com.google.common.base.CharMatcher$ForPredicate                                 : loaded 5 times (x 113B)
Class com.google.common.base.CharMatcher$AnyOf                                        : loaded 5 times (x 113B)
Class com.google.common.collect.ImmutableRangeSet$ComplementRanges                    : loaded 5 times (x 207B)
Class com.google.common.collect.ImmutableSet$RegularSetBuilderImpl                    : loaded 5 times (x 77B)
Class com.google.common.collect.ImmutableCollection                                   : loaded 5 times (x 125B)
Class com.google.common.base.CharMatcher$InRange                                      : loaded 5 times (x 112B)
Class com.google.common.collect.Lists                                                 : loaded 5 times (x 71B)
Class com.google.common.collect.ImmutableSet$CachingAsList                            : loaded 5 times (x 148B)
Class com.android.ide.gradle.model.artifacts.AdditionalClassifierArtifactsModel       : loaded 5 times (x 70B)
Class com.google.common.collect.Iterators$9                                           : loaded 5 times (x 81B)
Class com.google.common.collect.ImmutableAsList                                       : loaded 5 times (x 209B)
Class com.google.common.collect.ImmutableSortedSet                                    : loaded 5 times (x 300B)
Class com.google.common.base.CharMatcher$IsNot                                        : loaded 5 times (x 112B)
Class com.google.common.collect.RangeSet                                              : loaded 5 times (x 70B)
Class org.gradle.internal.IoActions                                                   : loaded 5 times (x 71B)
Class com.google.common.collect.RegularImmutableSortedSet                             : loaded 5 times (x 300B)
Class com.google.common.base.Function                                                 : loaded 5 times (x 70B)
Class com.google.common.collect.ImmutableList                                         : loaded 5 times (x 206B)
Class com.google.common.collect.RegularImmutableList                                  : loaded 5 times (x 213B)
Class com.google.common.collect.UnmodifiableListIterator                              : loaded 5 times (x 95B)
Class com.google.common.collect.ImmutableCollection$Builder                           : loaded 5 times (x 76B)
Class com.google.common.collect.Iterators$ArrayItr                                    : loaded 5 times (x 97B)
Class com.google.common.collect.ImmutableRangeSet$AsSet                               : loaded 5 times (x 300B)
Class com.google.common.collect.AbstractIndexedListIterator                           : loaded 5 times (x 96B)
Class com.google.common.collect.RangeGwtSerializationDependencies                     : loaded 5 times (x 71B)
Class com.google.common.base.Joiner$2                                                 : loaded 5 times (x 80B)
Class com.google.common.base.CharMatcher$1                                            : loaded 5 times (x 114B)
Class com.google.common.base.CharMatcher$NamedFastMatcher                             : loaded 5 times (x 113B)
Class com.google.common.collect.AbstractIterator                                      : loaded 5 times (x 82B)
Class com.google.common.collect.ImmutableRangeSet$Builder                             : loaded 5 times (x 77B)
Class com.android.ide.gradle.model.LegacyV1AgpVersionModel                            : loaded 5 times (x 70B)
Class com.google.common.collect.ImmutableList$SubList                                 : loaded 5 times (x 209B)
Class com.google.common.collect.RegularImmutableSet                                   : loaded 5 times (x 149B)
Class com.google.common.collect.PeekingIterator                                       : loaded 5 times (x 70B)
Class com.google.common.collect.Iterators$MergingIterator                             : loaded 5 times (x 81B)
Class com.google.common.base.Joiner$1                                                 : loaded 5 times (x 81B)
Class com.android.ide.gradle.model.dependencies.DeclaredDependencies                  : loaded 5 times (x 70B)
Class com.google.common.collect.ImmutableList$ReverseImmutableList                    : loaded 5 times (x 209B)
Class com.google.common.base.CharMatcher$And                                          : loaded 5 times (x 113B)
Class com.google.common.base.CharMatcher                                              : loaded 5 times (x 112B)
Class com.google.common.collect.ImmutableList$1                                       : loaded 5 times (x 97B)
Class com.google.common.collect.Lists$StringAsImmutableList                           : loaded 5 times (x 207B)
Class com.google.common.base.CharMatcher$BitSetMatcher                                : loaded 5 times (x 113B)
Class com.google.common.collect.ImmutableSet                                          : loaded 5 times (x 145B)
Class com.google.common.base.Preconditions                                            : loaded 5 times (x 71B)
Class com.google.common.base.Joiner                                                   : loaded 5 times (x 80B)
Class com.google.common.collect.ImmutableSet$SetBuilderImpl                           : loaded 5 times (x 76B)
Class com.google.common.collect.Range                                                 : loaded 5 times (x 86B)
Class com.google.common.collect.Iterators                                             : loaded 5 times (x 71B)
Class com.google.common.base.CharMatcher$Or                                           : loaded 5 times (x 113B)
Class com.android.ide.gradle.model.LegacyAndroidGradlePluginProperties                : loaded 5 times (x 70B)
Class com.google.common.collect.ImmutableRangeSet$1                                   : loaded 5 times (x 210B)
Class com.google.common.collect.RegularImmutableAsList                                : loaded 5 times (x 217B)
Class com.google.common.collect.ImmutableList$Builder                                 : loaded 5 times (x 77B)
Class org.gradle.internal.Cast                                                        : loaded 5 times (x 71B)
Class org.gradle.api.Action                                                           : loaded 5 times (x 70B)
Class com.google.common.base.CharMatcher$FastMatcher                                  : loaded 5 times (x 112B)
Class com.android.ide.gradle.model.GradlePropertiesModel                              : loaded 5 times (x 70B)
Class com.google.common.base.CharMatcher$Is                                           : loaded 5 times (x 112B)
Class org.gradle.api.GradleException                                                  : loaded 5 times (x 82B)
Class com.google.common.base.CharMatcher$Negated                                      : loaded 5 times (x 114B)
Class com.google.common.base.CharMatcher$IsEither                                     : loaded 5 times (x 112B)
Class com.google.common.base.Predicate                                                : loaded 5 times (x 70B)
Class com.google.common.base.CharMatcher$NegatedFastMatcher                           : loaded 5 times (x 114B)
Class com.google.common.collect.AbstractRangeSet                                      : loaded 5 times (x 114B)
Class com.google.common.collect.UnmodifiableIterator                                  : loaded 5 times (x 80B)
Class com.android.ide.gradle.model.dependencies.Coordinates                           : loaded 5 times (x 70B)
Class kotlin.ranges.OpenEndRange                                                      : loaded 4 times (x 70B)
Class kotlin.Result                                                                   : loaded 4 times (x 72B)
Class org.gradle.tooling.internal.adapter.WeakIdentityHashMap$AbsentValueProvider     : loaded 4 times (x 70B)
Class org.gradle.tooling.model.gradle.GradleScript                                    : loaded 4 times (x 70B)
Class kotlin.collections.MapsKt___MapsJvmKt                                           : loaded 4 times (x 71B)
Class kotlin.jvm.functions.Function4                                                  : loaded 4 times (x 70B)
Class com.android.builder.model.v2.ide.TestInfo$Execution                             : loaded 4 times (x 79B)
Class kotlin.jvm.KotlinReflectionNotSupportedError                                    : loaded 4 times (x 82B)
Class kotlin.sequences.SequenceBuilderIterator                                        : loaded 4 times (x 85B)
Class kotlin.KotlinNullPointerException                                               : loaded 4 times (x 83B)
Class kotlin.jvm.functions.Function2                                                  : loaded 4 times (x 70B)
Class kotlin.collections.EmptySet                                                     : loaded 4 times (x 122B)
Class kotlin.KotlinNothingValueException                                              : loaded 4 times (x 82B)
Class com.android.builder.model.v2.models.ndk.NativeModelBuilderParameter             : loaded 4 times (x 70B)
Class kotlin.annotation.Target                                                        : loaded 4 times (x 70B)
Class kotlin.collections.CollectionsKt___CollectionsKt                                : loaded 4 times (x 71B)
Class org.gradle.internal.exceptions.NonGradleCauseExceptionsHolder                   : loaded 4 times (x 70B)
Class org.gradle.tooling.model.idea.IdeaModuleDependency                              : loaded 4 times (x 70B)
Class com.google.common.collect.Iterators$SingletonIterator                           : loaded 4 times (x 81B)
Class kotlin.sequences.TransformingSequence$iterator$1                                : loaded 4 times (x 79B)
Class kotlin.Pair                                                                     : loaded 4 times (x 72B)
Class org.gradle.tooling.internal.adapter.ProtocolToModelAdapter$SupportedPropertyInvoker: loaded 4 times (x 76B)
Class org.gradle.tooling.model.UnsupportedMethodException                             : loaded 4 times (x 82B)
Class kotlin.jvm.functions.Function1                                                  : loaded 4 times (x 70B)
Class kotlin.collections.AbstractMutableList                                          : loaded 4 times (x 206B)
Class com.android.utils.StringHelper                                                  : loaded 4 times (x 71B)
Class com.android.builder.model.v2.ide.AaptOptions                                    : loaded 4 times (x 70B)
Class [Lcom.android.builder.model.v2.ide.BytecodeTransformation;                      : loaded 4 times (x 69B)
Class com.android.ide.common.gradle.Version$Companion                                 : loaded 4 times (x 71B)
Class org.gradle.tooling.internal.adapter.ViewBuilder                                 : loaded 4 times (x 70B)
Class kotlin.sequences.FilteringSequence$iterator$1                                   : loaded 4 times (x 79B)
Class com.android.ide.common.repository.AgpVersion$Companion$WhenMappings             : loaded 4 times (x 71B)
Class kotlin.ranges.RangesKt___RangesKt                                               : loaded 4 times (x 71B)
Class org.gradle.tooling.model.idea.IdeaLanguageLevel                                 : loaded 4 times (x 70B)
Class org.gradle.tooling.model.Dependency                                             : loaded 4 times (x 70B)
Class org.gradle.tooling.model.idea.IdeaDependency                                    : loaded 4 times (x 70B)
Class kotlin.text.StringsKt__RegexExtensionsJVMKt                                     : loaded 4 times (x 71B)
Class com.android.builder.model.v2.ide.AbstractArtifact                               : loaded 4 times (x 70B)
Class com.android.builder.model.v2.ide.BytecodeTransformation                         : loaded 4 times (x 79B)
Class com.android.ide.common.gradle.Version$Companion$ParseState$EMPTY                : loaded 4 times (x 74B)
Class kotlin.collections.CollectionsKt__MutableCollectionsKt                          : loaded 4 times (x 71B)
Class org.gradle.util.GradleVersion                                                   : loaded 4 times (x 79B)
Class kotlin.collections.ArraysUtilJVM                                                : loaded 4 times (x 71B)
Class kotlin.jvm.functions.Function0                                                  : loaded 4 times (x 70B)
Class kotlin.sequences.FlatteningSequence$iterator$1                                  : loaded 4 times (x 79B)
Class com.android.ide.common.repository.AgpVersion$Companion                          : loaded 4 times (x 71B)
Class kotlin.jvm.internal.CollectionToArray                                           : loaded 4 times (x 71B)
Class kotlin.io.FilesKt__FileTreeWalkKt                                               : loaded 4 times (x 71B)
Class kotlin.sequences.SequencesKt__SequenceBuilderKt                                 : loaded 4 times (x 71B)
Class kotlin.collections.CollectionsKt__ReversedViewsKt                               : loaded 4 times (x 71B)
Class org.gradle.tooling.internal.adapter.ProtocolToModelAdapter$SafeMethodInvoker    : loaded 4 times (x 76B)
Class org.gradle.api.JavaVersion                                                      : loaded 4 times (x 79B)
Class org.gradle.tooling.internal.adapter.WeakIdentityHashMap$WeakKey                 : loaded 4 times (x 79B)
Class org.gradle.internal.exceptions.DefaultMultiCauseException                       : loaded 4 times (x 95B)
Class org.gradle.tooling.internal.adapter.ProtocolToModelAdapter$ViewGraphDetails$1   : loaded 4 times (x 77B)
Class kotlin.ranges.RangesKt                                                          : loaded 4 times (x 71B)
Class [Lcom.android.builder.model.v2.ide.AaptOptions$Namespacing;                     : loaded 4 times (x 69B)
Class kotlin.io.TerminateException                                                    : loaded 4 times (x 82B)
Class kotlin.io.FilesKt__FilePathComponentsKt                                         : loaded 4 times (x 71B)
Class com.android.builder.model.v2.ide.CodeShrinker                                   : loaded 4 times (x 79B)
Class com.android.ide.common.gradle.Version                                           : loaded 4 times (x 75B)
Class com.android.builder.model.v2.ide.AndroidLibraryData                             : loaded 4 times (x 70B)
Class kotlin.reflect.KCallable                                                        : loaded 4 times (x 70B)
Class com.android.ide.common.gradle.Version$Companion$ParseState                      : loaded 4 times (x 70B)
Class kotlin.text.StringsKt___StringsJvmKt                                            : loaded 4 times (x 71B)
Class kotlin.coroutines.jvm.internal.SuspendFunction                                  : loaded 4 times (x 70B)
Class kotlin.ranges.IntProgression                                                    : loaded 4 times (x 81B)
Class com.android.builder.model.v2.ide.ProjectInfo                                    : loaded 4 times (x 70B)
Class kotlin.Unit                                                                     : loaded 4 times (x 71B)
Class org.gradle.tooling.internal.adapter.ProtocolToModelAdapter$DefaultViewBuilder   : loaded 4 times (x 80B)
Class kotlin.sequences.SequencesKt___SequencesJvmKt                                   : loaded 4 times (x 71B)
Class kotlin.jvm.internal.markers.KMutableIterable                                    : loaded 4 times (x 70B)
Class kotlin.TuplesKt                                                                 : loaded 4 times (x 71B)
Class [Lcom.android.builder.model.v2.ide.ProjectType;                                 : loaded 4 times (x 69B)
Class kotlin.io.NoSuchFileException                                                   : loaded 4 times (x 82B)
Class kotlin.jvm.internal.Ref$BooleanRef                                              : loaded 4 times (x 71B)
Class kotlin.collections.CollectionsKt                                                : loaded 4 times (x 71B)
Class com.google.common.collect.Lists$RandomAccessReverseList                         : loaded 4 times (x 200B)
Class com.android.ide.common.gradle.Part                                              : loaded 4 times (x 77B)
Class kotlin.text.CharsKt                                                             : loaded 4 times (x 71B)
Class com.android.builder.model.v2.ide.ApiVersion                                     : loaded 4 times (x 70B)
Class kotlin.collections.CollectionsKt__IteratorsJVMKt                                : loaded 4 times (x 71B)
Class kotlin.text.CharsKt__CharKt                                                     : loaded 4 times (x 71B)
Class org.gradle.tooling.model.kotlin.dsl.KotlinDslScriptModel                        : loaded 4 times (x 70B)
Class org.gradle.tooling.internal.adapter.CollectionMapper                            : loaded 4 times (x 73B)
Class kotlin.reflect.KDeclarationContainer                                            : loaded 4 times (x 70B)
Class kotlin.collections.CollectionsKt___CollectionsJvmKt                             : loaded 4 times (x 71B)
Class org.jetbrains.kotlin.tooling.core.KotlinToolingVersion                          : loaded 4 times (x 75B)
Class kotlin.jvm.internal.FunctionReferenceImpl                                       : loaded 4 times (x 122B)
Class kotlin.annotation.Retention                                                     : loaded 4 times (x 70B)
Class kotlin.collections.ArrayDeque$Companion                                         : loaded 4 times (x 71B)
Class kotlin.collections.ArraysKt                                                     : loaded 4 times (x 71B)
Class org.gradle.tooling.model.HierarchicalElement                                    : loaded 4 times (x 70B)
Class kotlin.comparisons.ComparisonsKt___ComparisonsJvmKt                             : loaded 4 times (x 71B)
Class [Lcom.android.builder.model.v2.ide.LibraryType;                                 : loaded 4 times (x 69B)
Class com.android.builder.model.v2.ide.LibraryType                                    : loaded 4 times (x 79B)
Class kotlin.NotImplementedError                                                      : loaded 4 times (x 82B)
Class kotlin.io.FilesKt                                                               : loaded 4 times (x 71B)
Class com.google.common.collect.ExplicitOrdering                                      : loaded 4 times (x 115B)
Class org.gradle.util.internal.DefaultGradleVersion                                   : loaded 4 times (x 80B)
Class kotlin.Result$Companion                                                         : loaded 4 times (x 71B)
Class kotlin.coroutines.jvm.internal.BaseContinuationImpl                             : loaded 4 times (x 87B)
Class com.android.builder.model.v2.ide.SourceProvider                                 : loaded 4 times (x 70B)
Class com.android.builder.model.v2.ide.BasicArtifact                                  : loaded 4 times (x 70B)
Class com.android.builder.model.v2.ide.BundleInfo                                     : loaded 4 times (x 70B)
Class kotlin.comparisons.ComparisonsKt___ComparisonsKt                                : loaded 4 times (x 71B)
Class kotlin.comparisons.ComparisonsKt                                                : loaded 4 times (x 71B)
Class kotlin.text.CharsKt__CharJVMKt                                                  : loaded 4 times (x 71B)
Class kotlin.sequences.FilteringSequence                                              : loaded 4 times (x 75B)
Class com.android.builder.model.v2.models.Versions$Version                            : loaded 4 times (x 70B)
Class kotlin.collections.MapsKt___MapsKt                                              : loaded 4 times (x 71B)
Class kotlin.coroutines.Continuation                                                  : loaded 4 times (x 70B)
Class kotlin.sequences.SequencesKt__SequencesKt                                       : loaded 4 times (x 71B)
Class kotlin.collections.SetsKt___SetsKt                                              : loaded 4 times (x 71B)
Class kotlin.ranges.RangesKt__RangesKt                                                : loaded 4 times (x 71B)
Class com.android.builder.model.v2.ide.BasicVariant                                   : loaded 4 times (x 70B)
Class com.android.builder.model.v2.ide.AndroidGradlePluginProjectFlags                : loaded 4 times (x 70B)
Class org.gradle.tooling.internal.adapter.ProtocolToModelAdapter                      : loaded 4 times (x 80B)
Class [Lcom.android.builder.model.v2.ide.AndroidGradlePluginProjectFlags$BooleanFlag; : loaded 4 times (x 69B)
Class kotlin.comparisons.ComparisonsKt__ComparisonsKt                                 : loaded 4 times (x 71B)
Class com.android.builder.model.v2.models.VariantDependenciesAdjacencyList            : loaded 4 times (x 70B)
Class kotlin.ranges.IntProgressionIterator                                            : loaded 4 times (x 82B)
Class kotlin.collections.ArraysKt___ArraysKt                                          : loaded 4 times (x 71B)
Class com.android.ide.common.gradle.Separator                                         : loaded 4 times (x 79B)
Class com.android.builder.model.v2.ide.AndroidGradlePluginProjectFlags$BooleanFlag    : loaded 4 times (x 79B)
Class kotlin.collections.MapsKt__MapsJVMKt                                            : loaded 4 times (x 71B)
Class kotlin.collections.EmptyList                                                    : loaded 4 times (x 174B)
Class com.android.builder.model.v2.dsl.DependenciesInfo                               : loaded 4 times (x 70B)
Class org.gradle.tooling.model.internal.ImmutableDomainObjectSet                      : loaded 4 times (x 155B)
Class org.gradle.tooling.model.build.GradleEnvironment                                : loaded 4 times (x 70B)
Class org.gradle.internal.time.DefaultTimer                                           : loaded 4 times (x 80B)
Class org.gradle.tooling.internal.adapter.ProtocolToModelAdapter$InvocationHandlerImpl: loaded 4 times (x 77B)
Class com.google.common.collect.AllEqualOrdering                                      : loaded 4 times (x 114B)
Class kotlin.sequences.FlatteningSequence                                             : loaded 4 times (x 75B)
Class kotlin.text.MatcherMatchResult                                                  : loaded 4 times (x 80B)
Class kotlin.jvm.internal.StringCompanionObject                                       : loaded 4 times (x 71B)
Class com.google.common.collect.ByFunctionOrdering                                    : loaded 4 times (x 115B)
Class org.jetbrains.kotlin.tooling.core.Extras                                        : loaded 4 times (x 70B)
Class com.google.common.collect.ForwardingObject                                      : loaded 4 times (x 72B)
Class kotlin.Triple                                                                   : loaded 4 times (x 72B)
Class kotlin.sequences.SequencesKt__SequenceBuilderKt$sequence$$inlined$Sequence$1    : loaded 4 times (x 75B)
Class kotlin.text.MatchGroupCollection                                                : loaded 4 times (x 70B)
Class kotlin.text.Regex                                                               : loaded 4 times (x 72B)
Class com.android.builder.model.v2.ide.ViewBindingOptions                             : loaded 4 times (x 70B)
Class kotlin.text.StringsKt__StringBuilderJVMKt                                       : loaded 4 times (x 71B)
Class com.google.common.collect.Lists$ReverseList$1                                   : loaded 4 times (x 99B)
Class kotlin.collections.SetsKt__SetsKt                                               : loaded 4 times (x 71B)
Class kotlin.collections.AbstractCollection                                           : loaded 4 times (x 117B)
Class kotlin.collections.AbstractList                                                 : loaded 4 times (x 197B)
Class org.gradle.tooling.internal.adapter.ProtocolToModelAdapter$ViewKey              : loaded 4 times (x 72B)
Class org.gradle.tooling.model.Element                                                : loaded 4 times (x 70B)
Class org.gradle.tooling.internal.adapter.ProtocolToModelAdapter$NoOpDecoration       : loaded 4 times (x 79B)
Class org.gradle.tooling.internal.adapter.TypeInspector                               : loaded 4 times (x 73B)
Class kotlin.coroutines.jvm.internal.RestrictedSuspendLambda                          : loaded 4 times (x 91B)
Class kotlin.sequences.SequencesKt__SequencesJVMKt                                    : loaded 4 times (x 71B)
Class com.google.common.collect.CompoundOrdering                                      : loaded 4 times (x 115B)
Class com.android.builder.model.v2.dsl.ProductFlavor                                  : loaded 4 times (x 70B)
Class kotlin.io.FilePathComponents                                                    : loaded 4 times (x 72B)
Class [Lcom.android.builder.model.v2.ide.TestInfo$Execution;                          : loaded 4 times (x 69B)
Class kotlin.coroutines.EmptyCoroutineContext                                         : loaded 4 times (x 77B)
Class org.gradle.internal.time.Time                                                   : loaded 4 times (x 71B)
Class org.gradle.internal.time.Clock                                                  : loaded 4 times (x 70B)
Class kotlin.collections.EmptyIterator                                                : loaded 4 times (x 89B)
Class kotlin.text.StringsKt__RegexExtensionsKt                                        : loaded 4 times (x 71B)
Class kotlin.collections.CollectionsKt___CollectionsKt$asSequence$$inlined$Sequence$1 : loaded 4 times (x 75B)
Class kotlin.ranges.IntProgression$Companion                                          : loaded 4 times (x 71B)
Class com.android.builder.model.v2.CustomSourceDirectory                              : loaded 4 times (x 70B)
Class kotlin.enums.EnumEntriesList                                                    : loaded 4 times (x 223B)
Class com.google.common.collect.NullsFirstOrdering                                    : loaded 4 times (x 115B)
Class com.android.ide.common.repository.AgpVersion                                    : loaded 4 times (x 75B)
Class com.android.builder.model.v2.ide.AndroidArtifact                                : loaded 4 times (x 70B)
Class kotlin.ResultKt                                                                 : loaded 4 times (x 71B)
Class org.gradle.tooling.internal.adapter.TargetTypeProvider                          : loaded 4 times (x 70B)
Class org.gradle.tooling.internal.adapter.ProtocolToModelAdapter$PropertyCachingMethodInvoker: loaded 4 times (x 76B)
Class kotlin.text.StringsKt__StringsKt                                                : loaded 4 times (x 71B)
Class kotlin.jvm.internal.FunctionBase                                                : loaded 4 times (x 70B)
Class org.gradle.tooling.model.DomainObjectSet                                        : loaded 4 times (x 70B)
Class org.gradle.tooling.model.idea.IdeaProject                                       : loaded 4 times (x 70B)
Class com.android.ide.common.gradle.Version$Companion$ParseState$NUMERIC              : loaded 4 times (x 74B)
Class kotlin.jvm.internal.DefaultConstructorMarker                                    : loaded 4 times (x 71B)
Class org.gradle.internal.time.TimeSource$1                                           : loaded 4 times (x 77B)
Class com.android.builder.model.v2.dsl.BaseConfig                                     : loaded 4 times (x 70B)
Class com.android.builder.model.v2.ide.AaptOptions$Namespacing                        : loaded 4 times (x 79B)
Class [Lkotlin.coroutines.intrinsics.CoroutineSingletons;                             : loaded 4 times (x 69B)
Class kotlin.collections.MapsKt__MapWithDefaultKt                                     : loaded 4 times (x 71B)
Class org.jetbrains.kotlin.tooling.core.HasExtras                                     : loaded 4 times (x 70B)
Class com.android.builder.model.v2.ide.ProjectType                                    : loaded 4 times (x 79B)
Class kotlin.io.FileSystemException                                                   : loaded 4 times (x 82B)
Class com.android.builder.model.v2.ide.ComponentInfo                                  : loaded 4 times (x 70B)
Class org.gradle.tooling.internal.adapter.ProtocolToModelAdapter$ViewGraphDetails     : loaded 4 times (x 72B)
Class com.android.utils.FileUtils                                                     : loaded 4 times (x 71B)
Class kotlin.jvm.internal.FunctionReference                                           : loaded 4 times (x 122B)
Class com.android.builder.model.v2.models.ProjectSyncIssues                           : loaded 4 times (x 70B)
Class kotlin.Result$Failure                                                           : loaded 4 times (x 72B)
Class kotlin.collections.ArraysKt__ArraysKt                                           : loaded 4 times (x 71B)
Class com.android.ide.common.repository.AgpVersion$PreviewKind                        : loaded 4 times (x 79B)
Class com.android.builder.model.v2.models.ProjectGraph                                : loaded 4 times (x 70B)
Class org.gradle.internal.time.DefaultCountdownTimer                                  : loaded 4 times (x 88B)
Class org.gradle.tooling.model.ProjectIdentifier                                      : loaded 4 times (x 70B)
Class org.gradle.tooling.model.idea.IdeaCompilerOutput                                : loaded 4 times (x 70B)
Class kotlin.text.MatchResult$DefaultImpls                                            : loaded 4 times (x 71B)
Class org.gradle.tooling.internal.adapter.ProtocolToModelAdapter$ReflectionMethodInvoker: loaded 4 times (x 76B)
Class kotlin.collections.ArraysKt__ArraysJVMKt                                        : loaded 4 times (x 71B)
Class org.gradle.internal.exceptions.ResolutionProvider                               : loaded 4 times (x 70B)
Class org.gradle.tooling.internal.adapter.ProtocolToModelAdapter$MixInMappingAction   : loaded 4 times (x 80B)
Class kotlin.coroutines.CoroutineContext                                              : loaded 4 times (x 70B)
Class [Lcom.android.ide.common.gradle.Separator;                                      : loaded 4 times (x 69B)
Class kotlin.coroutines.jvm.internal.DebugProbesKt                                    : loaded 4 times (x 71B)
Class com.android.builder.model.v2.ide.JavaCompileOptions                             : loaded 4 times (x 70B)
Class kotlin.sequences.TransformingSequence                                           : loaded 4 times (x 75B)
Class org.gradle.tooling.internal.adapter.MethodInvocation                            : loaded 4 times (x 85B)
Class kotlin.enums.EnumEntries                                                        : loaded 4 times (x 70B)
Class org.gradle.tooling.internal.gradle.GradleBuildIdentity                          : loaded 4 times (x 70B)
Class kotlin.collections.SetsKt__SetsJVMKt                                            : loaded 4 times (x 71B)
Class org.gradle.tooling.internal.adapter.ProtocolToModelAdapter$AdaptingMethodInvoker: loaded 4 times (x 76B)
Class org.gradle.tooling.internal.gradle.DefaultBuildIdentifier                       : loaded 4 times (x 79B)
Class kotlin.Function                                                                 : loaded 4 times (x 70B)
Class kotlin.text.StringsKt___StringsKt                                               : loaded 4 times (x 71B)
Class com.google.common.collect.NullsLastOrdering                                     : loaded 4 times (x 115B)
Class com.android.builder.model.v2.ide.TestInfo                                       : loaded 4 times (x 70B)
Class org.gradle.tooling.internal.adapter.WeakIdentityHashMap                         : loaded 4 times (x 76B)
Class org.gradle.tooling.ToolingModelContract                                         : loaded 4 times (x 70B)
Class kotlin.sequences.Sequence                                                       : loaded 4 times (x 70B)
Class org.gradle.internal.operations.MultipleBuildOperationFailures                   : loaded 4 times (x 95B)
Class org.gradle.tooling.model.kotlin.dsl.KotlinDslScriptsModel                       : loaded 4 times (x 70B)
Class org.gradle.internal.time.TimeSource                                             : loaded 4 times (x 70B)
Class org.gradle.tooling.model.idea.IdeaDependencyScope                               : loaded 4 times (x 70B)
Class kotlin.ranges.IntRange                                                          : loaded 4 times (x 93B)
Class kotlin.io.FileAlreadyExistsException                                            : loaded 4 times (x 82B)
Class kotlin.internal.ProgressionUtilKt                                               : loaded 4 times (x 71B)
Class [Lorg.gradle.api.JavaVersion;                                                   : loaded 4 times (x 69B)
Class kotlin.text.StringsKt__StringBuilderKt                                          : loaded 4 times (x 71B)
Class kotlin.jvm.internal.CallableReference                                           : loaded 4 times (x 106B)
Class kotlin.collections.AbstractList$SubList                                         : loaded 4 times (x 198B)
Class kotlin.collections.CollectionsKt__MutableCollectionsJVMKt                       : loaded 4 times (x 71B)
Class kotlin.collections.ArraysKt___ArraysJvmKt                                       : loaded 4 times (x 71B)
Class kotlin.sequences.SequenceScope                                                  : loaded 4 times (x 73B)
Class com.android.builder.model.v2.models.BasicAndroidProject                         : loaded 4 times (x 70B)
Class kotlin.jvm.internal.CallableReference$NoReceiver                                : loaded 4 times (x 71B)
Class com.android.builder.model.v2.ide.LibraryInfo                                    : loaded 4 times (x 70B)
Class kotlin.enums.EnumEntriesKt                                                      : loaded 4 times (x 71B)
Class org.gradle.tooling.internal.adapter.MethodInvoker                               : loaded 4 times (x 70B)
Class com.google.common.collect.LexicographicalOrdering                               : loaded 4 times (x 115B)
Class org.jetbrains.kotlin.tooling.core.HasMutableExtras                              : loaded 4 times (x 70B)
Class com.google.common.collect.Lists$ReverseList                                     : loaded 4 times (x 200B)
Class kotlin.sequences.SequencesKt___SequencesKt$sortedWith$1                         : loaded 4 times (x 75B)
Class org.gradle.internal.time.MonotonicClock                                         : loaded 4 times (x 77B)
Class kotlin.jvm.internal.markers.KMutableList                                        : loaded 4 times (x 70B)
Class com.android.builder.model.v2.ide.LintOptions                                    : loaded 4 times (x 70B)
Class kotlin.text.MatchNamedGroupCollection                                           : loaded 4 times (x 70B)
Class com.google.common.collect.UsingToStringOrdering                                 : loaded 4 times (x 114B)
Class kotlin.io.FilesKt__FileReadWriteKt                                              : loaded 4 times (x 71B)
Class kotlin.text.StringsKt__StringNumberConversionsKt                                : loaded 4 times (x 71B)
Class [Lkotlin.Pair;                                                                  : loaded 4 times (x 69B)
Class com.google.common.collect.ReverseNaturalOrdering                                : loaded 4 times (x 114B)
Class kotlin.text.MatchResult                                                         : loaded 4 times (x 70B)
Class kotlin.text.MatcherMatchResult$groupValues$1                                    : loaded 4 times (x 198B)
Class kotlin.sequences.SequencesKt___SequencesKt                                      : loaded 4 times (x 71B)
Class org.gradle.util.internal.DefaultGradleVersion$Stage                             : loaded 4 times (x 75B)
Class kotlin.coroutines.jvm.internal.RestrictedContinuationImpl                       : loaded 4 times (x 87B)
Class kotlin.collections.AbstractList$Companion                                       : loaded 4 times (x 71B)
Class kotlin.NoWhenBranchMatchedException                                             : loaded 4 times (x 82B)
Class org.gradle.tooling.model.BuildIdentifier                                        : loaded 4 times (x 70B)
Class kotlin.coroutines.intrinsics.IntrinsicsKt__IntrinsicsJvmKt                      : loaded 4 times (x 71B)
Class com.google.common.collect.NaturalOrdering                                       : loaded 4 times (x 115B)
Class kotlin.coroutines.jvm.internal.CoroutineStackFrame                              : loaded 4 times (x 70B)
Class kotlin.text.StringsKt                                                           : loaded 4 times (x 71B)
Class org.gradle.tooling.internal.adapter.ProtocolToModelAdapter$MethodInvocationCache$MethodInvocationKey: loaded 4 times (x 73B)
Class [Lcom.android.builder.model.v2.ide.CodeShrinker;                                : loaded 4 times (x 69B)
Class com.google.common.collect.Ordering                                              : loaded 4 times (x 114B)
Class org.gradle.tooling.internal.gradle.GradleProjectIdentity                        : loaded 4 times (x 70B)
Class [Lcom.android.ide.common.repository.AgpVersion$PreviewKind;                     : loaded 4 times (x 69B)
Class kotlin.sequences.SequencesKt___SequencesKt$flatMap$2                            : loaded 4 times (x 125B)
Class kotlin.jvm.internal.markers.KMappedMarker                                       : loaded 4 times (x 70B)
Class org.gradle.internal.time.Timer                                                  : loaded 4 times (x 70B)
Class kotlin.collections.CollectionsKt__IteratorsKt                                   : loaded 4 times (x 71B)
Class kotlin.text.StringsKt__StringNumberConversionsJVMKt                             : loaded 4 times (x 71B)
Class kotlin.sequences.SequencesKt                                                    : loaded 4 times (x 71B)
Class org.gradle.tooling.model.ProjectModel                                           : loaded 4 times (x 70B)
Class kotlin.collections.CollectionsKt__IterablesKt                                   : loaded 4 times (x 71B)
Class kotlin.coroutines.intrinsics.CoroutineSingletons                                : loaded 4 times (x 79B)
Class kotlin.collections.CollectionsKt__CollectionsJVMKt                              : loaded 4 times (x 71B)
Class kotlin.ranges.ClosedRange                                                       : loaded 4 times (x 70B)
Class com.android.builder.model.v2.ide.JavaArtifact                                   : loaded 4 times (x 70B)
Class kotlin.collections.MapsKt                                                       : loaded 4 times (x 71B)
Class com.google.common.collect.Lists$TransformingRandomAccessList                    : loaded 4 times (x 199B)
Class kotlin.io.FilesKt__UtilsKt                                                      : loaded 4 times (x 71B)
Class com.android.builder.model.v2.models.ModelBuilderParameter                       : loaded 4 times (x 70B)
Class kotlin.text.Regex$Companion                                                     : loaded 4 times (x 71B)
Class kotlin.coroutines.intrinsics.IntrinsicsKt__IntrinsicsKt                         : loaded 4 times (x 71B)
Class kotlin.text.RegexKt                                                             : loaded 4 times (x 71B)
Class com.google.common.collect.ImmutableSortedAsList                                 : loaded 4 times (x 221B)
Class com.android.builder.model.v2.ide.SourceSetContainer                             : loaded 4 times (x 70B)
Class com.android.builder.model.v2.ide.Installation                                   : loaded 4 times (x 70B)
Class com.android.builder.model.v2.models.VariantDependencies                         : loaded 4 times (x 70B)
Class kotlin.text.StringsKt__AppendableKt                                             : loaded 4 times (x 71B)
Class kotlin.ranges.IntRange$Companion                                                : loaded 4 times (x 71B)
Class com.android.builder.model.v2.models.AndroidDsl                                  : loaded 4 times (x 70B)
Class com.android.builder.model.v2.ide.VectorDrawablesOptions                         : loaded 4 times (x 70B)
Class org.gradle.tooling.internal.adapter.ObjectGraphAdapter                          : loaded 4 times (x 70B)
Class com.android.ide.common.repository.AgpVersion$PreviewKind$Companion              : loaded 4 times (x 71B)
Class com.android.builder.model.v2.ide.TestedTargetVariant                            : loaded 4 times (x 70B)
Class com.android.builder.model.v2.ide.PrivacySandboxSdkInfo                          : loaded 4 times (x 70B)
Class org.gradle.tooling.internal.gradle.DefaultProjectIdentifier                     : loaded 4 times (x 86B)
Class kotlin.text.StringsKt__StringsJVMKt                                             : loaded 4 times (x 71B)
Class kotlin.collections.IntIterator                                                  : loaded 4 times (x 82B)
Class com.google.common.collect.NullnessCasts                                         : loaded 4 times (x 71B)
Class com.android.builder.model.v2.models.ndk.NativeModule                            : loaded 4 times (x 70B)
Class kotlin.text.MatcherMatchResult$groups$1                                         : loaded 4 times (x 151B)
Class kotlin.collections.EmptyMap                                                     : loaded 4 times (x 108B)
Class com.android.ide.common.gradle.Numeric                                           : loaded 4 times (x 77B)
Class org.gradle.tooling.internal.adapter.ProtocolToModelAdapter$MethodInvocationCache: loaded 4 times (x 73B)
Class com.android.builder.model.v2.models.Versions                                    : loaded 4 times (x 70B)
Class com.android.builder.model.v2.ide.ArtifactDependenciesAdjacencyList              : loaded 4 times (x 70B)
Class com.android.builder.model.v2.ide.Library                                        : loaded 4 times (x 70B)
Class kotlin.UninitializedPropertyAccessException                                     : loaded 4 times (x 82B)
Class kotlin.Metadata                                                                 : loaded 4 times (x 70B)
Class kotlin.reflect.KAnnotatedElement                                                : loaded 4 times (x 70B)
Class kotlin.text.MatchResult$Destructured                                            : loaded 4 times (x 72B)
Class kotlin.text.StringsKt__IndentKt                                                 : loaded 4 times (x 71B)
Class com.android.builder.model.v2.dsl.SigningConfig                                  : loaded 4 times (x 70B)
Class kotlin.jvm.internal.markers.KMutableCollection                                  : loaded 4 times (x 70B)
Class com.android.builder.model.v2.models.AndroidProject                              : loaded 4 times (x 70B)
Class com.android.builder.model.v2.AndroidModel                                       : loaded 4 times (x 70B)
Class kotlin.coroutines.intrinsics.IntrinsicsKt                                       : loaded 4 times (x 71B)
Class kotlin.collections.SetsKt                                                       : loaded 4 times (x 71B)
Class com.android.builder.model.v2.ide.Edge                                           : loaded 4 times (x 70B)
Class org.gradle.tooling.model.Model                                                  : loaded 4 times (x 70B)
Class org.gradle.internal.exceptions.MultiCauseException                              : loaded 4 times (x 70B)
Class kotlin.collections.CollectionsKt__CollectionsKt                                 : loaded 4 times (x 71B)
Class org.gradle.internal.time.CountdownTimer                                         : loaded 4 times (x 70B)
Class com.android.builder.model.v2.ide.Variant                                        : loaded 4 times (x 70B)
Class com.google.common.collect.ComparatorOrdering                                    : loaded 4 times (x 115B)
Class com.google.common.collect.ReverseOrdering                                       : loaded 4 times (x 115B)
Class kotlin.collections.MapsKt__MapsKt                                               : loaded 4 times (x 71B)
Class org.gradle.tooling.internal.adapter.ProtocolToModelAdapter$ViewDecoration       : loaded 4 times (x 70B)
Class org.gradle.tooling.GradleConnectionException                                    : loaded 4 times (x 83B)
Class com.android.builder.model.v2.models.VariantDependenciesFlatList                 : loaded 4 times (x 70B)
Class org.gradle.tooling.model.build.JavaEnvironment                                  : loaded 4 times (x 70B)
Class kotlin.jvm.internal.Intrinsics                                                  : loaded 4 times (x 71B)
Class org.gradle.tooling.internal.adapter.ProtocolToModelAdapter$1                    : loaded 4 times (x 75B)
Class kotlin.collections.ArrayDeque                                                   : loaded 4 times (x 207B)
Class kotlin.reflect.KFunction                                                        : loaded 4 times (x 70B)
Class com.android.builder.model.v2.dsl.BuildType                                      : loaded 4 times (x 70B)
Class com.android.tools.idea.gradle.project.sync.AgpVersionTooNew                     : loaded 3 times (x 82B)
Class com.android.tools.idea.gradle.model.impl.IdeDependenciesCoreDirect              : loaded 3 times (x 79B)
Class com.intellij.gradle.toolingExtension.impl.model.sourceSetArtifactIndex.GradleSourceSetArtifactIndexBuilder: loaded 3 times (x 86B)
Class org.jetbrains.kotlin.idea.gradleTooling.model.kapt.KaptModelBuilderService      : loaded 3 times (x 86B)
Class com.android.tools.idea.projectsystem.gradle.sync.PerformanceMeasurementUtilKt   : loaded 3 times (x 71B)
Class org.gradle.tooling.internal.consumer.connection.StreamingAwareBuildControllerAdapter: loaded 3 times (x 101B)
Class com.android.tools.idea.gradle.project.sync.SwitchVariantRequest                 : loaded 3 times (x 72B)
Class com.intellij.openapi.externalSystem.model.project.ExternalSystemSourceType      : loaded 3 times (x 85B)
Class org.gradle.tooling.internal.consumer.connection.NestedActionAwareBuildControllerAdapter$1: loaded 3 times (x 76B)
Class com.intellij.gradle.toolingExtension.impl.javaModel.manifestModel.DefaultJavaGradleManifestModel: loaded 3 times (x 76B)
Class org.jetbrains.kotlin.idea.gradleTooling.reflect.KotlinSourceSetReflection       : loaded 3 times (x 70B)
Class org.gradle.internal.impldep.com.google.gson.internal.bind.TypeAdapters$34$1     : loaded 3 times (x 74B)
Class org.gradle.internal.impldep.com.google.gson.GsonBuilder                         : loaded 3 times (x 72B)
Class org.gradle.tooling.model.build.BuildEnvironment                                 : loaded 3 times (x 70B)
Class org.jetbrains.plugins.gradle.model.DefaultFileCollectionDependency              : loaded 3 times (x 110B)
Class org.gradle.internal.impldep.com.google.gson.internal.bind.TypeAdapters$24       : loaded 3 times (x 75B)
Class org.gradle.tooling.internal.consumer.converters.ConsumerTargetTypeProvider      : loaded 3 times (x 76B)
Class com.android.builder.model.v2.ide.UnresolvedDependency                           : loaded 3 times (x 70B)
Class com.android.tools.idea.gradle.model.IdeTestOptions$Execution                    : loaded 3 times (x 79B)
Class com.android.builder.model.v2.ide.TestSuiteVariantTarget                         : loaded 3 times (x 70B)
Class com.intellij.gradle.toolingExtension.impl.model.sourceSetModel.GradleSourceSetModelProvider: loaded 3 times (x 79B)
Class org.jetbrains.plugins.gradle.tooling.serialization.internal.adapter.kotlin.dsl.InternalKotlinDslScriptModel: loaded 3 times (x 84B)
Class [Lio.opentelemetry.api.trace.TraceFlags;                                        : loaded 3 times (x 69B)
Class [Lio.opentelemetry.context.ContextStorage;                                      : loaded 3 times (x 69B)
Class com.intellij.platform.diagnostic.telemetry.rt.context.TelemetryContext          : loaded 3 times (x 134B)
Class com.intellij.gradle.toolingExtension.impl.model.dependencyModel.GradleDependencyTraverser$Itr: loaded 3 times (x 83B)
Class com.google.common.collect.SortedLists$KeyPresentBehavior$2                      : loaded 3 times (x 80B)
Class com.android.tools.idea.gradle.model.IdeSourceProviderContainer                  : loaded 3 times (x 70B)
Class org.jetbrains.plugins.gradle.DefaultExternalDependencyId                        : loaded 3 times (x 80B)
Class org.jetbrains.kotlin.idea.gradleTooling.reflect.KotlinLanguageSettingsReflection: loaded 3 times (x 70B)
Class com.google.common.collect.Cut$BelowValue                                        : loaded 3 times (x 88B)
Class [Lorg.gradle.internal.impldep.com.google.gson.ReflectionAccessFilter$FilterResult;: loaded 3 times (x 69B)
Class com.google.common.collect.Iterators$PeekingImpl                                 : loaded 3 times (x 89B)
Class org.jetbrains.kotlin.idea.gradleTooling.model.noarg.NoArgModelBuilderService    : loaded 3 times (x 85B)
Class org.gradle.internal.impldep.com.google.common.collect.UnmodifiableListIterator  : loaded 3 times (x 95B)
Class [Lcom.intellij.openapi.diagnostic.LogLevel;                                     : loaded 3 times (x 69B)
Class com.android.tools.idea.gradle.model.impl.IdeAndroidGradlePluginProjectFlagsImpl : loaded 3 times (x 84B)
Class com.android.tools.idea.gradle.model.IdeSourceProviderKt                         : loaded 3 times (x 71B)
Class org.gradle.internal.impldep.com.google.gson.internal.bind.ReflectiveTypeAdapterFactory$RecordAdapter: loaded 3 times (x 77B)
Class io.opentelemetry.api.trace.ImmutableTraceFlags                                  : loaded 3 times (x 77B)
Class com.android.tools.idea.gradle.project.sync.ActionToRun                          : loaded 3 times (x 72B)
Class org.gradle.internal.impldep.com.google.common.base.Optional                     : loaded 3 times (x 80B)
Class org.gradle.tooling.model.eclipse.EclipseClasspathEntry                          : loaded 3 times (x 70B)
Class io.opentelemetry.context.ThreadLocalContextStorage                              : loaded 3 times (x 85B)
Class org.gradle.tooling.internal.consumer.versioning.ModelMapping$DefaultModelIdentifier: loaded 3 times (x 76B)
Class com.android.tools.idea.gradle.model.impl.IdeLintOptionsImpl                     : loaded 3 times (x 103B)
Class com.intellij.openapi.util.io.FileUtilRt$RepeatableIOOperation                   : loaded 3 times (x 70B)
Class org.gradle.internal.impldep.com.google.gson.internal.ReflectionAccessFilterHelper: loaded 3 times (x 71B)
Class com.android.tools.idea.gradle.project.sync.JavaModule                           : loaded 3 times (x 78B)
Class com.android.builder.model.v2.ide.SyncIssue                                      : loaded 3 times (x 70B)
Class com.android.tools.idea.gradle.model.impl.IdeTestOptionsImpl                     : loaded 3 times (x 77B)
Class com.android.ide.common.repository.AgpVersion$PreviewKind$WhenMappings           : loaded 3 times (x 71B)
Class com.android.tools.idea.gradle.project.sync.BasicIncompleteGradleModule          : loaded 3 times (x 73B)
Class [Lcom.android.tools.idea.gradle.model.impl.IdeModuleWellKnownSourceSet;         : loaded 3 times (x 69B)
Class com.android.tools.idea.gradle.project.sync.AndroidExtraModelProviderWorker      : loaded 3 times (x 72B)
Class com.android.tools.idea.gradle.project.sync.ModelCacheV1ImplKt                   : loaded 3 times (x 71B)
Class com.android.tools.idea.gradle.model.ndk.v2.IdeNativeModule                      : loaded 3 times (x 70B)
Class org.jetbrains.plugins.gradle.tooling.ModelBuilderService                        : loaded 3 times (x 70B)
Class com.intellij.gradle.toolingExtension.modelAction.GradleModelFetchPhase          : loaded 3 times (x 79B)
Class com.android.tools.idea.gradle.model.IdeArtifactLibrary                          : loaded 3 times (x 70B)
Class com.android.tools.idea.gradle.model.IdeAndroidLibraryImplKt                     : loaded 3 times (x 71B)
Class org.jetbrains.kotlin.idea.gradleTooling.AbstractKotlinGradleModelBuilder$Companion: loaded 3 times (x 71B)
Class org.gradle.internal.impldep.com.google.gson.internal.bind.TypeAdapters$EnumTypeAdapter$1: loaded 3 times (x 77B)
Class org.gradle.internal.impldep.com.google.gson.internal.$Gson$Types                : loaded 3 times (x 71B)
Class org.jetbrains.kotlin.idea.gradleTooling.model.annotation.AnnotationBasedPluginModel: loaded 3 times (x 70B)
Class org.gradle.internal.impldep.com.google.common.collect.Multimap                  : loaded 3 times (x 70B)
Class com.intellij.gradle.toolingExtension.impl.model.dependencyDownloadPolicyModel.GradleDependencyDownloadPolicyCache: loaded 3 times (x 75B)
Class com.android.tools.idea.gradle.project.sync.DefaultVariantsKt$getDefaultVariant$$inlined$thenBy$1: loaded 3 times (x 90B)
Class org.jetbrains.plugins.gradle.tooling.MessageReporter                            : loaded 3 times (x 70B)
Class com.intellij.compose.ide.plugin.gradleTooling.rt.ComposeResourcesModelBuilder   : loaded 3 times (x 78B)
Class org.jetbrains.kotlin.idea.gradleTooling.model.assignment.AssignmentModelBuilderService: loaded 3 times (x 85B)
Class org.jetbrains.kotlin.idea.gradleTooling.PrepareKotlinIdeaImportTaskModelBuilder$Companion: loaded 3 times (x 71B)
Class org.gradle.internal.impldep.com.google.gson.LongSerializationPolicy$2           : loaded 3 times (x 80B)
Class com.android.tools.idea.gradle.model.IdeJavaArtifactCore                         : loaded 3 times (x 70B)
Class com.android.tools.idea.gradle.project.sync.DefaultVariantsKt                    : loaded 3 times (x 71B)
Class [Lcom.google.common.collect.SortedLists$KeyAbsentBehavior;                      : loaded 3 times (x 69B)
Class org.gradle.internal.impldep.com.google.gson.internal.bind.DefaultDateTypeAdapter: loaded 3 times (x 74B)
Class [Lcom.android.tools.idea.gradle.project.sync.MeasurementCheckpoint;             : loaded 3 times (x 69B)
Class io.opentelemetry.context.ContextExecutorService                                 : loaded 3 times (x 104B)
Class io.opentelemetry.context.Context                                                : loaded 3 times (x 70B)
Class com.intellij.util.ExceptionUtilRt$1                                             : loaded 3 times (x 129B)
Class [Lcom.android.tools.idea.gradle.project.sync.SyncTestMode;                      : loaded 3 times (x 69B)
Class com.intellij.gradle.toolingExtension.impl.modelSerialization.ToolingSerializerConverter: loaded 3 times (x 73B)
Class com.intellij.gradle.toolingExtension.impl.model.sourceSetDependencyModel.DefaultGradleSourceSetDependencyModel: loaded 3 times (x 77B)
Class com.android.builder.model.v2.models.TestSuiteDependenciesAdjacencyList          : loaded 3 times (x 70B)
Class com.intellij.gradle.toolingExtension.impl.model.dependencyModel.GradleDependencyTraverser: loaded 3 times (x 80B)
Class [Lcom.intellij.gradle.toolingExtension.modelAction.GradleModelFetchPhase;       : loaded 3 times (x 69B)
Class org.gradle.internal.impldep.com.google.gson.internal.bind.ReflectiveTypeAdapterFactory$BoundField: loaded 3 times (x 75B)
Class [Lcom.android.tools.idea.gradle.model.impl.IdeModuleSourceSet;                  : loaded 3 times (x 69B)
Class org.jetbrains.plugins.gradle.tooling.serialization.internal.adapter.InternalProjectIdentifier: loaded 3 times (x 76B)
Class org.jetbrains.plugins.gradle.tooling.builder.VersionCatalogsModelBuilder        : loaded 3 times (x 86B)
Class com.intellij.openapi.externalSystem.model.project.dependencies.AbstractDependencyNode: loaded 3 times (x 87B)
Class com.intellij.gradle.toolingExtension.impl.model.utilDummyModel.DummyModelBuilder: loaded 3 times (x 86B)
Class com.android.tools.idea.gradle.project.sync.StandaloneDeliverableModel           : loaded 3 times (x 75B)
Class com.android.tools.idea.gradle.project.sync.NativeVariantAbiResult               : loaded 3 times (x 71B)
Class com.android.tools.idea.gradle.model.IdeUnresolvedJavaLibrary                    : loaded 3 times (x 70B)
Class com.android.tools.idea.gradle.model.impl.IdeMultiVariantDataImpl                : loaded 3 times (x 77B)
Class com.android.tools.idea.gradle.project.sync.AndroidProjectResult$Companion$RuntimeClasspathBehaviour: loaded 3 times (x 71B)
Class com.intellij.gradle.toolingExtension.impl.model.warmUp.GradleTaskWarmUpModelProvider: loaded 3 times (x 77B)
Class org.gradle.tooling.model.cpp.CppComponent                                       : loaded 3 times (x 70B)
Class com.android.builder.model.NativeVariantAbi                                      : loaded 3 times (x 70B)
Class org.gradle.tooling.model.Launchable                                             : loaded 3 times (x 70B)
Class org.jetbrains.kotlin.idea.projectModel.KotlinPlatform                           : loaded 3 times (x 79B)
Class org.gradle.tooling.internal.consumer.versioning.VersionDetails$R44VersionDetails: loaded 3 times (x 80B)
Class org.gradle.tooling.model.HasGradleProject                                       : loaded 3 times (x 70B)
Class org.gradle.tooling.model.BuildableElement                                       : loaded 3 times (x 70B)
Class org.gradle.tooling.internal.consumer.converters.EclipseExternalDependencyUnresolvedMixin: loaded 3 times (x 73B)
Class com.intellij.gradle.toolingExtension.impl.modelAction.GradleDaemonModelHolder$ConvertedModel: loaded 3 times (x 72B)
Class org.gradle.tooling.model.kotlin.dsl.EditorReportSeverity                        : loaded 3 times (x 79B)
Class org.gradle.internal.impldep.com.google.gson.annotations.SerializedName          : loaded 3 times (x 70B)
Class org.gradle.internal.impldep.com.google.gson.Gson$FutureTypeAdapter              : loaded 3 times (x 76B)
Class org.jetbrains.plugins.gradle.tooling.MessageBuilder                             : loaded 3 times (x 70B)
Class org.jetbrains.kotlin.idea.gradleTooling.model.allopen.AllOpenModel              : loaded 3 times (x 70B)
Class org.jetbrains.plugins.gradle.tooling.Message$FilePosition                       : loaded 3 times (x 75B)
Class org.gradle.internal.impldep.com.google.gson.LongSerializationPolicy$1           : loaded 3 times (x 80B)
Class com.intellij.util.ExceptionUtilRt$RethrownStack                                 : loaded 3 times (x 82B)
Class org.jetbrains.kotlin.idea.projectModel.KotlinTarget$Companion                   : loaded 3 times (x 71B)
Class com.android.tools.idea.gradle.model.impl.IdeBasicVariantImpl                    : loaded 3 times (x 79B)
Class com.android.tools.idea.gradle.project.sync.AdditionalClassifierArtifactsModelCollectorKt: loaded 3 times (x 71B)
Class com.android.tools.idea.gradle.model.IdeProductFlavor                            : loaded 3 times (x 70B)
Class org.jetbrains.plugins.gradle.tooling.builder.MavenRepositoriesModelBuilder      : loaded 3 times (x 81B)
Class org.jetbrains.kotlin.idea.gradleTooling.KotlinMPPGradleModelBuilder             : loaded 3 times (x 86B)
Class org.jetbrains.plugins.gradle.tooling.builder.EarModelBuilderImplKt              : loaded 3 times (x 71B)
Class com.android.tools.idea.gradle.project.sync.AndroidExtraModelProviderKt          : loaded 3 times (x 71B)
Class org.gradle.tooling.internal.adapter.ProtocolToModelAdapter$MixInBeanMappingAction: loaded 3 times (x 81B)
Class com.intellij.gradle.toolingExtension.impl.model.utilTurnOffDefaultTasksModel.TurnOffDefaultTasksModelBuilder: loaded 3 times (x 86B)
Class com.google.common.collect.SortedLists$KeyPresentBehavior$1                      : loaded 3 times (x 80B)
Class org.jetbrains.plugins.gradle.tooling.serialization.internal.adapter.InternalBuildIdentifier: loaded 3 times (x 75B)
Class com.android.tools.idea.gradle.project.sync.AndroidProjectResult$Companion       : loaded 3 times (x 71B)
Class org.gradle.internal.impldep.com.google.gson.internal.reflect.ReflectionHelper$RecordSupportedHelper: loaded 3 times (x 78B)
Class org.gradle.tooling.internal.adapter.ProtocolToModelAdapter$ClassMixInMethodInvoker: loaded 3 times (x 76B)
Class com.android.tools.idea.gradle.project.sync.DependencyGraphCompat                : loaded 3 times (x 71B)
Class com.android.tools.idea.gradle.project.sync.VariantDiscovery                     : loaded 3 times (x 72B)
Class com.intellij.gradle.toolingExtension.impl.model.dependencyModel.auxiliary.AuxiliaryArtifactResolver: loaded 3 times (x 70B)
Class com.android.tools.idea.gradle.model.IdeBaseArtifactCore                         : loaded 3 times (x 70B)
Class org.jetbrains.plugins.gradle.tooling.serialization.internal.IdeaProjectSerializationService$TargetBytecodeVersionGetter: loaded 3 times (x 75B)
Class com.android.tools.idea.gradle.project.sync.FetchedVariantResult                 : loaded 3 times (x 71B)
Class [Lcom.android.tools.idea.gradle.model.IdeTestOptions$Execution;                 : loaded 3 times (x 69B)
Class com.android.tools.idea.gradle.project.sync.LibraryIdentity$LibraryIdentityProvider$Companion: loaded 3 times (x 71B)
Class com.google.common.collect.SortedLists$KeyPresentBehavior$3                      : loaded 3 times (x 80B)
Class org.gradle.internal.impldep.com.google.common.base.Present                      : loaded 3 times (x 81B)
Class org.gradle.tooling.internal.consumer.connection.HasCompatibilityMapping         : loaded 3 times (x 73B)
Class com.android.tools.idea.gradle.model.impl.IdeApiVersionImpl                      : loaded 3 times (x 77B)
Class com.android.tools.idea.gradle.model.IdeAndroidArtifactCore                      : loaded 3 times (x 70B)
Class com.android.tools.idea.gradle.model.IdeAndroidLibraryImpl$Companion             : loaded 3 times (x 71B)
Class com.android.tools.idea.gradle.model.IdeViewBindingOptions                       : loaded 3 times (x 70B)
Class com.android.tools.idea.gradle.project.sync.SyncProjectActionWorker$populateAndroidModels$2$variantDiscovery$1: loaded 3 times (x 78B)
Class com.android.tools.idea.gradle.model.impl.IdeUnresolvedLibraryTable              : loaded 3 times (x 70B)
Class org.gradle.internal.impldep.com.google.common.collect.Iterators$1               : loaded 3 times (x 81B)
Class com.intellij.openapi.externalSystem.model.project.dependencies.DependencyNode   : loaded 3 times (x 70B)
Class org.gradle.tooling.internal.consumer.connection.UnparameterizedBuildController  : loaded 3 times (x 101B)
Class com.android.tools.idea.gradle.project.sync.NativeVariantAbiResult$V1            : loaded 3 times (x 72B)
Class io.opentelemetry.api.internal.AutoValue_ImmutableSpanContext                    : loaded 3 times (x 92B)
Class com.android.tools.idea.gradle.model.impl.ThrowingIdeDependencies                : loaded 3 times (x 78B)
Class com.android.tools.idea.gradle.model.impl.IdeBuildTypeContainerImpl              : loaded 3 times (x 79B)
Class com.intellij.gradle.toolingExtension.impl.modelSerialization.SerializationServiceNotFoundException: loaded 3 times (x 82B)
Class com.android.tools.idea.projectsystem.gradle.sync.Counter                        : loaded 3 times (x 72B)
Class com.google.common.collect.SortedLists$KeyPresentBehavior                        : loaded 3 times (x 80B)
Class com.android.builder.model.ProjectSyncIssues                                     : loaded 3 times (x 70B)
Class com.android.tools.idea.gradle.project.sync.ArtifactDependenciesCompat$AdjacencyList: loaded 3 times (x 72B)
Class org.gradle.tooling.internal.consumer.converters.BasicGradleProjectIdentifierMixin: loaded 3 times (x 73B)
Class org.gradle.tooling.model.idea.BasicIdeaProject                                  : loaded 3 times (x 70B)
Class org.gradle.tooling.internal.consumer.versioning.ModelMapping                    : loaded 3 times (x 73B)
Class com.android.tools.idea.gradle.project.sync.ModelCacheV2ImplKt$modelCacheV2Impl$createFromDependencies$1$LibrariesByType: loaded 3 times (x 72B)
Class org.jetbrains.plugins.gradle.model.DefaultExternalLibraryDependency             : loaded 3 times (x 111B)
Class com.intellij.gradle.toolingExtension.impl.util.javaPluginUtil.ExtensionJavaPluginAccessor: loaded 3 times (x 82B)
Class org.jetbrains.kotlin.gradle.idea.tcs.IdeaKotlinDependencyCoordinates            : loaded 3 times (x 70B)
Class com.intellij.gradle.toolingExtension.impl.model.sourceSetDependencyModel.GradleSourceSetDependencyModelProvider: loaded 3 times (x 79B)
Class com.intellij.gradle.toolingExtension.model.repositoryModel.RepositoryModel      : loaded 3 times (x 70B)
Class org.jetbrains.plugins.gradle.tooling.util.GradleVersionComparator               : loaded 3 times (x 75B)
Class com.android.tools.idea.gradle.project.sync.NativeVariantAbiResult$V2            : loaded 3 times (x 72B)
Class com.android.tools.idea.gradle.model.IdeExtraSourceProvider                      : loaded 3 times (x 70B)
Class com.android.tools.idea.gradle.project.sync.AndroidProjectResult                 : loaded 3 times (x 76B)
Class org.jetbrains.plugins.gradle.tooling.serialization.internal.IdeaProjectSerializationService$JavaHomePathGetter: loaded 3 times (x 75B)
Class com.intellij.gradle.toolingExtension.impl.model.dependencyDownloadPolicyModel.GradleDependencyDownloadPolicyBuilder: loaded 3 times (x 86B)
Class com.android.tools.idea.gradle.project.sync.BuildId                              : loaded 3 times (x 72B)
Class com.android.tools.idea.gradle.model.impl.IdeAndroidProjectImpl                  : loaded 3 times (x 107B)
Class [Lorg.gradle.internal.impldep.com.google.gson.FieldNamingPolicy;                : loaded 3 times (x 69B)
Class org.gradle.tooling.internal.consumer.connection.InternalBuildActionAdapter      : loaded 3 times (x 80B)
Class Build_gradle                                                                    : loaded 3 times (x 130B)
Class com.android.tools.idea.gradle.project.sync.SyncActionRunnerKt                   : loaded 3 times (x 71B)
Class org.jetbrains.kotlin.idea.gradleTooling.reflect.GradleReflectionLogger          : loaded 3 times (x 75B)
Class io.opentelemetry.context.propagation.ContextPropagators                         : loaded 3 times (x 70B)
Class org.gradle.internal.impldep.com.google.gson.internal.bind.MapTypeAdapterFactory : loaded 3 times (x 75B)
Class org.gradle.internal.impldep.com.google.gson.JsonArray                           : loaded 3 times (x 100B)
Class org.gradle.internal.impldep.com.google.gson.internal.bind.JsonTreeWriter        : loaded 3 times (x 98B)
Class org.gradle.internal.impldep.com.google.gson.TypeAdapter                         : loaded 3 times (x 73B)
Class com.intellij.gradle.toolingExtension.impl.model.repositoryModel.DefaultProjectRepositoriesModel: loaded 3 times (x 76B)
Class com.android.builder.model.v2.models.TestSuiteSource                             : loaded 3 times (x 70B)
Class com.android.tools.idea.gradle.model.IdeBuildTypeContainer                       : loaded 3 times (x 70B)
Class com.android.tools.idea.gradle.model.impl.IdeJavaArtifactCoreImpl                : loaded 3 times (x 91B)
Class org.jetbrains.kotlin.idea.gradleTooling.model.annotation.AnnotationBasedPluginModelBuilderService: loaded 3 times (x 85B)
Class com.intellij.gradle.toolingExtension.impl.model.taskModel.GradleTaskModelBuilder: loaded 3 times (x 86B)
Class com.android.tools.idea.gradle.project.sync.GradleProject                        : loaded 3 times (x 75B)
Class com.intellij.openapi.util.io.FileTooBigException                                : loaded 3 times (x 82B)
Class com.android.tools.idea.gradle.model.IdeUnresolvedAndroidLibrary                 : loaded 3 times (x 70B)
Class com.android.tools.idea.gradle.project.sync.ModelResult                          : loaded 3 times (x 72B)
Class com.android.builder.model.Variant                                               : loaded 3 times (x 70B)
Class com.android.tools.idea.gradle.project.sync.ModelCacheKt                         : loaded 3 times (x 71B)
Class com.google.common.collect.SortedLists$KeyAbsentBehavior                         : loaded 3 times (x 80B)
Class com.android.tools.idea.gradle.project.sync.DefaultVariantsKt$getDefaultVariant$$inlined$thenBy$2: loaded 3 times (x 90B)
Class com.google.common.collect.TreeRangeSet                                          : loaded 3 times (x 115B)
Class com.android.tools.idea.gradle.project.sync.ModelFetchersKt                      : loaded 3 times (x 71B)
Class org.gradle.tooling.internal.consumer.converters.BackwardsCompatibleIdeaModuleDependency: loaded 3 times (x 70B)
Class com.android.tools.idea.gradle.project.sync.SelectedVariant                      : loaded 3 times (x 72B)
Class org.gradle.internal.impldep.com.google.gson.internal.sql.SqlTimeTypeAdapter     : loaded 3 times (x 74B)
Class org.jetbrains.plugins.gradle.tooling.util.ClassMap                              : loaded 3 times (x 72B)
Class org.gradle.internal.impldep.com.google.gson.internal.bind.ObjectTypeAdapter$1   : loaded 3 times (x 76B)
Class com.android.tools.idea.gradle.project.sync.AndroidExtraModelProviderWorkerKt    : loaded 3 times (x 71B)
Class org.jetbrains.kotlin.tooling.core.Interner                                      : loaded 3 times (x 70B)
Class com.android.tools.idea.gradle.project.sync.StandaloneDeliverableModel$Companion : loaded 3 times (x 71B)
Class com.android.tools.idea.gradle.project.sync.AgpCompatibilityKt                   : loaded 3 times (x 71B)
Class org.gradle.internal.impldep.com.google.gson.internal.bind.JsonAdapterAnnotationTypeAdapterFactory: loaded 3 times (x 75B)
Class io.opentelemetry.context.Scope                                                  : loaded 3 times (x 70B)
Class org.gradle.tooling.model.kotlin.dsl.EditorPosition                              : loaded 3 times (x 70B)
Class com.android.ide.common.gradle.Module                                            : loaded 3 times (x 72B)
Class com.android.tools.idea.gradle.project.sync.AndroidSyncException                 : loaded 3 times (x 82B)
Class org.gradle.internal.impldep.com.google.gson.internal.bind.TreeTypeAdapter       : loaded 3 times (x 75B)
Class [Lio.opentelemetry.context.Scope;                                               : loaded 3 times (x 69B)
Class org.gradle.internal.impldep.com.google.gson.internal.bind.DefaultDateTypeAdapter$DateType$1: loaded 3 times (x 73B)
Class org.gradle.tooling.model.GradleProject                                          : loaded 3 times (x 70B)
Class com.google.common.collect.Cut$BelowAll                                          : loaded 3 times (x 88B)
Class com.android.builder.model.v2.dsl.ClassField                                     : loaded 3 times (x 70B)
Class com.android.tools.idea.gradle.project.sync.DefaultVariantsKt$getDefaultVariant$$inlined$compareBy$1: loaded 3 times (x 90B)
Class com.android.tools.idea.gradle.model.IdeLintOptions                              : loaded 3 times (x 70B)
Class com.android.ide.common.gradle.Component$Companion                               : loaded 3 times (x 71B)
Class org.jetbrains.plugins.gradle.model.DefaultGradleProperty                        : loaded 3 times (x 78B)
Class org.jetbrains.kotlin.idea.gradleTooling.GetAdditionalVisibleSourceSetsKt        : loaded 3 times (x 71B)
Class org.gradle.internal.impldep.com.google.gson.internal.bind.DateTypeAdapter       : loaded 3 times (x 74B)
Class [Lorg.gradle.internal.impldep.com.google.gson.ToNumberStrategy;                 : loaded 3 times (x 69B)
Class org.gradle.internal.impldep.com.google.gson.Gson                                : loaded 3 times (x 72B)
Class [Lorg.gradle.internal.impldep.com.google.gson.FieldNamingStrategy;              : loaded 3 times (x 69B)
Class org.gradle.internal.impldep.com.google.gson.JsonPrimitive                       : loaded 3 times (x 93B)
Class org.gradle.tooling.internal.adapter.ProtocolToModelAdapter$BeanMixInMethodInvoker: loaded 3 times (x 76B)
Class com.android.tools.idea.gradle.project.sync.VariantDetailsKt                     : loaded 3 times (x 71B)
Class com.intellij.gradle.toolingExtension.impl.modelAction.GradleModelId             : loaded 3 times (x 72B)
Class com.android.builder.model.v2.ide.JUnitEngineInfo                                : loaded 3 times (x 70B)
Class com.android.tools.idea.gradle.project.sync.AndroidModule$V2                     : loaded 3 times (x 88B)
Class com.android.tools.idea.gradle.project.sync.ModelCacheV2ImplKt$modelCacheV2Impl$1: loaded 3 times (x 80B)
Class [Lcom.android.tools.idea.gradle.project.upgrade.AndroidGradlePluginCompatibility;: loaded 3 times (x 69B)
Class com.android.tools.idea.gradle.model.impl.IdePrivacySandboxSdkInfoImpl           : loaded 3 times (x 80B)
Class com.android.tools.idea.gradle.project.sync.AllKotlinModels                      : loaded 3 times (x 72B)
Class com.android.tools.idea.gradle.model.impl.IdeCompositeBuildMapImpl               : loaded 3 times (x 76B)
Class io.opentelemetry.api.trace.TraceStateBuilder                                    : loaded 3 times (x 70B)
Class org.gradle.tooling.internal.adapter.ProtocolToModelAdapter$MixInTypeMappingAction: loaded 3 times (x 81B)
Class org.jetbrains.plugins.gradle.model.GradleLightBuild                             : loaded 3 times (x 70B)
Class com.intellij.gradle.toolingExtension.impl.telemetry.GradleOpenTelemetry         : loaded 3 times (x 72B)
Class com.android.tools.idea.gradle.model.IdePreResolvedModuleLibrary                 : loaded 3 times (x 70B)
Class org.jetbrains.kotlin.idea.gradleTooling.model.lombok.LombokModelBuilderService  : loaded 3 times (x 87B)
Class org.jetbrains.plugins.gradle.tooling.builder.ExternalTestsModelBuilderImpl      : loaded 3 times (x 78B)
Class org.jetbrains.plugins.gradle.tooling.DefaultMessageBuilder                      : loaded 3 times (x 84B)
Class org.gradle.internal.impldep.com.google.common.base.ExtraObjectsMethodsForWeb    : loaded 3 times (x 71B)
Class [Lorg.jetbrains.kotlin.tooling.core.KotlinToolingVersion$Maturity;              : loaded 3 times (x 69B)
Class org.gradle.internal.impldep.com.google.gson.internal.bind.NumberTypeAdapter     : loaded 3 times (x 74B)
Class org.gradle.internal.impldep.com.google.gson.internal.LazilyParsedNumber         : loaded 3 times (x 78B)
Class org.gradle.internal.impldep.com.google.gson.internal.bind.DateTypeAdapter$1     : loaded 3 times (x 75B)
Class org.gradle.internal.impldep.com.google.gson.internal.reflect.ReflectionHelper$RecordHelper: loaded 3 times (x 75B)
Class com.google.common.collect.ForwardingCollection                                  : loaded 3 times (x 130B)
Class org.jetbrains.plugins.gradle.tooling.builder.ProjectExtensionsDataBuilderImpl$Companion: loaded 3 times (x 71B)
Class com.android.builder.model.v2.models.TestSuiteSourceDependenciesAdjacencyList    : loaded 3 times (x 70B)
Class org.jetbrains.plugins.gradle.model.DefaultGradleLightProject                    : loaded 3 times (x 82B)
Class com.android.tools.idea.gradle.model.impl.IdeProjectPathImpl                     : loaded 3 times (x 77B)
Class com.android.tools.idea.gradle.project.sync.AndroidModule$V1                     : loaded 3 times (x 88B)
Class com.android.tools.idea.gradle.project.sync.GradleModule                         : loaded 3 times (x 78B)
Class com.intellij.openapi.util.SystemInfoRt                                          : loaded 3 times (x 71B)
Class com.android.tools.idea.gradle.project.sync.BasicNonAndroidIncompleteGradleModule: loaded 3 times (x 73B)
Class io.opentelemetry.context.ContextStorage                                         : loaded 3 times (x 70B)
Class com.intellij.gradle.toolingExtension.impl.model.projectModel.GradleExternalProjectModelProvider: loaded 3 times (x 79B)
Class com.intellij.openapi.diagnostic.Logger                                          : loaded 3 times (x 99B)
Class io.opentelemetry.api.trace.DefaultTracer                                        : loaded 3 times (x 74B)
Class org.gradle.tooling.internal.adapter.ProtocolToModelAdapter$2                    : loaded 3 times (x 78B)
Class com.intellij.gradle.toolingExtension.impl.model.dependencyModel.auxiliary.AuxiliaryArtifactResolverImpl: loaded 3 times (x 76B)
Class org.gradle.internal.impldep.com.google.gson.internal.bind.ArrayTypeAdapter$1    : loaded 3 times (x 75B)
Class com.android.tools.idea.gradle.project.sync.DeliverableAndroidModule             : loaded 3 times (x 76B)
Class org.jetbrains.plugins.gradle.tooling.util.GradleContainerUtil                   : loaded 3 times (x 71B)
Class org.jetbrains.plugins.gradle.model.DefaultGradleExtension                       : loaded 3 times (x 80B)
Class com.intellij.gradle.toolingExtension.impl.modelAction.GradleDaemonModelHolder   : loaded 3 times (x 76B)
Class io.opentelemetry.api.GlobalOpenTelemetry                                        : loaded 3 times (x 71B)
Class org.gradle.tooling.model.kotlin.dsl.EditorReport                                : loaded 3 times (x 70B)
Class org.gradle.internal.impldep.com.google.common.collect.PeekingIterator           : loaded 3 times (x 70B)
Class com.android.tools.idea.gradle.model.IdeJavaLibrary                              : loaded 3 times (x 70B)
Class com.android.tools.idea.gradle.model.ClasspathType                               : loaded 3 times (x 79B)
Class org.jetbrains.plugins.gradle.tooling.builder.IntelliJSettingsBuilder            : loaded 3 times (x 78B)
Class com.android.tools.idea.gradle.project.sync.AndroidVariantResolver               : loaded 3 times (x 70B)
Class com.android.tools.idea.gradle.model.impl.IdeDependenciesInfoImpl                : loaded 3 times (x 75B)
Class org.gradle.tooling.internal.consumer.converters.EclipseProjectHasAutoBuildMixin : loaded 3 times (x 72B)
Class org.gradle.tooling.UnknownModelException                                        : loaded 3 times (x 83B)
Class org.gradle.internal.impldep.com.google.gson.internal.bind.ReflectiveTypeAdapterFactory$Adapter: loaded 3 times (x 77B)
Class org.gradle.internal.impldep.com.google.common.base.Objects                      : loaded 3 times (x 71B)
Class org.gradle.tooling.internal.consumer.versioning.VersionDetails$R28VersionDetails: loaded 3 times (x 80B)
Class com.android.builder.model.AndroidProject                                        : loaded 3 times (x 70B)
Class com.google.common.collect.SortedLists                                           : loaded 3 times (x 71B)
Class org.jetbrains.kotlin.tooling.core.KotlinToolingVersionKt                        : loaded 3 times (x 71B)
Class org.jetbrains.kotlin.tooling.core.InternerImpl$Store                            : loaded 3 times (x 70B)
Class com.android.tools.idea.gradle.model.IdeBaseConfig                               : loaded 3 times (x 70B)
Class com.android.tools.idea.gradle.project.sync.GradleModelCollection                : loaded 3 times (x 70B)
Class org.jetbrains.kotlin.idea.gradleTooling.KotlinMPPGradleModelBinaryBuilder       : loaded 3 times (x 86B)
Class com.android.tools.idea.gradle.project.sync.DependencyGraphCompat$AdjacencyList  : loaded 3 times (x 72B)
Class com.android.tools.idea.gradle.model.IdeProjectPath                              : loaded 3 times (x 70B)
Class kotlin.jvm.internal.Intrinsics$Kotlin                                           : loaded 3 times (x 71B)
Class [Lcom.google.common.collect.SortedLists$KeyPresentBehavior;                     : loaded 3 times (x 69B)
Class com.android.tools.idea.gradle.project.sync.AndroidExtraModelProvider            : loaded 3 times (x 79B)
Class org.gradle.tooling.internal.consumer.versioning.VersionDetails$R48VersionDetails: loaded 3 times (x 80B)
Class org.gradle.tooling.model.idea.IdeaModule                                        : loaded 3 times (x 70B)
Class org.jetbrains.kotlin.idea.gradleTooling.model.kapt.KaptSourceSetModel           : loaded 3 times (x 70B)
Class com.android.tools.idea.gradle.model.impl.IdeVectorDrawablesOptionsImpl          : loaded 3 times (x 75B)
Class com.android.tools.idea.gradle.project.sync.BuildModelsAndMap                    : loaded 3 times (x 72B)
Class com.android.tools.idea.gradle.project.sync.SyncVariantResult                    : loaded 3 times (x 72B)
Class com.intellij.gradle.toolingExtension.impl.model.buildScriptClasspathModel.GradleBuildScriptClasspathSerializationService$1: loaded 3 times (x 76B)
Class org.gradle.internal.impldep.com.google.gson.internal.bind.SerializationDelegatingTypeAdapter: loaded 3 times (x 74B)
Class [Lcom.intellij.openapi.externalSystem.model.project.ExternalSystemSourceType;   : loaded 3 times (x 69B)
Class org.jetbrains.kotlin.idea.gradleTooling.model.noarg.NoArgModel                  : loaded 3 times (x 70B)
Class org.gradle.internal.impldep.com.google.gson.ToNumberStrategy                    : loaded 3 times (x 70B)
Class com.intellij.gradle.toolingExtension.impl.modelBuilder.DefaultMessageReporter   : loaded 3 times (x 75B)
Class org.gradle.internal.impldep.com.google.common.collect.UnmodifiableIterator      : loaded 3 times (x 80B)
Class com.android.builder.model.v2.models.BasicTestSuite                              : loaded 3 times (x 70B)
Class [Lcom.android.tools.idea.gradle.model.IdeAaptOptions$Namespacing;               : loaded 3 times (x 69B)
Class com.android.tools.idea.gradle.model.impl.IdeDependencyCoreImpl                  : loaded 3 times (x 76B)
Class com.intellij.openapi.util.Comparing                                             : loaded 3 times (x 71B)
Class com.intellij.openapi.externalSystem.model.project.dependencies.ArtifactDependencyNodeImpl: loaded 3 times (x 95B)
Class org.jetbrains.kotlin.idea.gradleTooling.OrphanSourceSetImportingChecker         : loaded 3 times (x 74B)
Class org.gradle.internal.impldep.com.google.gson.internal.sql.SqlTypesSupport        : loaded 3 times (x 71B)
Class org.jetbrains.kotlin.idea.gradleTooling.reflect.KotlinCompilerArgumentsResolverReflectionImpl: loaded 3 times (x 75B)
Class org.gradle.internal.impldep.com.google.gson.internal.sql.SqlTimeTypeAdapter$1   : loaded 3 times (x 75B)
Class org.gradle.internal.impldep.com.google.gson.internal.bind.TypeAdapters$25       : loaded 3 times (x 75B)
Class com.intellij.gradle.toolingExtension.impl.util.GradleObjectUtil                 : loaded 3 times (x 71B)
Class io.opentelemetry.api.internal.OtelEncodingUtils                                 : loaded 3 times (x 71B)
Class org.jetbrains.plugins.gradle.tooling.ModelBuilderService$ParameterizedModelBuilderService: loaded 3 times (x 70B)
Class org.jetbrains.plugins.gradle.tooling.builder.EarModelBuilderImpl                : loaded 3 times (x 86B)
Class com.android.tools.idea.gradle.project.sync.IdeSyncExecutionReport               : loaded 3 times (x 71B)
Class com.android.tools.idea.gradle.project.sync.FetchedVariantResult$Finished        : loaded 3 times (x 72B)
Class com.android.tools.idea.gradle.model.IdePreResolvedModuleLibraryImpl             : loaded 3 times (x 81B)
Class com.android.tools.idea.gradle.model.IdeAndroidLibraryImpl                       : loaded 3 times (x 106B)
Class com.android.tools.idea.gradle.project.sync.ModelCacheV2ImplKt$WhenMappings      : loaded 3 times (x 71B)
Class org.jetbrains.kotlin.idea.gradleTooling.KotlinGradleModelImpl                   : loaded 3 times (x 84B)
Class com.google.common.collect.SortedLists$KeyPresentBehavior$4                      : loaded 3 times (x 80B)
Class org.gradle.tooling.model.idea.IdeaSourceDirectory                               : loaded 3 times (x 70B)
Class org.gradle.tooling.model.java.InstalledJdk                                      : loaded 3 times (x 70B)
Class com.intellij.openapi.diagnostic.Logger$Factory                                  : loaded 3 times (x 70B)
Class org.gradle.tooling.internal.consumer.converters.IdeaModuleDependencyTargetNameMixin: loaded 3 times (x 73B)
Class org.jetbrains.plugins.gradle.tooling.builder.ProjectRepositoriesModelBuilder    : loaded 3 times (x 78B)
Class com.intellij.gradle.toolingExtension.impl.util.GradleModelProviderUtil          : loaded 3 times (x 71B)
Class org.jetbrains.kotlin.idea.gradleTooling.reflect.TypeToken                       : loaded 3 times (x 72B)
Class io.opentelemetry.api.internal.ImmutableSpanContext                              : loaded 3 times (x 91B)
Class com.android.tools.idea.gradle.project.sync.AgpVersionsMismatch                  : loaded 3 times (x 82B)
Class org.jetbrains.kotlin.idea.gradleTooling.KotlinDslScriptTaskModelBuilder$Companion: loaded 3 times (x 71B)
Class com.intellij.gradle.toolingExtension.impl.javaModel.manifestModel.JavaGradleManifestModelBuilder: loaded 3 times (x 86B)
Class com.android.tools.idea.gradle.model.CodeShrinker                                : loaded 3 times (x 79B)
Class com.android.tools.idea.gradle.project.sync.SyncVariantResultSuccess             : loaded 3 times (x 72B)
Class com.android.tools.idea.gradle.project.sync.FetchedVariant                       : loaded 3 times (x 72B)
Class com.android.tools.idea.gradle.model.impl.IdeSigningConfigImpl                   : loaded 3 times (x 78B)
Class org.gradle.tooling.internal.consumer.converters.IncludedBuildsMixin             : loaded 3 times (x 74B)
Class com.android.builder.model.v2.models.SourceType                                  : loaded 3 times (x 79B)
Class com.android.tools.idea.gradle.project.sync.SyncProjectActionWorker              : loaded 3 times (x 72B)
Class com.intellij.gradle.toolingExtension.impl.model.sourceSetArtifactIndex.GradleSourceSetArtifactModel: loaded 3 times (x 76B)
Class org.jetbrains.plugins.gradle.model.ExternalFilter                               : loaded 3 times (x 70B)
Class org.jetbrains.kotlin.idea.gradleTooling.reflect.KotlinMultiplatformImportReflection: loaded 3 times (x 70B)
Class org.gradle.internal.impldep.com.google.gson.internal.bind.TypeAdapters$34       : loaded 3 times (x 76B)
Class com.android.tools.idea.gradle.project.sync.SingleVariantSyncActionOptions       : loaded 3 times (x 73B)
Class com.android.builder.model.NativeAndroidProject                                  : loaded 3 times (x 70B)
Class org.gradle.internal.impldep.com.google.gson.reflect.TypeToken                   : loaded 3 times (x 75B)
Class org.jetbrains.kotlin.idea.gradleTooling.AndroidAwareGradleModelProvider$Result  : loaded 3 times (x 72B)
Class org.jetbrains.kotlin.idea.gradleTooling.reflect.ReflectionKt                    : loaded 3 times (x 71B)
Class org.gradle.tooling.model.idea.IdeaJavaLanguageSettings                          : loaded 3 times (x 70B)
Class [Lcom.android.tools.idea.gradle.project.sync.ModelFeature;                      : loaded 3 times (x 69B)
Class com.android.tools.idea.gradle.model.IdeDependencyCore                           : loaded 3 times (x 70B)
Class com.android.builder.model.v2.models.BaseTestSuiteSourceIdentity                 : loaded 3 times (x 70B)
Class com.android.tools.idea.gradle.project.sync.AndroidModule                        : loaded 3 times (x 88B)
Class org.jetbrains.plugins.gradle.tooling.serialization.internal.adapter.kotlin.dsl.InternalKotlinDslScriptsModel: loaded 3 times (x 76B)
Class org.gradle.tooling.internal.adapter.ProtocolToModelAdapter$ChainedMethodInvoker : loaded 3 times (x 76B)
Class com.android.tools.idea.projectsystem.gradle.sync.Counter$time$1                 : loaded 3 times (x 78B)
Class org.jetbrains.plugins.gradle.model.MavenRepositoryModel                         : loaded 3 times (x 70B)
Class org.jetbrains.kotlin.idea.projectModel.KotlinTarget                             : loaded 3 times (x 70B)
Class org.jetbrains.kotlin.gradle.idea.tcs.IdeaKotlinDependency                       : loaded 3 times (x 70B)
Class io.opentelemetry.api.GlobalOpenTelemetry$ObfuscatedOpenTelemetry                : loaded 3 times (x 92B)
Class io.opentelemetry.api.internal.IncubatingUtil                                    : loaded 3 times (x 71B)
Class com.intellij.gradle.toolingExtension.impl.model.buildScriptClasspathModel.DefaultGradleBuildScriptClasspathModel: loaded 3 times (x 83B)
Class org.jetbrains.kotlin.idea.gradleTooling.reflect.KotlinSourceSetReflectionImpl$Companion: loaded 3 times (x 71B)
Class org.gradle.internal.impldep.com.google.gson.internal.bind.TypeAdapters$1        : loaded 3 times (x 75B)
Class com.intellij.gradle.toolingExtension.impl.model.sourceSetDependencyModel.GradleSourceSetDependencyResolver: loaded 3 times (x 72B)
Class org.jetbrains.plugins.gradle.model.DefaultExternalProject                       : loaded 3 times (x 95B)
Class com.android.tools.idea.gradle.model.ResolverType                                : loaded 3 times (x 79B)
Class com.intellij.gradle.toolingExtension.impl.model.sourceSetDependencyModel.GradleSourceSetDependencyModelBuilder: loaded 3 times (x 86B)
Class org.jetbrains.kotlin.idea.gradleTooling.MultiplatformModelImportingChecker      : loaded 3 times (x 70B)
Class com.android.tools.idea.gradle.model.IdeAndroidGradlePluginProjectFlags          : loaded 3 times (x 70B)
Class org.gradle.internal.impldep.com.google.gson.annotations.JsonAdapter             : loaded 3 times (x 70B)
Class org.gradle.internal.impldep.com.google.gson.TypeAdapterFactory                  : loaded 3 times (x 70B)
Class com.android.tools.idea.gradle.project.sync.AgpCompatibilityKt$WhenMappings      : loaded 3 times (x 71B)
Class com.google.common.collect.ComparisonChain                                       : loaded 3 times (x 80B)
Class com.android.tools.idea.projectsystem.gradle.sync.Counter$time$2                 : loaded 3 times (x 78B)
Class org.gradle.tooling.internal.consumer.converters.GradleProjectIdentifierMixin    : loaded 3 times (x 73B)
Class com.intellij.util.ReflectionUtilRt                                              : loaded 3 times (x 71B)
Class org.gradle.internal.impldep.com.google.common.collect.Iterators$4               : loaded 3 times (x 82B)
Class org.jetbrains.kotlin.idea.gradleTooling.KotlinMPPGradleModel$Companion          : loaded 3 times (x 71B)
Class com.android.tools.idea.gradle.model.IdePrivacySandboxSdkInfo                    : loaded 3 times (x 70B)
Class com.android.tools.idea.gradle.project.sync.ModuleConfiguration                  : loaded 3 times (x 72B)
Class com.android.tools.idea.gradle.model.impl.IdeVariantBuildInformationImpl         : loaded 3 times (x 76B)
Class com.android.tools.idea.gradle.project.sync.VariantNameResolutionKt$buildVariantNameResolver$1: loaded 3 times (x 75B)
Class org.gradle.internal.impldep.com.google.gson.internal.bind.TypeAdapters$2        : loaded 3 times (x 75B)
Class com.android.tools.idea.gradle.project.sync.AndroidProjectResultKt               : loaded 3 times (x 71B)
Class com.android.tools.idea.gradle.project.sync.ModelCache$V2                        : loaded 3 times (x 70B)
Class kotlin.jvm.internal.FunctionAdapter                                             : loaded 3 times (x 70B)
Class com.android.ide.common.gradle.Module$Companion                                  : loaded 3 times (x 71B)
Class org.jetbrains.plugins.gradle.tooling.AbstractModelBuilderService                : loaded 3 times (x 86B)
Class org.gradle.internal.impldep.com.google.common.collect.ImmutableList             : loaded 3 times (x 206B)
Class com.android.tools.idea.gradle.project.sync.FetchedVariantResult$InProgress      : loaded 3 times (x 71B)
Class com.android.tools.idea.gradle.project.sync.ModelResult$Companion                : loaded 3 times (x 71B)
Class [Lorg.gradle.tooling.internal.adapter.MethodInvoker;                            : loaded 3 times (x 69B)
Class io.opentelemetry.context.propagation.TextMapGetter                              : loaded 3 times (x 70B)
Class com.android.tools.idea.gradle.project.sync.ModelCacheV2ImplKt$modelCacheV2Impl$variantCoreFrom$12: loaded 3 times (x 125B)
Class org.gradle.internal.impldep.com.google.gson.internal.bind.TypeAdapters$33       : loaded 3 times (x 76B)
Class com.android.tools.idea.gradle.project.sync.SyncActionOptions                    : loaded 3 times (x 72B)
Class org.gradle.internal.impldep.com.google.gson.internal.bind.TypeAdapters$EnumTypeAdapter: loaded 3 times (x 74B)
Class org.gradle.tooling.internal.consumer.connection.InternalPhasedActionAdapter     : loaded 3 times (x 78B)
Class org.gradle.internal.impldep.com.google.gson.internal.bind.TypeAdapters$3        : loaded 3 times (x 75B)
Class org.gradle.internal.impldep.com.google.gson.internal.ConstructorConstructor     : loaded 3 times (x 72B)
Class org.jetbrains.kotlin.tooling.core.InternerImpl                                  : loaded 3 times (x 76B)
Class org.jetbrains.plugins.gradle.model.ear.EarConfiguration                         : loaded 3 times (x 70B)
Class org.gradle.internal.impldep.com.google.gson.internal.bind.ReflectiveTypeAdapterFactory$FieldReflectionAdapter: loaded 3 times (x 77B)
Class org.jetbrains.kotlin.idea.gradleTooling.reflect.KotlinCompilerArgumentsResolverReflectionKt: loaded 3 times (x 71B)
Class io.opentelemetry.context.ThreadLocalContextStorage$ScopeImpl                    : loaded 3 times (x 79B)
Class io.opentelemetry.context.DefaultContextKey                                      : loaded 3 times (x 72B)
Class org.jetbrains.kotlin.idea.gradleTooling.model.parcelize.ParcelizeModelBuilderService: loaded 3 times (x 81B)
Class com.intellij.gradle.toolingExtension.impl.util.GradleTreeTraverserUtil          : loaded 3 times (x 71B)
Class io.opentelemetry.context.ContextStorageProvider                                 : loaded 3 times (x 70B)
Class org.gradle.internal.impldep.com.google.gson.internal.bind.TypeAdapters$4        : loaded 3 times (x 75B)
Class org.gradle.internal.impldep.com.google.gson.internal.bind.DefaultDateTypeAdapter$DateType: loaded 3 times (x 73B)
Class org.gradle.tooling.internal.consumer.connection.ToolingParameterProxy           : loaded 3 times (x 76B)
Class com.android.tools.idea.gradle.model.impl.FileImplKt                             : loaded 3 times (x 71B)
Class com.android.tools.idea.gradle.project.sync.VariantDef                           : loaded 3 times (x 72B)
Class org.jetbrains.plugins.gradle.tooling.builder.WarModelBuilderImpl                : loaded 3 times (x 86B)
Class com.intellij.gradle.toolingExtension.impl.modelBuilder.ExtraModelBuilder        : loaded 3 times (x 85B)
Class com.android.tools.idea.gradle.model.IdeUnresolvedLibrary                        : loaded 3 times (x 70B)
Class com.android.tools.idea.gradle.project.sync.ModelCacheV2ImplKt$modelCacheV2Impl$variantCoreFrom$6: loaded 3 times (x 125B)
Class com.android.tools.idea.gradle.model.impl.BuildFolderPaths                       : loaded 3 times (x 72B)
Class com.intellij.gradle.toolingExtension.impl.modelAction.GradleModelHolderState    : loaded 3 times (x 77B)
Class org.gradle.internal.impldep.com.google.common.collect.Iterators$ArrayItr        : loaded 3 times (x 97B)
Class org.jetbrains.kotlin.idea.gradleTooling.reflect.Parameter                       : loaded 3 times (x 72B)
Class org.gradle.internal.impldep.com.google.gson.internal.bind.TypeAdapters$5        : loaded 3 times (x 75B)
Class com.android.tools.idea.gradle.project.sync.ClasspathIdentifier                  : loaded 3 times (x 72B)
Class com.android.tools.idea.gradle.project.sync.VariantDiscovery$toTraverseAction$1$1$moduleDependencies$1: loaded 3 times (x 125B)
Class com.intellij.openapi.externalSystem.model.project.dependencies.ProjectDependencyNode: loaded 3 times (x 70B)
Class org.jetbrains.kotlin.idea.gradleTooling.PrepareKotlinIdeaImportTaskModelBuilder$KotlinNativePlatformDependenciesKt: loaded 3 times (x 71B)
Class com.intellij.gradle.toolingExtension.impl.modelBuilder.DefaultMessageReportBuilder: loaded 3 times (x 94B)
Class com.intellij.gradle.toolingExtension.impl.model.buildScriptClasspathModel.GradleBuildScriptClasspathModelBuilder: loaded 3 times (x 86B)
Class org.gradle.internal.impldep.com.google.gson.FieldNamingStrategy                 : loaded 3 times (x 70B)
Class org.jetbrains.kotlin.idea.gradleTooling.reflect.ReflectionLogger                : loaded 3 times (x 70B)
Class org.jetbrains.kotlin.idea.gradleTooling.model.lombok.LombokModel                : loaded 3 times (x 70B)
Class com.intellij.gradle.toolingExtension.impl.modelSerialization.DefaultSerializationService: loaded 3 times (x 76B)
Class io.opentelemetry.api.trace.SpanBuilder                                          : loaded 3 times (x 70B)
Class io.opentelemetry.api.DefaultOpenTelemetry                                       : loaded 3 times (x 89B)
Class org.jetbrains.plugins.gradle.tooling.internal.DefaultRepositoryModels           : loaded 3 times (x 76B)
Class org.gradle.tooling.model.BuildModel                                             : loaded 3 times (x 70B)
Class Build_gradle$1                                                                  : loaded 3 times (x 74B)
Class org.gradle.internal.impldep.com.google.gson.stream.JsonWriter                   : loaded 3 times (x 98B)
Class org.jetbrains.kotlin.idea.gradleTooling.reflect.TypeToken$Companion             : loaded 3 times (x 71B)
Class org.jetbrains.plugins.gradle.model.tests.DefaultExternalTestsModel              : loaded 3 times (x 77B)
Class org.gradle.internal.impldep.com.google.gson.internal.bind.TypeAdapters$32       : loaded 3 times (x 76B)
Class io.opentelemetry.api.trace.TraceFlags                                           : loaded 3 times (x 70B)
Class org.jetbrains.kotlin.idea.gradleTooling.ResolveCompilerArgumentsKt              : loaded 3 times (x 71B)
Class org.jetbrains.kotlin.idea.gradleTooling.KotlinGradlePluginVersionImpl           : loaded 3 times (x 78B)
Class org.gradle.internal.impldep.com.google.gson.internal.bind.TypeAdapters$6        : loaded 3 times (x 75B)
Class org.gradle.internal.impldep.com.google.gson.JsonParseException                  : loaded 3 times (x 82B)
Class org.jetbrains.plugins.gradle.tooling.serialization.RepositoriesModelSerializationService$1: loaded 3 times (x 76B)
Class org.gradle.internal.impldep.com.google.gson.internal.bind.TypeAdapters$29       : loaded 3 times (x 75B)
Class com.intellij.gradle.toolingExtension.impl.model.dependencyModel.GradleDependencyResolver: loaded 3 times (x 72B)
Class org.gradle.internal.impldep.com.google.common.collect.ImmutableCollection       : loaded 3 times (x 125B)
Class com.android.tools.idea.gradle.project.sync.ResolvedAndroidProjectPath           : loaded 3 times (x 70B)
Class com.android.tools.idea.gradle.model.IdeDependenciesCore                         : loaded 3 times (x 70B)
Class com.android.tools.idea.gradle.model.impl.IdeDependenciesImplKt                  : loaded 3 times (x 71B)
Class org.jetbrains.kotlin.idea.gradleTooling.reflect.KotlinMultiplatformImportReflectionImpl: loaded 3 times (x 76B)
Class org.jetbrains.kotlin.idea.gradleTooling.reflect.ReflectionReceiver$Instance     : loaded 3 times (x 77B)
Class org.jetbrains.kotlin.idea.gradleTooling.KotlinGradlePluginVersion$Companion     : loaded 3 times (x 71B)
Class com.android.tools.idea.gradle.project.sync.AgpVersionIncompatible               : loaded 3 times (x 82B)
Class org.gradle.internal.impldep.com.google.gson.internal.bind.TypeAdapters$20       : loaded 3 times (x 75B)
Class com.android.tools.idea.gradle.project.sync.ModelVersion                         : loaded 3 times (x 75B)
Class org.gradle.internal.impldep.com.google.gson.FieldNamingPolicy                   : loaded 3 times (x 83B)
Class org.gradle.internal.impldep.com.google.gson.JsonElement                         : loaded 3 times (x 92B)
Class io.opentelemetry.context.propagation.TextMapPropagator                          : loaded 3 times (x 70B)
Class org.jetbrains.plugins.gradle.model.ExternalSourceDirectorySet                   : loaded 3 times (x 70B)
Class com.android.tools.idea.gradle.project.sync.SyncTestMode                         : loaded 3 times (x 79B)
Class io.opentelemetry.context.ImplicitContextKeyed                                   : loaded 3 times (x 70B)
Class com.android.tools.idea.gradle.project.sync.ModuleId                             : loaded 3 times (x 72B)
Class com.android.tools.idea.gradle.model.IdeBuildType                                : loaded 3 times (x 70B)
Class com.android.tools.idea.gradle.project.sync.ArtifactRef                          : loaded 3 times (x 71B)
Class org.gradle.tooling.model.GradleTask                                             : loaded 3 times (x 70B)
Class com.android.tools.idea.gradle.project.sync.ActionToRun$toSafeController$1       : loaded 3 times (x 86B)
Class org.jetbrains.kotlin.idea.gradleTooling.reflect.KotlinMultiplatformImportReflectionImpl$Companion: loaded 3 times (x 71B)
Class org.gradle.internal.impldep.com.google.gson.internal.bind.TypeAdapters$10       : loaded 3 times (x 75B)
Class org.gradle.internal.impldep.com.google.gson.internal.bind.TypeAdapters$7        : loaded 3 times (x 75B)
Class org.jetbrains.kotlin.idea.gradleTooling.AbstractKotlinGradleModelBuilder        : loaded 3 times (x 81B)
Class com.intellij.gradle.toolingExtension.modelProvider.GradleClassProjectModelProvider: loaded 3 times (x 80B)
Class [Lio.opentelemetry.api.trace.ImmutableTraceFlags;                               : loaded 3 times (x 69B)
Class com.intellij.openapi.util.io.FileUtilRt$SymlinkResolver                         : loaded 3 times (x 70B)
Class com.android.tools.idea.gradle.model.IdeJavaLibraryImpl                          : loaded 3 times (x 92B)
Class com.android.tools.idea.gradle.model.IdeJavaCompileOptions                       : loaded 3 times (x 70B)
Class com.android.tools.idea.gradle.project.sync.ModelCacheV2ImplKt$modelCacheV2Impl$variantCoreFrom$9: loaded 3 times (x 125B)
Class com.android.tools.idea.gradle.project.sync.VariantSelectionChange               : loaded 3 times (x 72B)
Class com.android.tools.idea.gradle.model.IdeArtifactName$Companion                   : loaded 3 times (x 71B)
Class com.android.tools.idea.gradle.project.sync.InternedModels$nameLibraries$IdeModelAndReferenceAndIdentity: loaded 3 times (x 75B)
Class com.android.tools.idea.gradle.project.sync.GradleModulesKt                      : loaded 3 times (x 71B)
Class org.jetbrains.plugins.gradle.tooling.serialization.internal.IdeaProjectSerializationService$WriteContext$FilePathComparator: loaded 3 times (x 91B)
Class com.intellij.gradle.toolingExtension.impl.model.projectModel.GradleExternalProjectModelBuilder: loaded 3 times (x 86B)
Class org.jetbrains.kotlin.idea.gradleTooling.KotlinMPPGradleModelBuilder$Companion   : loaded 3 times (x 71B)
Class com.android.tools.idea.gradle.project.sync.ModelProviderCachedData              : loaded 3 times (x 72B)
Class io.opentelemetry.context.ArrayBasedContext                                      : loaded 3 times (x 100B)
Class org.gradle.internal.impldep.com.google.gson.internal.bind.TypeAdapters$31       : loaded 3 times (x 76B)
Class org.gradle.internal.impldep.com.google.gson.Gson$5                              : loaded 3 times (x 76B)
Class org.jetbrains.kotlin.idea.gradleTooling.reflect.KotlinAndroidSourceSetInfoReflection: loaded 3 times (x 70B)
Class com.android.tools.idea.gradle.project.sync.BasicIncompleteAndroidModule         : loaded 3 times (x 73B)
Class com.android.tools.idea.gradle.project.upgrade.AndroidGradlePluginCompatibilityKt: loaded 3 times (x 71B)
Class com.android.builder.model.v2.ide.TestSuiteTarget                                : loaded 3 times (x 70B)
Class org.jetbrains.plugins.gradle.model.DefaultUnresolvedExternalDependency          : loaded 3 times (x 111B)
Class org.gradle.internal.impldep.com.google.gson.ReflectionAccessFilter$FilterResult : loaded 3 times (x 79B)
Class org.gradle.internal.impldep.com.google.gson.internal.bind.TypeAdapters$8        : loaded 3 times (x 75B)
Class org.gradle.internal.impldep.com.google.gson.internal.bind.TypeAdapters$11       : loaded 3 times (x 75B)
Class [Lorg.jetbrains.plugins.gradle.tooling.Message$Kind;                            : loaded 3 times (x 69B)
Class org.jetbrains.plugins.gradle.tooling.builder.ScalaModelBuilderImpl              : loaded 3 times (x 81B)
Class io.opentelemetry.context.ThreadLocalContextStorage$NoopScope                    : loaded 3 times (x 85B)
Class org.jetbrains.plugins.gradle.tooling.serialization.internal.IdeaProjectSerializationService$1: loaded 3 times (x 76B)
Class org.jetbrains.plugins.gradle.model.GradleConvention                             : loaded 3 times (x 70B)
Class com.android.tools.idea.gradle.project.sync.LibraryIdentity$LibraryIdentityProvider: loaded 3 times (x 72B)
Class org.gradle.tooling.model.SourceDirectory                                        : loaded 3 times (x 70B)
Class com.intellij.openapi.util.io.FileUtilRt                                         : loaded 3 times (x 71B)
Class [Lio.opentelemetry.context.ThreadLocalContextStorage$NoopScope;                 : loaded 3 times (x 69B)
Class org.gradle.tooling.model.idea.IdeaSingleEntryLibraryDependency                  : loaded 3 times (x 70B)
Class org.gradle.tooling.model.ExternalDependency                                     : loaded 3 times (x 70B)
Class com.android.tools.idea.gradle.project.sync.ModelConsumerVersion                 : loaded 3 times (x 75B)
Class com.android.tools.idea.gradle.project.sync.MeasurementCheckpoint                : loaded 3 times (x 79B)
Class com.android.tools.idea.gradle.model.IdeVariantCore                              : loaded 3 times (x 70B)
Class com.android.tools.idea.gradle.project.sync.LibraryIdentity                      : loaded 3 times (x 72B)
Class org.gradle.internal.impldep.com.google.gson.JsonObject                          : loaded 3 times (x 93B)
Class org.gradle.internal.impldep.com.google.gson.internal.bind.TypeAdapters$9        : loaded 3 times (x 75B)
Class org.gradle.internal.impldep.com.google.gson.internal.bind.TypeAdapters$12       : loaded 3 times (x 75B)
Class com.intellij.util.ExceptionUtilRt                                               : loaded 3 times (x 71B)
Class com.android.tools.idea.gradle.model.impl.FileImpl                               : loaded 3 times (x 121B)
Class org.gradle.internal.impldep.com.google.gson.Gson$4                              : loaded 3 times (x 76B)
Class org.jetbrains.plugins.gradle.tooling.serialization.internal.IdeaProjectSerializationService$2: loaded 3 times (x 77B)
Class com.android.tools.idea.gradle.project.sync.AllVariantsSyncActionOptions         : loaded 3 times (x 73B)
Class com.android.tools.idea.gradle.model.impl.IdeProductFlavorImpl                   : loaded 3 times (x 99B)
Class org.jetbrains.plugins.gradle.model.DefaultDependencyAccessorsModel              : loaded 3 times (x 76B)
Class org.jetbrains.plugins.gradle.tooling.ModelBuilderContext                        : loaded 3 times (x 70B)
Class org.jetbrains.plugins.gradle.model.DefaultGradleLightBuild                      : loaded 3 times (x 82B)
Class com.android.tools.idea.gradle.project.sync.Modules                              : loaded 3 times (x 71B)
Class com.android.builder.model.v2.ide.BasicTestSuiteArtifact                         : loaded 3 times (x 70B)
Class com.android.builder.model.v2.ide.TestSuiteTestInfo                              : loaded 3 times (x 70B)
Class com.android.tools.idea.gradle.model.impl.IdeUnresolvedLibraryTableImpl          : loaded 3 times (x 75B)
Class com.intellij.gradle.toolingExtension.impl.model.sourceSetModel.DefaultGradleSourceSetModel: loaded 3 times (x 80B)
Class io.opentelemetry.api.trace.SpanId                                               : loaded 3 times (x 71B)
Class com.intellij.gradle.toolingExtension.impl.model.taskModel.GradleTaskModelProvider: loaded 3 times (x 78B)
Class [Lcom.android.tools.idea.gradle.model.ResolverType;                             : loaded 3 times (x 69B)
Class org.gradle.internal.impldep.com.google.gson.internal.bind.TypeAdapters$23       : loaded 3 times (x 75B)
Class org.jetbrains.kotlin.idea.gradleTooling.reflect.KotlinSourceSetReflectionImpl   : loaded 3 times (x 82B)
Class com.android.tools.idea.gradle.model.IdeVectorDrawablesOptions                   : loaded 3 times (x 70B)
Class com.android.tools.idea.gradle.model.IdeSourceProvider                           : loaded 3 times (x 72B)
Class com.android.tools.idea.gradle.model.IdeTestOptions                              : loaded 3 times (x 70B)
Class com.intellij.openapi.diagnostic.DefaultLogger                                   : loaded 3 times (x 101B)
Class org.jetbrains.plugins.gradle.tooling.util.BooleanBiFunction                     : loaded 3 times (x 70B)
Class org.gradle.internal.impldep.com.google.gson.internal.bind.TypeAdapters$13       : loaded 3 times (x 75B)
Class com.intellij.openapi.diagnostic.Attachment                                      : loaded 3 times (x 72B)
Class com.android.tools.idea.gradle.project.sync.GradleProject$ModelConsumer          : loaded 3 times (x 72B)
Class com.intellij.gradle.toolingExtension.impl.model.sourceSetArtifactIndex.GradleSourceSetArtifactIndex: loaded 3 times (x 78B)
Class org.jetbrains.kotlin.idea.gradleTooling.KotlinMPPGradleModelBinary              : loaded 3 times (x 70B)
Class com.intellij.gradle.toolingExtension.impl.model.utilDummyModel.DefaultDummyModel: loaded 3 times (x 73B)
Class com.intellij.openapi.externalSystem.model.project.dependencies.ArtifactDependencyNode: loaded 3 times (x 70B)
Class org.gradle.internal.impldep.com.google.common.collect.Iterators$MergingIterator : loaded 3 times (x 81B)
Class org.jetbrains.plugins.gradle.tooling.serialization.internal.IdeaProjectSerializationService$3: loaded 3 times (x 77B)
Class com.android.tools.idea.gradle.model.IdeAndroidLibrary                           : loaded 3 times (x 70B)
Class com.intellij.compose.ide.plugin.gradleTooling.rt.ComposeResourcesExtension$Companion: loaded 3 times (x 71B)
Class [Lcom.android.tools.idea.gradle.project.sync.AndroidModule$NativeModelVersion;  : loaded 3 times (x 69B)
Class com.android.tools.idea.gradle.model.impl.IdeAaptOptionsImpl                     : loaded 3 times (x 75B)
Class org.gradle.internal.impldep.com.google.gson.Gson$3                              : loaded 3 times (x 75B)
Class org.jetbrains.kotlin.idea.gradleTooling.reflect.ReflectionReceiver$Static       : loaded 3 times (x 77B)
Class [Lorg.gradle.internal.impldep.com.google.gson.LongSerializationPolicy;          : loaded 3 times (x 69B)
Class com.android.tools.idea.gradle.project.sync.VariantNameResolutionKt              : loaded 3 times (x 71B)
Class com.google.common.collect.SortedLists$KeyPresentBehavior$5                      : loaded 3 times (x 80B)
Class io.opentelemetry.api.trace.DefaultTracerProvider                                : loaded 3 times (x 79B)
Class org.gradle.tooling.internal.consumer.converters.FixedBuildIdentifierProvider    : loaded 3 times (x 75B)
Class io.opentelemetry.context.ForwardingExecutorService                              : loaded 3 times (x 104B)
Class org.gradle.tooling.internal.consumer.versioning.VersionDetails$R26VersionDetails: loaded 3 times (x 80B)
Class org.gradle.internal.impldep.com.google.gson.internal.bind.ReflectiveTypeAdapterFactory: loaded 3 times (x 75B)
Class org.jetbrains.plugins.gradle.model.DefaultGradleConfiguration                   : loaded 3 times (x 79B)
Class com.intellij.gradle.toolingExtension.impl.model.dependencyModel.auxiliary.AuxiliaryConfigurationArtifacts: loaded 3 times (x 74B)
Class org.gradle.internal.impldep.com.google.gson.internal.bind.TypeAdapters$14       : loaded 3 times (x 75B)
Class org.jetbrains.kotlin.idea.gradleTooling.UtilsKt                                 : loaded 3 times (x 71B)
Class org.jetbrains.kotlin.idea.gradleTooling.KotlinDslScriptTaskModelBuilder         : loaded 3 times (x 86B)
Class org.gradle.internal.impldep.com.google.common.collect.Lists                     : loaded 3 times (x 71B)
Class com.android.tools.idea.gradle.project.sync.HasBasicGradleProject                : loaded 3 times (x 70B)
Class com.android.tools.idea.gradle.model.impl.IdeVariantCoreSerializable             : loaded 3 times (x 70B)
Class com.android.builder.model.v2.models.ndk.NativeBuildSystem                       : loaded 3 times (x 79B)
Class com.intellij.gradle.toolingExtension.impl.model.sourceSetModel.GradleSourceSetResolutionContext: loaded 3 times (x 73B)
Class com.android.tools.idea.gradle.model.IdeCompositeBuildMap                        : loaded 3 times (x 70B)
Class org.gradle.tooling.model.cpp.CppBinary                                          : loaded 3 times (x 70B)
Class [Lio.opentelemetry.context.ThreadLocalContextStorage;                           : loaded 3 times (x 69B)
Class com.intellij.openapi.externalSystem.model.project.dependencies.UnknownDependencyNode: loaded 3 times (x 87B)
Class io.opentelemetry.api.trace.PropagatedSpan                                       : loaded 3 times (x 112B)
Class org.gradle.internal.impldep.com.google.common.collect.Iterators$5               : loaded 3 times (x 82B)
Class com.android.tools.idea.gradle.model.IdeVariantHeader                            : loaded 3 times (x 70B)
Class org.gradle.internal.impldep.com.google.gson.Gson$2                              : loaded 3 times (x 76B)
Class org.jetbrains.plugins.gradle.model.DefaultExternalProjectDependency             : loaded 3 times (x 120B)
Class org.gradle.internal.impldep.com.google.gson.internal.Streams                    : loaded 3 times (x 71B)
Class org.gradle.internal.impldep.com.google.gson.internal.bind.ObjectTypeAdapter     : loaded 3 times (x 74B)
Class org.gradle.internal.impldep.com.google.gson.internal.bind.TypeAdapters$15       : loaded 3 times (x 75B)
Class org.gradle.internal.impldep.com.google.gson.internal.Excluder$1                 : loaded 3 times (x 74B)
Class org.jetbrains.kotlin.tooling.core.InternerKt                                    : loaded 3 times (x 71B)
Class org.gradle.internal.impldep.com.google.gson.JsonSyntaxException                 : loaded 3 times (x 82B)
Class org.gradle.internal.impldep.com.google.gson.internal.bind.TypeAdapters$28       : loaded 3 times (x 75B)
Class org.jetbrains.plugins.gradle.tooling.builder.IntelliJProjectSettingsBuilder     : loaded 3 times (x 78B)
Class org.gradle.internal.impldep.com.google.common.collect.Iterators$SingletonIterator: loaded 3 times (x 81B)
Class com.android.tools.idea.gradle.model.LibraryReference                            : loaded 3 times (x 72B)
Class com.android.tools.idea.gradle.model.IdeAaptOptions                              : loaded 3 times (x 70B)
Class com.android.builder.model.v2.ide.TestSuite                                      : loaded 3 times (x 70B)
Class com.google.common.collect.SortedLists$KeyAbsentBehavior$1                       : loaded 3 times (x 80B)
Class org.jetbrains.kotlin.idea.gradleTooling.reflect.ParameterList$Companion         : loaded 3 times (x 71B)
Class com.google.common.collect.ComparisonChain$InactiveComparisonChain               : loaded 3 times (x 80B)
Class org.jetbrains.kotlin.idea.gradleTooling.IdeaKpmProjectProvider                  : loaded 3 times (x 78B)
Class com.android.tools.idea.gradle.model.impl.IdeBuildImpl                           : loaded 3 times (x 76B)
Class com.android.tools.idea.gradle.model.IdeDependenciesInfo                         : loaded 3 times (x 70B)
Class org.gradle.internal.impldep.com.google.gson.internal.bind.TypeAdapters$16       : loaded 3 times (x 75B)
Class org.jetbrains.plugins.gradle.tooling.builder.ProjectExtensionsDataBuilderImpl   : loaded 3 times (x 78B)
Class com.intellij.gradle.toolingExtension.impl.model.resourceFilterModel.GradleResourceFilterModelBuilder: loaded 3 times (x 71B)
Class io.opentelemetry.api.trace.TraceId                                              : loaded 3 times (x 71B)
Class org.jetbrains.kotlin.idea.gradleTooling.KotlinGradleModelBuilder                : loaded 3 times (x 86B)
Class org.jetbrains.plugins.gradle.tooling.serialization.internal.IdeaProjectSerializationService$6: loaded 3 times (x 76B)
Class com.android.tools.idea.gradle.project.sync.AgpVersionTooOld                     : loaded 3 times (x 82B)
Class [Lcom.android.tools.idea.gradle.model.ClasspathType;                            : loaded 3 times (x 69B)
Class [Lcom.android.builder.model.v2.models.ndk.NativeBuildSystem;                    : loaded 3 times (x 69B)
Class com.android.tools.idea.gradle.model.impl.IdeExtraSourceProviderImpl             : loaded 3 times (x 76B)
Class [Lcom.android.tools.idea.gradle.model.IdeArtifactName;                          : loaded 3 times (x 69B)
Class com.google.common.collect.SortedLists$KeyAbsentBehavior$2                       : loaded 3 times (x 80B)
Class com.google.common.collect.Cut$AboveAll                                          : loaded 3 times (x 88B)
Class com.android.tools.idea.gradle.model.impl.IdeVariantCoreImpl                     : loaded 3 times (x 108B)
Class org.gradle.internal.impldep.com.google.gson.internal.reflect.ReflectionHelper   : loaded 3 times (x 71B)
Class com.intellij.gradle.toolingExtension.impl.util.GradleIdeaPluginUtil             : loaded 3 times (x 71B)
Class com.android.tools.idea.gradle.project.sync.SyncCounters                         : loaded 3 times (x 72B)
Class org.jetbrains.plugins.gradle.model.DefaultBuildController                       : loaded 3 times (x 98B)
Class org.gradle.internal.impldep.com.google.gson.Gson$1                              : loaded 3 times (x 76B)
Class io.opentelemetry.api.trace.Tracer                                               : loaded 3 times (x 70B)
Class [Lorg.gradle.internal.impldep.com.google.gson.ToNumberPolicy;                   : loaded 3 times (x 69B)
Class com.intellij.gradle.toolingExtension.modelProvider.GradleClassBuildModelProvider: loaded 3 times (x 80B)
Class org.jetbrains.plugins.gradle.tooling.builder.DependencyAccessorsModelBuilder    : loaded 3 times (x 81B)
Class com.android.tools.idea.gradle.project.sync.VariantDependenciesCompat            : loaded 3 times (x 72B)
Class org.jetbrains.plugins.gradle.model.tests.ExternalTestSourceMapping              : loaded 3 times (x 70B)
Class com.intellij.gradle.toolingExtension.impl.util.collectionUtil.GradleCollections : loaded 3 times (x 71B)
Class io.opentelemetry.api.trace.DefaultTracer$NoopSpanBuilder                        : loaded 3 times (x 91B)
Class org.gradle.tooling.model.gradle.BasicGradleProject                              : loaded 3 times (x 70B)
Class com.android.tools.idea.gradle.project.sync.VariantDetails                       : loaded 3 times (x 72B)
Class org.jetbrains.kotlin.idea.gradleTooling.reflect.KotlinSourceSetReflectionKt     : loaded 3 times (x 71B)
Class org.gradle.internal.impldep.com.google.gson.internal.bind.TypeAdapters$17       : loaded 3 times (x 75B)
Class com.intellij.gradle.toolingExtension.impl.model.warmUp.GradleTaskWarmUpService  : loaded 3 times (x 86B)
Class com.intellij.gradle.toolingExtension.impl.modelBuilder.DefaultModelBuilderContext: loaded 3 times (x 77B)
Class org.jetbrains.plugins.gradle.tooling.serialization.internal.IdeaProjectSerializationService$7: loaded 3 times (x 76B)
Class com.android.tools.idea.gradle.project.sync.DeliverableJavaModule                : loaded 3 times (x 76B)
Class com.intellij.openapi.util.io.FileUtil                                           : loaded 3 times (x 71B)
Class io.opentelemetry.api.trace.SpanContext                                          : loaded 3 times (x 70B)
Class com.android.tools.idea.gradle.model.IdeBasicVariant                             : loaded 3 times (x 70B)
Class com.android.builder.model.v2.ide.TestSuiteArtifact                              : loaded 3 times (x 70B)
Class com.google.common.collect.SortedLists$KeyAbsentBehavior$3                       : loaded 3 times (x 80B)
Class com.android.tools.idea.gradle.model.impl.IdeJavaCompileOptionsImpl              : loaded 3 times (x 78B)
Class com.intellij.gradle.toolingExtension.impl.modelAction.GradleDaemonModelHolder$1 : loaded 3 times (x 78B)
Class com.android.ide.common.gradle.Component                                         : loaded 3 times (x 72B)
Class io.opentelemetry.api.trace.ArrayBasedTraceState                                 : loaded 3 times (x 86B)
Class io.opentelemetry.context.ContextKey                                             : loaded 3 times (x 70B)
Class io.opentelemetry.context.propagation.TextMapSetter                              : loaded 3 times (x 70B)
Class com.android.tools.idea.gradle.project.sync.AndroidExtraModelProviderImpl        : loaded 3 times (x 72B)
Class org.jetbrains.plugins.gradle.tooling.serialization.internal.IdeaProjectSerializationService$TestResourceDirectoriesGetter: loaded 3 times (x 75B)
Class io.opentelemetry.api.OpenTelemetry                                              : loaded 3 times (x 70B)
Class com.android.tools.idea.gradle.model.IdeVariantBuildInformation                  : loaded 3 times (x 70B)
Class com.intellij.gradle.toolingExtension.impl.util.javaPluginUtil.JavaPluginAccessor: loaded 3 times (x 70B)
Class org.gradle.internal.impldep.com.google.gson.internal.bind.TypeAdapters$18       : loaded 3 times (x 75B)
Class org.gradle.internal.impldep.com.google.gson.stream.JsonReader                   : loaded 3 times (x 97B)
Class org.gradle.internal.impldep.com.google.gson.FieldNamingPolicy$1                 : loaded 3 times (x 83B)
Class com.android.tools.idea.gradle.project.sync.AndroidExtraModelProviderKt$flattenDag$2: loaded 3 times (x 95B)
Class org.jetbrains.plugins.gradle.model.ProjectImportModelProvider$GradleModelConsumer$1: loaded 3 times (x 77B)
Class org.jetbrains.kotlin.idea.gradleTooling.reflect.KotlinExtensionReflection       : loaded 3 times (x 72B)
Class org.jetbrains.kotlin.idea.gradleTooling.reflect.KotlinExtensionReflection$Companion: loaded 3 times (x 71B)
Class com.android.tools.idea.gradle.project.sync.HasLintJar                           : loaded 3 times (x 70B)
Class org.jetbrains.kotlin.idea.gradleTooling.model.allopen.AllOpenModelBuilderService: loaded 3 times (x 85B)
Class org.jetbrains.plugins.gradle.tooling.serialization.internal.IdeaProjectSerializationService$8: loaded 3 times (x 76B)
Class com.intellij.openapi.util.io.FileUtil$1                                         : loaded 3 times (x 77B)
Class org.jetbrains.plugins.gradle.model.FilePatternSet                               : loaded 3 times (x 70B)
Class org.jetbrains.plugins.gradle.model.GradleLightProject                           : loaded 3 times (x 70B)
Class io.opentelemetry.api.trace.SpanContextKey                                       : loaded 3 times (x 71B)
Class com.android.tools.idea.gradle.project.sync.AdditionalClassifierArtifactsActionOptions: loaded 3 times (x 72B)
Class com.intellij.gradle.toolingExtension.impl.modelSerialization.ToolingSerializer  : loaded 3 times (x 72B)
Class com.intellij.platform.diagnostic.telemetry.rt.context.TelemetryContextGetter    : loaded 3 times (x 75B)
Class com.intellij.gradle.toolingExtension.impl.util.javaPluginUtil.JavaPluginUtil    : loaded 3 times (x 71B)
Class org.gradle.tooling.model.eclipse.EclipseProject                                 : loaded 3 times (x 70B)
Class com.intellij.gradle.toolingExtension.impl.util.GradleExecutorServiceUtil$SimpleThreadFactory: loaded 3 times (x 75B)
Class org.jetbrains.kotlin.idea.gradleTooling.IdeaKotlinDependenciesContainer         : loaded 3 times (x 70B)
Class com.android.tools.idea.gradle.project.sync.AndroidSdkBootClasspathUtilKt        : loaded 3 times (x 71B)
Class org.gradle.internal.impldep.com.google.gson.stream.MalformedJsonException       : loaded 3 times (x 82B)
Class com.intellij.gradle.toolingExtension.impl.model.dependencyModel.GradleDependencyResolver$1: loaded 3 times (x 77B)
Class org.gradle.internal.impldep.com.google.gson.internal.bind.TypeAdapters$19       : loaded 3 times (x 75B)
Class org.gradle.internal.impldep.com.google.gson.FieldNamingPolicy$2                 : loaded 3 times (x 83B)
Class org.gradle.internal.impldep.com.google.gson.internal.sql.SqlDateTypeAdapter     : loaded 3 times (x 74B)
Class org.jetbrains.kotlin.idea.gradleTooling.PrepareKotlinIdeaImportTaskModelBuilder : loaded 3 times (x 86B)
Class org.gradle.internal.impldep.com.google.common.collect.Lists$StringAsImmutableList: loaded 3 times (x 207B)
Class org.jetbrains.kotlin.gradle.idea.kpm.IdeaKpmProjectContainer                    : loaded 3 times (x 70B)
Class com.android.tools.idea.gradle.project.sync.IndexedModels                        : loaded 3 times (x 72B)
Class org.gradle.internal.impldep.com.google.gson.internal.ObjectConstructor          : loaded 3 times (x 70B)
Class com.intellij.openapi.util.io.FileUtil$2                                         : loaded 3 times (x 82B)
Class com.android.tools.idea.gradle.model.IdeUnresolvedUnknownLibrary                 : loaded 3 times (x 70B)
Class com.intellij.compose.ide.plugin.gradleTooling.rt.ComposeResourcesExtension      : loaded 3 times (x 72B)
Class com.android.tools.idea.gradle.model.IdeAndroidProject                           : loaded 3 times (x 70B)
Class org.jetbrains.kotlin.idea.gradleTooling.KotlinTasksPropertyUtilsKt              : loaded 3 times (x 71B)
Class org.gradle.internal.impldep.com.google.gson.internal.bind.TypeAdapters$21       : loaded 3 times (x 75B)
Class org.jetbrains.plugins.gradle.tooling.serialization.GradleExtensionsSerializationService$1: loaded 3 times (x 76B)
Class com.intellij.gradle.toolingExtension.impl.util.GradleExecutorServiceUtil        : loaded 3 times (x 71B)
Class com.google.common.collect.Range$RangeLexOrdering                                : loaded 3 times (x 115B)
Class com.android.tools.idea.gradle.project.sync.VariantDependenciesCompat$AdjacencyList: loaded 3 times (x 72B)
Class org.gradle.internal.impldep.com.google.common.collect.Iterators                 : loaded 3 times (x 71B)
Class org.jetbrains.kotlin.idea.gradleTooling.reflect.ReflectionReceiver              : loaded 3 times (x 70B)
Class com.intellij.gradle.toolingExtension.impl.model.sourceSetModel.GradleSourceSetModelBuilder$3: loaded 3 times (x 83B)
Class org.jetbrains.plugins.gradle.model.DefaultExternalTask                          : loaded 3 times (x 83B)
Class org.gradle.internal.impldep.com.google.gson.internal.sql.SqlDateTypeAdapter$1   : loaded 3 times (x 75B)
Class org.gradle.internal.impldep.com.google.gson.ToNumberPolicy$1                    : loaded 3 times (x 83B)
Class org.gradle.internal.impldep.com.google.gson.FieldNamingPolicy$3                 : loaded 3 times (x 83B)
Class org.jetbrains.plugins.gradle.tooling.serialization.internal.IdeaProjectSerializationService$11: loaded 3 times (x 76B)
Class org.jetbrains.plugins.gradle.tooling.builder.WarModelBuilderImplKt              : loaded 3 times (x 71B)
Class com.android.tools.idea.gradle.model.ndk.v1.IdeNativeAndroidProject              : loaded 3 times (x 70B)
Class com.intellij.gradle.toolingExtension.impl.util.collectionUtil.GradleCollectionVisitor: loaded 3 times (x 70B)
Class com.intellij.gradle.toolingExtension.impl.model.dependencyGraphModel.GradleDependencyGraphModelBuilder: loaded 3 times (x 82B)
Class org.gradle.internal.impldep.com.google.gson.internal.sql.SqlTimestampTypeAdapter: loaded 3 times (x 76B)
Class com.intellij.gradle.toolingExtension.impl.util.GradleProjectUtil                : loaded 3 times (x 71B)
Class com.android.tools.idea.gradle.model.impl.IdeSourceProviderContainerImpl         : loaded 3 times (x 76B)
Class com.android.tools.idea.gradle.project.sync.BasicModulesKt                       : loaded 3 times (x 71B)
Class com.android.tools.idea.gradle.project.upgrade.AndroidGradlePluginCompatibility  : loaded 3 times (x 79B)
Class com.google.common.collect.Cut$AboveValue                                        : loaded 3 times (x 88B)
Class org.jetbrains.kotlin.tooling.core.InternerImpl$Store$Strong                     : loaded 3 times (x 76B)
Class com.android.tools.idea.gradle.project.sync.ModelVersions                        : loaded 3 times (x 72B)
Class org.jetbrains.kotlin.idea.gradleTooling.reflect.KotlinCompilerArgumentsResolverReflection: loaded 3 times (x 70B)
Class io.opentelemetry.api.trace.ArrayBasedTraceStateBuilder                          : loaded 3 times (x 77B)
Class com.android.tools.idea.gradle.project.sync.SyncProjectActionOptions             : loaded 3 times (x 73B)
Class org.gradle.tooling.BuildController                                              : loaded 3 times (x 70B)
Class com.intellij.gradle.toolingExtension.impl.model.utilTurnOffDefaultTasksModel.DefaultTurnOffDefaultTasks: loaded 3 times (x 71B)
Class org.jetbrains.plugins.gradle.tooling.Message$Kind                               : loaded 3 times (x 79B)
Class org.jetbrains.plugins.gradle.tooling.serialization.ExternalTestsSerializationService$1: loaded 3 times (x 76B)
Class com.android.tools.idea.gradle.project.sync.DeliverableGradleModule$ModelConsumer: loaded 3 times (x 72B)
Class com.google.common.collect.Cut                                                   : loaded 3 times (x 88B)
Class org.jetbrains.plugins.gradle.tooling.internal.ClasspathEntryModelImpl           : loaded 3 times (x 80B)
Class org.gradle.internal.impldep.com.google.gson.ToNumberPolicy$2                    : loaded 3 times (x 83B)
Class org.gradle.internal.impldep.com.google.gson.FieldNamingPolicy$4                 : loaded 3 times (x 83B)
Class org.gradle.internal.impldep.com.google.gson.internal.bind.TypeAdapters$27       : loaded 3 times (x 75B)
Class org.gradle.internal.impldep.com.google.gson.internal.reflect.ReflectionHelper$RecordNotSupportedHelper: loaded 3 times (x 78B)
Class com.android.tools.idea.gradle.project.sync.ModelResult$Context                  : loaded 3 times (x 70B)
Class com.android.tools.idea.gradle.model.ndk.v1.IdeNativeVariantAbi                  : loaded 3 times (x 70B)
Class com.android.tools.idea.gradle.project.sync.ModelCacheV2ImplKt$modelCacheV2Impl$variantCoreFrom$15: loaded 3 times (x 125B)
Class com.android.tools.idea.gradle.project.sync.ModelCacheV2ImplKt$modelCacheV2Impl$createFromDependencies$1$LibraryWithDependencies: loaded 3 times (x 72B)
Class com.android.tools.idea.gradle.model.impl.IdeViewBindingOptionsImpl              : loaded 3 times (x 74B)
Class com.android.tools.idea.gradle.model.IdeAndroidProjectType                       : loaded 3 times (x 79B)
Class org.gradle.tooling.internal.consumer.connection.ParameterAwareBuildControllerAdapter: loaded 3 times (x 101B)
Class io.opentelemetry.context.propagation.DefaultContextPropagators                  : loaded 3 times (x 75B)
Class io.opentelemetry.api.trace.TracerProvider                                       : loaded 3 times (x 70B)
Class io.opentelemetry.context.ContextStorageWrappers                                 : loaded 3 times (x 71B)
Class com.android.tools.idea.gradle.project.sync.ModelConverter                       : loaded 3 times (x 71B)
Class com.android.tools.idea.gradle.project.sync.HasAndroidVariantResolver            : loaded 3 times (x 70B)
Class com.android.tools.idea.gradle.project.sync.VariantDiscoveryKt                   : loaded 3 times (x 71B)
Class com.intellij.gradle.toolingExtension.impl.model.buildScriptClasspathModel.GradleBuildScriptClasspathCache: loaded 3 times (x 75B)
Class org.gradle.internal.impldep.com.google.gson.internal.sql.SqlTimestampTypeAdapter$1: loaded 3 times (x 75B)
Class org.gradle.internal.impldep.com.google.gson.ToNumberPolicy$3                    : loaded 3 times (x 83B)
Class org.gradle.internal.impldep.com.google.gson.FieldNamingPolicy$5                 : loaded 3 times (x 83B)
Class com.intellij.openapi.externalSystem.model.project.dependencies.ProjectDependenciesImpl: loaded 3 times (x 77B)
Class org.jetbrains.kotlin.idea.gradleTooling.model.samWithReceiver.SamWithReceiverModel: loaded 3 times (x 70B)
Class com.android.tools.idea.gradle.project.sync.SyncActionRunnerKt$toMeasuringController$1: loaded 3 times (x 86B)
Class org.gradle.tooling.model.internal.Exceptions                                    : loaded 3 times (x 71B)
Class com.android.tools.idea.gradle.project.sync.VariantSelectionKt                   : loaded 3 times (x 71B)
Class com.google.common.collect.TreeRangeSet$AsRanges                                 : loaded 3 times (x 149B)
Class com.android.tools.idea.gradle.project.sync.AndroidProjectResult$V2Project       : loaded 3 times (x 77B)
Class com.android.tools.idea.gradle.project.sync.AndroidModule$NativeModelVersion     : loaded 3 times (x 79B)
Class com.android.tools.idea.gradle.project.sync.LibraryIdentity$LibraryIdentityProvider$special$$inlined$thenBy$1: loaded 3 times (x 90B)
Class com.android.tools.idea.gradle.project.sync.IdeModelWithPostProcessor            : loaded 3 times (x 72B)
Class com.android.tools.idea.gradle.model.impl.IdeModuleWellKnownSourceSet$Companion  : loaded 3 times (x 71B)
Class io.opentelemetry.api.trace.AutoValue_ArrayBasedTraceState                       : loaded 3 times (x 87B)
Class com.android.ide.common.gradle.Version$Companion$ParseState$NONNUMERIC           : loaded 3 times (x 74B)
Class com.android.tools.idea.gradle.project.sync.NativeVariantAbiResult$None          : loaded 3 times (x 71B)
Class com.android.tools.idea.gradle.project.sync.VariantSelectionChange$Companion     : loaded 3 times (x 71B)
Class org.gradle.internal.impldep.com.google.common.collect.AbstractIterator          : loaded 3 times (x 82B)
Class org.gradle.internal.impldep.com.google.gson.internal.bind.ArrayTypeAdapter      : loaded 3 times (x 74B)
Class com.android.tools.idea.gradle.model.IdeUnknownLibraryImpl                       : loaded 3 times (x 83B)
Class com.intellij.openapi.diagnostic.LogLevel                                        : loaded 3 times (x 79B)
Class com.android.tools.idea.gradle.project.sync.DeliverableGradleModule              : loaded 3 times (x 76B)
Class org.jetbrains.plugins.gradle.tooling.util.BiFunction                            : loaded 3 times (x 70B)
Class org.jetbrains.plugins.gradle.model.AbstractExternalDependency                   : loaded 3 times (x 106B)
Class org.gradle.internal.impldep.com.google.gson.ToNumberPolicy$4                    : loaded 3 times (x 83B)
Class org.gradle.internal.impldep.com.google.gson.FieldNamingPolicy$6                 : loaded 3 times (x 83B)
Class org.gradle.internal.impldep.com.google.gson.LongSerializationPolicy             : loaded 3 times (x 80B)
Class org.jetbrains.kotlin.idea.gradleTooling.model.kapt.KaptGradleModelImpl          : loaded 3 times (x 77B)
Class org.gradle.tooling.UnsupportedVersionException                                  : loaded 3 times (x 83B)
Class org.jetbrains.kotlin.idea.gradleTooling.PrepareKotlinIdeaImportTaskModelBuilder$Messages: loaded 3 times (x 71B)
Class com.intellij.gradle.toolingExtension.impl.model.buildScriptClasspathModel.GradleBuildScriptClasspathModelProvider: loaded 3 times (x 79B)
Class com.intellij.gradle.toolingExtension.impl.modelAction.GradleModelFetchAction    : loaded 3 times (x 86B)
Class com.intellij.gradle.toolingExtension.impl.model.dependencyGraphModel.GradleDependencyReportGenerator: loaded 3 times (x 73B)
Class gnu.trove.Equality                                                              : loaded 3 times (x 70B)
Class com.android.ide.common.gradle.NonNumeric                                        : loaded 3 times (x 77B)
Class org.jetbrains.plugins.gradle.model.scala.ScalaModel                             : loaded 3 times (x 70B)
Class com.intellij.openapi.externalSystem.model.project.dependencies.ProjectDependencyNodeImpl: loaded 3 times (x 93B)
Class com.android.tools.idea.gradle.model.IdeAaptOptions$Namespacing                  : loaded 3 times (x 79B)
Class com.android.tools.idea.gradle.model.IdeUnknownLibrary                           : loaded 3 times (x 70B)
Class com.android.tools.idea.gradle.model.IdeApiVersion                               : loaded 3 times (x 70B)
Class org.gradle.tooling.internal.consumer.converters.IdeaProjectJavaLanguageSettingsMixin: loaded 3 times (x 73B)
Class com.android.tools.idea.gradle.project.sync.BuildInfo                            : loaded 3 times (x 72B)
Class com.android.tools.idea.gradle.project.sync.ModelCacheV2ImplKt                   : loaded 3 times (x 71B)
Class org.gradle.tooling.model.eclipse.EclipseExternalDependency                      : loaded 3 times (x 70B)
Class org.gradle.tooling.internal.adapter.ProtocolToModelAdapter$TypeSpecificMappingAction: loaded 3 times (x 81B)
Class io.opentelemetry.api.trace.TraceState                                           : loaded 3 times (x 70B)
Class org.gradle.tooling.model.eclipse.HierarchicalEclipseProject                     : loaded 3 times (x 70B)
Class org.gradle.tooling.internal.consumer.versioning.VersionDetails$R35VersionDetails: loaded 3 times (x 80B)
Class org.jetbrains.plugins.gradle.tooling.MessageReportBuilder                       : loaded 3 times (x 70B)
Class com.intellij.gradle.toolingExtension.impl.model.sourceSetModel.GradleSourceSetModelBuilder$2: loaded 3 times (x 83B)
Class org.jetbrains.plugins.gradle.model.ModelFactory                                 : loaded 3 times (x 71B)
Class org.gradle.internal.impldep.com.google.gson.internal.ConstructorConstructor$19  : loaded 3 times (x 76B)
Class org.gradle.internal.impldep.com.google.gson.FieldNamingPolicy$7                 : loaded 3 times (x 83B)
Class org.jetbrains.plugins.gradle.tooling.serialization.ToolingStreamApiUtilsKt      : loaded 3 times (x 71B)
Class org.jetbrains.plugins.gradle.model.ProjectImportModelProvider$GradleModelConsumer: loaded 3 times (x 70B)
Class org.jetbrains.plugins.gradle.tooling.ModelBuilderContext$DataProvider           : loaded 3 times (x 70B)
Class org.gradle.internal.impldep.com.google.common.collect.AbstractIndexedListIterator: loaded 3 times (x 96B)
Class com.android.tools.idea.gradle.model.IdeSigningConfig                            : loaded 3 times (x 70B)
Class com.android.tools.idea.gradle.project.sync.IdeModelFactoryV2Kt                  : loaded 3 times (x 71B)
Class com.android.tools.idea.gradle.model.IdeLibrary                                  : loaded 3 times (x 70B)
Class com.intellij.gradle.toolingExtension.impl.model.sourceSetModel.GradleSourceSetModelBuilder: loaded 3 times (x 86B)
Class org.jetbrains.kotlin.idea.gradleTooling.model.samWithReceiver.SamWithReceiverModelBuilderService: loaded 3 times (x 85B)
Class com.google.common.collect.ComparisonChain$1                                     : loaded 3 times (x 81B)
Class io.opentelemetry.context.LazyStorage                                            : loaded 3 times (x 71B)
Class org.jetbrains.kotlin.idea.gradleTooling.ModelBuilderUtilsKt                     : loaded 3 times (x 71B)
Class org.gradle.internal.impldep.com.google.gson.internal.bind.CollectionTypeAdapterFactory: loaded 3 times (x 75B)
Class com.android.tools.idea.gradle.project.sync.LibraryIdentity$LibraryIdentityProvider$special$$inlined$compareBy$1: loaded 3 times (x 90B)
Class org.jetbrains.kotlin.tooling.core.KotlinToolingVersion$Maturity                 : loaded 3 times (x 79B)
Class org.gradle.internal.impldep.com.google.gson.internal.bind.MapTypeAdapterFactory$Adapter: loaded 3 times (x 74B)
Class com.android.tools.idea.gradle.project.sync.GradleInjectedSyncActionRunner       : loaded 3 times (x 70B)
Class com.android.tools.idea.gradle.project.sync.ModelFeature                         : loaded 3 times (x 79B)
Class com.android.tools.idea.gradle.project.sync.SelectedVariants                     : loaded 3 times (x 72B)
Class [Lcom.intellij.openapi.externalSystem.model.project.IExternalSystemSourceType;  : loaded 3 times (x 69B)
Class com.intellij.gradle.toolingExtension.impl.modelSerialization.ToolingSerializer$1: loaded 3 times (x 76B)
Class com.android.tools.idea.gradle.project.sync.IdeAndroidModels                     : loaded 3 times (x 72B)
Class com.android.tools.idea.gradle.project.sync.SyncProjectActionWorker$populateAndroidModels$3$1: loaded 3 times (x 125B)
Class gnu.trove.TObjectHashingStrategy                                                : loaded 3 times (x 70B)
Class com.android.tools.idea.gradle.model.IdeUnresolvedArtifactLibrary                : loaded 3 times (x 70B)
Class com.android.tools.idea.gradle.model.IdeBuildTasksAndOutputInformation           : loaded 3 times (x 70B)
Class [Lcom.android.tools.idea.gradle.model.IdeAndroidProjectType;                    : loaded 3 times (x 69B)
Class com.android.tools.idea.gradle.model.IdeBuild                                    : loaded 3 times (x 70B)
Class com.android.tools.idea.gradle.project.sync.ModelCache                           : loaded 3 times (x 70B)
Class org.jetbrains.kotlin.idea.gradleTooling.KotlinDslScriptModelProvider            : loaded 3 times (x 79B)
Class org.gradle.internal.impldep.com.google.gson.internal.sql.SqlTypesSupport$2      : loaded 3 times (x 74B)
Class com.android.tools.idea.gradle.model.impl.IdeBuildTypeImpl                       : loaded 3 times (x 92B)
Class org.gradle.tooling.internal.consumer.versioning.VersionDetails                  : loaded 3 times (x 80B)
Class io.opentelemetry.api.trace.Span                                                 : loaded 3 times (x 70B)
Class org.gradle.tooling.model.gradle.GradleBuild                                     : loaded 3 times (x 70B)
Class [Lorg.jetbrains.kotlin.idea.gradleTooling.reflect.Parameter;                    : loaded 3 times (x 69B)
Class org.gradle.internal.impldep.com.google.gson.internal.bind.ReflectiveTypeAdapterFactory$1: loaded 3 times (x 79B)
Class org.gradle.internal.impldep.com.google.gson.internal.bind.NumberTypeAdapter$1   : loaded 3 times (x 76B)
Class org.gradle.internal.impldep.com.google.gson.JsonIOException                     : loaded 3 times (x 82B)
Class org.gradle.internal.impldep.com.google.gson.internal.Excluder                   : loaded 3 times (x 75B)
Class org.jetbrains.kotlin.idea.gradleTooling.model.assignment.AssignmentModel        : loaded 3 times (x 70B)
Class com.android.tools.idea.gradle.model.impl.IdeAndroidArtifactCoreImpl             : loaded 3 times (x 104B)
Class com.android.tools.idea.gradle.project.sync.ArtifactDependenciesCompat           : loaded 3 times (x 72B)
Class org.jetbrains.plugins.gradle.tooling.serialization.internal.IdeaProjectSerializationService$10: loaded 3 times (x 76B)
Class com.intellij.openapi.externalSystem.model.project.dependencies.ComponentDependencies: loaded 3 times (x 70B)
Class org.jetbrains.plugins.gradle.tooling.ModelBuilderService$Ex                     : loaded 3 times (x 70B)
Class com.android.tools.idea.gradle.model.impl.IdeDependenciesCoreImpl                : loaded 3 times (x 70B)
Class com.android.tools.idea.gradle.model.impl.IdeModuleSourceSet                     : loaded 3 times (x 70B)
Class com.android.tools.idea.gradle.project.sync.AndroidProjectPathResolver           : loaded 3 times (x 70B)
Class com.android.tools.idea.gradle.project.sync.VariantDiscovery$prepareRequestedOrDefaultModuleConfigurations$$inlined$sortedBy$1: loaded 3 times (x 89B)
Class org.gradle.tooling.model.Task                                                   : loaded 3 times (x 70B)
Class com.android.tools.idea.gradle.model.IdeArtifactName$Companion$WhenMappings      : loaded 3 times (x 71B)
Class org.gradle.internal.impldep.com.google.common.collect.Iterators$9               : loaded 3 times (x 81B)
Class org.jetbrains.kotlin.idea.gradleTooling.KotlinTaskPropertiesImpl                : loaded 3 times (x 78B)
Class org.jetbrains.plugins.gradle.tooling.serialization.GradleExtensionsSerializationService$3: loaded 3 times (x 76B)
Class org.jetbrains.kotlin.idea.projectModel.ExtraFeatures                            : loaded 3 times (x 70B)
Class org.gradle.tooling.internal.consumer.versioning.VersionDetails$R51VersionDetails: loaded 3 times (x 80B)
Class org.gradle.tooling.internal.consumer.connection.NestedActionAwareBuildControllerAdapter: loaded 3 times (x 101B)
Class org.gradle.tooling.model.gradle.ProjectPublications                             : loaded 3 times (x 70B)
Class org.jetbrains.kotlin.idea.projectModel.KotlinTargetJar                          : loaded 3 times (x 70B)
Class org.jetbrains.plugins.gradle.model.DefaultGradleExtensions                      : loaded 3 times (x 88B)
Class org.gradle.internal.impldep.com.google.gson.internal.bind.TypeAdapters$22       : loaded 3 times (x 75B)
Class org.gradle.internal.impldep.com.google.gson.internal.bind.TypeAdapterRuntimeTypeWrapper: loaded 3 times (x 74B)
Class org.jetbrains.plugins.gradle.tooling.Message                                    : loaded 3 times (x 72B)
Class org.gradle.internal.impldep.com.google.gson.TypeAdapter$1                       : loaded 3 times (x 74B)
Class org.jetbrains.plugins.gradle.model.web.WebConfiguration                         : loaded 3 times (x 70B)
Class org.gradle.internal.impldep.com.google.gson.internal.bind.TypeAdapters          : loaded 3 times (x 71B)
Class gnu.trove.TObjectCanonicalHashingStrategy                                       : loaded 3 times (x 78B)
Class com.android.tools.idea.gradle.model.impl.IdeBuildTasksAndOutputInformationImpl  : loaded 3 times (x 80B)
Class com.android.tools.idea.gradle.model.IdeMultiVariantData                         : loaded 3 times (x 70B)
Class com.android.tools.idea.gradle.project.sync.BuildTypeDef                         : loaded 3 times (x 72B)
Class com.android.tools.idea.gradle.project.sync.IdeModelFactoryV2                    : loaded 3 times (x 72B)
Class kotlin.coroutines.jvm.internal.CoroutineDumpState                               : loaded 3 times (x 71B)
Class org.gradle.tooling.model.idea.IdeaContentRoot                                   : loaded 3 times (x 70B)
Class com.android.tools.idea.gradle.model.IdeArtifactName                             : loaded 3 times (x 79B)
Class com.android.tools.idea.gradle.project.sync.SyncActionRunner$Companion           : loaded 3 times (x 71B)
Class com.android.tools.idea.gradle.project.sync.SyncActionRunner                     : loaded 3 times (x 76B)
Class io.opentelemetry.context.propagation.NoopTextMapPropagator                      : loaded 3 times (x 76B)
Class com.android.tools.idea.gradle.project.sync.GradleSyncStudioFlags                : loaded 3 times (x 72B)
Class com.android.tools.idea.gradle.project.sync.BasicV2AndroidModuleGradleProject    : loaded 3 times (x 73B)
Class com.android.tools.idea.gradle.project.sync.InternedModels                       : loaded 3 times (x 72B)
Class com.android.tools.idea.gradle.model.impl.IdeModuleWellKnownSourceSet            : loaded 3 times (x 84B)
Class com.android.tools.idea.gradle.project.sync.LibraryIdentity$Companion            : loaded 3 times (x 71B)
Class org.jetbrains.plugins.gradle.tooling.internal.VersionCatalogsModelImpl          : loaded 3 times (x 76B)
Class org.gradle.internal.impldep.com.google.gson.JsonNull                            : loaded 3 times (x 92B)
Class org.gradle.internal.impldep.com.google.gson.internal.bind.TypeAdapters$26       : loaded 3 times (x 75B)
Class com.intellij.gradle.toolingExtension.impl.model.taskModel.DefaultGradleTaskModel: loaded 3 times (x 75B)
Class com.android.tools.idea.gradle.project.sync.AndroidArtifactRef                   : loaded 3 times (x 72B)
Class [Lcom.android.builder.model.v2.models.SourceType;                               : loaded 3 times (x 69B)
Class org.jetbrains.plugins.gradle.tooling.serialization.internal.IdeaProjectSerializationService$JdkGetter: loaded 3 times (x 75B)
Class org.jetbrains.plugins.gradle.tooling.serialization.internal.IdeaProjectSerializationService$ResourceDirectoriesGetter: loaded 3 times (x 75B)
Class org.gradle.internal.impldep.com.google.gson.internal.bind.JsonTreeReader        : loaded 3 times (x 98B)
Class org.gradle.internal.impldep.com.google.gson.internal.Streams$AppendableWriter   : loaded 3 times (x 99B)
Class org.gradle.internal.impldep.com.google.gson.internal.Primitives                 : loaded 3 times (x 71B)
Class org.jetbrains.kotlin.idea.gradleTooling.reflect.ParameterList                   : loaded 3 times (x 173B)
Class org.jetbrains.plugins.gradle.tooling.serialization.GradleExtensionsSerializationService$2: loaded 3 times (x 76B)
Class org.gradle.internal.impldep.com.google.gson.ToNumberPolicy                      : loaded 3 times (x 83B)
Class com.intellij.openapi.util.Pair                                                  : loaded 3 times (x 72B)
Class com.intellij.openapi.diagnostic.Logger$DefaultFactory                           : loaded 3 times (x 74B)
Class org.jetbrains.plugins.gradle.tooling.builder.AnnotationProcessingModelBuilder   : loaded 3 times (x 86B)
Class com.intellij.gradle.toolingExtension.impl.model.dependencyDownloadPolicyModel.DefaultGradleDependencyDownloadPolicy: loaded 3 times (x 77B)
Class org.gradle.internal.impldep.com.google.gson.internal.sql.SqlTypesSupport$1      : loaded 3 times (x 74B)
Class org.jetbrains.kotlin.idea.gradleTooling.model.parcelize.ParcelizeGradleModel    : loaded 3 times (x 70B)
Class com.intellij.gradle.toolingExtension.impl.model.sourceSetModel.GradleSourceSetModelBuilder$1: loaded 3 times (x 83B)
Class org.gradle.internal.impldep.com.google.gson.internal.bind.CollectionTypeAdapterFactory$Adapter: loaded 3 times (x 74B)
Class org.gradle.tooling.BuildAction                                                  : loaded 3 times (x 70B)
Class com.google.common.util.concurrent.AbstractFuture$TrustedFuture                  : loaded 2 times (x 114B)
Class com.google.common.cache.LocalCache$StrongEntry                                  : loaded 2 times (x 108B)
Class org.gradle.internal.classloader.SystemClassLoaderSpec                           : loaded 2 times (x 71B)
Class com.google.common.cache.CacheLoader$InvalidCacheLoadException                   : loaded 2 times (x 82B)
Class org.objectweb.asm.SymbolTable                                                   : loaded 2 times (x 72B)
Class com.google.common.collect.ImmutableMapKeySet                                    : loaded 2 times (x 152B)
Class com.google.common.cache.LocalCache$AbstractReferenceEntry                       : loaded 2 times (x 107B)
Class com.google.common.reflect.TypeParameter                                         : loaded 2 times (x 72B)
Class com.google.common.reflect.Types$NativeTypeVariableEquals                        : loaded 2 times (x 71B)
Class com.google.common.base.Splitter$1$1                                             : loaded 2 times (x 86B)
Class com.google.common.base.CharMatcher$Whitespace                                   : loaded 2 times (x 112B)
Class [Lcom.google.common.collect.MapMaker$Dummy;                                     : loaded 2 times (x 69B)
Class com.google.common.cache.LocalCache$EntryFactory                                 : loaded 2 times (x 83B)
Class com.google.common.io.Files                                                      : loaded 2 times (x 71B)
Class com.google.common.cache.LocalCache$HashIterator                                 : loaded 2 times (x 86B)
Class com.google.common.base.Suppliers$NonSerializableMemoizingSupplier               : loaded 2 times (x 79B)
Class org.objectweb.asm.MethodWriter                                                  : loaded 2 times (x 106B)
Class [Lcom.google.common.cache.Weigher;                                              : loaded 2 times (x 69B)
Class com.google.common.collect.RegularImmutableMap$BucketOverflowException           : loaded 2 times (x 82B)
Class com.google.common.cache.LocalCache$WriteThroughEntry                            : loaded 2 times (x 79B)
Class com.google.common.collect.MapMakerInternalMap$StrongKeyDummyValueSegment        : loaded 2 times (x 142B)
Class com.google.common.collect.SortedMapDifference                                   : loaded 2 times (x 70B)
Class [Lcom.google.common.io.FileWriteMode;                                           : loaded 2 times (x 69B)
Class [Lcom.google.common.collect.MapMakerInternalMap$Strength;                       : loaded 2 times (x 69B)
Class com.google.common.collect.CollectPreconditions                                  : loaded 2 times (x 71B)
Class com.google.common.base.Suppliers$MemoizingSupplier                              : loaded 2 times (x 79B)
Class com.google.common.collect.ImmutableEntry                                        : loaded 2 times (x 82B)
Class [Lcom.google.common.collect.AbstractMapEntry;                                   : loaded 2 times (x 69B)
Class com.google.common.cache.CacheBuilder$3                                          : loaded 2 times (x 72B)
Class com.google.common.collect.ArrayListMultimap                                     : loaded 2 times (x 172B)
Class com.google.common.cache.CacheBuilder$2                                          : loaded 2 times (x 79B)
Class com.google.common.cache.LocalCache                                              : loaded 2 times (x 187B)
Class com.google.common.collect.MapMakerInternalMap$WeakValueReference                : loaded 2 times (x 70B)
Class org.gradle.internal.classpath.DefaultClassPath$ImmutableUniqueList$Builder      : loaded 2 times (x 75B)
Class com.google.common.collect.ImmutableMap                                          : loaded 2 times (x 120B)
Class com.google.common.cache.CacheBuilder$1                                          : loaded 2 times (x 85B)
Class com.google.common.collect.AbstractMapBasedMultimap$RandomAccessWrappedList      : loaded 2 times (x 205B)
Class com.google.common.collect.ImmutableMultimap$1                                   : loaded 2 times (x 82B)
Class ijKotlinCoroutineJvmDebugInit2_ezbr0y5lgx6mgpo6abq1y1nio$_run_closure1$_closure2: loaded 2 times (x 139B)
Class [Lcom.google.common.cache.LocalCache$Strength;                                  : loaded 2 times (x 69B)
Class [Lcom.google.common.cache.LocalCache$Segment;                                   : loaded 2 times (x 69B)
Class com.google.common.base.Ticker                                                   : loaded 2 times (x 72B)
Class org.objectweb.asm.Handler                                                       : loaded 2 times (x 72B)
Class com.google.common.collect.Sets                                                  : loaded 2 times (x 71B)
Class com.google.common.base.Strings                                                  : loaded 2 times (x 71B)
Class com.google.common.collect.MapMakerInternalMap                                   : loaded 2 times (x 161B)
Class Settings_gradle                                                                 : loaded 2 times (x 128B)
Class com.google.common.util.concurrent.AbstractFuture$Waiter                         : loaded 2 times (x 72B)
Class com.android.ide.gradle.model.dependencies.DeclaredDependenciesModelBuilderKt    : loaded 2 times (x 71B)
Class org.gradle.internal.classloader.VisitableURLClassLoader                         : loaded 2 times (x 117B)
Class com.google.common.base.Supplier                                                 : loaded 2 times (x 70B)
Class org.objectweb.asm.Attribute                                                     : loaded 2 times (x 77B)
Class com.android.ide.gradle.model.composites.BuildMapModelBuilder                    : loaded 2 times (x 75B)
Class Settings_gradle$1$1                                                             : loaded 2 times (x 74B)
Class com.google.common.reflect.Types$JavaVersion$1                                   : loaded 2 times (x 83B)
Class com.google.common.collect.ImmutableMultimap$2                                   : loaded 2 times (x 81B)
Class com.google.common.collect.RegularImmutableBiMap                                 : loaded 2 times (x 149B)
Class com.google.common.cache.LocalCache$ValueReference                               : loaded 2 times (x 70B)
Class com.google.common.util.concurrent.AbstractFuture$Listener                       : loaded 2 times (x 72B)
Class org.objectweb.asm.RecordComponentWriter                                         : loaded 2 times (x 78B)
Class com.google.common.collect.ImmutableMultisetGwtSerializationDependencies         : loaded 2 times (x 125B)
Class com.google.common.io.LineProcessor                                              : loaded 2 times (x 70B)
Class com.google.common.io.Closer$Suppressor                                          : loaded 2 times (x 70B)
Class com.google.common.collect.Interners                                             : loaded 2 times (x 71B)
Class com.google.common.cache.CacheStats                                              : loaded 2 times (x 71B)
Class org.objectweb.asm.AnnotationWriter                                              : loaded 2 times (x 79B)
Class org.gradle.internal.classloader.ClassLoaderSpec                                 : loaded 2 times (x 71B)
Class com.google.common.collect.RegularImmutableMap$Values                            : loaded 2 times (x 207B)
Class com.google.common.base.CharMatcher$Ascii                                        : loaded 2 times (x 112B)
Class com.google.common.io.Closer                                                     : loaded 2 times (x 78B)
Class com.google.common.io.Java8Compatibility                                         : loaded 2 times (x 71B)
Class com.google.common.reflect.Types$JavaVersion$2                                   : loaded 2 times (x 83B)
Class com.google.common.reflect.Types                                                 : loaded 2 times (x 71B)
Class com.google.common.base.PatternCompiler                                          : loaded 2 times (x 70B)
Class com.google.common.util.concurrent.AbstractFuture$Failure                        : loaded 2 times (x 72B)
Class com.google.common.base.Equivalence$Equals                                       : loaded 2 times (x 82B)
Class com.google.common.collect.Hashing                                               : loaded 2 times (x 71B)
Class org.objectweb.asm.Symbol                                                        : loaded 2 times (x 73B)
Class com.google.common.reflect.Types$ClassOwnership                                  : loaded 2 times (x 80B)
Class com.google.common.base.AbstractIterator                                         : loaded 2 times (x 80B)
Class org.gradle.internal.classpath.DefaultClassPath                                  : loaded 2 times (x 90B)
Class org.gradle.internal.classloader.VisitableURLClassLoader$Spec                    : loaded 2 times (x 74B)
Class com.google.common.math.IntMath$1                                                : loaded 2 times (x 71B)
Class [Lcom.google.common.cache.CacheBuilder$NullListener;                            : loaded 2 times (x 69B)
Class org.objectweb.asm.ByteVector                                                    : loaded 2 times (x 79B)
Class com.google.common.io.Files$FileByteSink                                         : loaded 2 times (x 77B)
Class com.google.common.collect.MapMakerInternalMap$StrongKeyDummyValueEntry$Helper   : loaded 2 times (x 79B)
Class org.gradle.internal.classloader.VisitableURLClassLoader$InstrumentingVisitableURLClassLoader: loaded 2 times (x 123B)
Class org.objectweb.asm.Type                                                          : loaded 2 times (x 72B)
Class com.google.common.graph.SuccessorsFunction                                      : loaded 2 times (x 70B)
Class com.google.common.util.concurrent.AbstractFuture$SynchronizedHelper             : loaded 2 times (x 78B)
Class com.google.common.cache.LocalCache$StrongValueReference                         : loaded 2 times (x 90B)
Class com.google.common.collect.Sets$SetView                                          : loaded 2 times (x 138B)
Class [Lcom.google.common.collect.Iterators$EmptyModifiableIterator;                  : loaded 2 times (x 69B)
Class com.android.ide.gradle.model.builder.GradlePropertiesModelBuilder               : loaded 2 times (x 75B)
Class com.google.common.collect.Maps$8                                                : loaded 2 times (x 82B)
Class [Lorg.objectweb.asm.AnnotationWriter;                                           : loaded 2 times (x 69B)
Class com.google.common.collect.AbstractMapBasedMultimap$WrappedList                  : loaded 2 times (x 205B)
Class com.google.common.base.Platform                                                 : loaded 2 times (x 71B)
Class com.google.common.reflect.Invokable$MethodInvokable                             : loaded 2 times (x 107B)
Class com.google.common.collect.MapMakerInternalMap$StrongKeyDummyValueEntry          : loaded 2 times (x 82B)
Class com.android.ide.gradle.model.builder.LegacyAndroidGradlePluginPropertiesModelBuilder$Companion: loaded 2 times (x 71B)
Class com.google.common.collect.ImmutableSetMultimap                                  : loaded 2 times (x 180B)
Class com.google.common.io.CharSink                                                   : loaded 2 times (x 79B)
Class com.google.common.reflect.Types$JavaVersion$3                                   : loaded 2 times (x 83B)
Class org.objectweb.asm.Label                                                         : loaded 2 times (x 73B)
Class org.objectweb.asm.CurrentFrame                                                  : loaded 2 times (x 73B)
Class org.objectweb.asm.ClassTooLargeException                                        : loaded 2 times (x 83B)
Class com.google.common.collect.AbstractMapBasedMultimap$AsMap                        : loaded 2 times (x 128B)
Class com.google.common.collect.CollectSpliterators                                   : loaded 2 times (x 71B)
Class com.google.common.io.LineReader$1                                               : loaded 2 times (x 75B)
Class com.google.common.cache.LocalCache$LoadingValueReference                        : loaded 2 times (x 96B)
Class ijJvmDebugger2_8g869j4xt9t70z2h08yspeiyl$_run_closure1$_closure2                : loaded 2 times (x 140B)
Class [Lcom.google.common.collect.ImmutableEntry;                                     : loaded 2 times (x 69B)
Class com.google.common.reflect.Types$JavaVersion                                     : loaded 2 times (x 83B)
Class com.google.common.collect.MapMaker                                              : loaded 2 times (x 72B)
Class org.gradle.api.specs.Spec                                                       : loaded 2 times (x 70B)
Class com.google.common.collect.Maps                                                  : loaded 2 times (x 71B)
Class ijJvmDebugger2_8g869j4xt9t70z2h08yspeiyl$_run_closure1                          : loaded 2 times (x 139B)
Class com.google.common.util.concurrent.Uninterruptibles                              : loaded 2 times (x 71B)
Class com.google.common.base.Charsets                                                 : loaded 2 times (x 71B)
Class [Lcom.android.ide.gradle.model.builder.LegacyAndroidGradlePluginPropertiesModelBuilder$PluginType;: loaded 2 times (x 69B)
Class org.gradle.internal.classloader.ClasspathUtil                                   : loaded 2 times (x 71B)
Class com.google.common.reflect.Types$ClassOwnership$1LocalClass                      : loaded 2 times (x 71B)
Class com.google.common.cache.CacheBuilder$OneWeigher                                 : loaded 2 times (x 82B)
Class com.google.common.collect.ImmutableMapEntry$NonTerminalImmutableMapEntry        : loaded 2 times (x 85B)
Class com.google.common.collect.MapMakerInternalMap$InternalEntryHelper               : loaded 2 times (x 70B)
Class com.google.common.collect.Maps$IteratorBasedAbstractMap                         : loaded 2 times (x 125B)
Class com.google.common.collect.Table                                                 : loaded 2 times (x 70B)
Class com.google.common.reflect.Types$JavaVersion$4                                   : loaded 2 times (x 83B)
Class org.objectweb.asm.Frame                                                         : loaded 2 times (x 73B)
Class org.objectweb.asm.MethodVisitor                                                 : loaded 2 times (x 105B)
Class com.google.common.cache.LocalCache$EntryFactory$1                               : loaded 2 times (x 83B)
Class [Lcom.google.common.cache.RemovalListener;                                      : loaded 2 times (x 69B)
Class com.google.common.base.Equivalence                                              : loaded 2 times (x 82B)
Class com.google.common.collect.ImmutableMultimap                                     : loaded 2 times (x 147B)
Class com.google.common.collect.ImmutableMapEntry                                     : loaded 2 times (x 85B)
Class com.google.common.reflect.Types$TypeVariableInvocationHandler                   : loaded 2 times (x 75B)
Class com.google.common.collect.MapMakerInternalMap$InternalEntry                     : loaded 2 times (x 70B)
Class ijKotlinCoroutineJvmDebugInit2_ezbr0y5lgx6mgpo6abq1y1nio                        : loaded 2 times (x 179B)
Class com.google.common.math.IntMath                                                  : loaded 2 times (x 71B)
Class com.google.common.collect.AbstractMapBasedMultimap$KeySet                       : loaded 2 times (x 137B)
Class com.google.common.collect.Streams                                               : loaded 2 times (x 71B)
Class org.gradle.internal.service.CachingServiceLocator                               : loaded 2 times (x 82B)
Class com.google.common.cache.LocalCache$LocalManualCache                             : loaded 2 times (x 99B)
Class com.google.common.base.CommonPattern                                            : loaded 2 times (x 74B)
Class com.google.common.reflect.Types$JavaVersion$5                                   : loaded 2 times (x 71B)
Class [Lcom.google.common.reflect.Types$ClassOwnership;                               : loaded 2 times (x 69B)
Class com.google.common.cache.LocalCache$EntryFactory$2                               : loaded 2 times (x 83B)
Class org.gradle.api.internal.classpath.GlobalCacheRootsProvider                      : loaded 2 times (x 70B)
Class com.google.common.collect.ImmutableMap$SerializedForm                           : loaded 2 times (x 73B)
Class com.android.ide.gradle.model.builder.LegacyAndroidGradlePluginPropertiesModelBuilder$PluginType: loaded 2 times (x 79B)
Class org.gradle.internal.classloader.ClassLoaderFactory                              : loaded 2 times (x 70B)
Class [Lcom.google.common.cache.LocalCache$EntryFactory;                              : loaded 2 times (x 69B)
Class com.google.common.base.CharMatcher$JavaLetter                                   : loaded 2 times (x 111B)
Class ijKotlinCoroutineJvmDebugInit2_ezbr0y5lgx6mgpo6abq1y1nio$_run_closure1          : loaded 2 times (x 139B)
Class org.gradle.internal.service.ServiceLookupException                              : loaded 2 times (x 82B)
Class com.google.common.collect.Maps$EntryTransformer                                 : loaded 2 times (x 70B)
Class com.google.common.reflect.TypeResolver$TypeTable$1                              : loaded 2 times (x 73B)
Class ijInit8_dvl5syze50ts8hhmqra9whaab                                               : loaded 2 times (x 179B)
Class com.google.common.cache.CacheLoader$SupplierToCacheLoader                       : loaded 2 times (x 75B)
Class org.objectweb.asm.RecordComponentVisitor                                        : loaded 2 times (x 77B)
Class com.google.common.collect.ImmutableMultiset                                     : loaded 2 times (x 163B)
Class com.google.common.reflect.TypeResolver$TypeTable                                : loaded 2 times (x 73B)
Class com.google.common.io.CharStreams                                                : loaded 2 times (x 71B)
Class com.google.common.base.FunctionalEquivalence                                    : loaded 2 times (x 83B)
Class com.google.common.util.concurrent.AbstractFuture                                : loaded 2 times (x 106B)
Class com.google.common.collect.AbstractMapBasedMultimap                              : loaded 2 times (x 139B)
Class com.android.ide.gradle.model.builder.AndroidStudioToolingPlugin                 : loaded 2 times (x 75B)
Class com.google.common.base.Converter                                                : loaded 2 times (x 90B)
Class com.google.common.collect.CollectCollectors                                     : loaded 2 times (x 71B)
Class org.objectweb.asm.ModuleWriter                                                  : loaded 2 times (x 82B)
Class com.google.common.cache.LocalCache$EntryFactory$3                               : loaded 2 times (x 83B)
Class com.google.common.base.Ticker$1                                                 : loaded 2 times (x 72B)
Class com.google.common.collect.Maps$BiMapConverter                                   : loaded 2 times (x 90B)
Class com.google.common.collect.ImmutableMapEntrySet$RegularEntrySet                  : loaded 2 times (x 152B)
Class com.google.common.cache.ReferenceEntry                                          : loaded 2 times (x 70B)
Class com.google.common.util.concurrent.ListenableFuture                              : loaded 2 times (x 70B)
Class com.android.ide.gradle.model.dependencies.DeclaredDependenciesModelBuilder$Companion: loaded 2 times (x 71B)
Class com.android.ide.gradle.model.dependencies.CoordinatesImpl                       : loaded 2 times (x 77B)
Class org.gradle.api.internal.classpath.DefaultModuleRegistry                         : loaded 2 times (x 86B)
Class com.google.common.cache.LocalCache$LocalManualCache$1                           : loaded 2 times (x 75B)
Class com.google.common.util.concurrent.AbstractFuture$UnsafeAtomicHelper             : loaded 2 times (x 78B)
Class com.google.common.collect.ImmutableMultimap$Values                              : loaded 2 times (x 126B)
Class com.google.common.collect.ImmutableSet$JdkBackedSetBuilderImpl                  : loaded 2 times (x 76B)
Class com.google.common.util.concurrent.internal.InternalFutureFailureAccess          : loaded 2 times (x 72B)
Class com.google.common.base.Splitter$SplittingIterator                               : loaded 2 times (x 84B)
Class org.gradle.api.internal.classpath.ModuleRegistry                                : loaded 2 times (x 70B)
Class org.gradle.internal.installation.GradleInstallation$1                           : loaded 2 times (x 75B)
Class com.google.common.collect.ImmutableBiMap                                        : loaded 2 times (x 143B)
Class com.google.common.cache.CacheLoader                                             : loaded 2 times (x 74B)
Class [Lorg.objectweb.asm.SymbolTable$Entry;                                          : loaded 2 times (x 69B)
Class com.google.common.collect.AbstractListMultimap                                  : loaded 2 times (x 172B)
Class com.android.ide.gradle.model.builder.LegacyAndroidGradlePluginPropertiesModelBuilder: loaded 2 times (x 80B)
Class com.google.common.cache.LocalCache$Segment                                      : loaded 2 times (x 154B)
Class com.google.common.collect.SetMultimap                                           : loaded 2 times (x 70B)
Class com.google.common.cache.LocalCache$EntryFactory$4                               : loaded 2 times (x 83B)
Class com.google.common.collect.ImmutableSet$Builder                                  : loaded 2 times (x 85B)
Class com.google.common.reflect.TypeToken$2                                           : loaded 2 times (x 110B)
Class com.google.common.collect.AbstractMapBasedMultimap$AsMap$AsMapEntries           : loaded 2 times (x 138B)
Class com.android.ide.gradle.model.impl.GradlePropertiesModelImpl                     : loaded 2 times (x 78B)
Class com.google.common.collect.ImmutableMap$IteratorBasedImmutableMap                : loaded 2 times (x 126B)
Class com.google.common.cache.LocalCache$ComputingValueReference                      : loaded 2 times (x 96B)
Class com.google.common.reflect.TypeToken$1                                           : loaded 2 times (x 110B)
Class com.google.common.base.Suppliers$SupplierOfInstance                             : loaded 2 times (x 79B)
Class org.objectweb.asm.Edge                                                          : loaded 2 times (x 72B)
Class com.google.common.util.concurrent.AbstractFuture$AtomicHelper                   : loaded 2 times (x 78B)
Class org.objectweb.asm.SymbolTable$Entry                                             : loaded 2 times (x 74B)
Class com.google.common.io.CharStreams$NullWriter                                     : loaded 2 times (x 99B)
Class com.google.common.base.JdkPattern                                               : loaded 2 times (x 75B)
Class [Lcom.google.common.reflect.Types$JavaVersion;                                  : loaded 2 times (x 69B)
Class com.google.common.io.Files$FileByteSource                                       : loaded 2 times (x 85B)
Class com.google.common.collect.Interners$InternerBuilder                             : loaded 2 times (x 76B)
Class ijJvmDebugger2_8g869j4xt9t70z2h08yspeiyl                                        : loaded 2 times (x 179B)
Class org.gradle.internal.classpath.ClassPath                                         : loaded 2 times (x 70B)
Class com.google.common.cache.LocalCache$EntryFactory$5                               : loaded 2 times (x 83B)
Class Settings_gradle$1                                                               : loaded 2 times (x 74B)
Class com.google.common.cache.CacheBuilder                                            : loaded 2 times (x 72B)
Class com.google.common.io.ByteSink                                                   : loaded 2 times (x 76B)
Class com.google.common.reflect.TypeToken                                             : loaded 2 times (x 73B)
Class com.google.common.base.ExtraObjectsMethodsForWeb                                : loaded 2 times (x 71B)
Class com.google.common.collect.MapMakerInternalMap$Segment                           : loaded 2 times (x 142B)
Class org.gradle.internal.classpath.DefaultClassPath$ImmutableUniqueList              : loaded 2 times (x 199B)
Class org.gradle.api.internal.ClassPathRegistry                                       : loaded 2 times (x 70B)
Class com.google.common.collect.Multimap                                              : loaded 2 times (x 70B)
Class com.google.common.primitives.IntsMethodsForWeb                                  : loaded 2 times (x 71B)
Class com.google.common.collect.ImmutableMultimap$Keys                                : loaded 2 times (x 166B)
Class com.google.common.reflect.Invokable$ConstructorInvokable                        : loaded 2 times (x 107B)
Class org.gradle.api.internal.DefaultClassPathRegistry                                : loaded 2 times (x 76B)
Class com.google.common.cache.RemovalListener                                         : loaded 2 times (x 70B)
Class com.google.common.collect.AbstractMapBasedMultimap$WrappedCollection$WrappedIterator: loaded 2 times (x 84B)
Class com.google.common.base.Present                                                  : loaded 2 times (x 81B)
Class com.google.common.cache.LocalCache$EntryFactory$6                               : loaded 2 times (x 83B)
Class org.gradle.internal.installation.CurrentGradleInstallationLocator               : loaded 2 times (x 71B)
Class com.google.common.collect.ImmutableMap$Builder                                  : loaded 2 times (x 82B)
Class com.google.common.util.concurrent.AbstractFuture$Cancellation                   : loaded 2 times (x 72B)
Class com.google.common.base.NullnessCasts                                            : loaded 2 times (x 71B)
Class com.google.common.io.Files$2                                                    : loaded 2 times (x 76B)
Class com.google.common.io.AppendableWriter                                           : loaded 2 times (x 100B)
Class com.google.common.cache.Cache                                                   : loaded 2 times (x 70B)
Class com.google.common.cache.LocalCache$Strength                                     : loaded 2 times (x 81B)
Class com.google.common.base.Stopwatch                                                : loaded 2 times (x 72B)
Class org.gradle.api.internal.classpath.UnknownModuleException                        : loaded 2 times (x 82B)
Class com.google.common.cache.Weigher                                                 : loaded 2 times (x 70B)
Class org.gradle.api.internal.classpath.Module                                        : loaded 2 times (x 70B)
Class com.google.common.collect.ImmutableMapEntrySet                                  : loaded 2 times (x 152B)
Class com.google.common.math.MathPreconditions                                        : loaded 2 times (x 71B)
Class com.google.common.collect.ArrayListMultimapGwtSerializationDependencies         : loaded 2 times (x 172B)
Class com.google.common.collect.Multiset                                              : loaded 2 times (x 70B)
Class com.google.common.collect.ObjectArrays                                          : loaded 2 times (x 71B)
Class sync_studio_tooling7_bs89qnfdkbvk29n0rok5ol0g2                                  : loaded 2 times (x 179B)
Class com.google.common.primitives.Ints                                               : loaded 2 times (x 71B)
Class com.google.common.reflect.Reflection                                            : loaded 2 times (x 71B)
Class com.android.ide.gradle.model.impl.GradlePluginModelImpl                         : loaded 2 times (x 76B)
Class com.google.common.collect.ImmutableMultimap$Builder                             : loaded 2 times (x 86B)
Class com.google.common.collect.Maps$KeySet                                           : loaded 2 times (x 137B)
Class com.google.common.cache.LocalCache$EntryFactory$7                               : loaded 2 times (x 83B)
Class com.google.common.collect.ImmutableSet$EmptySetBuilderImpl                      : loaded 2 times (x 76B)
Class org.gradle.internal.service.DefaultServiceLocator                               : loaded 2 times (x 83B)
Class org.gradle.api.internal.classpath.DefaultModuleRegistry$DefaultModule           : loaded 2 times (x 86B)
Class com.google.common.collect.BiMap                                                 : loaded 2 times (x 70B)
Class com.google.common.collect.ImmutableMap$1                                        : loaded 2 times (x 81B)
Class com.google.common.collect.IndexedImmutableSet                                   : loaded 2 times (x 152B)
Class org.objectweb.asm.FieldVisitor                                                  : loaded 2 times (x 77B)
Class com.google.common.base.Objects                                                  : loaded 2 times (x 71B)
Class org.gradle.internal.classloader.ClasspathUtil$1                                 : loaded 2 times (x 76B)
Class com.google.common.cache.CacheLoader$UnsupportedLoadingOperationException        : loaded 2 times (x 82B)
Class org.objectweb.asm.ClassWriter                                                   : loaded 2 times (x 106B)
Class com.google.common.collect.AbstractMapBasedMultimap$KeySet$1                     : loaded 2 times (x 82B)
Class org.gradle.internal.InternalTransformer                                         : loaded 2 times (x 70B)
Class org.gradle.kotlin.dsl.VersionCatalogAccessorsKt                                 : loaded 2 times (x 71B)
Class com.google.common.util.concurrent.UncheckedExecutionException                   : loaded 2 times (x 82B)
Class com.google.common.io.ByteSink$AsCharSink                                        : loaded 2 times (x 80B)
Class com.google.common.util.concurrent.AbstractFuture$Trusted                        : loaded 2 times (x 70B)
Class com.google.common.base.Optional                                                 : loaded 2 times (x 80B)
Class com.google.common.util.concurrent.AbstractFuture$UnsafeAtomicHelper$1           : loaded 2 times (x 76B)
Class com.google.common.cache.LocalCache$2                                            : loaded 2 times (x 142B)
Class com.google.common.collect.AbstractMultimap                                      : loaded 2 times (x 123B)
Class com.google.common.collect.Sets$ImprovedAbstractSet                              : loaded 2 times (x 135B)
Class com.google.common.reflect.TypeToken$SimpleTypeToken                             : loaded 2 times (x 73B)
Class com.google.common.collect.MapMakerInternalMap$AbstractStrongKeyEntry            : loaded 2 times (x 80B)
Class com.android.ide.gradle.model.dependencies.DeclaredDependenciesModelBuilder      : loaded 2 times (x 75B)
Class com.google.common.collect.Maps$EntrySet                                         : loaded 2 times (x 136B)
Class com.google.common.collect.ImmutableMultimap$EntryCollection                     : loaded 2 times (x 128B)
Class com.google.common.cache.LocalCache$EntryFactory$8                               : loaded 2 times (x 83B)
Class org.gradle.internal.installation.CurrentGradleInstallation                      : loaded 2 times (x 73B)
Class com.google.common.collect.AbstractMapEntry                                      : loaded 2 times (x 81B)
Class com.google.common.cache.LocalCache$1                                            : loaded 2 times (x 89B)
Class com.google.common.collect.SingletonImmutableBiMap                               : loaded 2 times (x 143B)
Class com.google.common.base.Ascii                                                    : loaded 2 times (x 71B)
Class org.gradle.internal.service.ServiceLocator                                      : loaded 2 times (x 70B)
Class [Lorg.objectweb.asm.Type;                                                       : loaded 2 times (x 69B)
Class com.google.common.collect.Platform                                              : loaded 2 times (x 71B)
Class com.google.common.base.MoreObjects                                              : loaded 2 times (x 71B)
Class com.google.common.collect.BaseImmutableMultimap                                 : loaded 2 times (x 123B)
Class com.google.common.collect.EmptyImmutableListMultimap                            : loaded 2 times (x 176B)
Class com.google.common.reflect.TypeResolver$TypeVariableKey                          : loaded 2 times (x 72B)
Class com.google.common.cache.CacheLoader$FunctionToCacheLoader                       : loaded 2 times (x 75B)
Class com.google.common.collect.ImmutableListMultimap                                 : loaded 2 times (x 176B)
Class com.google.common.reflect.Types$ParameterizedTypeImpl                           : loaded 2 times (x 81B)
Class com.android.ide.gradle.model.dependencies.DeclaredDependenciesImpl              : loaded 2 times (x 76B)
Class com.android.ide.gradle.model.composites.BuildMapImpl                            : loaded 2 times (x 75B)
Class org.gradle.internal.classloader.InstrumentingClassLoader                        : loaded 2 times (x 70B)
Class org.gradle.internal.classpath.TransformedClassPath                              : loaded 2 times (x 96B)
Class com.google.common.cache.CacheBuilder$NullListener                               : loaded 2 times (x 82B)
Class org.objectweb.asm.FieldWriter                                                   : loaded 2 times (x 78B)
Class com.google.common.reflect.Invokable                                             : loaded 2 times (x 103B)
Class com.google.common.cache.CacheLoader$1                                           : loaded 2 times (x 75B)
Class org.gradle.util.internal.GUtil                                                  : loaded 2 times (x 71B)
Class com.google.common.collect.MapMaker$Dummy                                        : loaded 2 times (x 79B)
Class com.android.ide.gradle.model.artifacts.builder.AdditionalClassifierArtifactsModelBuilder: loaded 2 times (x 79B)
Class com.google.common.collect.MapDifference                                         : loaded 2 times (x 70B)
Class com.google.common.cache.LocalCache$Strength$3                                   : loaded 2 times (x 81B)
Class com.google.common.base.Splitter$1                                               : loaded 2 times (x 77B)
Class com.google.common.collect.TransformedIterator                                   : loaded 2 times (x 80B)
Class com.google.common.collect.Interner                                              : loaded 2 times (x 70B)
Class com.google.common.collect.Interners$InternerImpl                                : loaded 2 times (x 75B)
Class com.google.common.cache.LocalCache$Strength$2                                   : loaded 2 times (x 81B)
Class com.google.common.util.concurrent.SettableFuture                                : loaded 2 times (x 114B)
Class com.google.common.reflect.Types$ClassOwnership$3                                : loaded 2 times (x 71B)
Class com.android.ide.gradle.model.impl.GradlePluginModelImpl$Companion               : loaded 2 times (x 71B)
Class com.google.common.cache.LocalCache$Strength$1                                   : loaded 2 times (x 81B)
Class org.objectweb.asm.ModuleVisitor                                                 : loaded 2 times (x 81B)
Class com.google.common.collect.Sets$4                                                : loaded 2 times (x 139B)
Class com.google.common.reflect.TypeResolver                                          : loaded 2 times (x 72B)
Class com.google.common.reflect.Types$ClassOwnership$2                                : loaded 2 times (x 80B)
Class com.google.common.collect.MapMakerInternalMap$StrongValueEntry                  : loaded 2 times (x 70B)
Class com.google.common.io.ByteSource                                                 : loaded 2 times (x 84B)
Class com.google.common.util.concurrent.AbstractFuture$SetFuture                      : loaded 2 times (x 75B)
Class com.google.common.cache.AbstractCache$StatsCounter                              : loaded 2 times (x 70B)
Class org.gradle.internal.service.UnknownServiceException                             : loaded 2 times (x 83B)
Class com.google.common.cache.LocalCache$LocalLoadingCache                            : loaded 2 times (x 134B)
Class com.google.common.util.concurrent.AbstractFuture$SafeAtomicHelper               : loaded 2 times (x 79B)
Class com.google.common.collect.Sets$3                                                : loaded 2 times (x 139B)
Class [Lorg.objectweb.asm.AnnotationVisitor;                                          : loaded 2 times (x 69B)
Class com.google.common.reflect.Types$ClassOwnership$1                                : loaded 2 times (x 80B)
Class com.google.common.base.AbstractIterator$State                                   : loaded 2 times (x 79B)
Class com.google.common.collect.MapMakerInternalMap$Strength$2                        : loaded 2 times (x 80B)
Class com.android.ide.gradle.model.builder.LegacyV1AgpVersionModelBuilder             : loaded 2 times (x 75B)
Class org.gradle.api.internal.ClassPathProvider                                       : loaded 2 times (x 70B)
Class [Lorg.gradle.api.internal.ClassPathProvider;                                    : loaded 2 times (x 69B)
Class com.google.common.collect.Sets$2                                                : loaded 2 times (x 139B)
Class com.google.common.collect.Maps$ViewCachingAbstractMap                           : loaded 2 times (x 125B)
Class com.google.common.collect.MapMakerInternalMap$Strength$1                        : loaded 2 times (x 80B)
Class org.gradle.api.internal.DefaultClassPathProvider                                : loaded 2 times (x 76B)
Class org.objectweb.asm.AnnotationVisitor                                             : loaded 2 times (x 78B)
Class com.google.common.collect.Sets$1                                                : loaded 2 times (x 139B)
Class com.google.common.io.LineBuffer                                                 : loaded 2 times (x 75B)
Class com.google.common.collect.MapMakerInternalMap$1                                 : loaded 2 times (x 83B)
Class com.google.common.reflect.Types$TypeVariableImpl                                : loaded 2 times (x 72B)
Class org.gradle.internal.installation.GradleInstallation                             : loaded 2 times (x 75B)
Class com.google.common.base.Splitter                                                 : loaded 2 times (x 72B)
Class com.google.common.collect.Iterators$EmptyModifiableIterator                     : loaded 2 times (x 86B)
Class com.google.common.collect.ImmutableEnumMap                                      : loaded 2 times (x 126B)
Class com.google.common.collect.ListMultimap                                          : loaded 2 times (x 70B)
Class org.gradle.api.internal.classpath.EffectiveClassPath                            : loaded 2 times (x 90B)
Class [Lcom.google.common.collect.ImmutableMapEntry;                                  : loaded 2 times (x 69B)
Class com.android.ide.gradle.model.builder.GradlePluginModelBuilder                   : loaded 2 times (x 75B)
Class org.gradle.internal.classloader.ClassLoaderVisitor                              : loaded 2 times (x 76B)
Class com.google.common.base.CharMatcher$None                                         : loaded 2 times (x 112B)
Class org.gradle.internal.classloader.DefaultClassLoaderFactory                       : loaded 2 times (x 82B)
Class com.google.common.base.Suppliers                                                : loaded 2 times (x 71B)
Class [Lcom.google.common.cache.CacheBuilder$OneWeigher;                              : loaded 2 times (x 69B)
Class org.objectweb.asm.MethodTooLargeException                                       : loaded 2 times (x 83B)
Class com.google.common.base.Platform$JdkPatternCompiler                              : loaded 2 times (x 75B)
Class com.google.common.base.Splitter$Strategy                                        : loaded 2 times (x 70B)
Class com.google.common.collect.Iterables                                             : loaded 2 times (x 71B)
Class com.google.common.collect.MapMakerInternalMap$Strength                          : loaded 2 times (x 80B)
Class com.google.common.collect.MapMakerInternalMap$StrongKeyDummyValueEntry$LinkedStrongKeyDummyValueEntry: loaded 2 times (x 82B)
Class org.objectweb.asm.ClassVisitor                                                  : loaded 2 times (x 88B)
Class [Lorg.objectweb.asm.Symbol;                                                     : loaded 2 times (x 69B)
Class com.google.common.reflect.TypeCapture                                           : loaded 2 times (x 71B)
Class com.google.common.collect.TransformedListIterator                               : loaded 2 times (x 93B)
Class com.google.common.collect.ImmutableMap$MapViewOfValuesAsSingletonSets           : loaded 2 times (x 126B)
Class com.google.common.collect.RegularImmutableMap                                   : loaded 2 times (x 121B)
Class org.gradle.api.internal.classpath.ManifestUtil                                  : loaded 2 times (x 71B)
Class com.google.common.util.concurrent.ExecutionError                                : loaded 2 times (x 82B)
Class com.google.common.collect.ImmutableEnumSet                                      : loaded 2 times (x 146B)
Class com.google.common.collect.AbstractMapBasedMultimap$WrappedCollection            : loaded 2 times (x 124B)
Class org.gradle.internal.classloader.ClassLoaderHierarchy                            : loaded 2 times (x 70B)
Class [Lcom.google.common.base.AbstractIterator$State;                                : loaded 2 times (x 69B)
Class com.google.common.io.FileWriteMode                                              : loaded 2 times (x 79B)
Class [Lcom.google.common.collect.MapMakerInternalMap$Segment;                        : loaded 2 times (x 69B)
Class org.gradle.internal.classloader.FilteringClassLoader                            : loaded 2 times (x 105B)
Class com.google.common.collect.RegularImmutableMap$KeySet                            : loaded 2 times (x 152B)
Class com.google.common.base.Equivalence$Identity                                     : loaded 2 times (x 82B)
Class com.google.common.base.PairwiseEquivalence                                      : loaded 2 times (x 83B)
Class com.google.common.io.LineReader                                                 : loaded 2 times (x 72B)
Class com.android.ide.gradle.model.builder.AndroidStudioToolingPluginKt               : loaded 2 times (x 71B)
Class com.google.common.cache.LoadingCache                                            : loaded 2 times (x 70B)

---------------  S Y S T E M  ---------------

OS:
 Windows 11 , 64 bit Build 26100 (10.0.26100.4768)
OS uptime: 8 days 4:50 hours
Hyper-V role detected

CPU: total 28 (initial active 28) (14 cores per cpu, 2 threads per core) family 6 model 183 stepping 1 microcode 0x12b, cx8, cmov, fxsr, ht, mmx, 3dnowpref, sse, sse2, sse3, ssse3, sse4.1, sse4.2, popcnt, lzcnt, tsc, tscinvbit, avx, avx2, aes, erms, clmul, bmi1, bmi2, adx, sha, fma, vzeroupper, clflush, clflushopt, clwb, hv, serialize, rdtscp, rdpid, fsrm, f16c, cet_ibt, cet_ss
Processor Information for the first 28 processors :
  Max Mhz: 2100, Current Mhz: 2100, Mhz Limit: 2100

Memory: 4k page, system-wide physical 16039M (2973M free)
TotalPageFile size 65191M (AvailPageFile size 7M)
current process WorkingSet (physical memory assigned to process): 838M, peak: 842M
current process commit charge ("private bytes"): 961M, peak: 963M

vm_info: OpenJDK 64-Bit Server VM (21.0.8+-14196175-b1038.72) for windows-amd64 JRE (21.0.8+-14196175-b1038.72), built on 2025-10-01T10:24:33Z by "builder" with MS VC++ 16.10 / 16.11 (VS2019)

END.
