#
# There is insufficient memory for the Java Runtime Environment to continue.
# Native memory allocation (mmap) failed to map 44040192 bytes. Error detail: G1 virtual space
# Possible reasons:
#   The system is out of physical RAM or swap space
#   This process is running with CompressedOops enabled, and the Java Heap may be blocking the growth of the native heap
# Possible solutions:
#   Reduce memory load on the system
#   Increase physical memory or swap space
#   Check if swap backing store is full
#   Decrease Java heap size (-Xmx/-Xms)
#   Decrease number of Java threads
#   Decrease Java thread stack sizes (-Xss)
#   Set larger code cache with -XX:ReservedCodeCacheSize=
#   JVM is running with Unscaled Compressed Oops mode in which the Java heap is
#     placed in the first 4GB address space. The Java Heap base address is the
#     maximum limit for the native heap growth. Please use -XX:HeapBaseMinAddress
#     to set the Java Heap base and to place the Java Heap above 4GB virtual address.
# This output file may be truncated or incomplete.
#
#  Out of Memory Error (os_windows.cpp:3925), pid=25940, tid=20832
#
# JRE version: OpenJDK Runtime Environment (21.0.8) (build 21.0.8+-14196175-b1038.72)
# Java VM: OpenJDK 64-Bit Server VM (21.0.8+-14196175-b1038.72, mixed mode, tiered, compressed oops, compressed class ptrs, g1 gc, windows-amd64)
# No core dump will be written. Minidumps are not enabled by default on client versions of Windows
#

---------------  S U M M A R Y ------------

Command Line: --add-opens=java.base/java.lang=ALL-UNNAMED --add-opens=java.base/java.lang.invoke=ALL-UNNAMED --add-opens=java.base/java.util=ALL-UNNAMED --add-opens=java.prefs/java.util.prefs=ALL-UNNAMED --add-exports=jdk.compiler/com.sun.tools.javac.api=ALL-UNNAMED --add-exports=jdk.compiler/com.sun.tools.javac.util=ALL-UNNAMED --add-opens=java.base/java.util=ALL-UNNAMED --add-opens=java.prefs/java.util.prefs=ALL-UNNAMED --add-opens=java.base/java.nio.charset=ALL-UNNAMED --add-opens=java.base/java.net=ALL-UNNAMED --add-opens=java.base/java.util.concurrent.atomic=ALL-UNNAMED --add-opens=java.xml/javax.xml.namespace=ALL-UNNAMED -Xmx2048m -Dfile.encoding=UTF-8 -Duser.country=KR -Duser.language=ko -Duser.variant -javaagent:C:\Users\COMPUTER\.gradle\wrapper\dists\gradle-8.13-bin\5xuhj0ry160q40clulazy9h7d\gradle-8.13\lib\agents\gradle-instrumentation-agent-8.13.jar org.gradle.launcher.daemon.bootstrap.GradleDaemon 8.13

Host: Intel(R) Core(TM) i7-14700, 28 cores, 15G,  Windows 11 , 64 bit Build 26100 (10.0.26100.4768)
Time: Fri Nov 14 11:09:32 2025 elapsed time: 56.434336 seconds (0d 0h 0m 56s)

---------------  T H R E A D  ---------------

Current thread (0x0000024e17ecb650):  VMThread "VM Thread"          [id=20832, stack(0x000000e574a00000,0x000000e574b00000) (1024K)]

Stack: [0x000000e574a00000,0x000000e574b00000]
Native frames: (J=compiled Java code, j=interpreted, Vv=VM code, C=native code)
V  [jvm.dll+0x6d68d9]
V  [jvm.dll+0x866693]
V  [jvm.dll+0x868c4e]
V  [jvm.dll+0x869333]
V  [jvm.dll+0x280566]
V  [jvm.dll+0x6d3195]
V  [jvm.dll+0x6c69ea]
V  [jvm.dll+0x3586db]
V  [jvm.dll+0x360336]
V  [jvm.dll+0x3b23f6]
V  [jvm.dll+0x3b26c8]
V  [jvm.dll+0x32ae6c]
V  [jvm.dll+0x32d806]
V  [jvm.dll+0x3376dd]
V  [jvm.dll+0x36ee15]
V  [jvm.dll+0x86f0b8]
V  [jvm.dll+0x870434]
V  [jvm.dll+0x870970]
V  [jvm.dll+0x870c03]
V  [jvm.dll+0x80eac8]
V  [jvm.dll+0x6d512d]
C  [ucrtbase.dll+0x37b0]
C  [KERNEL32.DLL+0x2e8d7]
C  [ntdll.dll+0x3c34c]

VM_Operation (0x000000e5745ff540): G1PauseRemark, mode: safepoint, requested by thread 0x0000024e7ebb9ac0


---------------  P R O C E S S  ---------------

Threads class SMR info:
_java_thread_list=0x0000024e20b2a310, length=382, elements={
0x0000024e7eb4b7c0, 0x0000024e17f12fe0, 0x0000024e17f537c0, 0x0000024e17f54320,
0x0000024e17ef1100, 0x0000024e17f6e500, 0x0000024e17f76b80, 0x0000024e17f775e0,
0x0000024e17f79380, 0x0000024e17f7db80, 0x0000024e183fac10, 0x0000024e1e4b9e50,
0x0000024e1e4af4b0, 0x0000024e1e9c0410, 0x0000024e1e7721b0, 0x0000024e1e5c6fc0,
0x0000024e1e5c8370, 0x0000024e1e5c5580, 0x0000024e1e5c5c10, 0x0000024e222aacd0,
0x0000024e222ad430, 0x0000024e222ae7e0, 0x0000024e222adac0, 0x0000024e222ae150,
0x0000024e222ac080, 0x0000024e222ab360, 0x0000024e222aee70, 0x0000024e222ac710,
0x0000024e222ab9f0, 0x0000024e222af500, 0x0000024e222b22f0, 0x0000024e222b08b0,
0x0000024e222afb90, 0x0000024e222b0220, 0x0000024e222b15d0, 0x0000024e222b0f40,
0x0000024e222b1c60, 0x0000024e2202e350, 0x0000024e2202bbf0, 0x0000024e2202d630,
0x0000024e2202dcc0, 0x0000024e2202cfa0, 0x0000024e2202c280, 0x0000024e2202fd90,
0x0000024e2202f070, 0x0000024e2202e9e0, 0x0000024e2003bfb0, 0x0000024e2003d360,
0x0000024e23c3f910, 0x0000024e251a68d0, 0x0000024e251a89a0, 0x0000024e23fb0e50,
0x0000024e23fb0130, 0x0000024e23fafaa0, 0x0000024e23fb07c0, 0x0000024e23fb14e0,
0x0000024e23fb2200, 0x0000024e23faed80, 0x0000024e23fb2890, 0x0000024e23faf410,
0x0000024e23fb63a0, 0x0000024e23fb4ff0, 0x0000024e23fb2f20, 0x0000024e23fb5d10,
0x0000024e23fb5680, 0x0000024e23fb6a30, 0x0000024e23fb42d0, 0x0000024e23fb4960,
0x0000024e22ed4980, 0x0000024e23fb70c0, 0x0000024e23fb3c40, 0x0000024e23fb9eb0,
0x0000024e23fba540, 0x0000024e23fb9820, 0x0000024e22ed42b0, 0x0000024e22ed1300,
0x0000024e23fb7de0, 0x0000024e23fbabd0, 0x0000024e23fb7750, 0x0000024e23fbb260,
0x0000024e23fb8470, 0x0000024e23fbb8f0, 0x0000024e23fbbf80, 0x0000024e23fb8b00,
0x0000024e23fbc610, 0x0000024e23fb9190, 0x0000024e23fbcca0, 0x0000024e23fbfa90,
0x0000024e23fbd330, 0x0000024e23fbd9c0, 0x0000024e23fc07b0, 0x0000024e23fbf400,
0x0000024e23fc0120, 0x0000024e23fc0e40, 0x0000024e23fc14d0, 0x0000024e23fbe050,
0x0000024e23fc1b60, 0x0000024e23fbed70, 0x0000024e23fbe6e0, 0x0000024e23fc21f0,
0x0000024e23fc2880, 0x0000024e23fc35a0, 0x0000024e23fc4fe0, 0x0000024e22ed5df0,
0x0000024e23fc3c30, 0x0000024e23fc5d00, 0x0000024e23fc4950, 0x0000024e23fc5670,
0x0000024e23fc6390, 0x0000024e23fc2f10, 0x0000024e23fc6a20, 0x0000024e23fc70b0,
0x0000024e23fc7740, 0x0000024e23fc8460, 0x0000024e23fcbf70, 0x0000024e23fcabc0,
0x0000024e23fc9ea0, 0x0000024e23fcc600, 0x0000024e23fcb8e0, 0x0000024e23fc9180,
0x0000024e23fccc90, 0x0000024e23fca530, 0x0000024e23fcb250, 0x0000024e23fc9810,
0x0000024e23fcd9b0, 0x0000024e23fce040, 0x0000024e23fcd320, 0x0000024e240460f0,
0x0000024e24043300, 0x0000024e240453d0, 0x0000024e24043990, 0x0000024e22ed64c0,
0x0000024e22ed6b90, 0x0000024e23acfe40, 0x0000024e24045a60, 0x0000024e240474a0,
0x0000024e2534e640, 0x0000024e2534ecd0, 0x0000024e2534f360, 0x0000024e2534bee0,
0x0000024e2534f9f0, 0x0000024e2534c570, 0x0000024e25352e70, 0x0000024e25351430,
0x0000024e25353b90, 0x0000024e25350710, 0x0000024e25355c60, 0x0000024e25356980,
0x0000024e25354f40, 0x0000024e253555d0, 0x0000024e253562f0, 0x0000024e25357010,
0x0000024e253576a0, 0x0000024e25354220, 0x0000024e253548b0, 0x0000024e253583c0,
0x0000024e2535ab20, 0x0000024e2535b1b0, 0x0000024e25357d30, 0x0000024e25358a50,
0x0000024e253590e0, 0x0000024e25359770, 0x0000024e24046e10, 0x0000024e240446b0,
0x0000024e24049570, 0x0000024e24048850, 0x0000024e2404afb0, 0x0000024e24049c00,
0x0000024e2404a290, 0x0000024e24048ee0, 0x0000024e2404b640, 0x0000024e240481c0,
0x0000024e2404c9f0, 0x0000024e2404f150, 0x0000024e2404c360, 0x0000024e2404bcd0,
0x0000024e24050500, 0x0000024e2404d710, 0x0000024e2404d080, 0x0000024e2404eac0,
0x0000024e2404f7e0, 0x0000024e2404dda0, 0x0000024e24050b90, 0x0000024e2404fe70,
0x0000024e240518b0, 0x0000024e2404e430, 0x0000024e24051f40, 0x0000024e23dffb50,
0x0000024e23dfc6d0, 0x0000024e23e02fd0, 0x0000024e23e01c20, 0x0000024e23e022b0,
0x0000024e23e03660, 0x0000024e23e001e0, 0x0000024e23e04a10, 0x0000024e23e05dc0,
0x0000024e23e04380, 0x0000024e23e050a0, 0x0000024e23e05730, 0x0000024e23e03cf0,
0x0000024e23e06450, 0x0000024e23e07170, 0x0000024e23e07e90, 0x0000024e23e09240,
0x0000024e23e07800, 0x0000024e23e08bb0, 0x0000024e2003c640, 0x0000024e2003ac00,
0x0000024e20039ee0, 0x0000024e2003d9f0, 0x0000024e2003a570, 0x0000024e2003b920,
0x0000024e2003e080, 0x0000024e2003b290, 0x0000024e2003e710, 0x0000024e2003f430,
0x0000024e2003eda0, 0x0000024e2003fac0, 0x0000024e20040150, 0x0000024e2003ccd0,
0x0000024e200407e0, 0x0000024e20040e70, 0x0000024e20041500, 0x0000024e23c41350,
0x0000024e23c40630, 0x0000024e23c3ded0, 0x0000024e23c419e0, 0x0000024e23c40cc0,
0x0000024e23c3e560, 0x0000024e23c3ebf0, 0x0000024e23c42070, 0x0000024e23c42700,
0x0000024e23c3f280, 0x0000024e23c42d90, 0x0000024e23c44140, 0x0000024e23c43420,
0x0000024e23c447d0, 0x0000024e23c43ab0, 0x0000024e251a2730, 0x0000024e251a6240,
0x0000024e251a5520, 0x0000024e251a6f60, 0x0000024e251a75f0, 0x0000024e251a8310,
0x0000024e251a4e90, 0x0000024e251a9d50, 0x0000024e22031e60, 0x0000024e22032b80,
0x0000024e220324f0, 0x0000024e2202f700, 0x0000024e22033210, 0x0000024e1e5c7650,
0x0000024e1e5c4ef0, 0x0000024e1e5c6930, 0x0000024e1e5c7ce0, 0x0000024e222acda0,
0x0000024e23e06ae0, 0x0000024e24c87410, 0x0000024e24c88130, 0x0000024e24c86060,
0x0000024e24c887c0, 0x0000024e24c88e50, 0x0000024e24c894e0, 0x0000024e24c87aa0,
0x0000024e24c89b70, 0x0000024e24c866f0, 0x0000024e24c8a200, 0x0000024e24c86d80,
0x0000024e24c8dd10, 0x0000024e24c8bc40, 0x0000024e24c8c2d0, 0x0000024e24c8c960,
0x0000024e24c8cff0, 0x0000024e24c8a890, 0x0000024e24c8e3a0, 0x0000024e24c8d680,
0x0000024e24c8af20, 0x0000024e24c8ea30, 0x0000024e24c8b5b0, 0x0000024e24c90b00,
0x0000024e24c91eb0, 0x0000024e24c91190, 0x0000024e24c8f750, 0x0000024e24c8fde0,
0x0000024e24c91820, 0x0000024e24c90470, 0x0000024e24c92540, 0x0000024e24c8f0c0,
0x0000024e24c95330, 0x0000024e24c92bd0, 0x0000024e24c93f80, 0x0000024e24c93260,
0x0000024e24c938f0, 0x0000024e24c94610, 0x0000024e24c94ca0, 0x0000024e2e694000,
0x0000024e2e694690, 0x0000024e2e694d20, 0x0000024e2e696760, 0x0000024e2e6932e0,
0x0000024e2e6953b0, 0x0000024e2e693970, 0x0000024e2e696df0, 0x0000024e2e699550,
0x0000024e2e69a270, 0x0000024e2e699be0, 0x0000024e2e69a900, 0x0000024e2e698ec0,
0x0000024e2e697480, 0x0000024e2e697b10, 0x0000024e2e698830, 0x0000024e2e69b620,
0x0000024e2e69af90, 0x0000024e2e6981a0, 0x0000024e2e69eaa0, 0x0000024e2e69e410,
0x0000024e2e69dd80, 0x0000024e2e69f130, 0x0000024e2e69bcb0, 0x0000024e2e69f7c0,
0x0000024e2e69d060, 0x0000024e2e69c9d0, 0x0000024e2e69c340, 0x0000024e2e6a04e0,
0x0000024e2e69fe50, 0x0000024e2e6a0b70, 0x0000024e2e69d6f0, 0x0000024e2e6a1200,
0x0000024e2e6a1890, 0x0000024e2e6a1f20, 0x0000024e2e6a3960, 0x0000024e2e6a4680,
0x0000024e2e6a3ff0, 0x0000024e2e6a53a0, 0x0000024e2e6a32d0, 0x0000024e2e6a5a30,
0x0000024e2e6a25b0, 0x0000024e2e6a4d10, 0x0000024e2e6a60c0, 0x0000024e2e6a2c40,
0x0000024e2e6a6de0, 0x0000024e2e6a8eb0, 0x0000024e2e6a8820, 0x0000024e2e6a9540,
0x0000024e2e6a9bd0, 0x0000024e2e6a8190, 0x0000024e2e6a6750, 0x0000024e2e6aa260,
0x0000024e2e6aa8f0, 0x0000024e2e6a7470, 0x0000024e2e6aaf80, 0x0000024e2e6a7b00,
0x0000024e2e6ac330, 0x0000024e2e6ac9c0, 0x0000024e2e6ab610, 0x0000024e2e6ad050,
0x0000024e2e6abca0, 0x0000024e2e6add70, 0x0000024e2e6b0b60, 0x0000024e2e6b04d0,
0x0000024e2e6af7b0, 0x0000024e2e6afe40, 0x0000024e2e6aea90, 0x0000024e2e6ae400,
0x0000024e2e6af120, 0x0000024e2e6ad6e0, 0x0000024e2e6b11f0, 0x0000024e2e6b1880,
0x0000024e2e6b1f10, 0x0000024e2e6b25a0, 0x0000024e2e5f1600, 0x0000024e2e5f08e0,
0x0000024e2e5f0250, 0x0000024e2e5f43f0, 0x0000024e2e5f1c90, 0x0000024e2e5f2320,
0x0000024e2e5f0f70, 0x0000024e2e5f4a80, 0x0000024e2e5f5110, 0x0000024e2e5f57a0,
0x0000024e2e5f5e30, 0x0000024e2e5f29b0
}

Java Threads: ( => current thread )
  0x0000024e7eb4b7c0 JavaThread "main"                              [_thread_blocked, id=1944, stack(0x000000e574300000,0x000000e574400000) (1024K)]
  0x0000024e17f12fe0 JavaThread "Common-Cleaner"             daemon [_thread_blocked, id=15764, stack(0x000000e574b00000,0x000000e574c00000) (1024K)]
  0x0000024e17f537c0 JavaThread "Reference Handler"          daemon [_thread_blocked, id=2908, stack(0x000000e574c00000,0x000000e574d00000) (1024K)]
  0x0000024e17f54320 JavaThread "Finalizer"                  daemon [_thread_blocked, id=21852, stack(0x000000e574d00000,0x000000e574e00000) (1024K)]
  0x0000024e17ef1100 JavaThread "Signal Dispatcher"          daemon [_thread_blocked, id=20876, stack(0x000000e574e00000,0x000000e574f00000) (1024K)]
  0x0000024e17f6e500 JavaThread "Attach Listener"            daemon [_thread_blocked, id=3828, stack(0x000000e574f00000,0x000000e575000000) (1024K)]
  0x0000024e17f76b80 JavaThread "Service Thread"             daemon [_thread_blocked, id=13384, stack(0x000000e575000000,0x000000e575100000) (1024K)]
  0x0000024e17f775e0 JavaThread "Monitor Deflation Thread"   daemon [_thread_blocked, id=3200, stack(0x000000e575100000,0x000000e575200000) (1024K)]
  0x0000024e17f79380 JavaThread "C2 CompilerThread0"         daemon [_thread_blocked, id=26512, stack(0x000000e575200000,0x000000e575300000) (1024K)]
  0x0000024e17f7db80 JavaThread "C1 CompilerThread0"         daemon [_thread_blocked, id=22548, stack(0x000000e575300000,0x000000e575400000) (1024K)]
  0x0000024e183fac10 JavaThread "Notification Thread"        daemon [_thread_blocked, id=22316, stack(0x000000e575600000,0x000000e575700000) (1024K)]
  0x0000024e1e4b9e50 JavaThread "Daemon health stats"               [_thread_blocked, id=23244, stack(0x000000e576000000,0x000000e576100000) (1024K)]
  0x0000024e1e4af4b0 JavaThread "Incoming local TCP Connector on port 58775"        [_thread_in_native, id=18160, stack(0x000000e576400000,0x000000e576500000) (1024K)]
  0x0000024e1e9c0410 JavaThread "Daemon periodic checks"            [_thread_blocked, id=21832, stack(0x000000e576500000,0x000000e576600000) (1024K)]
  0x0000024e1e7721b0 JavaThread "Daemon"                            [_thread_blocked, id=5284, stack(0x000000e576600000,0x000000e576700000) (1024K)]
  0x0000024e1e5c6fc0 JavaThread "Daemon worker"                     [_thread_blocked, id=2512, stack(0x000000e576900000,0x000000e576a00000) (1024K)]
  0x0000024e1e5c8370 JavaThread "Cache worker for journal cache (C:\Users\COMPUTER\.gradle\caches\journal-1)"        [_thread_blocked, id=22772, stack(0x000000e577800000,0x000000e577900000) (1024K)]
  0x0000024e1e5c5580 JavaThread "File lock request listener"        [_thread_in_native, id=17132, stack(0x000000e577900000,0x000000e577a00000) (1024K)]
  0x0000024e1e5c5c10 JavaThread "Cache worker for file hash cache (C:\Users\COMPUTER\.gradle\caches\8.13\fileHashes)"        [_thread_blocked, id=21696, stack(0x000000e577a00000,0x000000e577b00000) (1024K)]
  0x0000024e222aacd0 JavaThread "File watcher server"        daemon [_thread_blocked, id=9628, stack(0x000000e578100000,0x000000e578200000) (1024K)]
  0x0000024e222ad430 JavaThread "File watcher consumer"      daemon [_thread_blocked, id=26432, stack(0x000000e578200000,0x000000e578300000) (1024K)]
  0x0000024e222ae7e0 JavaThread "jar transforms"                    [_thread_blocked, id=15548, stack(0x000000e578300000,0x000000e578400000) (1024K)]
  0x0000024e222adac0 JavaThread "jar transforms Thread 2"           [_thread_blocked, id=6336, stack(0x000000e578400000,0x000000e578500000) (1024K)]
  0x0000024e222ae150 JavaThread "jar transforms Thread 3"           [_thread_blocked, id=19936, stack(0x000000e578500000,0x000000e578600000) (1024K)]
  0x0000024e222ac080 JavaThread "jar transforms Thread 4"           [_thread_blocked, id=3784, stack(0x000000e578600000,0x000000e578700000) (1024K)]
  0x0000024e222ab360 JavaThread "jar transforms Thread 5"           [_thread_blocked, id=6764, stack(0x000000e578700000,0x000000e578800000) (1024K)]
  0x0000024e222aee70 JavaThread "jar transforms Thread 6"           [_thread_blocked, id=19560, stack(0x000000e578800000,0x000000e578900000) (1024K)]
  0x0000024e222ac710 JavaThread "jar transforms Thread 7"           [_thread_blocked, id=9188, stack(0x000000e578900000,0x000000e578a00000) (1024K)]
  0x0000024e222ab9f0 JavaThread "jar transforms Thread 8"           [_thread_blocked, id=22704, stack(0x000000e578a00000,0x000000e578b00000) (1024K)]
  0x0000024e222af500 JavaThread "jar transforms Thread 9"           [_thread_blocked, id=20684, stack(0x000000e578b00000,0x000000e578c00000) (1024K)]
  0x0000024e222b22f0 JavaThread "jar transforms Thread 10"          [_thread_blocked, id=21952, stack(0x000000e578c00000,0x000000e578d00000) (1024K)]
  0x0000024e222b08b0 JavaThread "jar transforms Thread 11"          [_thread_blocked, id=24260, stack(0x000000e578d00000,0x000000e578e00000) (1024K)]
  0x0000024e222afb90 JavaThread "jar transforms Thread 12"          [_thread_blocked, id=7588, stack(0x000000e578e00000,0x000000e578f00000) (1024K)]
  0x0000024e222b0220 JavaThread "jar transforms Thread 13"          [_thread_blocked, id=8140, stack(0x000000e578f00000,0x000000e579000000) (1024K)]
  0x0000024e222b15d0 JavaThread "jar transforms Thread 14"          [_thread_blocked, id=20516, stack(0x000000e579000000,0x000000e579100000) (1024K)]
  0x0000024e222b0f40 JavaThread "jar transforms Thread 15"          [_thread_blocked, id=24880, stack(0x000000e579100000,0x000000e579200000) (1024K)]
  0x0000024e222b1c60 JavaThread "jar transforms Thread 16"          [_thread_blocked, id=15868, stack(0x000000e579200000,0x000000e579300000) (1024K)]
  0x0000024e2202e350 JavaThread "jar transforms Thread 17"          [_thread_blocked, id=21412, stack(0x000000e579300000,0x000000e579400000) (1024K)]
  0x0000024e2202bbf0 JavaThread "jar transforms Thread 18"          [_thread_blocked, id=21792, stack(0x000000e579400000,0x000000e579500000) (1024K)]
  0x0000024e2202d630 JavaThread "jar transforms Thread 19"          [_thread_blocked, id=16276, stack(0x000000e579500000,0x000000e579600000) (1024K)]
  0x0000024e2202dcc0 JavaThread "jar transforms Thread 20"          [_thread_blocked, id=996, stack(0x000000e579600000,0x000000e579700000) (1024K)]
  0x0000024e2202cfa0 JavaThread "jar transforms Thread 21"          [_thread_blocked, id=22100, stack(0x000000e579700000,0x000000e579800000) (1024K)]
  0x0000024e2202c280 JavaThread "jar transforms Thread 22"          [_thread_blocked, id=8892, stack(0x000000e579800000,0x000000e579900000) (1024K)]
  0x0000024e2202fd90 JavaThread "jar transforms Thread 23"          [_thread_blocked, id=14712, stack(0x000000e579900000,0x000000e579a00000) (1024K)]
  0x0000024e2202f070 JavaThread "Cache worker for file content cache (C:\Users\COMPUTER\.gradle\caches\8.13\fileContent)"        [_thread_blocked, id=6112, stack(0x000000e579c00000,0x000000e579d00000) (1024K)]
  0x0000024e2202e9e0 JavaThread "jar transforms Thread 24"          [_thread_blocked, id=21608, stack(0x000000e579d00000,0x000000e579e00000) (1024K)]
  0x0000024e2003bfb0 JavaThread "jar transforms Thread 25"          [_thread_blocked, id=24232, stack(0x000000e57a400000,0x000000e57a500000) (1024K)]
  0x0000024e2003d360 JavaThread "jar transforms Thread 26"          [_thread_blocked, id=20036, stack(0x000000e57a500000,0x000000e57a600000) (1024K)]
  0x0000024e23c3f910 JavaThread "jar transforms Thread 27"          [_thread_blocked, id=7456, stack(0x000000e57b700000,0x000000e57b800000) (1024K)]
  0x0000024e251a68d0 JavaThread "Memory manager"                    [_thread_blocked, id=9416, stack(0x000000e500800000,0x000000e500900000) (1024K)]
  0x0000024e251a89a0 JavaThread "included builds"                   [_thread_blocked, id=14632, stack(0x000000e500a00000,0x000000e500b00000) (1024K)]
  0x0000024e23fb0e50 JavaThread "VFS cleanup"                       [_thread_blocked, id=22544, stack(0x000000e500000000,0x000000e500100000) (1024K)]
  0x0000024e23fb0130 JavaThread "Handler for socket connection from /127.0.0.1:58775 to /127.0.0.1:58799"        [_thread_in_native, id=25984, stack(0x000000e500300000,0x000000e500400000) (1024K)]
  0x0000024e23fafaa0 JavaThread "Cancel handler"                    [_thread_blocked, id=15456, stack(0x000000e500400000,0x000000e500500000) (1024K)]
  0x0000024e23fb07c0 JavaThread "Asynchronous log dispatcher for DefaultDaemonConnection: socket connection from /127.0.0.1:58775 to /127.0.0.1:58799"        [_thread_blocked, id=6440, stack(0x000000e500500000,0x000000e500600000) (1024K)]
  0x0000024e23fb14e0 JavaThread "Stdin handler"                     [_thread_blocked, id=23564, stack(0x000000e500600000,0x000000e500700000) (1024K)]
  0x0000024e23fb2200 JavaThread "Daemon client event forwarder"        [_thread_blocked, id=21764, stack(0x000000e500700000,0x000000e500800000) (1024K)]
  0x0000024e23faed80 JavaThread "Cache worker for file hash cache (D:\project_1.4v\.gradle\8.13\fileHashes)"        [_thread_blocked, id=16328, stack(0x000000e500900000,0x000000e500a00000) (1024K)]
  0x0000024e23fb2890 JavaThread "Cache worker for Build Output Cleanup Cache (D:\project_1.4v\.gradle\buildOutputCleanup)"        [_thread_blocked, id=26440, stack(0x000000e500b00000,0x000000e500c00000) (1024K)]
  0x0000024e23faf410 JavaThread "Cache worker for checksums cache (D:\project_1.4v\.gradle\8.13\checksums)"        [_thread_blocked, id=2252, stack(0x000000e500c00000,0x000000e500d00000) (1024K)]
  0x0000024e23fb63a0 JavaThread "jar transforms Thread 28"          [_thread_blocked, id=14428, stack(0x000000e500e00000,0x000000e500f00000) (1024K)]
  0x0000024e23fb4ff0 JavaThread "Cache worker for cache directory md-supplier (C:\Users\COMPUTER\.gradle\caches\8.13\md-supplier)"        [_thread_blocked, id=13028, stack(0x000000e500f00000,0x000000e501000000) (1024K)]
  0x0000024e23fb2f20 JavaThread "Cache worker for cache directory md-rule (C:\Users\COMPUTER\.gradle\caches\8.13\md-rule)"        [_thread_blocked, id=23636, stack(0x000000e501000000,0x000000e501100000) (1024K)]
  0x0000024e23fb5d10 JavaThread "Unconstrained build operations"        [_thread_blocked, id=18624, stack(0x000000e500d00000,0x000000e500e00000) (1024K)]
  0x0000024e23fb5680 JavaThread "Unconstrained build operations Thread 2"        [_thread_blocked, id=3048, stack(0x000000e501100000,0x000000e501200000) (1024K)]
  0x0000024e23fb6a30 JavaThread "Unconstrained build operations Thread 3"        [_thread_blocked, id=7880, stack(0x000000e501200000,0x000000e501300000) (1024K)]
  0x0000024e23fb42d0 JavaThread "Unconstrained build operations Thread 4"        [_thread_blocked, id=9160, stack(0x000000e501300000,0x000000e501400000) (1024K)]
  0x0000024e23fb4960 JavaThread "Unconstrained build operations Thread 5"        [_thread_blocked, id=15124, stack(0x000000e501400000,0x000000e501500000) (1024K)]
  0x0000024e22ed4980 JavaThread "C1 CompilerThread1"         daemon [_thread_blocked, id=17372, stack(0x000000e501500000,0x000000e501600000) (1024K)]
  0x0000024e23fb70c0 JavaThread "Unconstrained build operations Thread 6"        [_thread_blocked, id=20796, stack(0x000000e501600000,0x000000e501700000) (1024K)]
  0x0000024e23fb3c40 JavaThread "Unconstrained build operations Thread 7"        [_thread_blocked, id=6352, stack(0x000000e501700000,0x000000e501800000) (1024K)]
  0x0000024e23fb9eb0 JavaThread "Unconstrained build operations Thread 8"        [_thread_blocked, id=16204, stack(0x000000e501800000,0x000000e501900000) (1024K)]
  0x0000024e23fba540 JavaThread "Unconstrained build operations Thread 9"        [_thread_blocked, id=12140, stack(0x000000e501900000,0x000000e501a00000) (1024K)]
  0x0000024e23fb9820 JavaThread "Unconstrained build operations Thread 10"        [_thread_blocked, id=13020, stack(0x000000e501a00000,0x000000e501b00000) (1024K)]
  0x0000024e22ed42b0 JavaThread "C2 CompilerThread1"         daemon [_thread_blocked, id=18832, stack(0x000000e501b00000,0x000000e501c00000) (1024K)]
  0x0000024e22ed1300 JavaThread "C2 CompilerThread2"         daemon [_thread_blocked, id=2008, stack(0x000000e501c00000,0x000000e501d00000) (1024K)]
  0x0000024e23fb7de0 JavaThread "Unconstrained build operations Thread 11"        [_thread_blocked, id=17972, stack(0x000000e501d00000,0x000000e501e00000) (1024K)]
  0x0000024e23fbabd0 JavaThread "Unconstrained build operations Thread 12"        [_thread_blocked, id=19420, stack(0x000000e501e00000,0x000000e501f00000) (1024K)]
  0x0000024e23fb7750 JavaThread "Unconstrained build operations Thread 13"        [_thread_blocked, id=14060, stack(0x000000e501f00000,0x000000e502000000) (1024K)]
  0x0000024e23fbb260 JavaThread "Unconstrained build operations Thread 14"        [_thread_blocked, id=13260, stack(0x000000e502000000,0x000000e502100000) (1024K)]
  0x0000024e23fb8470 JavaThread "Unconstrained build operations Thread 15"        [_thread_blocked, id=14636, stack(0x000000e502100000,0x000000e502200000) (1024K)]
  0x0000024e23fbb8f0 JavaThread "Unconstrained build operations Thread 16"        [_thread_blocked, id=8572, stack(0x000000e502200000,0x000000e502300000) (1024K)]
  0x0000024e23fbbf80 JavaThread "Unconstrained build operations Thread 17"        [_thread_blocked, id=18004, stack(0x000000e502300000,0x000000e502400000) (1024K)]
  0x0000024e23fb8b00 JavaThread "Unconstrained build operations Thread 18"        [_thread_blocked, id=22692, stack(0x000000e502400000,0x000000e502500000) (1024K)]
  0x0000024e23fbc610 JavaThread "Unconstrained build operations Thread 19"        [_thread_blocked, id=11780, stack(0x000000e502500000,0x000000e502600000) (1024K)]
  0x0000024e23fb9190 JavaThread "Unconstrained build operations Thread 20"        [_thread_blocked, id=19928, stack(0x000000e502600000,0x000000e502700000) (1024K)]
  0x0000024e23fbcca0 JavaThread "Unconstrained build operations Thread 21"        [_thread_blocked, id=14664, stack(0x000000e502700000,0x000000e502800000) (1024K)]
  0x0000024e23fbfa90 JavaThread "Unconstrained build operations Thread 22"        [_thread_blocked, id=18696, stack(0x000000e502800000,0x000000e502900000) (1024K)]
  0x0000024e23fbd330 JavaThread "Unconstrained build operations Thread 23"        [_thread_blocked, id=22228, stack(0x000000e502900000,0x000000e502a00000) (1024K)]
  0x0000024e23fbd9c0 JavaThread "Unconstrained build operations Thread 24"        [_thread_blocked, id=18164, stack(0x000000e502a00000,0x000000e502b00000) (1024K)]
  0x0000024e23fc07b0 JavaThread "Unconstrained build operations Thread 25"        [_thread_blocked, id=24712, stack(0x000000e502b00000,0x000000e502c00000) (1024K)]
  0x0000024e23fbf400 JavaThread "Unconstrained build operations Thread 26"        [_thread_blocked, id=2420, stack(0x000000e502c00000,0x000000e502d00000) (1024K)]
  0x0000024e23fc0120 JavaThread "Unconstrained build operations Thread 27"        [_thread_blocked, id=19668, stack(0x000000e502d00000,0x000000e502e00000) (1024K)]
  0x0000024e23fc0e40 JavaThread "Unconstrained build operations Thread 28"        [_thread_blocked, id=20376, stack(0x000000e502e00000,0x000000e502f00000) (1024K)]
  0x0000024e23fc14d0 JavaThread "Unconstrained build operations Thread 29"        [_thread_blocked, id=584, stack(0x000000e502f00000,0x000000e503000000) (1024K)]
  0x0000024e23fbe050 JavaThread "Unconstrained build operations Thread 30"        [_thread_blocked, id=10488, stack(0x000000e503000000,0x000000e503100000) (1024K)]
  0x0000024e23fc1b60 JavaThread "Unconstrained build operations Thread 31"        [_thread_blocked, id=23280, stack(0x000000e503100000,0x000000e503200000) (1024K)]
  0x0000024e23fbed70 JavaThread "Unconstrained build operations Thread 32"        [_thread_blocked, id=10004, stack(0x000000e503200000,0x000000e503300000) (1024K)]
  0x0000024e23fbe6e0 JavaThread "Unconstrained build operations Thread 33"        [_thread_blocked, id=21052, stack(0x000000e503300000,0x000000e503400000) (1024K)]
  0x0000024e23fc21f0 JavaThread "Unconstrained build operations Thread 34"        [_thread_blocked, id=12180, stack(0x000000e503400000,0x000000e503500000) (1024K)]
  0x0000024e23fc2880 JavaThread "Unconstrained build operations Thread 35"        [_thread_blocked, id=3028, stack(0x000000e503500000,0x000000e503600000) (1024K)]
  0x0000024e23fc35a0 JavaThread "Unconstrained build operations Thread 36"        [_thread_blocked, id=14912, stack(0x000000e503600000,0x000000e503700000) (1024K)]
  0x0000024e23fc4fe0 JavaThread "Unconstrained build operations Thread 37"        [_thread_blocked, id=19588, stack(0x000000e503700000,0x000000e503800000) (1024K)]
  0x0000024e22ed5df0 JavaThread "C2 CompilerThread3"         daemon [_thread_blocked, id=17012, stack(0x000000e503800000,0x000000e503900000) (1024K)]
  0x0000024e23fc3c30 JavaThread "Unconstrained build operations Thread 38"        [_thread_blocked, id=19976, stack(0x000000e503900000,0x000000e503a00000) (1024K)]
  0x0000024e23fc5d00 JavaThread "Unconstrained build operations Thread 39"        [_thread_blocked, id=23608, stack(0x000000e503a00000,0x000000e503b00000) (1024K)]
  0x0000024e23fc4950 JavaThread "Unconstrained build operations Thread 40"        [_thread_blocked, id=26188, stack(0x000000e503b00000,0x000000e503c00000) (1024K)]
  0x0000024e23fc5670 JavaThread "Unconstrained build operations Thread 41"        [_thread_blocked, id=3884, stack(0x000000e503c00000,0x000000e503d00000) (1024K)]
  0x0000024e23fc6390 JavaThread "Unconstrained build operations Thread 42"        [_thread_blocked, id=9960, stack(0x000000e503d00000,0x000000e503e00000) (1024K)]
  0x0000024e23fc2f10 JavaThread "Unconstrained build operations Thread 43"        [_thread_blocked, id=4816, stack(0x000000e503e00000,0x000000e503f00000) (1024K)]
  0x0000024e23fc6a20 JavaThread "Unconstrained build operations Thread 44"        [_thread_blocked, id=2376, stack(0x000000e503f00000,0x000000e504000000) (1024K)]
  0x0000024e23fc70b0 JavaThread "Unconstrained build operations Thread 45"        [_thread_blocked, id=16860, stack(0x000000e504000000,0x000000e504100000) (1024K)]
  0x0000024e23fc7740 JavaThread "Unconstrained build operations Thread 46"        [_thread_blocked, id=2740, stack(0x000000e504100000,0x000000e504200000) (1024K)]
  0x0000024e23fc8460 JavaThread "Unconstrained build operations Thread 47"        [_thread_blocked, id=25512, stack(0x000000e504400000,0x000000e504500000) (1024K)]
  0x0000024e23fcbf70 JavaThread "Unconstrained build operations Thread 48"        [_thread_blocked, id=9280, stack(0x000000e504500000,0x000000e504600000) (1024K)]
  0x0000024e23fcabc0 JavaThread "Unconstrained build operations Thread 49"        [_thread_blocked, id=18532, stack(0x000000e504600000,0x000000e504700000) (1024K)]
  0x0000024e23fc9ea0 JavaThread "Unconstrained build operations Thread 50"        [_thread_blocked, id=26484, stack(0x000000e504700000,0x000000e504800000) (1024K)]
  0x0000024e23fcc600 JavaThread "Unconstrained build operations Thread 51"        [_thread_blocked, id=25620, stack(0x000000e504800000,0x000000e504900000) (1024K)]
  0x0000024e23fcb8e0 JavaThread "Unconstrained build operations Thread 52"        [_thread_blocked, id=3184, stack(0x000000e504900000,0x000000e504a00000) (1024K)]
  0x0000024e23fc9180 JavaThread "Unconstrained build operations Thread 53"        [_thread_blocked, id=13948, stack(0x000000e504a00000,0x000000e504b00000) (1024K)]
  0x0000024e23fccc90 JavaThread "Unconstrained build operations Thread 54"        [_thread_blocked, id=8580, stack(0x000000e504b00000,0x000000e504c00000) (1024K)]
  0x0000024e23fca530 JavaThread "Unconstrained build operations Thread 55"        [_thread_blocked, id=16104, stack(0x000000e504c00000,0x000000e504d00000) (1024K)]
  0x0000024e23fcb250 JavaThread "Unconstrained build operations Thread 56"        [_thread_blocked, id=18420, stack(0x000000e504d00000,0x000000e504e00000) (1024K)]
  0x0000024e23fc9810 JavaThread "Unconstrained build operations Thread 57"        [_thread_blocked, id=22052, stack(0x000000e504e00000,0x000000e504f00000) (1024K)]
  0x0000024e23fcd9b0 JavaThread "Unconstrained build operations Thread 58"        [_thread_blocked, id=15040, stack(0x000000e504f00000,0x000000e505000000) (1024K)]
  0x0000024e23fce040 JavaThread "Unconstrained build operations Thread 59"        [_thread_blocked, id=24568, stack(0x000000e505000000,0x000000e505100000) (1024K)]
  0x0000024e23fcd320 JavaThread "Unconstrained build operations Thread 60"        [_thread_blocked, id=22208, stack(0x000000e505100000,0x000000e505200000) (1024K)]
  0x0000024e240460f0 JavaThread "Unconstrained build operations Thread 61"        [_thread_blocked, id=23680, stack(0x000000e505200000,0x000000e505300000) (1024K)]
  0x0000024e24043300 JavaThread "Unconstrained build operations Thread 62"        [_thread_blocked, id=10908, stack(0x000000e505300000,0x000000e505400000) (1024K)]
  0x0000024e240453d0 JavaThread "Unconstrained build operations Thread 63"        [_thread_blocked, id=11000, stack(0x000000e505400000,0x000000e505500000) (1024K)]
  0x0000024e24043990 JavaThread "Unconstrained build operations Thread 64"        [_thread_blocked, id=8740, stack(0x000000e505500000,0x000000e505600000) (1024K)]
  0x0000024e22ed64c0 JavaThread "C2 CompilerThread4"         daemon [_thread_blocked, id=20380, stack(0x000000e505600000,0x000000e505700000) (1024K)]
  0x0000024e22ed6b90 JavaThread "C1 CompilerThread2"         daemon [_thread_blocked, id=13364, stack(0x000000e505700000,0x000000e505800000) (1024K)]
  0x0000024e23acfe40 JavaThread "C1 CompilerThread3"         daemon [_thread_blocked, id=14836, stack(0x000000e505800000,0x000000e505900000) (1024K)]
  0x0000024e24045a60 JavaThread "build event listener"              [_thread_blocked, id=19544, stack(0x000000e505900000,0x000000e505a00000) (1024K)]
  0x0000024e240474a0 JavaThread "build event listener"              [_thread_blocked, id=13868, stack(0x000000e505a00000,0x000000e505b00000) (1024K)]
  0x0000024e2534e640 JavaThread "included builds"                   [_thread_blocked, id=15728, stack(0x000000e505b00000,0x000000e505c00000) (1024K)]
  0x0000024e2534ecd0 JavaThread "Execution worker"                  [_thread_blocked, id=19956, stack(0x000000e505c00000,0x000000e505d00000) (1024K)]
  0x0000024e2534f360 JavaThread "Execution worker Thread 2"         [_thread_blocked, id=18336, stack(0x000000e505d00000,0x000000e505e00000) (1024K)]
  0x0000024e2534bee0 JavaThread "Execution worker Thread 3"         [_thread_blocked, id=4256, stack(0x000000e505e00000,0x000000e505f00000) (1024K)]
  0x0000024e2534f9f0 JavaThread "Execution worker Thread 4"         [_thread_blocked, id=24828, stack(0x000000e505f00000,0x000000e506000000) (1024K)]
  0x0000024e2534c570 JavaThread "Execution worker Thread 5"         [_thread_blocked, id=12652, stack(0x000000e506000000,0x000000e506100000) (1024K)]
  0x0000024e25352e70 JavaThread "Execution worker Thread 6"         [_thread_blocked, id=15224, stack(0x000000e506100000,0x000000e506200000) (1024K)]
  0x0000024e25351430 JavaThread "Execution worker Thread 7"         [_thread_blocked, id=10032, stack(0x000000e506200000,0x000000e506300000) (1024K)]
  0x0000024e25353b90 JavaThread "Execution worker Thread 8"         [_thread_blocked, id=12924, stack(0x000000e506300000,0x000000e506400000) (1024K)]
  0x0000024e25350710 JavaThread "Execution worker Thread 9"         [_thread_blocked, id=9408, stack(0x000000e506400000,0x000000e506500000) (1024K)]
  0x0000024e25355c60 JavaThread "Execution worker Thread 10"        [_thread_blocked, id=8584, stack(0x000000e506500000,0x000000e506600000) (1024K)]
  0x0000024e25356980 JavaThread "Execution worker Thread 11"        [_thread_blocked, id=16420, stack(0x000000e506600000,0x000000e506700000) (1024K)]
  0x0000024e25354f40 JavaThread "Execution worker Thread 12"        [_thread_blocked, id=25712, stack(0x000000e506700000,0x000000e506800000) (1024K)]
  0x0000024e253555d0 JavaThread "Execution worker Thread 13"        [_thread_blocked, id=8240, stack(0x000000e506800000,0x000000e506900000) (1024K)]
  0x0000024e253562f0 JavaThread "Execution worker Thread 14"        [_thread_blocked, id=13848, stack(0x000000e506900000,0x000000e506a00000) (1024K)]
  0x0000024e25357010 JavaThread "Execution worker Thread 15"        [_thread_blocked, id=22684, stack(0x000000e506a00000,0x000000e506b00000) (1024K)]
  0x0000024e253576a0 JavaThread "Execution worker Thread 16"        [_thread_blocked, id=18036, stack(0x000000e506b00000,0x000000e506c00000) (1024K)]
  0x0000024e25354220 JavaThread "Execution worker Thread 17"        [_thread_blocked, id=22268, stack(0x000000e506c00000,0x000000e506d00000) (1024K)]
  0x0000024e253548b0 JavaThread "Execution worker Thread 18"        [_thread_blocked, id=24968, stack(0x000000e506d00000,0x000000e506e00000) (1024K)]
  0x0000024e253583c0 JavaThread "Execution worker Thread 19"        [_thread_blocked, id=15468, stack(0x000000e506e00000,0x000000e506f00000) (1024K)]
  0x0000024e2535ab20 JavaThread "Execution worker Thread 20"        [_thread_blocked, id=3732, stack(0x000000e506f00000,0x000000e507000000) (1024K)]
  0x0000024e2535b1b0 JavaThread "Execution worker Thread 21"        [_thread_blocked, id=20528, stack(0x000000e507000000,0x000000e507100000) (1024K)]
  0x0000024e25357d30 JavaThread "Execution worker Thread 22"        [_thread_blocked, id=17248, stack(0x000000e507100000,0x000000e507200000) (1024K)]
  0x0000024e25358a50 JavaThread "Execution worker Thread 23"        [_thread_blocked, id=5876, stack(0x000000e507200000,0x000000e507300000) (1024K)]
  0x0000024e253590e0 JavaThread "Execution worker Thread 24"        [_thread_blocked, id=15460, stack(0x000000e507300000,0x000000e507400000) (1024K)]
  0x0000024e25359770 JavaThread "Cache worker for execution history cache (D:\project_1.4v\.gradle\8.13\executionHistory)"        [_thread_blocked, id=20736, stack(0x000000e507400000,0x000000e507500000) (1024K)]
  0x0000024e24046e10 JavaThread "Execution worker Thread 25"        [_thread_blocked, id=1640, stack(0x000000e507500000,0x000000e507600000) (1024K)]
  0x0000024e240446b0 JavaThread "Execution worker Thread 26"        [_thread_blocked, id=1360, stack(0x000000e507600000,0x000000e507700000) (1024K)]
  0x0000024e24049570 JavaThread "Execution worker Thread 27"        [_thread_blocked, id=14972, stack(0x000000e507700000,0x000000e507800000) (1024K)]
  0x0000024e24048850 JavaThread "Unconstrained build operations Thread 65"        [_thread_blocked, id=18928, stack(0x000000e507800000,0x000000e507900000) (1024K)]
  0x0000024e2404afb0 JavaThread "Unconstrained build operations Thread 66"        [_thread_blocked, id=10396, stack(0x000000e507900000,0x000000e507a00000) (1024K)]
  0x0000024e24049c00 JavaThread "Unconstrained build operations Thread 67"        [_thread_blocked, id=14848, stack(0x000000e507a00000,0x000000e507b00000) (1024K)]
  0x0000024e2404a290 JavaThread "Unconstrained build operations Thread 68"        [_thread_blocked, id=19696, stack(0x000000e507b00000,0x000000e507c00000) (1024K)]
  0x0000024e24048ee0 JavaThread "Unconstrained build operations Thread 69"        [_thread_blocked, id=24800, stack(0x000000e507c00000,0x000000e507d00000) (1024K)]
  0x0000024e2404b640 JavaThread "Unconstrained build operations Thread 70"        [_thread_blocked, id=16316, stack(0x000000e507d00000,0x000000e507e00000) (1024K)]
  0x0000024e240481c0 JavaThread "Unconstrained build operations Thread 71"        [_thread_blocked, id=9396, stack(0x000000e507e00000,0x000000e507f00000) (1024K)]
  0x0000024e2404c9f0 JavaThread "Unconstrained build operations Thread 72"        [_thread_blocked, id=11312, stack(0x000000e507f00000,0x000000e508000000) (1024K)]
  0x0000024e2404f150 JavaThread "Unconstrained build operations Thread 73"        [_thread_blocked, id=16744, stack(0x000000e508000000,0x000000e508100000) (1024K)]
  0x0000024e2404c360 JavaThread "Unconstrained build operations Thread 74"        [_thread_blocked, id=872, stack(0x000000e508100000,0x000000e508200000) (1024K)]
  0x0000024e2404bcd0 JavaThread "Unconstrained build operations Thread 75"        [_thread_blocked, id=16304, stack(0x000000e508200000,0x000000e508300000) (1024K)]
  0x0000024e24050500 JavaThread "Unconstrained build operations Thread 76"        [_thread_blocked, id=15708, stack(0x000000e508300000,0x000000e508400000) (1024K)]
  0x0000024e2404d710 JavaThread "Unconstrained build operations Thread 77"        [_thread_blocked, id=4420, stack(0x000000e508400000,0x000000e508500000) (1024K)]
  0x0000024e2404d080 JavaThread "Unconstrained build operations Thread 78"        [_thread_blocked, id=12992, stack(0x000000e508500000,0x000000e508600000) (1024K)]
  0x0000024e2404eac0 JavaThread "Unconstrained build operations Thread 79"        [_thread_blocked, id=20584, stack(0x000000e508600000,0x000000e508700000) (1024K)]
  0x0000024e2404f7e0 JavaThread "Unconstrained build operations Thread 80"        [_thread_blocked, id=20720, stack(0x000000e508700000,0x000000e508800000) (1024K)]
  0x0000024e2404dda0 JavaThread "Unconstrained build operations Thread 81"        [_thread_blocked, id=21292, stack(0x000000e508800000,0x000000e508900000) (1024K)]
  0x0000024e24050b90 JavaThread "Unconstrained build operations Thread 82"        [_thread_blocked, id=9116, stack(0x000000e508900000,0x000000e508a00000) (1024K)]
  0x0000024e2404fe70 JavaThread "Unconstrained build operations Thread 83"        [_thread_blocked, id=23796, stack(0x000000e508a00000,0x000000e508b00000) (1024K)]
  0x0000024e240518b0 JavaThread "Unconstrained build operations Thread 84"        [_thread_blocked, id=23596, stack(0x000000e508b00000,0x000000e508c00000) (1024K)]
  0x0000024e2404e430 JavaThread "Unconstrained build operations Thread 85"        [_thread_blocked, id=21444, stack(0x000000e508c00000,0x000000e508d00000) (1024K)]
  0x0000024e24051f40 JavaThread "Unconstrained build operations Thread 86"        [_thread_blocked, id=6048, stack(0x000000e508d00000,0x000000e508e00000) (1024K)]
  0x0000024e23dffb50 JavaThread "Unconstrained build operations Thread 87"        [_thread_blocked, id=4548, stack(0x000000e508e00000,0x000000e508f00000) (1024K)]
  0x0000024e23dfc6d0 JavaThread "Unconstrained build operations Thread 88"        [_thread_blocked, id=25316, stack(0x000000e508f00000,0x000000e509000000) (1024K)]
  0x0000024e23e02fd0 JavaThread "Unconstrained build operations Thread 89"        [_thread_blocked, id=10152, stack(0x000000e509000000,0x000000e509100000) (1024K)]
  0x0000024e23e01c20 JavaThread "Unconstrained build operations Thread 90"        [_thread_blocked, id=10684, stack(0x000000e509100000,0x000000e509200000) (1024K)]
  0x0000024e23e022b0 JavaThread "Unconstrained build operations Thread 91"        [_thread_blocked, id=9440, stack(0x000000e509200000,0x000000e509300000) (1024K)]
  0x0000024e23e03660 JavaThread "Unconstrained build operations Thread 92"        [_thread_blocked, id=24044, stack(0x000000e509300000,0x000000e509400000) (1024K)]
  0x0000024e23e001e0 JavaThread "Unconstrained build operations Thread 93"        [_thread_blocked, id=16476, stack(0x000000e509400000,0x000000e509500000) (1024K)]
  0x0000024e23e04a10 JavaThread "Unconstrained build operations Thread 94"        [_thread_blocked, id=17776, stack(0x000000e509500000,0x000000e509600000) (1024K)]
  0x0000024e23e05dc0 JavaThread "Unconstrained build operations Thread 95"        [_thread_blocked, id=16972, stack(0x000000e509600000,0x000000e509700000) (1024K)]
  0x0000024e23e04380 JavaThread "Unconstrained build operations Thread 96"        [_thread_blocked, id=17188, stack(0x000000e509700000,0x000000e509800000) (1024K)]
  0x0000024e23e050a0 JavaThread "Unconstrained build operations Thread 97"        [_thread_blocked, id=14208, stack(0x000000e509800000,0x000000e509900000) (1024K)]
  0x0000024e23e05730 JavaThread "Unconstrained build operations Thread 98"        [_thread_blocked, id=22776, stack(0x000000e509900000,0x000000e509a00000) (1024K)]
  0x0000024e23e03cf0 JavaThread "Unconstrained build operations Thread 99"        [_thread_blocked, id=16996, stack(0x000000e509a00000,0x000000e509b00000) (1024K)]
  0x0000024e23e06450 JavaThread "Unconstrained build operations Thread 100"        [_thread_blocked, id=15292, stack(0x000000e509b00000,0x000000e509c00000) (1024K)]
  0x0000024e23e07170 JavaThread "Unconstrained build operations Thread 101"        [_thread_blocked, id=18200, stack(0x000000e509c00000,0x000000e509d00000) (1024K)]
  0x0000024e23e07e90 JavaThread "Unconstrained build operations Thread 102"        [_thread_blocked, id=22644, stack(0x000000e509d00000,0x000000e509e00000) (1024K)]
  0x0000024e23e09240 JavaThread "Unconstrained build operations Thread 103"        [_thread_blocked, id=24352, stack(0x000000e509e00000,0x000000e509f00000) (1024K)]
  0x0000024e23e07800 JavaThread "Unconstrained build operations Thread 104"        [_thread_blocked, id=4192, stack(0x000000e509f00000,0x000000e50a000000) (1024K)]
  0x0000024e23e08bb0 JavaThread "Unconstrained build operations Thread 105"        [_thread_blocked, id=13332, stack(0x000000e50a000000,0x000000e50a100000) (1024K)]
  0x0000024e2003c640 JavaThread "Unconstrained build operations Thread 106"        [_thread_blocked, id=14048, stack(0x000000e50a100000,0x000000e50a200000) (1024K)]
  0x0000024e2003ac00 JavaThread "Unconstrained build operations Thread 107"        [_thread_blocked, id=3856, stack(0x000000e50a200000,0x000000e50a300000) (1024K)]
  0x0000024e20039ee0 JavaThread "Unconstrained build operations Thread 108"        [_thread_blocked, id=22356, stack(0x000000e50a300000,0x000000e50a400000) (1024K)]
  0x0000024e2003d9f0 JavaThread "Unconstrained build operations Thread 109"        [_thread_blocked, id=21068, stack(0x000000e50a400000,0x000000e50a500000) (1024K)]
  0x0000024e2003a570 JavaThread "Unconstrained build operations Thread 110"        [_thread_blocked, id=22124, stack(0x000000e50a500000,0x000000e50a600000) (1024K)]
  0x0000024e2003b920 JavaThread "Unconstrained build operations Thread 111"        [_thread_blocked, id=23368, stack(0x000000e50a600000,0x000000e50a700000) (1024K)]
  0x0000024e2003e080 JavaThread "Unconstrained build operations Thread 112"        [_thread_blocked, id=4568, stack(0x000000e50a700000,0x000000e50a800000) (1024K)]
  0x0000024e2003b290 JavaThread "Unconstrained build operations Thread 113"        [_thread_blocked, id=18836, stack(0x000000e50a800000,0x000000e50a900000) (1024K)]
  0x0000024e2003e710 JavaThread "Unconstrained build operations Thread 114"        [_thread_blocked, id=14304, stack(0x000000e50a900000,0x000000e50aa00000) (1024K)]
  0x0000024e2003f430 JavaThread "Unconstrained build operations Thread 115"        [_thread_blocked, id=18984, stack(0x000000e50aa00000,0x000000e50ab00000) (1024K)]
  0x0000024e2003eda0 JavaThread "Unconstrained build operations Thread 116"        [_thread_blocked, id=11800, stack(0x000000e50ab00000,0x000000e50ac00000) (1024K)]
  0x0000024e2003fac0 JavaThread "Unconstrained build operations Thread 117"        [_thread_blocked, id=16072, stack(0x000000e50ac00000,0x000000e50ad00000) (1024K)]
  0x0000024e20040150 JavaThread "Unconstrained build operations Thread 118"        [_thread_blocked, id=19084, stack(0x000000e50ad00000,0x000000e50ae00000) (1024K)]
  0x0000024e2003ccd0 JavaThread "Unconstrained build operations Thread 119"        [_thread_blocked, id=10964, stack(0x000000e50ae00000,0x000000e50af00000) (1024K)]
  0x0000024e200407e0 JavaThread "Unconstrained build operations Thread 120"        [_thread_blocked, id=17048, stack(0x000000e50af00000,0x000000e50b000000) (1024K)]
  0x0000024e20040e70 JavaThread "Unconstrained build operations Thread 121"        [_thread_blocked, id=25892, stack(0x000000e50b000000,0x000000e50b100000) (1024K)]
  0x0000024e20041500 JavaThread "Unconstrained build operations Thread 122"        [_thread_blocked, id=20012, stack(0x000000e50b100000,0x000000e50b200000) (1024K)]
  0x0000024e23c41350 JavaThread "Unconstrained build operations Thread 123"        [_thread_blocked, id=25040, stack(0x000000e50b200000,0x000000e50b300000) (1024K)]
  0x0000024e23c40630 JavaThread "Unconstrained build operations Thread 124"        [_thread_blocked, id=21520, stack(0x000000e50b300000,0x000000e50b400000) (1024K)]
  0x0000024e23c3ded0 JavaThread "Unconstrained build operations Thread 125"        [_thread_blocked, id=22152, stack(0x000000e50b400000,0x000000e50b500000) (1024K)]
  0x0000024e23c419e0 JavaThread "Unconstrained build operations Thread 126"        [_thread_blocked, id=5952, stack(0x000000e50b500000,0x000000e50b600000) (1024K)]
  0x0000024e23c40cc0 JavaThread "Unconstrained build operations Thread 127"        [_thread_blocked, id=8500, stack(0x000000e50b600000,0x000000e50b700000) (1024K)]
  0x0000024e23c3e560 JavaThread "Unconstrained build operations Thread 128"        [_thread_blocked, id=11052, stack(0x000000e50b700000,0x000000e50b800000) (1024K)]
  0x0000024e23c3ebf0 JavaThread "Unconstrained build operations Thread 129"        [_thread_blocked, id=18488, stack(0x000000e50b800000,0x000000e50b900000) (1024K)]
  0x0000024e23c42070 JavaThread "Unconstrained build operations Thread 130"        [_thread_blocked, id=15160, stack(0x000000e50b900000,0x000000e50ba00000) (1024K)]
  0x0000024e23c42700 JavaThread "Unconstrained build operations Thread 131"        [_thread_blocked, id=11916, stack(0x000000e50ba00000,0x000000e50bb00000) (1024K)]
  0x0000024e23c3f280 JavaThread "Unconstrained build operations Thread 132"        [_thread_blocked, id=25156, stack(0x000000e50bb00000,0x000000e50bc00000) (1024K)]
  0x0000024e23c42d90 JavaThread "Unconstrained build operations Thread 133"        [_thread_blocked, id=14404, stack(0x000000e50bc00000,0x000000e50bd00000) (1024K)]
  0x0000024e23c44140 JavaThread "Unconstrained build operations Thread 134"        [_thread_blocked, id=19972, stack(0x000000e50bd00000,0x000000e50be00000) (1024K)]
  0x0000024e23c43420 JavaThread "Unconstrained build operations Thread 135"        [_thread_blocked, id=16848, stack(0x000000e50be00000,0x000000e50bf00000) (1024K)]
  0x0000024e23c447d0 JavaThread "Unconstrained build operations Thread 136"        [_thread_blocked, id=26404, stack(0x000000e50bf00000,0x000000e50c000000) (1024K)]
  0x0000024e23c43ab0 JavaThread "Unconstrained build operations Thread 137"        [_thread_blocked, id=18668, stack(0x000000e50c000000,0x000000e50c100000) (1024K)]
  0x0000024e251a2730 JavaThread "Unconstrained build operations Thread 138"        [_thread_blocked, id=6588, stack(0x000000e50c100000,0x000000e50c200000) (1024K)]
  0x0000024e251a6240 JavaThread "Unconstrained build operations Thread 139"        [_thread_blocked, id=5016, stack(0x000000e50c200000,0x000000e50c300000) (1024K)]
  0x0000024e251a5520 JavaThread "Unconstrained build operations Thread 140"        [_thread_blocked, id=26400, stack(0x000000e50c300000,0x000000e50c400000) (1024K)]
  0x0000024e251a6f60 JavaThread "Unconstrained build operations Thread 141"        [_thread_blocked, id=2460, stack(0x000000e50c400000,0x000000e50c500000) (1024K)]
  0x0000024e251a75f0 JavaThread "Unconstrained build operations Thread 142"        [_thread_blocked, id=26176, stack(0x000000e50c500000,0x000000e50c600000) (1024K)]
  0x0000024e251a8310 JavaThread "Unconstrained build operations Thread 143"        [_thread_blocked, id=22460, stack(0x000000e50c600000,0x000000e50c700000) (1024K)]
  0x0000024e251a4e90 JavaThread "Unconstrained build operations Thread 144"        [_thread_blocked, id=18332, stack(0x000000e50c700000,0x000000e50c800000) (1024K)]
  0x0000024e251a9d50 JavaThread "Unconstrained build operations Thread 145"        [_thread_blocked, id=9444, stack(0x000000e50c800000,0x000000e50c900000) (1024K)]
  0x0000024e22031e60 JavaThread "Unconstrained build operations Thread 146"        [_thread_blocked, id=24732, stack(0x000000e50c900000,0x000000e50ca00000) (1024K)]
  0x0000024e22032b80 JavaThread "Unconstrained build operations Thread 147"        [_thread_blocked, id=14548, stack(0x000000e50ca00000,0x000000e50cb00000) (1024K)]
  0x0000024e220324f0 JavaThread "Unconstrained build operations Thread 148"        [_thread_blocked, id=18276, stack(0x000000e50cb00000,0x000000e50cc00000) (1024K)]
  0x0000024e2202f700 JavaThread "Unconstrained build operations Thread 149"        [_thread_blocked, id=13944, stack(0x000000e50cc00000,0x000000e50cd00000) (1024K)]
  0x0000024e22033210 JavaThread "Unconstrained build operations Thread 150"        [_thread_blocked, id=16208, stack(0x000000e50cd00000,0x000000e50ce00000) (1024K)]
  0x0000024e1e5c7650 JavaThread "Unconstrained build operations Thread 151"        [_thread_blocked, id=14884, stack(0x000000e50ce00000,0x000000e50cf00000) (1024K)]
  0x0000024e1e5c4ef0 JavaThread "Unconstrained build operations Thread 152"        [_thread_blocked, id=8256, stack(0x000000e50cf00000,0x000000e50d000000) (1024K)]
  0x0000024e1e5c6930 JavaThread "Unconstrained build operations Thread 153"        [_thread_blocked, id=14700, stack(0x000000e50d000000,0x000000e50d100000) (1024K)]
  0x0000024e1e5c7ce0 JavaThread "Unconstrained build operations Thread 154"        [_thread_blocked, id=19448, stack(0x000000e50d100000,0x000000e50d200000) (1024K)]
  0x0000024e222acda0 JavaThread "Unconstrained build operations Thread 155"        [_thread_blocked, id=19704, stack(0x000000e50d200000,0x000000e50d300000) (1024K)]
  0x0000024e23e06ae0 JavaThread "Unconstrained build operations Thread 156"        [_thread_blocked, id=6708, stack(0x000000e50d300000,0x000000e50d400000) (1024K)]
  0x0000024e24c87410 JavaThread "Unconstrained build operations Thread 157"        [_thread_blocked, id=20416, stack(0x000000e50d400000,0x000000e50d500000) (1024K)]
  0x0000024e24c88130 JavaThread "Unconstrained build operations Thread 158"        [_thread_blocked, id=21988, stack(0x000000e50d500000,0x000000e50d600000) (1024K)]
  0x0000024e24c86060 JavaThread "Unconstrained build operations Thread 159"        [_thread_blocked, id=1800, stack(0x000000e50d600000,0x000000e50d700000) (1024K)]
  0x0000024e24c887c0 JavaThread "Unconstrained build operations Thread 160"        [_thread_blocked, id=12100, stack(0x000000e50d700000,0x000000e50d800000) (1024K)]
  0x0000024e24c88e50 JavaThread "Unconstrained build operations Thread 161"        [_thread_blocked, id=20136, stack(0x000000e50d800000,0x000000e50d900000) (1024K)]
  0x0000024e24c894e0 JavaThread "Unconstrained build operations Thread 162"        [_thread_blocked, id=18492, stack(0x000000e50d900000,0x000000e50da00000) (1024K)]
  0x0000024e24c87aa0 JavaThread "Unconstrained build operations Thread 163"        [_thread_blocked, id=8536, stack(0x000000e50da00000,0x000000e50db00000) (1024K)]
  0x0000024e24c89b70 JavaThread "Unconstrained build operations Thread 164"        [_thread_blocked, id=13616, stack(0x000000e50db00000,0x000000e50dc00000) (1024K)]
  0x0000024e24c866f0 JavaThread "Unconstrained build operations Thread 165"        [_thread_blocked, id=14148, stack(0x000000e50dc00000,0x000000e50dd00000) (1024K)]
  0x0000024e24c8a200 JavaThread "Unconstrained build operations Thread 166"        [_thread_blocked, id=26324, stack(0x000000e50dd00000,0x000000e50de00000) (1024K)]
  0x0000024e24c86d80 JavaThread "Unconstrained build operations Thread 167"        [_thread_blocked, id=25452, stack(0x000000e50de00000,0x000000e50df00000) (1024K)]
  0x0000024e24c8dd10 JavaThread "Unconstrained build operations Thread 168"        [_thread_blocked, id=13424, stack(0x000000e50df00000,0x000000e50e000000) (1024K)]
  0x0000024e24c8bc40 JavaThread "Unconstrained build operations Thread 169"        [_thread_blocked, id=9780, stack(0x000000e50e000000,0x000000e50e100000) (1024K)]
  0x0000024e24c8c2d0 JavaThread "Unconstrained build operations Thread 170"        [_thread_blocked, id=10252, stack(0x000000e50e100000,0x000000e50e200000) (1024K)]
  0x0000024e24c8c960 JavaThread "Unconstrained build operations Thread 171"        [_thread_blocked, id=25136, stack(0x000000e50e200000,0x000000e50e300000) (1024K)]
  0x0000024e24c8cff0 JavaThread "Unconstrained build operations Thread 172"        [_thread_blocked, id=14028, stack(0x000000e50e300000,0x000000e50e400000) (1024K)]
  0x0000024e24c8a890 JavaThread "Unconstrained build operations Thread 173"        [_thread_blocked, id=8168, stack(0x000000e50e400000,0x000000e50e500000) (1024K)]
  0x0000024e24c8e3a0 JavaThread "Unconstrained build operations Thread 174"        [_thread_blocked, id=22712, stack(0x000000e50e500000,0x000000e50e600000) (1024K)]
  0x0000024e24c8d680 JavaThread "Unconstrained build operations Thread 175"        [_thread_blocked, id=20240, stack(0x000000e50e600000,0x000000e50e700000) (1024K)]
  0x0000024e24c8af20 JavaThread "Unconstrained build operations Thread 176"        [_thread_blocked, id=20848, stack(0x000000e50e700000,0x000000e50e800000) (1024K)]
  0x0000024e24c8ea30 JavaThread "Unconstrained build operations Thread 177"        [_thread_blocked, id=26164, stack(0x000000e50e800000,0x000000e50e900000) (1024K)]
  0x0000024e24c8b5b0 JavaThread "Unconstrained build operations Thread 178"        [_thread_blocked, id=14136, stack(0x000000e50e900000,0x000000e50ea00000) (1024K)]
  0x0000024e24c90b00 JavaThread "Unconstrained build operations Thread 179"        [_thread_blocked, id=11384, stack(0x000000e50ea00000,0x000000e50eb00000) (1024K)]
  0x0000024e24c91eb0 JavaThread "Unconstrained build operations Thread 180"        [_thread_blocked, id=9424, stack(0x000000e50eb00000,0x000000e50ec00000) (1024K)]
  0x0000024e24c91190 JavaThread "Unconstrained build operations Thread 181"        [_thread_blocked, id=1620, stack(0x000000e50ec00000,0x000000e50ed00000) (1024K)]
  0x0000024e24c8f750 JavaThread "Unconstrained build operations Thread 182"        [_thread_blocked, id=19772, stack(0x000000e50ed00000,0x000000e50ee00000) (1024K)]
  0x0000024e24c8fde0 JavaThread "Unconstrained build operations Thread 183"        [_thread_blocked, id=15668, stack(0x000000e50ee00000,0x000000e50ef00000) (1024K)]
  0x0000024e24c91820 JavaThread "Unconstrained build operations Thread 184"        [_thread_blocked, id=22028, stack(0x000000e50ef00000,0x000000e50f000000) (1024K)]
  0x0000024e24c90470 JavaThread "Unconstrained build operations Thread 185"        [_thread_blocked, id=18572, stack(0x000000e50f000000,0x000000e50f100000) (1024K)]
  0x0000024e24c92540 JavaThread "Unconstrained build operations Thread 186"        [_thread_blocked, id=11296, stack(0x000000e50f100000,0x000000e50f200000) (1024K)]
  0x0000024e24c8f0c0 JavaThread "Unconstrained build operations Thread 187"        [_thread_blocked, id=24324, stack(0x000000e50f200000,0x000000e50f300000) (1024K)]
  0x0000024e24c95330 JavaThread "Unconstrained build operations Thread 188"        [_thread_blocked, id=19016, stack(0x000000e50f300000,0x000000e50f400000) (1024K)]
  0x0000024e24c92bd0 JavaThread "Unconstrained build operations Thread 189"        [_thread_blocked, id=11136, stack(0x000000e50f400000,0x000000e50f500000) (1024K)]
  0x0000024e24c93f80 JavaThread "Unconstrained build operations Thread 190"        [_thread_blocked, id=4352, stack(0x000000e50f500000,0x000000e50f600000) (1024K)]
  0x0000024e24c93260 JavaThread "Unconstrained build operations Thread 191"        [_thread_blocked, id=17716, stack(0x000000e50f600000,0x000000e50f700000) (1024K)]
  0x0000024e24c938f0 JavaThread "Unconstrained build operations Thread 192"        [_thread_blocked, id=17924, stack(0x000000e50f700000,0x000000e50f800000) (1024K)]
  0x0000024e24c94610 JavaThread "Unconstrained build operations Thread 193"        [_thread_blocked, id=19616, stack(0x000000e50f800000,0x000000e50f900000) (1024K)]
  0x0000024e24c94ca0 JavaThread "Unconstrained build operations Thread 194"        [_thread_blocked, id=2320, stack(0x000000e50f900000,0x000000e50fa00000) (1024K)]
  0x0000024e2e694000 JavaThread "Unconstrained build operations Thread 195"        [_thread_blocked, id=10372, stack(0x000000e50fa00000,0x000000e50fb00000) (1024K)]
  0x0000024e2e694690 JavaThread "Unconstrained build operations Thread 196"        [_thread_blocked, id=13456, stack(0x000000e50fb00000,0x000000e50fc00000) (1024K)]
  0x0000024e2e694d20 JavaThread "Unconstrained build operations Thread 197"        [_thread_blocked, id=20384, stack(0x000000e50fc00000,0x000000e50fd00000) (1024K)]
  0x0000024e2e696760 JavaThread "Unconstrained build operations Thread 198"        [_thread_blocked, id=6516, stack(0x000000e50fd00000,0x000000e50fe00000) (1024K)]
  0x0000024e2e6932e0 JavaThread "Unconstrained build operations Thread 199"        [_thread_blocked, id=21524, stack(0x000000e50fe00000,0x000000e50ff00000) (1024K)]
  0x0000024e2e6953b0 JavaThread "Unconstrained build operations Thread 200"        [_thread_blocked, id=25584, stack(0x000000e50ff00000,0x000000e510000000) (1024K)]
  0x0000024e2e693970 JavaThread "WorkerExecutor Queue"              [_thread_blocked, id=24932, stack(0x000000e510000000,0x000000e510100000) (1024K)]
  0x0000024e2e696df0 JavaThread "Unconstrained build operations Thread 201"        [_thread_blocked, id=22540, stack(0x000000e510100000,0x000000e510200000) (1024K)]
  0x0000024e2e699550 JavaThread "Unconstrained build operations Thread 202"        [_thread_blocked, id=18772, stack(0x000000e510200000,0x000000e510300000) (1024K)]
  0x0000024e2e69a270 JavaThread "Unconstrained build operations Thread 203"        [_thread_blocked, id=6372, stack(0x000000e510300000,0x000000e510400000) (1024K)]
  0x0000024e2e699be0 JavaThread "Unconstrained build operations Thread 204"        [_thread_blocked, id=12232, stack(0x000000e510400000,0x000000e510500000) (1024K)]
  0x0000024e2e69a900 JavaThread "Unconstrained build operations Thread 205"        [_thread_blocked, id=6368, stack(0x000000e510500000,0x000000e510600000) (1024K)]
  0x0000024e2e698ec0 JavaThread "Unconstrained build operations Thread 206"        [_thread_blocked, id=9364, stack(0x000000e510600000,0x000000e510700000) (1024K)]
  0x0000024e2e697480 JavaThread "Unconstrained build operations Thread 207"        [_thread_blocked, id=24940, stack(0x000000e510700000,0x000000e510800000) (1024K)]
  0x0000024e2e697b10 JavaThread "Unconstrained build operations Thread 208"        [_thread_blocked, id=9576, stack(0x000000e510800000,0x000000e510900000) (1024K)]
  0x0000024e2e698830 JavaThread "Unconstrained build operations Thread 209"        [_thread_blocked, id=18960, stack(0x000000e510900000,0x000000e510a00000) (1024K)]
  0x0000024e2e69b620 JavaThread "Unconstrained build operations Thread 210"        [_thread_blocked, id=8036, stack(0x000000e510a00000,0x000000e510b00000) (1024K)]
  0x0000024e2e69af90 JavaThread "Unconstrained build operations Thread 211"        [_thread_blocked, id=7824, stack(0x000000e510b00000,0x000000e510c00000) (1024K)]
  0x0000024e2e6981a0 JavaThread "Unconstrained build operations Thread 212"        [_thread_blocked, id=14752, stack(0x000000e510c00000,0x000000e510d00000) (1024K)]
  0x0000024e2e69eaa0 JavaThread "Unconstrained build operations Thread 213"        [_thread_blocked, id=12164, stack(0x000000e510d00000,0x000000e510e00000) (1024K)]
  0x0000024e2e69e410 JavaThread "Unconstrained build operations Thread 214"        [_thread_blocked, id=10984, stack(0x000000e510e00000,0x000000e510f00000) (1024K)]
  0x0000024e2e69dd80 JavaThread "Unconstrained build operations Thread 215"        [_thread_blocked, id=4872, stack(0x000000e510f00000,0x000000e511000000) (1024K)]
  0x0000024e2e69f130 JavaThread "Unconstrained build operations Thread 216"        [_thread_blocked, id=13580, stack(0x000000e511000000,0x000000e511100000) (1024K)]
  0x0000024e2e69bcb0 JavaThread "Unconstrained build operations Thread 217"        [_thread_blocked, id=6524, stack(0x000000e511100000,0x000000e511200000) (1024K)]
  0x0000024e2e69f7c0 JavaThread "Unconstrained build operations Thread 218"        [_thread_blocked, id=6300, stack(0x000000e511200000,0x000000e511300000) (1024K)]
  0x0000024e2e69d060 JavaThread "Unconstrained build operations Thread 219"        [_thread_blocked, id=12756, stack(0x000000e511300000,0x000000e511400000) (1024K)]
  0x0000024e2e69c9d0 JavaThread "Unconstrained build operations Thread 220"        [_thread_blocked, id=12388, stack(0x000000e511400000,0x000000e511500000) (1024K)]
  0x0000024e2e69c340 JavaThread "Unconstrained build operations Thread 221"        [_thread_blocked, id=7780, stack(0x000000e511500000,0x000000e511600000) (1024K)]
  0x0000024e2e6a04e0 JavaThread "Unconstrained build operations Thread 222"        [_thread_blocked, id=15168, stack(0x000000e511600000,0x000000e511700000) (1024K)]
  0x0000024e2e69fe50 JavaThread "Unconstrained build operations Thread 223"        [_thread_blocked, id=13008, stack(0x000000e511700000,0x000000e511800000) (1024K)]
  0x0000024e2e6a0b70 JavaThread "Unconstrained build operations Thread 224"        [_thread_blocked, id=11140, stack(0x000000e511800000,0x000000e511900000) (1024K)]
  0x0000024e2e69d6f0 JavaThread "Unconstrained build operations Thread 225"        [_thread_blocked, id=9376, stack(0x000000e511900000,0x000000e511a00000) (1024K)]
  0x0000024e2e6a1200 JavaThread "Unconstrained build operations Thread 226"        [_thread_blocked, id=19184, stack(0x000000e511a00000,0x000000e511b00000) (1024K)]
  0x0000024e2e6a1890 JavaThread "Unconstrained build operations Thread 227"        [_thread_blocked, id=8936, stack(0x000000e511b00000,0x000000e511c00000) (1024K)]
  0x0000024e2e6a1f20 JavaThread "Unconstrained build operations Thread 228"        [_thread_blocked, id=25196, stack(0x000000e511c00000,0x000000e511d00000) (1024K)]
  0x0000024e2e6a3960 JavaThread "Unconstrained build operations Thread 229"        [_thread_blocked, id=22820, stack(0x000000e511d00000,0x000000e511e00000) (1024K)]
  0x0000024e2e6a4680 JavaThread "Unconstrained build operations Thread 230"        [_thread_blocked, id=17364, stack(0x000000e511e00000,0x000000e511f00000) (1024K)]
  0x0000024e2e6a3ff0 JavaThread "Unconstrained build operations Thread 231"        [_thread_blocked, id=12228, stack(0x000000e511f00000,0x000000e512000000) (1024K)]
  0x0000024e2e6a53a0 JavaThread "Unconstrained build operations Thread 232"        [_thread_blocked, id=12376, stack(0x000000e512000000,0x000000e512100000) (1024K)]
  0x0000024e2e6a32d0 JavaThread "Unconstrained build operations Thread 233"        [_thread_blocked, id=4180, stack(0x000000e512100000,0x000000e512200000) (1024K)]
  0x0000024e2e6a5a30 JavaThread "Unconstrained build operations Thread 234"        [_thread_blocked, id=26028, stack(0x000000e512200000,0x000000e512300000) (1024K)]
  0x0000024e2e6a25b0 JavaThread "Unconstrained build operations Thread 235"        [_thread_blocked, id=2696, stack(0x000000e512300000,0x000000e512400000) (1024K)]
  0x0000024e2e6a4d10 JavaThread "Unconstrained build operations Thread 236"        [_thread_blocked, id=14892, stack(0x000000e512400000,0x000000e512500000) (1024K)]
  0x0000024e2e6a60c0 JavaThread "Unconstrained build operations Thread 237"        [_thread_blocked, id=13636, stack(0x000000e512500000,0x000000e512600000) (1024K)]
  0x0000024e2e6a2c40 JavaThread "Unconstrained build operations Thread 238"        [_thread_blocked, id=10688, stack(0x000000e512600000,0x000000e512700000) (1024K)]
  0x0000024e2e6a6de0 JavaThread "Unconstrained build operations Thread 239"        [_thread_blocked, id=14212, stack(0x000000e512700000,0x000000e512800000) (1024K)]
  0x0000024e2e6a8eb0 JavaThread "Unconstrained build operations Thread 240"        [_thread_blocked, id=17756, stack(0x000000e512800000,0x000000e512900000) (1024K)]
  0x0000024e2e6a8820 JavaThread "Unconstrained build operations Thread 241"        [_thread_blocked, id=3500, stack(0x000000e512900000,0x000000e512a00000) (1024K)]
  0x0000024e2e6a9540 JavaThread "Unconstrained build operations Thread 242"        [_thread_blocked, id=25232, stack(0x000000e512a00000,0x000000e512b00000) (1024K)]
  0x0000024e2e6a9bd0 JavaThread "Unconstrained build operations Thread 243"        [_thread_blocked, id=15480, stack(0x000000e512b00000,0x000000e512c00000) (1024K)]
  0x0000024e2e6a8190 JavaThread "Unconstrained build operations Thread 244"        [_thread_blocked, id=24192, stack(0x000000e512c00000,0x000000e512d00000) (1024K)]
  0x0000024e2e6a6750 JavaThread "Unconstrained build operations Thread 245"        [_thread_blocked, id=14472, stack(0x000000e512d00000,0x000000e512e00000) (1024K)]
  0x0000024e2e6aa260 JavaThread "Unconstrained build operations Thread 246"        [_thread_blocked, id=5296, stack(0x000000e512e00000,0x000000e512f00000) (1024K)]
  0x0000024e2e6aa8f0 JavaThread "Unconstrained build operations Thread 247"        [_thread_blocked, id=23784, stack(0x000000e512f00000,0x000000e513000000) (1024K)]
  0x0000024e2e6a7470 JavaThread "Unconstrained build operations Thread 248"        [_thread_blocked, id=24220, stack(0x000000e513000000,0x000000e513100000) (1024K)]
  0x0000024e2e6aaf80 JavaThread "Unconstrained build operations Thread 249"        [_thread_blocked, id=24616, stack(0x000000e513100000,0x000000e513200000) (1024K)]
  0x0000024e2e6a7b00 JavaThread "Unconstrained build operations Thread 250"        [_thread_blocked, id=25376, stack(0x000000e513200000,0x000000e513300000) (1024K)]
  0x0000024e2e6ac330 JavaThread "Unconstrained build operations Thread 251"        [_thread_blocked, id=10952, stack(0x000000e513300000,0x000000e513400000) (1024K)]
  0x0000024e2e6ac9c0 JavaThread "Unconstrained build operations Thread 252"        [_thread_blocked, id=9064, stack(0x000000e513400000,0x000000e513500000) (1024K)]
  0x0000024e2e6ab610 JavaThread "Unconstrained build operations Thread 253"        [_thread_blocked, id=15800, stack(0x000000e513500000,0x000000e513600000) (1024K)]
  0x0000024e2e6ad050 JavaThread "Unconstrained build operations Thread 254"        [_thread_blocked, id=18440, stack(0x000000e513600000,0x000000e513700000) (1024K)]
  0x0000024e2e6abca0 JavaThread "Unconstrained build operations Thread 255"        [_thread_blocked, id=18396, stack(0x000000e513700000,0x000000e513800000) (1024K)]
  0x0000024e2e6add70 JavaThread "Unconstrained build operations Thread 256"        [_thread_blocked, id=21036, stack(0x000000e513800000,0x000000e513900000) (1024K)]
  0x0000024e2e6b0b60 JavaThread "Unconstrained build operations Thread 257"        [_thread_blocked, id=22532, stack(0x000000e513900000,0x000000e513a00000) (1024K)]
  0x0000024e2e6b04d0 JavaThread "Unconstrained build operations Thread 258"        [_thread_blocked, id=22920, stack(0x000000e513a00000,0x000000e513b00000) (1024K)]
  0x0000024e2e6af7b0 JavaThread "Unconstrained build operations Thread 259"        [_thread_blocked, id=3992, stack(0x000000e513b00000,0x000000e513c00000) (1024K)]
  0x0000024e2e6afe40 JavaThread "Unconstrained build operations Thread 260"        [_thread_blocked, id=20324, stack(0x000000e513c00000,0x000000e513d00000) (1024K)]
  0x0000024e2e6aea90 JavaThread "Unconstrained build operations Thread 261"        [_thread_blocked, id=13432, stack(0x000000e513d00000,0x000000e513e00000) (1024K)]
  0x0000024e2e6ae400 JavaThread "Unconstrained build operations Thread 262"        [_thread_blocked, id=11592, stack(0x000000e513e00000,0x000000e513f00000) (1024K)]
  0x0000024e2e6af120 JavaThread "Unconstrained build operations Thread 263"        [_thread_blocked, id=22380, stack(0x000000e513f00000,0x000000e514000000) (1024K)]
  0x0000024e2e6ad6e0 JavaThread "Unconstrained build operations Thread 264"        [_thread_blocked, id=24704, stack(0x000000e514000000,0x000000e514100000) (1024K)]
  0x0000024e2e6b11f0 JavaThread "Unconstrained build operations Thread 265"        [_thread_blocked, id=24400, stack(0x000000e514100000,0x000000e514200000) (1024K)]
  0x0000024e2e6b1880 JavaThread "Unconstrained build operations Thread 266"        [_thread_blocked, id=2428, stack(0x000000e514200000,0x000000e514300000) (1024K)]
  0x0000024e2e6b1f10 JavaThread "Unconstrained build operations Thread 267"        [_thread_blocked, id=15532, stack(0x000000e514300000,0x000000e514400000) (1024K)]
  0x0000024e2e6b25a0 JavaThread "Unconstrained build operations Thread 268"        [_thread_blocked, id=21592, stack(0x000000e514400000,0x000000e514500000) (1024K)]
  0x0000024e2e5f1600 JavaThread "Unconstrained build operations Thread 269"        [_thread_blocked, id=5868, stack(0x000000e514500000,0x000000e514600000) (1024K)]
  0x0000024e2e5f08e0 JavaThread "Unconstrained build operations Thread 270"        [_thread_blocked, id=12384, stack(0x000000e514600000,0x000000e514700000) (1024K)]
  0x0000024e2e5f0250 JavaThread "Unconstrained build operations Thread 271"        [_thread_blocked, id=17960, stack(0x000000e514700000,0x000000e514800000) (1024K)]
  0x0000024e2e5f43f0 JavaThread "Unconstrained build operations Thread 272"        [_thread_blocked, id=25408, stack(0x000000e514800000,0x000000e514900000) (1024K)]
  0x0000024e2e5f1c90 JavaThread "Unconstrained build operations Thread 273"        [_thread_blocked, id=25296, stack(0x000000e514900000,0x000000e514a00000) (1024K)]
  0x0000024e2e5f2320 JavaThread "Unconstrained build operations Thread 274"        [_thread_blocked, id=25536, stack(0x000000e514a00000,0x000000e514b00000) (1024K)]
  0x0000024e2e5f0f70 JavaThread "Unconstrained build operations Thread 275"        [_thread_blocked, id=15396, stack(0x000000e514b00000,0x000000e514c00000) (1024K)]
  0x0000024e2e5f4a80 JavaThread "Unconstrained build operations Thread 276"        [_thread_blocked, id=23872, stack(0x000000e514c00000,0x000000e514d00000) (1024K)]
  0x0000024e2e5f5110 JavaThread "Unconstrained build operations Thread 277"        [_thread_blocked, id=20888, stack(0x000000e514d00000,0x000000e514e00000) (1024K)]
  0x0000024e2e5f57a0 JavaThread "Unconstrained build operations Thread 278"        [_thread_blocked, id=23828, stack(0x000000e514e00000,0x000000e514f00000) (1024K)]
  0x0000024e2e5f5e30 JavaThread "Unconstrained build operations Thread 279"        [_thread_blocked, id=3860, stack(0x000000e514f00000,0x000000e515000000) (1024K)]
  0x0000024e2e5f29b0 JavaThread "Unconstrained build operations Thread 280"        [_thread_blocked, id=20744, stack(0x000000e515000000,0x000000e515100000) (1024K)]
Total: 382

Other Threads:
=>0x0000024e17ecb650 VMThread "VM Thread"                           [id=20832, stack(0x000000e574a00000,0x000000e574b00000) (1024K)]
  0x0000024e17e419e0 WatcherThread "VM Periodic Task Thread"        [id=24188, stack(0x000000e574900000,0x000000e574a00000) (1024K)]
  0x0000024e7eba74d0 WorkerThread "GC Thread#0"                     [id=20264, stack(0x000000e574400000,0x000000e574500000) (1024K)]
  0x0000024e1879b380 WorkerThread "GC Thread#1"                     [id=5892, stack(0x000000e575a00000,0x000000e575b00000) (1024K)]
  0x0000024e1d0bb480 WorkerThread "GC Thread#2"                     [id=18520, stack(0x000000e575b00000,0x000000e575c00000) (1024K)]
  0x0000024e1d0bb820 WorkerThread "GC Thread#3"                     [id=23444, stack(0x000000e575c00000,0x000000e575d00000) (1024K)]
  0x0000024e18994cd0 WorkerThread "GC Thread#4"                     [id=10636, stack(0x000000e575d00000,0x000000e575e00000) (1024K)]
  0x0000024e18995b50 WorkerThread "GC Thread#5"                     [id=23132, stack(0x000000e575e00000,0x000000e575f00000) (1024K)]
  0x0000024e18995410 WorkerThread "GC Thread#6"                     [id=21064, stack(0x000000e576100000,0x000000e576200000) (1024K)]
  0x0000024e18995070 WorkerThread "GC Thread#7"                     [id=9404, stack(0x000000e576200000,0x000000e576300000) (1024K)]
  0x0000024e189957b0 WorkerThread "GC Thread#8"                     [id=12320, stack(0x000000e576300000,0x000000e576400000) (1024K)]
  0x0000024e1e7f9dd0 WorkerThread "GC Thread#9"                     [id=26268, stack(0x000000e576a00000,0x000000e576b00000) (1024K)]
  0x0000024e1e7f92f0 WorkerThread "GC Thread#10"                    [id=21768, stack(0x000000e576b00000,0x000000e576c00000) (1024K)]
  0x0000024e1e7f80d0 WorkerThread "GC Thread#11"                    [id=1772, stack(0x000000e576c00000,0x000000e576d00000) (1024K)]
  0x0000024e1e7f8810 WorkerThread "GC Thread#12"                    [id=16036, stack(0x000000e576d00000,0x000000e576e00000) (1024K)]
  0x0000024e1e7f7250 WorkerThread "GC Thread#13"                    [id=13012, stack(0x000000e576e00000,0x000000e576f00000) (1024K)]
  0x0000024e1e7fa510 WorkerThread "GC Thread#14"                    [id=22580, stack(0x000000e576f00000,0x000000e577000000) (1024K)]
  0x0000024e1e7f8bb0 WorkerThread "GC Thread#15"                    [id=14172, stack(0x000000e577000000,0x000000e577100000) (1024K)]
  0x0000024e1e7f7990 WorkerThread "GC Thread#16"                    [id=14184, stack(0x000000e577b00000,0x000000e577c00000) (1024K)]
  0x0000024e1e7f8470 WorkerThread "GC Thread#17"                    [id=8636, stack(0x000000e577c00000,0x000000e577d00000) (1024K)]
  0x0000024e210332d0 WorkerThread "GC Thread#18"                    [id=17848, stack(0x000000e577d00000,0x000000e577e00000) (1024K)]
  0x0000024e210320b0 WorkerThread "GC Thread#19"                    [id=10768, stack(0x000000e577e00000,0x000000e577f00000) (1024K)]
  0x0000024e7ebb9ac0 ConcurrentGCThread "G1 Main Marker"            [id=25060, stack(0x000000e574500000,0x000000e574600000) (1024K)]
  0x0000024e7ebbac70 WorkerThread "G1 Conc#0"                       [id=26232, stack(0x000000e574600000,0x000000e574700000) (1024K)]
  0x0000024e1e7f7d30 WorkerThread "G1 Conc#1"                       [id=23380, stack(0x000000e577100000,0x000000e577200000) (1024K)]
  0x0000024e1e7f6b10 WorkerThread "G1 Conc#2"                       [id=20408, stack(0x000000e577200000,0x000000e577300000) (1024K)]
  0x0000024e1e7fa170 WorkerThread "G1 Conc#3"                       [id=20960, stack(0x000000e577300000,0x000000e577400000) (1024K)]
  0x0000024e1e7f9690 WorkerThread "G1 Conc#4"                       [id=8064, stack(0x000000e577400000,0x000000e577500000) (1024K)]
  0x0000024e174751e0 ConcurrentGCThread "G1 Refine#0"               [id=12980, stack(0x000000e574700000,0x000000e574800000) (1024K)]
  0x0000024e17475b00 ConcurrentGCThread "G1 Service"                [id=20956, stack(0x000000e574800000,0x000000e574900000) (1024K)]
Total: 30

Threads with active compile tasks:
Total: 0

VM state: at safepoint (normal execution)

VM Mutex/Monitor currently owned by a thread:  ([mutex/lock_event])
[0x00007ffd32c785b8] Threads_lock - owner thread: 0x0000024e17ecb650
[0x00007ffd32c786b8] Heap_lock - owner thread: 0x0000024e7ebb9ac0

Heap address: 0x0000000080000000, size: 2048 MB, Compressed Oops mode: 32-bit

CDS archive(s) not mapped
Compressed class space mapped at: 0x0000000100000000-0x0000000140000000, reserved size: 1073741824
Narrow klass base: 0x0000000000000000, Narrow klass shift: 3, Narrow klass range: 0x140000000

GC Precious Log:
 CardTable entry size: 512
 Card Set container configuration: InlinePtr #cards 5 size 8 Array Of Cards #cards 12 size 40 Howl #buckets 4 coarsen threshold 1843 Howl Bitmap #cards 512 size 80 coarsen threshold 460 Card regions per heap region 1 cards per card region 2048
 CPUs: 28 total, 28 available
 Memory: 16039M
 Large Page Support: Disabled
 NUMA Support: Disabled
 Compressed Oops: Enabled (32-bit)
 Heap Region Size: 1M
 Heap Min Capacity: 8M
 Heap Initial Capacity: 252M
 Heap Max Capacity: 2G
 Pre-touch: Disabled
 Parallel Workers: 20
 Concurrent Workers: 5
 Concurrent Refinement Workers: 20
 Periodic GC: Disabled

Heap:
 garbage-first heap   total 324608K, used 221940K [0x0000000080000000, 0x0000000100000000)
  region size 1024K, 15 young (15360K), 11 survivors (11264K)
 Metaspace       used 143188K, committed 145728K, reserved 1179648K
  class space    used 19773K, committed 20992K, reserved 1048576K

Heap Regions: E=young(eden), S=young(survivor), O=old, HS=humongous(starts), HC=humongous(continues), CS=collection set, F=free, TAMS=top-at-mark-start, PB=parsable bottom
|   0|0x0000000080000000, 0x0000000080100000, 0x0000000080100000|100%|HS|  |TAMS 0x0000000080100000| PB 0x0000000080000000| Complete 
|   1|0x0000000080100000, 0x0000000080200000, 0x0000000080200000|100%|HC|  |TAMS 0x0000000080200000| PB 0x0000000080100000| Complete 
|   2|0x0000000080200000, 0x0000000080300000, 0x0000000080300000|100%|HC|  |TAMS 0x0000000080300000| PB 0x0000000080200000| Complete 
|   3|0x0000000080300000, 0x0000000080400000, 0x0000000080400000|100%| O|  |TAMS 0x0000000080400000| PB 0x0000000080400000| Untracked 
|   4|0x0000000080400000, 0x0000000080500000, 0x0000000080500000|100%| O|  |TAMS 0x0000000080500000| PB 0x0000000080500000| Untracked 
|   5|0x0000000080500000, 0x0000000080600000, 0x0000000080600000|100%| O|  |TAMS 0x0000000080600000| PB 0x0000000080600000| Untracked 
|   6|0x0000000080600000, 0x0000000080700000, 0x0000000080700000|100%|HS|  |TAMS 0x0000000080700000| PB 0x0000000080600000| Complete 
|   7|0x0000000080700000, 0x0000000080800000, 0x0000000080800000|100%| O|  |TAMS 0x0000000080800000| PB 0x0000000080800000| Untracked 
|   8|0x0000000080800000, 0x0000000080900000, 0x0000000080900000|100%| O|  |TAMS 0x0000000080900000| PB 0x0000000080900000| Untracked 
|   9|0x0000000080900000, 0x0000000080a00000, 0x0000000080a00000|100%| O|  |TAMS 0x0000000080a00000| PB 0x0000000080a00000| Untracked 
|  10|0x0000000080a00000, 0x0000000080b00000, 0x0000000080b00000|100%| O|  |TAMS 0x0000000080b00000| PB 0x0000000080b00000| Updating 
|  11|0x0000000080b00000, 0x0000000080c00000, 0x0000000080c00000|100%| O|  |TAMS 0x0000000080c00000| PB 0x0000000080c00000| Untracked 
|  12|0x0000000080c00000, 0x0000000080d00000, 0x0000000080d00000|100%| O|  |TAMS 0x0000000080d00000| PB 0x0000000080d00000| Untracked 
|  13|0x0000000080d00000, 0x0000000080e00000, 0x0000000080e00000|100%| O|  |TAMS 0x0000000080e00000| PB 0x0000000080e00000| Untracked 
|  14|0x0000000080e00000, 0x0000000080f00000, 0x0000000080f00000|100%| O|  |TAMS 0x0000000080f00000| PB 0x0000000080f00000| Untracked 
|  15|0x0000000080f00000, 0x0000000081000000, 0x0000000081000000|100%| O|  |TAMS 0x0000000081000000| PB 0x0000000081000000| Untracked 
|  16|0x0000000081000000, 0x0000000081100000, 0x0000000081100000|100%| O|  |TAMS 0x0000000081100000| PB 0x0000000081100000| Untracked 
|  17|0x0000000081100000, 0x0000000081200000, 0x0000000081200000|100%| O|  |TAMS 0x0000000081200000| PB 0x0000000081200000| Updating 
|  18|0x0000000081200000, 0x0000000081300000, 0x0000000081300000|100%| O|  |TAMS 0x0000000081300000| PB 0x0000000081300000| Untracked 
|  19|0x0000000081300000, 0x0000000081400000, 0x0000000081400000|100%|HS|  |TAMS 0x0000000081400000| PB 0x0000000081300000| Complete 
|  20|0x0000000081400000, 0x0000000081500000, 0x0000000081500000|100%|HC|  |TAMS 0x0000000081500000| PB 0x0000000081400000| Complete 
|  21|0x0000000081500000, 0x0000000081600000, 0x0000000081600000|100%|HC|  |TAMS 0x0000000081600000| PB 0x0000000081500000| Complete 
|  22|0x0000000081600000, 0x0000000081700000, 0x0000000081700000|100%|HC|  |TAMS 0x0000000081700000| PB 0x0000000081600000| Complete 
|  23|0x0000000081700000, 0x0000000081800000, 0x0000000081800000|100%|HC|  |TAMS 0x0000000081800000| PB 0x0000000081700000| Complete 
|  24|0x0000000081800000, 0x0000000081900000, 0x0000000081900000|100%|HC|  |TAMS 0x0000000081900000| PB 0x0000000081800000| Complete 
|  25|0x0000000081900000, 0x0000000081a00000, 0x0000000081a00000|100%|HS|  |TAMS 0x0000000081a00000| PB 0x0000000081900000| Complete 
|  26|0x0000000081a00000, 0x0000000081b00000, 0x0000000081b00000|100%|HS|  |TAMS 0x0000000081b00000| PB 0x0000000081a00000| Complete 
|  27|0x0000000081b00000, 0x0000000081c00000, 0x0000000081c00000|100%|HC|  |TAMS 0x0000000081c00000| PB 0x0000000081b00000| Complete 
|  28|0x0000000081c00000, 0x0000000081d00000, 0x0000000081d00000|100%|HS|  |TAMS 0x0000000081d00000| PB 0x0000000081c00000| Complete 
|  29|0x0000000081d00000, 0x0000000081e00000, 0x0000000081e00000|100%|HC|  |TAMS 0x0000000081e00000| PB 0x0000000081d00000| Complete 
|  30|0x0000000081e00000, 0x0000000081f00000, 0x0000000081f00000|100%|HC|  |TAMS 0x0000000081f00000| PB 0x0000000081e00000| Complete 
|  31|0x0000000081f00000, 0x0000000082000000, 0x0000000082000000|100%|HC|  |TAMS 0x0000000082000000| PB 0x0000000081f00000| Complete 
|  32|0x0000000082000000, 0x0000000082100000, 0x0000000082100000|100%|HS|  |TAMS 0x0000000082100000| PB 0x0000000082000000| Complete 
|  33|0x0000000082100000, 0x0000000082200000, 0x0000000082200000|100%|HS|  |TAMS 0x0000000082200000| PB 0x0000000082100000| Complete 
|  34|0x0000000082200000, 0x0000000082300000, 0x0000000082300000|100%|HC|  |TAMS 0x0000000082300000| PB 0x0000000082200000| Complete 
|  35|0x0000000082300000, 0x0000000082400000, 0x0000000082400000|100%|HC|  |TAMS 0x0000000082400000| PB 0x0000000082300000| Complete 
|  36|0x0000000082400000, 0x0000000082500000, 0x0000000082500000|100%|HC|  |TAMS 0x0000000082500000| PB 0x0000000082400000| Complete 
|  37|0x0000000082500000, 0x0000000082600000, 0x0000000082600000|100%|HC|  |TAMS 0x0000000082600000| PB 0x0000000082500000| Complete 
|  38|0x0000000082600000, 0x0000000082700000, 0x0000000082700000|100%|HC|  |TAMS 0x0000000082700000| PB 0x0000000082600000| Complete 
|  39|0x0000000082700000, 0x0000000082800000, 0x0000000082800000|100%|HS|  |TAMS 0x0000000082800000| PB 0x0000000082700000| Complete 
|  40|0x0000000082800000, 0x0000000082900000, 0x0000000082900000|100%|HS|  |TAMS 0x0000000082900000| PB 0x0000000082800000| Complete 
|  41|0x0000000082900000, 0x0000000082a00000, 0x0000000082a00000|100%|HC|  |TAMS 0x0000000082a00000| PB 0x0000000082900000| Complete 
|  42|0x0000000082a00000, 0x0000000082b00000, 0x0000000082b00000|100%|HS|  |TAMS 0x0000000082b00000| PB 0x0000000082a00000| Complete 
|  43|0x0000000082b00000, 0x0000000082c00000, 0x0000000082c00000|100%|HC|  |TAMS 0x0000000082c00000| PB 0x0000000082b00000| Complete 
|  44|0x0000000082c00000, 0x0000000082d00000, 0x0000000082d00000|100%|HC|  |TAMS 0x0000000082d00000| PB 0x0000000082c00000| Complete 
|  45|0x0000000082d00000, 0x0000000082e00000, 0x0000000082e00000|100%|HC|  |TAMS 0x0000000082e00000| PB 0x0000000082d00000| Complete 
|  46|0x0000000082e00000, 0x0000000082f00000, 0x0000000082f00000|100%|HS|  |TAMS 0x0000000082f00000| PB 0x0000000082e00000| Complete 
|  47|0x0000000082f00000, 0x0000000083000000, 0x0000000083000000|100%| O|  |TAMS 0x0000000083000000| PB 0x0000000083000000| Untracked 
|  48|0x0000000083000000, 0x0000000083100000, 0x0000000083100000|100%| O|  |TAMS 0x0000000083100000| PB 0x0000000083100000| Updating 
|  49|0x0000000083100000, 0x0000000083200000, 0x0000000083200000|100%| O|  |TAMS 0x0000000083200000| PB 0x0000000083200000| Untracked 
|  50|0x0000000083200000, 0x0000000083300000, 0x0000000083300000|100%| O|  |TAMS 0x0000000083300000| PB 0x0000000083300000| Untracked 
|  51|0x0000000083300000, 0x0000000083400000, 0x0000000083400000|100%| O|  |TAMS 0x0000000083400000| PB 0x0000000083400000| Untracked 
|  52|0x0000000083400000, 0x0000000083500000, 0x0000000083500000|100%| O|  |TAMS 0x0000000083500000| PB 0x0000000083500000| Untracked 
|  53|0x0000000083500000, 0x0000000083600000, 0x0000000083600000|100%| O|  |TAMS 0x0000000083600000| PB 0x0000000083600000| Untracked 
|  54|0x0000000083600000, 0x0000000083700000, 0x0000000083700000|100%| O|  |TAMS 0x0000000083700000| PB 0x0000000083700000| Updating 
|  55|0x0000000083700000, 0x0000000083800000, 0x0000000083800000|100%| O|  |TAMS 0x0000000083800000| PB 0x0000000083800000| Updating 
|  56|0x0000000083800000, 0x0000000083900000, 0x0000000083900000|100%| O|  |TAMS 0x0000000083900000| PB 0x0000000083900000| Updating 
|  57|0x0000000083900000, 0x0000000083a00000, 0x0000000083a00000|100%| O|  |TAMS 0x0000000083a00000| PB 0x0000000083a00000| Untracked 
|  58|0x0000000083a00000, 0x0000000083b00000, 0x0000000083b00000|100%| O|  |TAMS 0x0000000083b00000| PB 0x0000000083b00000| Updating 
|  59|0x0000000083b00000, 0x0000000083c00000, 0x0000000083c00000|100%| O|  |TAMS 0x0000000083c00000| PB 0x0000000083c00000| Updating 
|  60|0x0000000083c00000, 0x0000000083d00000, 0x0000000083d00000|100%|HS|  |TAMS 0x0000000083d00000| PB 0x0000000083c00000| Complete 
|  61|0x0000000083d00000, 0x0000000083e00000, 0x0000000083e00000|100%|HC|  |TAMS 0x0000000083e00000| PB 0x0000000083d00000| Complete 
|  62|0x0000000083e00000, 0x0000000083f00000, 0x0000000083f00000|100%| O|  |TAMS 0x0000000083f00000| PB 0x0000000083f00000| Untracked 
|  63|0x0000000083f00000, 0x0000000084000000, 0x0000000084000000|100%| O|  |TAMS 0x0000000084000000| PB 0x0000000084000000| Untracked 
|  64|0x0000000084000000, 0x0000000084100000, 0x0000000084100000|100%| O|  |TAMS 0x0000000084100000| PB 0x0000000084100000| Updating 
|  65|0x0000000084100000, 0x0000000084200000, 0x0000000084200000|100%|HS|  |TAMS 0x0000000084200000| PB 0x0000000084100000| Complete 
|  66|0x0000000084200000, 0x0000000084300000, 0x0000000084300000|100%|HC|  |TAMS 0x0000000084300000| PB 0x0000000084200000| Complete 
|  67|0x0000000084300000, 0x0000000084400000, 0x0000000084400000|100%|HC|  |TAMS 0x0000000084400000| PB 0x0000000084300000| Complete 
|  68|0x0000000084400000, 0x0000000084500000, 0x0000000084500000|100%|HC|  |TAMS 0x0000000084500000| PB 0x0000000084400000| Complete 
|  69|0x0000000084500000, 0x0000000084600000, 0x0000000084600000|100%|HC|  |TAMS 0x0000000084600000| PB 0x0000000084500000| Complete 
|  70|0x0000000084600000, 0x0000000084700000, 0x0000000084700000|100%|HC|  |TAMS 0x0000000084700000| PB 0x0000000084600000| Complete 
|  71|0x0000000084700000, 0x0000000084800000, 0x0000000084800000|100%|HS|  |TAMS 0x0000000084800000| PB 0x0000000084700000| Complete 
|  72|0x0000000084800000, 0x0000000084900000, 0x0000000084900000|100%|HS|  |TAMS 0x0000000084900000| PB 0x0000000084800000| Complete 
|  73|0x0000000084900000, 0x0000000084a00000, 0x0000000084a00000|100%|HC|  |TAMS 0x0000000084a00000| PB 0x0000000084900000| Complete 
|  74|0x0000000084a00000, 0x0000000084b00000, 0x0000000084b00000|100%|HC|  |TAMS 0x0000000084b00000| PB 0x0000000084a00000| Complete 
|  75|0x0000000084b00000, 0x0000000084c00000, 0x0000000084c00000|100%|HC|  |TAMS 0x0000000084c00000| PB 0x0000000084b00000| Complete 
|  76|0x0000000084c00000, 0x0000000084d00000, 0x0000000084d00000|100%|HC|  |TAMS 0x0000000084d00000| PB 0x0000000084c00000| Complete 
|  77|0x0000000084d00000, 0x0000000084e00000, 0x0000000084e00000|100%|HC|  |TAMS 0x0000000084e00000| PB 0x0000000084d00000| Complete 
|  78|0x0000000084e00000, 0x0000000084f00000, 0x0000000084f00000|100%|HS|  |TAMS 0x0000000084f00000| PB 0x0000000084e00000| Complete 
|  79|0x0000000084f00000, 0x0000000085000000, 0x0000000085000000|100%| O|  |TAMS 0x0000000085000000| PB 0x0000000085000000| Untracked 
|  80|0x0000000085000000, 0x0000000085100000, 0x0000000085100000|100%| O|  |TAMS 0x0000000085100000| PB 0x0000000085100000| Untracked 
|  81|0x0000000085100000, 0x0000000085200000, 0x0000000085200000|100%| O|  |TAMS 0x0000000085200000| PB 0x0000000085200000| Updating 
|  82|0x0000000085200000, 0x0000000085300000, 0x0000000085300000|100%| O|  |TAMS 0x0000000085300000| PB 0x0000000085300000| Untracked 
|  83|0x0000000085300000, 0x0000000085400000, 0x0000000085400000|100%| O|  |TAMS 0x0000000085400000| PB 0x0000000085400000| Untracked 
|  84|0x0000000085400000, 0x0000000085500000, 0x0000000085500000|100%| O|  |TAMS 0x0000000085500000| PB 0x0000000085500000| Updating 
|  85|0x0000000085500000, 0x0000000085600000, 0x0000000085600000|100%| O|  |TAMS 0x0000000085600000| PB 0x0000000085600000| Updating 
|  86|0x0000000085600000, 0x0000000085700000, 0x0000000085700000|100%| O|  |TAMS 0x0000000085700000| PB 0x0000000085700000| Updating 
|  87|0x0000000085700000, 0x0000000085800000, 0x0000000085800000|100%| O|  |TAMS 0x0000000085800000| PB 0x0000000085800000| Updating 
|  88|0x0000000085800000, 0x0000000085900000, 0x0000000085900000|100%| O|  |TAMS 0x0000000085900000| PB 0x0000000085900000| Updating 
|  89|0x0000000085900000, 0x0000000085a00000, 0x0000000085a00000|100%| O|  |TAMS 0x0000000085a00000| PB 0x0000000085a00000| Updating 
|  90|0x0000000085a00000, 0x0000000085b00000, 0x0000000085b00000|100%| O|  |TAMS 0x0000000085b00000| PB 0x0000000085b00000| Updating 
|  91|0x0000000085b00000, 0x0000000085c00000, 0x0000000085c00000|100%| O|  |TAMS 0x0000000085c00000| PB 0x0000000085c00000| Updating 
|  92|0x0000000085c00000, 0x0000000085d00000, 0x0000000085d00000|100%| O|  |TAMS 0x0000000085d00000| PB 0x0000000085d00000| Updating 
|  93|0x0000000085d00000, 0x0000000085e00000, 0x0000000085e00000|100%|HS|  |TAMS 0x0000000085e00000| PB 0x0000000085d00000| Complete 
|  94|0x0000000085e00000, 0x0000000085f00000, 0x0000000085f00000|100%|HS|  |TAMS 0x0000000085f00000| PB 0x0000000085e00000| Complete 
|  95|0x0000000085f00000, 0x0000000086000000, 0x0000000086000000|100%|HS|  |TAMS 0x0000000086000000| PB 0x0000000085f00000| Complete 
|  96|0x0000000086000000, 0x0000000086100000, 0x0000000086100000|100%|HC|  |TAMS 0x0000000086100000| PB 0x0000000086000000| Complete 
|  97|0x0000000086100000, 0x0000000086200000, 0x0000000086200000|100%|HS|  |TAMS 0x0000000086200000| PB 0x0000000086100000| Complete 
|  98|0x0000000086200000, 0x0000000086300000, 0x0000000086300000|100%|HC|  |TAMS 0x0000000086300000| PB 0x0000000086200000| Complete 
|  99|0x0000000086300000, 0x0000000086400000, 0x0000000086400000|100%|HS|  |TAMS 0x0000000086400000| PB 0x0000000086300000| Complete 
| 100|0x0000000086400000, 0x0000000086500000, 0x0000000086500000|100%|HS|  |TAMS 0x0000000086500000| PB 0x0000000086400000| Complete 
| 101|0x0000000086500000, 0x0000000086600000, 0x0000000086600000|100%|HC|  |TAMS 0x0000000086600000| PB 0x0000000086500000| Complete 
| 102|0x0000000086600000, 0x0000000086700000, 0x0000000086700000|100%|HC|  |TAMS 0x0000000086700000| PB 0x0000000086600000| Complete 
| 103|0x0000000086700000, 0x0000000086800000, 0x0000000086800000|100%|HS|  |TAMS 0x0000000086800000| PB 0x0000000086700000| Complete 
| 104|0x0000000086800000, 0x0000000086900000, 0x0000000086900000|100%|HS|  |TAMS 0x0000000086900000| PB 0x0000000086800000| Complete 
| 105|0x0000000086900000, 0x0000000086a00000, 0x0000000086a00000|100%| O|  |TAMS 0x0000000086a00000| PB 0x0000000086a00000| Untracked 
| 106|0x0000000086a00000, 0x0000000086b00000, 0x0000000086b00000|100%|HS|  |TAMS 0x0000000086b00000| PB 0x0000000086a00000| Complete 
| 107|0x0000000086b00000, 0x0000000086c00000, 0x0000000086c00000|100%| O|  |TAMS 0x0000000086c00000| PB 0x0000000086c00000| Untracked 
| 108|0x0000000086c00000, 0x0000000086d00000, 0x0000000086d00000|100%| O|  |TAMS 0x0000000086d00000| PB 0x0000000086d00000| Updating 
| 109|0x0000000086d00000, 0x0000000086e00000, 0x0000000086e00000|100%| O|  |TAMS 0x0000000086e00000| PB 0x0000000086e00000| Untracked 
| 110|0x0000000086e00000, 0x0000000086f00000, 0x0000000086f00000|100%| O|  |TAMS 0x0000000086f00000| PB 0x0000000086f00000| Updating 
| 111|0x0000000086f00000, 0x0000000087000000, 0x0000000087000000|100%| O|  |TAMS 0x0000000087000000| PB 0x0000000087000000| Untracked 
| 112|0x0000000087000000, 0x0000000087100000, 0x0000000087100000|100%| O|  |TAMS 0x0000000087100000| PB 0x0000000087100000| Updating 
| 113|0x0000000087100000, 0x0000000087200000, 0x0000000087200000|100%| O|  |TAMS 0x0000000087200000| PB 0x0000000087200000| Updating 
| 114|0x0000000087200000, 0x0000000087300000, 0x0000000087300000|100%| O|  |TAMS 0x0000000087300000| PB 0x0000000087300000| Untracked 
| 115|0x0000000087300000, 0x0000000087400000, 0x0000000087400000|100%| O|  |TAMS 0x0000000087400000| PB 0x0000000087400000| Updating 
| 116|0x0000000087400000, 0x0000000087500000, 0x0000000087500000|100%| O|  |TAMS 0x0000000087500000| PB 0x0000000087500000| Updating 
| 117|0x0000000087500000, 0x0000000087600000, 0x0000000087600000|100%| O|  |TAMS 0x0000000087600000| PB 0x0000000087600000| Updating 
| 118|0x0000000087600000, 0x0000000087700000, 0x0000000087700000|100%| O|  |TAMS 0x0000000087700000| PB 0x0000000087700000| Untracked 
| 119|0x0000000087700000, 0x0000000087800000, 0x0000000087800000|100%|HS|  |TAMS 0x0000000087800000| PB 0x0000000087700000| Complete 
| 120|0x0000000087800000, 0x0000000087900000, 0x0000000087900000|100%| O|  |TAMS 0x0000000087900000| PB 0x0000000087900000| Untracked 
| 121|0x0000000087900000, 0x0000000087a00000, 0x0000000087a00000|100%| O|  |TAMS 0x0000000087a00000| PB 0x0000000087a00000| Untracked 
| 122|0x0000000087a00000, 0x0000000087b00000, 0x0000000087b00000|100%| O|  |TAMS 0x0000000087b00000| PB 0x0000000087b00000| Updating 
| 123|0x0000000087b00000, 0x0000000087c00000, 0x0000000087c00000|100%|HS|  |TAMS 0x0000000087c00000| PB 0x0000000087b00000| Complete 
| 124|0x0000000087c00000, 0x0000000087d00000, 0x0000000087d00000|100%|HC|  |TAMS 0x0000000087d00000| PB 0x0000000087c00000| Complete 
| 125|0x0000000087d00000, 0x0000000087e00000, 0x0000000087e00000|100%|HC|  |TAMS 0x0000000087e00000| PB 0x0000000087d00000| Complete 
| 126|0x0000000087e00000, 0x0000000087f00000, 0x0000000087f00000|100%| O|  |TAMS 0x0000000087f00000| PB 0x0000000087f00000| Updating 
| 127|0x0000000087f00000, 0x0000000088000000, 0x0000000088000000|100%| O|  |TAMS 0x0000000088000000| PB 0x0000000088000000| Untracked 
| 128|0x0000000088000000, 0x0000000088100000, 0x0000000088100000|100%| O|  |TAMS 0x0000000088100000| PB 0x0000000088100000| Untracked 
| 129|0x0000000088100000, 0x0000000088200000, 0x0000000088200000|100%| O|  |TAMS 0x0000000088200000| PB 0x0000000088200000| Updating 
| 130|0x0000000088200000, 0x0000000088300000, 0x0000000088300000|100%| O|  |TAMS 0x0000000088300000| PB 0x0000000088300000| Untracked 
| 131|0x0000000088300000, 0x0000000088400000, 0x0000000088400000|100%| O|  |TAMS 0x0000000088400000| PB 0x0000000088400000| Untracked 
| 132|0x0000000088400000, 0x0000000088500000, 0x0000000088500000|100%| O|  |TAMS 0x0000000088500000| PB 0x0000000088500000| Untracked 
| 133|0x0000000088500000, 0x0000000088600000, 0x0000000088600000|100%| O|  |TAMS 0x0000000088600000| PB 0x0000000088600000| Updating 
| 134|0x0000000088600000, 0x0000000088700000, 0x0000000088700000|100%| O|  |TAMS 0x0000000088600000| PB 0x0000000088600000| Untracked 
| 135|0x0000000088700000, 0x0000000088800000, 0x0000000088800000|100%| O|  |TAMS 0x0000000088700000| PB 0x0000000088700000| Untracked 
| 136|0x0000000088800000, 0x0000000088900000, 0x0000000088900000|100%|HS|  |TAMS 0x0000000088900000| PB 0x0000000088800000| Complete 
| 137|0x0000000088900000, 0x0000000088a00000, 0x0000000088a00000|100%|HC|  |TAMS 0x0000000088a00000| PB 0x0000000088900000| Complete 
| 138|0x0000000088a00000, 0x0000000088b00000, 0x0000000088b00000|100%| O|  |TAMS 0x0000000088b00000| PB 0x0000000088b00000| Updating 
| 139|0x0000000088b00000, 0x0000000088c00000, 0x0000000088c00000|100%| O|  |TAMS 0x0000000088c00000| PB 0x0000000088c00000| Updating 
| 140|0x0000000088c00000, 0x0000000088d00000, 0x0000000088d00000|100%| O|  |TAMS 0x0000000088d00000| PB 0x0000000088d00000| Updating 
| 141|0x0000000088d00000, 0x0000000088e00000, 0x0000000088e00000|100%| O|  |TAMS 0x0000000088e00000| PB 0x0000000088e00000| Updating 
| 142|0x0000000088e00000, 0x0000000088f00000, 0x0000000088f00000|100%| O|  |TAMS 0x0000000088f00000| PB 0x0000000088f00000| Updating 
| 143|0x0000000088f00000, 0x0000000089000000, 0x0000000089000000|100%| O|  |TAMS 0x0000000089000000| PB 0x0000000089000000| Untracked 
| 144|0x0000000089000000, 0x0000000089100000, 0x0000000089100000|100%| O|  |TAMS 0x0000000089100000| PB 0x0000000089100000| Untracked 
| 145|0x0000000089100000, 0x0000000089200000, 0x0000000089200000|100%| O|  |TAMS 0x0000000089200000| PB 0x0000000089200000| Untracked 
| 146|0x0000000089200000, 0x0000000089300000, 0x0000000089300000|100%| O|  |TAMS 0x0000000089300000| PB 0x0000000089300000| Untracked 
| 147|0x0000000089300000, 0x0000000089400000, 0x0000000089400000|100%| O|  |TAMS 0x0000000089400000| PB 0x0000000089400000| Untracked 
| 148|0x0000000089400000, 0x0000000089500000, 0x0000000089500000|100%| O|  |TAMS 0x0000000089500000| PB 0x0000000089500000| Updating 
| 149|0x0000000089500000, 0x0000000089600000, 0x0000000089600000|100%| O|  |TAMS 0x0000000089600000| PB 0x0000000089600000| Updating 
| 150|0x0000000089600000, 0x0000000089700000, 0x0000000089700000|100%| O|  |TAMS 0x0000000089600000| PB 0x0000000089600000| Untracked 
| 151|0x0000000089700000, 0x0000000089800000, 0x0000000089800000|100%| O|  |TAMS 0x0000000089800000| PB 0x0000000089800000| Updating 
| 152|0x0000000089800000, 0x0000000089900000, 0x0000000089900000|100%| O|  |TAMS 0x0000000089900000| PB 0x0000000089900000| Untracked 
| 153|0x0000000089900000, 0x0000000089a00000, 0x0000000089a00000|100%| O|  |TAMS 0x0000000089a00000| PB 0x0000000089a00000| Untracked 
| 154|0x0000000089a00000, 0x0000000089b00000, 0x0000000089b00000|100%| O|  |TAMS 0x0000000089b00000| PB 0x0000000089b00000| Updating 
| 155|0x0000000089b00000, 0x0000000089c00000, 0x0000000089c00000|100%| O|  |TAMS 0x0000000089c00000| PB 0x0000000089c00000| Updating 
| 156|0x0000000089c00000, 0x0000000089d00000, 0x0000000089d00000|100%| O|  |TAMS 0x0000000089d00000| PB 0x0000000089d00000| Updating 
| 157|0x0000000089d00000, 0x0000000089e00000, 0x0000000089e00000|100%| O|  |TAMS 0x0000000089e00000| PB 0x0000000089e00000| Updating 
| 158|0x0000000089e00000, 0x0000000089f00000, 0x0000000089f00000|100%| O|  |TAMS 0x0000000089f00000| PB 0x0000000089f00000| Updating 
| 159|0x0000000089f00000, 0x000000008a000000, 0x000000008a000000|100%| O|  |TAMS 0x000000008a000000| PB 0x000000008a000000| Updating 
| 160|0x000000008a000000, 0x000000008a100000, 0x000000008a100000|100%| O|  |TAMS 0x000000008a000000| PB 0x000000008a000000| Untracked 
| 161|0x000000008a100000, 0x000000008a200000, 0x000000008a200000|100%| O|  |TAMS 0x000000008a200000| PB 0x000000008a200000| Updating 
| 162|0x000000008a200000, 0x000000008a300000, 0x000000008a300000|100%| O|  |TAMS 0x000000008a300000| PB 0x000000008a300000| Updating 
| 163|0x000000008a300000, 0x000000008a400000, 0x000000008a400000|100%| O|  |TAMS 0x000000008a400000| PB 0x000000008a400000| Updating 
| 164|0x000000008a400000, 0x000000008a500000, 0x000000008a500000|100%| O|  |TAMS 0x000000008a500000| PB 0x000000008a500000| Untracked 
| 165|0x000000008a500000, 0x000000008a600000, 0x000000008a600000|100%| O|  |TAMS 0x000000008a600000| PB 0x000000008a600000| Untracked 
| 166|0x000000008a600000, 0x000000008a700000, 0x000000008a700000|100%| O|  |TAMS 0x000000008a700000| PB 0x000000008a700000| Updating 
| 167|0x000000008a700000, 0x000000008a800000, 0x000000008a800000|100%| O|  |TAMS 0x000000008a800000| PB 0x000000008a800000| Updating 
| 168|0x000000008a800000, 0x000000008a900000, 0x000000008a900000|100%| O|  |TAMS 0x000000008a900000| PB 0x000000008a900000| Untracked 
| 169|0x000000008a900000, 0x000000008aa00000, 0x000000008aa00000|100%| O|  |TAMS 0x000000008aa00000| PB 0x000000008aa00000| Untracked 
| 170|0x000000008aa00000, 0x000000008ab00000, 0x000000008ab00000|100%| O|  |TAMS 0x000000008ab00000| PB 0x000000008ab00000| Untracked 
| 171|0x000000008ab00000, 0x000000008ac00000, 0x000000008ac00000|100%| O|  |TAMS 0x000000008ac00000| PB 0x000000008ac00000| Untracked 
| 172|0x000000008ac00000, 0x000000008ad00000, 0x000000008ad00000|100%| O|  |TAMS 0x000000008ad00000| PB 0x000000008ad00000| Untracked 
| 173|0x000000008ad00000, 0x000000008ae00000, 0x000000008ae00000|100%| O|  |TAMS 0x000000008ae00000| PB 0x000000008ae00000| Untracked 
| 174|0x000000008ae00000, 0x000000008af00000, 0x000000008af00000|100%| O|  |TAMS 0x000000008af00000| PB 0x000000008af00000| Untracked 
| 175|0x000000008af00000, 0x000000008b000000, 0x000000008b000000|100%| O|  |TAMS 0x000000008b000000| PB 0x000000008b000000| Updating 
| 176|0x000000008b000000, 0x000000008b100000, 0x000000008b100000|100%| O|  |TAMS 0x000000008b100000| PB 0x000000008b100000| Updating 
| 177|0x000000008b100000, 0x000000008b200000, 0x000000008b200000|100%| O|  |TAMS 0x000000008b200000| PB 0x000000008b200000| Updating 
| 178|0x000000008b200000, 0x000000008b300000, 0x000000008b300000|100%| O|  |TAMS 0x000000008b300000| PB 0x000000008b300000| Updating 
| 179|0x000000008b300000, 0x000000008b400000, 0x000000008b400000|100%| O|  |TAMS 0x000000008b400000| PB 0x000000008b400000| Untracked 
| 180|0x000000008b400000, 0x000000008b500000, 0x000000008b500000|100%| O|  |TAMS 0x000000008b500000| PB 0x000000008b500000| Untracked 
| 181|0x000000008b500000, 0x000000008b600000, 0x000000008b600000|100%| O|  |TAMS 0x000000008b600000| PB 0x000000008b600000| Untracked 
| 182|0x000000008b600000, 0x000000008b700000, 0x000000008b700000|100%| O|  |TAMS 0x000000008b700000| PB 0x000000008b700000| Untracked 
| 183|0x000000008b700000, 0x000000008b800000, 0x000000008b800000|100%| O|  |TAMS 0x000000008b800000| PB 0x000000008b800000| Untracked 
| 184|0x000000008b800000, 0x000000008b900000, 0x000000008b900000|100%| O|  |TAMS 0x000000008b900000| PB 0x000000008b900000| Updating 
| 185|0x000000008b900000, 0x000000008ba00000, 0x000000008ba00000|100%| O|  |TAMS 0x000000008ba00000| PB 0x000000008ba00000| Updating 
| 186|0x000000008ba00000, 0x000000008bb00000, 0x000000008bb00000|100%| O|  |TAMS 0x000000008bb00000| PB 0x000000008bb00000| Updating 
| 187|0x000000008bb00000, 0x000000008bc00000, 0x000000008bc00000|100%| O|  |TAMS 0x000000008bc00000| PB 0x000000008bc00000| Updating 
| 188|0x000000008bc00000, 0x000000008bd00000, 0x000000008bd00000|100%| O|  |TAMS 0x000000008bd00000| PB 0x000000008bd00000| Untracked 
| 189|0x000000008bd00000, 0x000000008be00000, 0x000000008be00000|100%| O|  |TAMS 0x000000008be00000| PB 0x000000008be00000| Updating 
| 190|0x000000008be00000, 0x000000008bf00000, 0x000000008bf00000|100%| O|  |TAMS 0x000000008bf00000| PB 0x000000008bf00000| Updating 
| 191|0x000000008bf00000, 0x000000008c000000, 0x000000008c000000|100%| O|  |TAMS 0x000000008bf18a58| PB 0x000000008bf18a58| Untracked 
| 192|0x000000008c000000, 0x000000008c100000, 0x000000008c100000|100%| O|  |TAMS 0x000000008c000000| PB 0x000000008c000000| Untracked 
| 193|0x000000008c100000, 0x000000008c1a7010, 0x000000008c200000| 65%| O|  |TAMS 0x000000008c100000| PB 0x000000008c100000| Updating 
| 194|0x000000008c200000, 0x000000008c200000, 0x000000008c300000|  0%| F|  |TAMS 0x000000008c200000| PB 0x000000008c200000| Untracked 
| 195|0x000000008c300000, 0x000000008c300000, 0x000000008c400000|  0%| F|  |TAMS 0x000000008c300000| PB 0x000000008c300000| Untracked 
| 196|0x000000008c400000, 0x000000008c400000, 0x000000008c500000|  0%| F|  |TAMS 0x000000008c400000| PB 0x000000008c400000| Untracked 
| 197|0x000000008c500000, 0x000000008c500000, 0x000000008c600000|  0%| F|  |TAMS 0x000000008c500000| PB 0x000000008c500000| Untracked 
| 198|0x000000008c600000, 0x000000008c600000, 0x000000008c700000|  0%| F|  |TAMS 0x000000008c600000| PB 0x000000008c600000| Untracked 
| 199|0x000000008c700000, 0x000000008c700000, 0x000000008c800000|  0%| F|  |TAMS 0x000000008c700000| PB 0x000000008c700000| Untracked 
| 200|0x000000008c800000, 0x000000008c800000, 0x000000008c900000|  0%| F|  |TAMS 0x000000008c800000| PB 0x000000008c800000| Untracked 
| 201|0x000000008c900000, 0x000000008c900000, 0x000000008ca00000|  0%| F|  |TAMS 0x000000008c900000| PB 0x000000008c900000| Untracked 
| 202|0x000000008ca00000, 0x000000008ca00000, 0x000000008cb00000|  0%| F|  |TAMS 0x000000008ca00000| PB 0x000000008ca00000| Untracked 
| 203|0x000000008cb00000, 0x000000008cb00000, 0x000000008cc00000|  0%| F|  |TAMS 0x000000008cb00000| PB 0x000000008cb00000| Untracked 
| 204|0x000000008cc00000, 0x000000008cc00000, 0x000000008cd00000|  0%| F|  |TAMS 0x000000008cc00000| PB 0x000000008cc00000| Untracked 
| 205|0x000000008cd00000, 0x000000008cd00000, 0x000000008ce00000|  0%| F|  |TAMS 0x000000008cd00000| PB 0x000000008cd00000| Untracked 
| 206|0x000000008ce00000, 0x000000008ce00000, 0x000000008cf00000|  0%| F|  |TAMS 0x000000008ce00000| PB 0x000000008ce00000| Untracked 
| 207|0x000000008cf00000, 0x000000008cf00000, 0x000000008d000000|  0%| F|  |TAMS 0x000000008cf00000| PB 0x000000008cf00000| Untracked 
| 208|0x000000008d000000, 0x000000008d000000, 0x000000008d100000|  0%| F|  |TAMS 0x000000008d000000| PB 0x000000008d000000| Untracked 
| 209|0x000000008d100000, 0x000000008d100000, 0x000000008d200000|  0%| F|  |TAMS 0x000000008d100000| PB 0x000000008d100000| Untracked 
| 210|0x000000008d200000, 0x000000008d200000, 0x000000008d300000|  0%| F|  |TAMS 0x000000008d200000| PB 0x000000008d200000| Untracked 
| 211|0x000000008d300000, 0x000000008d300000, 0x000000008d400000|  0%| F|  |TAMS 0x000000008d300000| PB 0x000000008d300000| Untracked 
| 212|0x000000008d400000, 0x000000008d416078, 0x000000008d500000|  8%| S|CS|TAMS 0x000000008d400000| PB 0x000000008d400000| Complete 
| 213|0x000000008d500000, 0x000000008d600000, 0x000000008d600000|100%| S|CS|TAMS 0x000000008d500000| PB 0x000000008d500000| Complete 
| 214|0x000000008d600000, 0x000000008d700000, 0x000000008d700000|100%| S|CS|TAMS 0x000000008d600000| PB 0x000000008d600000| Complete 
| 215|0x000000008d700000, 0x000000008d800000, 0x000000008d800000|100%| S|CS|TAMS 0x000000008d700000| PB 0x000000008d700000| Complete 
| 216|0x000000008d800000, 0x000000008d900000, 0x000000008d900000|100%| S|CS|TAMS 0x000000008d800000| PB 0x000000008d800000| Complete 
| 217|0x000000008d900000, 0x000000008da00000, 0x000000008da00000|100%| S|CS|TAMS 0x000000008d900000| PB 0x000000008d900000| Complete 
| 218|0x000000008da00000, 0x000000008db00000, 0x000000008db00000|100%| S|CS|TAMS 0x000000008da00000| PB 0x000000008da00000| Complete 
| 219|0x000000008db00000, 0x000000008dc00000, 0x000000008dc00000|100%| S|CS|TAMS 0x000000008db00000| PB 0x000000008db00000| Complete 
| 220|0x000000008dc00000, 0x000000008dd00000, 0x000000008dd00000|100%| S|CS|TAMS 0x000000008dc00000| PB 0x000000008dc00000| Complete 
| 221|0x000000008dd00000, 0x000000008de00000, 0x000000008de00000|100%| S|CS|TAMS 0x000000008dd00000| PB 0x000000008dd00000| Complete 
| 222|0x000000008de00000, 0x000000008df00000, 0x000000008df00000|100%| S|CS|TAMS 0x000000008de00000| PB 0x000000008de00000| Complete 
| 223|0x000000008df00000, 0x000000008df00000, 0x000000008e000000|  0%| F|  |TAMS 0x000000008df00000| PB 0x000000008df00000| Untracked 
| 224|0x000000008e000000, 0x000000008e000000, 0x000000008e100000|  0%| F|  |TAMS 0x000000008e000000| PB 0x000000008e000000| Untracked 
| 225|0x000000008e100000, 0x000000008e100000, 0x000000008e200000|  0%| F|  |TAMS 0x000000008e100000| PB 0x000000008e100000| Untracked 
| 226|0x000000008e200000, 0x000000008e200000, 0x000000008e300000|  0%| F|  |TAMS 0x000000008e200000| PB 0x000000008e200000| Untracked 
| 227|0x000000008e300000, 0x000000008e300000, 0x000000008e400000|  0%| F|  |TAMS 0x000000008e300000| PB 0x000000008e300000| Untracked 
| 228|0x000000008e400000, 0x000000008e400000, 0x000000008e500000|  0%| F|  |TAMS 0x000000008e400000| PB 0x000000008e400000| Untracked 
| 229|0x000000008e500000, 0x000000008e500000, 0x000000008e600000|  0%| F|  |TAMS 0x000000008e500000| PB 0x000000008e500000| Untracked 
| 230|0x000000008e600000, 0x000000008e600000, 0x000000008e700000|  0%| F|  |TAMS 0x000000008e600000| PB 0x000000008e600000| Untracked 
| 231|0x000000008e700000, 0x000000008e700000, 0x000000008e800000|  0%| F|  |TAMS 0x000000008e700000| PB 0x000000008e700000| Untracked 
| 232|0x000000008e800000, 0x000000008e800000, 0x000000008e900000|  0%| F|  |TAMS 0x000000008e800000| PB 0x000000008e800000| Untracked 
| 233|0x000000008e900000, 0x000000008e900000, 0x000000008ea00000|  0%| F|  |TAMS 0x000000008e900000| PB 0x000000008e900000| Untracked 
| 234|0x000000008ea00000, 0x000000008ea00000, 0x000000008eb00000|  0%| F|  |TAMS 0x000000008ea00000| PB 0x000000008ea00000| Untracked 
| 235|0x000000008eb00000, 0x000000008eb00000, 0x000000008ec00000|  0%| F|  |TAMS 0x000000008eb00000| PB 0x000000008eb00000| Untracked 
| 236|0x000000008ec00000, 0x000000008ec00000, 0x000000008ed00000|  0%| F|  |TAMS 0x000000008ec00000| PB 0x000000008ec00000| Untracked 
| 237|0x000000008ed00000, 0x000000008ed00000, 0x000000008ee00000|  0%| F|  |TAMS 0x000000008ed00000| PB 0x000000008ed00000| Untracked 
| 238|0x000000008ee00000, 0x000000008ee00000, 0x000000008ef00000|  0%| F|  |TAMS 0x000000008ee00000| PB 0x000000008ee00000| Untracked 
| 239|0x000000008ef00000, 0x000000008ef00000, 0x000000008f000000|  0%| F|  |TAMS 0x000000008ef00000| PB 0x000000008ef00000| Untracked 
| 240|0x000000008f000000, 0x000000008f000000, 0x000000008f100000|  0%| F|  |TAMS 0x000000008f000000| PB 0x000000008f000000| Untracked 
| 241|0x000000008f100000, 0x000000008f100000, 0x000000008f200000|  0%| F|  |TAMS 0x000000008f100000| PB 0x000000008f100000| Untracked 
| 242|0x000000008f200000, 0x000000008f200000, 0x000000008f300000|  0%| F|  |TAMS 0x000000008f200000| PB 0x000000008f200000| Untracked 
| 243|0x000000008f300000, 0x000000008f300000, 0x000000008f400000|  0%| F|  |TAMS 0x000000008f300000| PB 0x000000008f300000| Untracked 
| 244|0x000000008f400000, 0x000000008f400000, 0x000000008f500000|  0%| F|  |TAMS 0x000000008f400000| PB 0x000000008f400000| Untracked 
| 245|0x000000008f500000, 0x000000008f500000, 0x000000008f600000|  0%| F|  |TAMS 0x000000008f500000| PB 0x000000008f500000| Untracked 
| 246|0x000000008f600000, 0x000000008f600000, 0x000000008f700000|  0%| F|  |TAMS 0x000000008f600000| PB 0x000000008f600000| Untracked 
| 247|0x000000008f700000, 0x000000008f700000, 0x000000008f800000|  0%| F|  |TAMS 0x000000008f700000| PB 0x000000008f700000| Untracked 
| 248|0x000000008f800000, 0x000000008f800000, 0x000000008f900000|  0%| F|  |TAMS 0x000000008f800000| PB 0x000000008f800000| Untracked 
| 249|0x000000008f900000, 0x000000008f900000, 0x000000008fa00000|  0%| F|  |TAMS 0x000000008f900000| PB 0x000000008f900000| Untracked 
| 250|0x000000008fa00000, 0x000000008fa00000, 0x000000008fb00000|  0%| F|  |TAMS 0x000000008fa00000| PB 0x000000008fa00000| Untracked 
| 251|0x000000008fb00000, 0x000000008fb00000, 0x000000008fc00000|  0%| F|  |TAMS 0x000000008fb00000| PB 0x000000008fb00000| Untracked 
| 252|0x000000008fc00000, 0x000000008fc00000, 0x000000008fd00000|  0%| F|  |TAMS 0x000000008fc00000| PB 0x000000008fc00000| Untracked 
| 253|0x000000008fd00000, 0x000000008fd00000, 0x000000008fe00000|  0%| F|  |TAMS 0x000000008fd00000| PB 0x000000008fd00000| Untracked 
| 254|0x000000008fe00000, 0x000000008fe00000, 0x000000008ff00000|  0%| F|  |TAMS 0x000000008fe00000| PB 0x000000008fe00000| Untracked 
| 255|0x000000008ff00000, 0x000000008ff00000, 0x0000000090000000|  0%| F|  |TAMS 0x000000008ff00000| PB 0x000000008ff00000| Untracked 
| 256|0x0000000090000000, 0x0000000090000000, 0x0000000090100000|  0%| F|  |TAMS 0x0000000090000000| PB 0x0000000090000000| Untracked 
| 257|0x0000000090100000, 0x0000000090100000, 0x0000000090200000|  0%| F|  |TAMS 0x0000000090100000| PB 0x0000000090100000| Untracked 
| 258|0x0000000090200000, 0x0000000090200000, 0x0000000090300000|  0%| F|  |TAMS 0x0000000090200000| PB 0x0000000090200000| Untracked 
| 259|0x0000000090300000, 0x0000000090300000, 0x0000000090400000|  0%| F|  |TAMS 0x0000000090300000| PB 0x0000000090300000| Untracked 
| 260|0x0000000090400000, 0x0000000090400000, 0x0000000090500000|  0%| F|  |TAMS 0x0000000090400000| PB 0x0000000090400000| Untracked 
| 261|0x0000000090500000, 0x0000000090500000, 0x0000000090600000|  0%| F|  |TAMS 0x0000000090500000| PB 0x0000000090500000| Untracked 
| 262|0x0000000090600000, 0x0000000090600000, 0x0000000090700000|  0%| F|  |TAMS 0x0000000090600000| PB 0x0000000090600000| Untracked 
| 263|0x0000000090700000, 0x0000000090700000, 0x0000000090800000|  0%| F|  |TAMS 0x0000000090700000| PB 0x0000000090700000| Untracked 
| 264|0x0000000090800000, 0x0000000090800000, 0x0000000090900000|  0%| F|  |TAMS 0x0000000090800000| PB 0x0000000090800000| Untracked 
| 265|0x0000000090900000, 0x0000000090900000, 0x0000000090a00000|  0%| F|  |TAMS 0x0000000090900000| PB 0x0000000090900000| Untracked 
| 266|0x0000000090a00000, 0x0000000090a00000, 0x0000000090b00000|  0%| F|  |TAMS 0x0000000090a00000| PB 0x0000000090a00000| Untracked 
| 267|0x0000000090b00000, 0x0000000090b00000, 0x0000000090c00000|  0%| F|  |TAMS 0x0000000090b00000| PB 0x0000000090b00000| Untracked 
| 268|0x0000000090c00000, 0x0000000090c00000, 0x0000000090d00000|  0%| F|  |TAMS 0x0000000090c00000| PB 0x0000000090c00000| Untracked 
| 269|0x0000000090d00000, 0x0000000090d00000, 0x0000000090e00000|  0%| F|  |TAMS 0x0000000090d00000| PB 0x0000000090d00000| Untracked 
| 270|0x0000000090e00000, 0x0000000090e00000, 0x0000000090f00000|  0%| F|  |TAMS 0x0000000090e00000| PB 0x0000000090e00000| Untracked 
| 271|0x0000000090f00000, 0x0000000090f00000, 0x0000000091000000|  0%| F|  |TAMS 0x0000000090f00000| PB 0x0000000090f00000| Untracked 
| 272|0x0000000091000000, 0x0000000091000000, 0x0000000091100000|  0%| F|  |TAMS 0x0000000091000000| PB 0x0000000091000000| Untracked 
| 273|0x0000000091100000, 0x0000000091100000, 0x0000000091200000|  0%| F|  |TAMS 0x0000000091100000| PB 0x0000000091100000| Untracked 
| 274|0x0000000091200000, 0x0000000091200000, 0x0000000091300000|  0%| F|  |TAMS 0x0000000091200000| PB 0x0000000091200000| Untracked 
| 275|0x0000000091300000, 0x0000000091300000, 0x0000000091400000|  0%| F|  |TAMS 0x0000000091300000| PB 0x0000000091300000| Untracked 
| 276|0x0000000091400000, 0x0000000091400000, 0x0000000091500000|  0%| F|  |TAMS 0x0000000091400000| PB 0x0000000091400000| Untracked 
| 277|0x0000000091500000, 0x0000000091500000, 0x0000000091600000|  0%| F|  |TAMS 0x0000000091500000| PB 0x0000000091500000| Untracked 
| 278|0x0000000091600000, 0x0000000091600000, 0x0000000091700000|  0%| F|  |TAMS 0x0000000091600000| PB 0x0000000091600000| Untracked 
| 279|0x0000000091700000, 0x0000000091700000, 0x0000000091800000|  0%| F|  |TAMS 0x0000000091700000| PB 0x0000000091700000| Untracked 
| 280|0x0000000091800000, 0x0000000091800000, 0x0000000091900000|  0%| F|  |TAMS 0x0000000091800000| PB 0x0000000091800000| Untracked 
| 281|0x0000000091900000, 0x0000000091900000, 0x0000000091a00000|  0%| F|  |TAMS 0x0000000091900000| PB 0x0000000091900000| Untracked 
| 282|0x0000000091a00000, 0x0000000091a00000, 0x0000000091b00000|  0%| F|  |TAMS 0x0000000091a00000| PB 0x0000000091a00000| Untracked 
| 283|0x0000000091b00000, 0x0000000091b00000, 0x0000000091c00000|  0%| F|  |TAMS 0x0000000091b00000| PB 0x0000000091b00000| Untracked 
| 284|0x0000000091c00000, 0x0000000091c00000, 0x0000000091d00000|  0%| F|  |TAMS 0x0000000091c00000| PB 0x0000000091c00000| Untracked 
| 285|0x0000000091d00000, 0x0000000091d00000, 0x0000000091e00000|  0%| F|  |TAMS 0x0000000091d00000| PB 0x0000000091d00000| Untracked 
| 286|0x0000000091e00000, 0x0000000091e00000, 0x0000000091f00000|  0%| F|  |TAMS 0x0000000091e00000| PB 0x0000000091e00000| Untracked 
| 287|0x0000000091f00000, 0x0000000091f00000, 0x0000000092000000|  0%| F|  |TAMS 0x0000000091f00000| PB 0x0000000091f00000| Untracked 
| 288|0x0000000092000000, 0x0000000092000000, 0x0000000092100000|  0%| F|  |TAMS 0x0000000092000000| PB 0x0000000092000000| Untracked 
| 289|0x0000000092100000, 0x0000000092100000, 0x0000000092200000|  0%| F|  |TAMS 0x0000000092100000| PB 0x0000000092100000| Untracked 
| 290|0x0000000092200000, 0x0000000092200000, 0x0000000092300000|  0%| F|  |TAMS 0x0000000092200000| PB 0x0000000092200000| Untracked 
| 291|0x0000000092300000, 0x0000000092300000, 0x0000000092400000|  0%| F|  |TAMS 0x0000000092300000| PB 0x0000000092300000| Untracked 
| 292|0x0000000092400000, 0x0000000092400000, 0x0000000092500000|  0%| F|  |TAMS 0x0000000092400000| PB 0x0000000092400000| Untracked 
| 293|0x0000000092500000, 0x0000000092500000, 0x0000000092600000|  0%| F|  |TAMS 0x0000000092500000| PB 0x0000000092500000| Untracked 
| 294|0x0000000092600000, 0x0000000092600000, 0x0000000092700000|  0%| F|  |TAMS 0x0000000092600000| PB 0x0000000092600000| Untracked 
| 295|0x0000000092700000, 0x0000000092700000, 0x0000000092800000|  0%| F|  |TAMS 0x0000000092700000| PB 0x0000000092700000| Untracked 
| 296|0x0000000092800000, 0x0000000092800000, 0x0000000092900000|  0%| F|  |TAMS 0x0000000092800000| PB 0x0000000092800000| Untracked 
| 297|0x0000000092900000, 0x0000000092900000, 0x0000000092a00000|  0%| F|  |TAMS 0x0000000092900000| PB 0x0000000092900000| Untracked 
| 298|0x0000000092a00000, 0x0000000092a00000, 0x0000000092b00000|  0%| F|  |TAMS 0x0000000092a00000| PB 0x0000000092a00000| Untracked 
| 299|0x0000000092b00000, 0x0000000092b00000, 0x0000000092c00000|  0%| F|  |TAMS 0x0000000092b00000| PB 0x0000000092b00000| Untracked 
| 300|0x0000000092c00000, 0x0000000092c00000, 0x0000000092d00000|  0%| F|  |TAMS 0x0000000092c00000| PB 0x0000000092c00000| Untracked 
| 301|0x0000000092d00000, 0x0000000092d00000, 0x0000000092e00000|  0%| F|  |TAMS 0x0000000092d00000| PB 0x0000000092d00000| Untracked 
| 302|0x0000000092e00000, 0x0000000092e00000, 0x0000000092f00000|  0%| F|  |TAMS 0x0000000092e00000| PB 0x0000000092e00000| Untracked 
| 303|0x0000000092f00000, 0x0000000092f262c8, 0x0000000093000000| 14%| E|  |TAMS 0x0000000092f00000| PB 0x0000000092f00000| Complete 
| 304|0x0000000093000000, 0x0000000093100000, 0x0000000093100000|100%| E|CS|TAMS 0x0000000093000000| PB 0x0000000093000000| Complete 
|2036|0x00000000ff400000, 0x00000000ff500000, 0x00000000ff500000|100%| O|  |TAMS 0x00000000ff500000| PB 0x00000000ff500000| Updating 
|2037|0x00000000ff500000, 0x00000000ff600000, 0x00000000ff600000|100%| O|  |TAMS 0x00000000ff600000| PB 0x00000000ff600000| Untracked 
|2038|0x00000000ff600000, 0x00000000ff700000, 0x00000000ff700000|100%| O|  |TAMS 0x00000000ff700000| PB 0x00000000ff700000| Updating 
|2039|0x00000000ff700000, 0x00000000ff800000, 0x00000000ff800000|100%| O|  |TAMS 0x00000000ff800000| PB 0x00000000ff800000| Untracked 
|2040|0x00000000ff800000, 0x00000000ff900000, 0x00000000ff900000|100%| E|CS|TAMS 0x00000000ff800000| PB 0x00000000ff800000| Complete 
|2041|0x00000000ff900000, 0x00000000ffa00000, 0x00000000ffa00000|100%| O|  |TAMS 0x00000000ffa00000| PB 0x00000000ffa00000| Untracked 
|2042|0x00000000ffa00000, 0x00000000ffb00000, 0x00000000ffb00000|100%| E|CS|TAMS 0x00000000ffa00000| PB 0x00000000ffa00000| Complete 
|2043|0x00000000ffb00000, 0x00000000ffc00000, 0x00000000ffc00000|100%| O|  |TAMS 0x00000000ffc00000| PB 0x00000000ffc00000| Updating 
|2044|0x00000000ffc00000, 0x00000000ffd00000, 0x00000000ffd00000|100%| O|  |TAMS 0x00000000ffd00000| PB 0x00000000ffd00000| Untracked 
|2045|0x00000000ffd00000, 0x00000000ffe00000, 0x00000000ffe00000|100%| O|  |TAMS 0x00000000ffe00000| PB 0x00000000ffe00000| Untracked 
|2046|0x00000000ffe00000, 0x00000000fff00000, 0x00000000fff00000|100%| O|  |TAMS 0x00000000fff00000| PB 0x00000000fff00000| Untracked 
|2047|0x00000000fff00000, 0x0000000100000000, 0x0000000100000000|100%| O|  |TAMS 0x0000000100000000| PB 0x0000000100000000| Updating 

Card table byte_map: [0x0000024e12490000,0x0000024e12890000] _byte_map_base: 0x0000024e12090000

Marking Bits: (CMBitMap*) 0x0000024e7eba82f0
 Bits: [0x0000024e12890000, 0x0000024e14890000)

Polling page: 0x0000024e7ccb0000

Metaspace:

Usage:
  Non-class:    120.52 MB used.
      Class:     19.31 MB used.
       Both:    139.83 MB used.

Virtual space:
  Non-class space:      128.00 MB reserved,     121.81 MB ( 95%) committed,  2 nodes.
      Class space:        1.00 GB reserved,      20.50 MB (  2%) committed,  1 nodes.
             Both:        1.12 GB reserved,     142.31 MB ( 12%) committed. 

Chunk freelists:
   Non-Class:  5.36 MB
       Class:  11.45 MB
        Both:  16.81 MB

MaxMetaspaceSize: unlimited
CompressedClassSpaceSize: 1.00 GB
Initial GC threshold: 21.00 MB
Current GC threshold: 227.19 MB
CDS: off
 - commit_granule_bytes: 65536.
 - commit_granule_words: 8192.
 - virtual_space_node_default_size: 8388608.
 - enlarge_chunks_in_place: 1.
 - use_allocation_guard: 0.


Internal statistics:

num_allocs_failed_limit: 6.
num_arena_births: 4960.
num_arena_deaths: 0.
num_vsnodes_births: 3.
num_vsnodes_deaths: 0.
num_space_committed: 2276.
num_space_uncommitted: 0.
num_chunks_returned_to_freelist: 6.
num_chunks_taken_from_freelist: 11375.
num_chunk_merges: 6.
num_chunk_splits: 7338.
num_chunks_enlarged: 4520.
num_inconsistent_stats: 0.

CodeHeap 'non-profiled nmethods': size=119168Kb used=10006Kb max_used=12010Kb free=109161Kb
 bounds [0x0000024e0ac30000, 0x0000024e0b7f0000, 0x0000024e12090000]
CodeHeap 'profiled nmethods': size=119104Kb used=26698Kb max_used=32770Kb free=92405Kb
 bounds [0x0000024e03090000, 0x0000024e050a0000, 0x0000024e0a4e0000]
CodeHeap 'non-nmethods': size=7488Kb used=4739Kb max_used=4798Kb free=2748Kb
 bounds [0x0000024e0a4e0000, 0x0000024e0a9a0000, 0x0000024e0ac30000]
CodeCache: size=245760Kb, used=41443Kb, max_used=49578Kb, free=204314Kb
 total_blobs=14163, nmethods=13052, adapters=1012, full_count=0
Compilation: enabled, stopped_count=0, restarted_count=0

Compilation events (20 events):
Event: 55.322 Thread 0x0000024e22ed4980 19232       3       com.android.tools.r8.utils.i$a::a (8 bytes)
Event: 55.322 Thread 0x0000024e17f7db80 nmethod 19230 0x0000024e0508c610 code [0x0000024e0508c7e0, 0x0000024e0508ca38]
Event: 55.322 Thread 0x0000024e17f7db80 19233       3       com.android.tools.r8.ProgramResource::fromBytes (12 bytes)
Event: 55.322 Thread 0x0000024e22ed6b90 19234       3       com.android.tools.r8.ProgramResource$ByteResource::<init> (46 bytes)
Event: 55.322 Thread 0x0000024e17f7db80 nmethod 19233 0x0000024e0508cb90 code [0x0000024e0508cd40, 0x0000024e0508ced8]
Event: 55.322 Thread 0x0000024e23acfe40 nmethod 19228 0x0000024e0508cf90 code [0x0000024e0508d2e0, 0x0000024e0508e910]
Event: 55.322 Thread 0x0000024e23acfe40 19235       3       com.android.tools.r8.D8Command$Builder::c (2 bytes)
Event: 55.322 Thread 0x0000024e22ed6b90 nmethod 19234 0x0000024e0508f110 code [0x0000024e0508f2c0, 0x0000024e0508f5a8]
Event: 55.322 Thread 0x0000024e23acfe40 nmethod 19235 0x0000024e0508f690 code [0x0000024e0508f820, 0x0000024e0508f930]
Event: 55.322 Thread 0x0000024e22ed4980 nmethod 19232 0x0000024e0508fa10 code [0x0000024e0508fbc0, 0x0000024e0508fd20]
Event: 55.328 Thread 0x0000024e22ed42b0 19236   !   4       jdk.internal.ref.PhantomCleanable::isListEmpty (34 bytes)
Event: 55.328 Thread 0x0000024e17f79380 19237   !   4       java.lang.ref.ReferenceQueue::remove (61 bytes)
Event: 55.328 Thread 0x0000024e22ed42b0 nmethod 19236 0x0000024e0b7e8e90 code [0x0000024e0b7e9020, 0x0000024e0b7e9270]
Event: 55.335 Thread 0x0000024e17f79380 nmethod 19237 0x0000024e0b7e9390 code [0x0000024e0b7e9600, 0x0000024e0b7ea170]
Event: 55.338 Thread 0x0000024e23acfe40 19238       3       java.util.Collections$SetFromMap::add (22 bytes)
Event: 55.338 Thread 0x0000024e23acfe40 nmethod 19238 0x0000024e0508fe10 code [0x0000024e0508ffc0, 0x0000024e050901f0]
Event: 55.342 Thread 0x0000024e22ed4980 19239       3       java.util.zip.ZipUtils::get64 (17 bytes)
Event: 55.342 Thread 0x0000024e17f7db80 19240       3       java.util.zip.ZipUtils::winTimeToFileTime (16 bytes)
Event: 55.342 Thread 0x0000024e17f7db80 nmethod 19240 0x0000024e05090290 code [0x0000024e05090440, 0x0000024e050905a8]
Event: 55.342 Thread 0x0000024e22ed4980 nmethod 19239 0x0000024e05090690 code [0x0000024e05090840, 0x0000024e050909b8]

GC Heap History (20 events):
Event: 7.233 GC heap before
{Heap before GC invocations=39 (full 0):
 garbage-first heap   total 306176K, used 278171K [0x0000000080000000, 0x0000000100000000)
  region size 1024K, 124 young (126976K), 10 survivors (10240K)
 Metaspace       used 113363K, committed 115584K, reserved 1179648K
  class space    used 15991K, committed 17024K, reserved 1048576K
}
Event: 7.237 GC heap after
{Heap after GC invocations=40 (full 0):
 garbage-first heap   total 306176K, used 164119K [0x0000000080000000, 0x0000000100000000)
  region size 1024K, 8 young (8192K), 8 survivors (8192K)
 Metaspace       used 113363K, committed 115584K, reserved 1179648K
  class space    used 15991K, committed 17024K, reserved 1048576K
}
Event: 7.660 GC heap before
{Heap before GC invocations=41 (full 0):
 garbage-first heap   total 306176K, used 281879K [0x0000000080000000, 0x0000000100000000)
  region size 1024K, 122 young (124928K), 8 survivors (8192K)
 Metaspace       used 115556K, committed 117824K, reserved 1179648K
  class space    used 16173K, committed 17280K, reserved 1048576K
}
Event: 7.664 GC heap after
{Heap after GC invocations=42 (full 0):
 garbage-first heap   total 306176K, used 167197K [0x0000000080000000, 0x0000000100000000)
  region size 1024K, 11 young (11264K), 11 survivors (11264K)
 Metaspace       used 115556K, committed 117824K, reserved 1179648K
  class space    used 16173K, committed 17280K, reserved 1048576K
}
Event: 8.338 GC heap before
{Heap before GC invocations=42 (full 0):
 garbage-first heap   total 306176K, used 277789K [0x0000000080000000, 0x0000000100000000)
  region size 1024K, 119 young (121856K), 11 survivors (11264K)
 Metaspace       used 125765K, committed 128128K, reserved 1179648K
  class space    used 17614K, committed 18752K, reserved 1048576K
}
Event: 8.344 GC heap after
{Heap after GC invocations=43 (full 0):
 garbage-first heap   total 306176K, used 170186K [0x0000000080000000, 0x0000000100000000)
  region size 1024K, 11 young (11264K), 11 survivors (11264K)
 Metaspace       used 125765K, committed 128128K, reserved 1179648K
  class space    used 17614K, committed 18752K, reserved 1048576K
}
Event: 8.383 GC heap before
{Heap before GC invocations=43 (full 0):
 garbage-first heap   total 306176K, used 178378K [0x0000000080000000, 0x0000000100000000)
  region size 1024K, 21 young (21504K), 11 survivors (11264K)
 Metaspace       used 126728K, committed 129088K, reserved 1179648K
  class space    used 17716K, committed 18880K, reserved 1048576K
}
Event: 8.387 GC heap after
{Heap after GC invocations=44 (full 0):
 garbage-first heap   total 306176K, used 171596K [0x0000000080000000, 0x0000000100000000)
  region size 1024K, 7 young (7168K), 7 survivors (7168K)
 Metaspace       used 126728K, committed 129088K, reserved 1179648K
  class space    used 17716K, committed 18880K, reserved 1048576K
}
Event: 8.749 GC heap before
{Heap before GC invocations=45 (full 0):
 garbage-first heap   total 306176K, used 285260K [0x0000000080000000, 0x0000000100000000)
  region size 1024K, 114 young (116736K), 7 survivors (7168K)
 Metaspace       used 129494K, committed 131840K, reserved 1179648K
  class space    used 17950K, committed 19072K, reserved 1048576K
}
Event: 8.753 GC heap after
{Heap after GC invocations=46 (full 0):
 garbage-first heap   total 306176K, used 178879K [0x0000000080000000, 0x0000000100000000)
  region size 1024K, 14 young (14336K), 14 survivors (14336K)
 Metaspace       used 129494K, committed 131840K, reserved 1179648K
  class space    used 17950K, committed 19072K, reserved 1048576K
}
Event: 13.797 GC heap before
{Heap before GC invocations=46 (full 0):
 garbage-first heap   total 306176K, used 273087K [0x0000000080000000, 0x0000000100000000)
  region size 1024K, 107 young (109568K), 14 survivors (14336K)
 Metaspace       used 135535K, committed 137984K, reserved 1179648K
  class space    used 18715K, committed 19904K, reserved 1048576K
}
Event: 13.818 GC heap after
{Heap after GC invocations=47 (full 0):
 garbage-first heap   total 306176K, used 182265K [0x0000000080000000, 0x0000000100000000)
  region size 1024K, 8 young (8192K), 8 survivors (8192K)
 Metaspace       used 135535K, committed 137984K, reserved 1179648K
  class space    used 18715K, committed 19904K, reserved 1048576K
}
Event: 53.861 GC heap before
{Heap before GC invocations=47 (full 0):
 garbage-first heap   total 306176K, used 279545K [0x0000000080000000, 0x0000000100000000)
  region size 1024K, 104 young (106496K), 8 survivors (8192K)
 Metaspace       used 137006K, committed 139520K, reserved 1179648K
  class space    used 18884K, committed 20096K, reserved 1048576K
}
Event: 53.865 GC heap after
{Heap after GC invocations=48 (full 0):
 garbage-first heap   total 306176K, used 193987K [0x0000000080000000, 0x0000000100000000)
  region size 1024K, 12 young (12288K), 12 survivors (12288K)
 Metaspace       used 137006K, committed 139520K, reserved 1179648K
  class space    used 18884K, committed 20096K, reserved 1048576K
}
Event: 54.189 GC heap before
{Heap before GC invocations=49 (full 0):
 garbage-first heap   total 324608K, used 275907K [0x0000000080000000, 0x0000000100000000)
  region size 1024K, 92 young (94208K), 12 survivors (12288K)
 Metaspace       used 138597K, committed 141056K, reserved 1179648K
  class space    used 19096K, committed 20288K, reserved 1048576K
}
Event: 54.194 GC heap after
{Heap after GC invocations=50 (full 0):
 garbage-first heap   total 324608K, used 205670K [0x0000000080000000, 0x0000000100000000)
  region size 1024K, 12 young (12288K), 12 survivors (12288K)
 Metaspace       used 138597K, committed 141056K, reserved 1179648K
  class space    used 19096K, committed 20288K, reserved 1048576K
}
Event: 55.009 GC heap before
{Heap before GC invocations=50 (full 0):
 garbage-first heap   total 324608K, used 293734K [0x0000000080000000, 0x0000000100000000)
  region size 1024K, 99 young (101376K), 12 survivors (12288K)
 Metaspace       used 141711K, committed 144256K, reserved 1179648K
  class space    used 19556K, committed 20800K, reserved 1048576K
}
Event: 55.015 GC heap after
{Heap after GC invocations=51 (full 0):
 garbage-first heap   total 324608K, used 211042K [0x0000000080000000, 0x0000000100000000)
  region size 1024K, 9 young (9216K), 9 survivors (9216K)
 Metaspace       used 141711K, committed 144256K, reserved 1179648K
  class space    used 19556K, committed 20800K, reserved 1048576K
}
Event: 55.322 GC heap before
{Heap before GC invocations=51 (full 0):
 garbage-first heap   total 324608K, used 296034K [0x0000000080000000, 0x0000000100000000)
  region size 1024K, 93 young (95232K), 9 survivors (9216K)
 Metaspace       used 143054K, committed 145600K, reserved 1179648K
  class space    used 19753K, committed 20992K, reserved 1048576K
}
Event: 55.327 GC heap after
{Heap after GC invocations=52 (full 0):
 garbage-first heap   total 324608K, used 218868K [0x0000000080000000, 0x0000000100000000)
  region size 1024K, 11 young (11264K), 11 survivors (11264K)
 Metaspace       used 143054K, committed 145600K, reserved 1179648K
  class space    used 19753K, committed 20992K, reserved 1048576K
}

Dll operation events (3 events):
Event: 0.005 Loaded shared library C:\Program Files\Android\Android Studio\jbr\bin\java.dll
Event: 0.008 Loaded shared library C:\Program Files\Android\Android Studio\jbr\bin\zip.dll
Event: 0.276 Loaded shared library C:\Program Files\Android\Android Studio\jbr\bin\verify.dll

Deoptimization events (20 events):
Event: 55.270 Thread 0x0000024e2e6b04d0 Uncommon trap: trap_request=0xffffff45 fr.pc=0x0000024e0ad08bd4 relative=0x0000000000000294
Event: 55.270 Thread 0x0000024e2e6b04d0 Uncommon trap: reason=unstable_if action=reinterpret pc=0x0000024e0ad08bd4 method=java.util.Arrays.mismatch([BII[BII)I @ 51 c2
Event: 55.270 Thread 0x0000024e2e6b04d0 DEOPT PACKING pc=0x0000024e0ad08bd4 sp=0x000000e513af6010
Event: 55.270 Thread 0x0000024e2e6b04d0 DEOPT UNPACKING pc=0x0000024e0a5346a2 sp=0x000000e513af5fe0 mode 2
Event: 55.270 Thread 0x0000024e2e6b04d0 Uncommon trap: trap_request=0xffffff45 fr.pc=0x0000024e0b611788 relative=0x0000000000003e28
Event: 55.270 Thread 0x0000024e2e6b04d0 Uncommon trap: reason=unstable_if action=reinterpret pc=0x0000024e0b611788 method=java.util.zip.ZipFile$Source.getEntryPos(Ljava/lang/String;Z)I @ 105 c2
Event: 55.270 Thread 0x0000024e2e6b04d0 DEOPT PACKING pc=0x0000024e0b611788 sp=0x000000e513af6160
Event: 55.270 Thread 0x0000024e2e6b04d0 DEOPT UNPACKING pc=0x0000024e0a5346a2 sp=0x000000e513af5eb8 mode 2
Event: 55.270 Thread 0x0000024e2e6b04d0 Uncommon trap: trap_request=0xffffff45 fr.pc=0x0000024e0ac95a68 relative=0x0000000000000808
Event: 55.270 Thread 0x0000024e2e6b04d0 Uncommon trap: reason=unstable_if action=reinterpret pc=0x0000024e0ac95a68 method=java.util.zip.ZipFile$Source.getEntryPos(Ljava/lang/String;Z)I @ 105 c2
Event: 55.270 Thread 0x0000024e2e6b04d0 DEOPT PACKING pc=0x0000024e0ac95a68 sp=0x000000e513af7640
Event: 55.270 Thread 0x0000024e2e6b04d0 DEOPT UNPACKING pc=0x0000024e0a5346a2 sp=0x000000e513af7578 mode 2
Event: 55.270 Thread 0x0000024e2e6b04d0 Uncommon trap: trap_request=0xffffff45 fr.pc=0x0000024e0ac9253c relative=0x000000000000057c
Event: 55.270 Thread 0x0000024e2e6b04d0 Uncommon trap: reason=unstable_if action=reinterpret pc=0x0000024e0ac9253c method=java.util.zip.ZipFile$Source.getEntryPos(Ljava/lang/String;Z)I @ 105 c2
Event: 55.270 Thread 0x0000024e2e6b04d0 DEOPT PACKING pc=0x0000024e0ac9253c sp=0x000000e513af5f20
Event: 55.270 Thread 0x0000024e2e6b04d0 DEOPT UNPACKING pc=0x0000024e0a5346a2 sp=0x000000e513af5eb8 mode 2
Event: 55.328 Thread 0x0000024e2e6b04d0 Uncommon trap: trap_request=0xffffff45 fr.pc=0x0000024e0ac56e70 relative=0x00000000000008d0
Event: 55.328 Thread 0x0000024e2e6b04d0 Uncommon trap: reason=unstable_if action=reinterpret pc=0x0000024e0ac56e70 method=java.lang.ref.ReferenceQueue.poll()Ljava/lang/ref/Reference; @ 4 c2
Event: 55.328 Thread 0x0000024e2e6b04d0 DEOPT PACKING pc=0x0000024e0ac56e70 sp=0x000000e513afbe50
Event: 55.328 Thread 0x0000024e2e6b04d0 DEOPT UNPACKING pc=0x0000024e0a5346a2 sp=0x000000e513afbc30 mode 2

Classes loaded (20 events):
Event: 54.959 Loading class java/util/TreeMap$DescendingSubMap
Event: 54.959 Loading class java/util/TreeMap$DescendingSubMap done
Event: 54.959 Loading class java/util/TreeMap$DescendingSubMap$DescendingEntrySetView
Event: 54.959 Loading class java/util/TreeMap$DescendingSubMap$DescendingEntrySetView done
Event: 54.959 Loading class java/util/TreeMap$NavigableSubMap$DescendingSubMapEntryIterator
Event: 54.959 Loading class java/util/TreeMap$NavigableSubMap$DescendingSubMapEntryIterator done
Event: 54.962 Loading class com/sun/org/apache/xerces/internal/dom/DeepNodeListImpl
Event: 54.962 Loading class com/sun/org/apache/xerces/internal/dom/DeepNodeListImpl done
Event: 55.085 Loading class java/util/LinkedList$LLSpliterator
Event: 55.085 Loading class java/util/LinkedList$LLSpliterator done
Event: 55.263 Loading class sun/nio/fs/Globs
Event: 55.263 Loading class sun/nio/fs/Globs done
Event: 55.263 Loading class java/util/regex/Pattern$SliceU
Event: 55.263 Loading class java/util/regex/Pattern$SliceU done
Event: 55.263 Loading class sun/nio/fs/WindowsFileSystem$2
Event: 55.263 Loading class sun/nio/fs/WindowsFileSystem$2 done
Event: 55.265 Loading class java/util/zip/ZipFile$ZipEntryIterator
Event: 55.265 Loading class java/util/zip/ZipFile$ZipEntryIterator done
Event: 55.290 Loading class java/util/zip/ZipInputStream
Event: 55.291 Loading class java/util/zip/ZipInputStream done

Classes unloaded (0 events):
No events

Classes redefined (0 events):
No events

Internal exceptions (20 events):
Event: 54.221 Thread 0x0000024e24045a60 Exception <a 'java/lang/NoSuchMethodError'{0x0000000092d74408}: static Lcom/android/buildanalyzer/common/AndroidGradlePluginAttributionData$TaskCategoryInfo;.<clinit>()V> (0x0000000092d74408) 
thrown [s\src\hotspot\share\prims\jni.cpp, line 1144]
Event: 54.292 Thread 0x0000024e23fb2890 Implicit null exception at 0x0000024e0b27bb24 to 0x0000024e0b27d6e8
Event: 54.293 Thread 0x0000024e23fb2890 Implicit null exception at 0x0000024e0b3a4104 to 0x0000024e0b3a5630
Event: 54.293 Thread 0x0000024e23fb2890 Implicit null exception at 0x0000024e0b3a7ea4 to 0x0000024e0b3a9358
Event: 54.295 Thread 0x0000024e2534ecd0 Exception <a 'sun/nio/fs/WindowsException'{0x0000000092b5b690}> (0x0000000092b5b690) 
thrown [s\src\hotspot\share\prims\jni.cpp, line 537]
Event: 54.310 Thread 0x0000024e25359770 Implicit null exception at 0x0000024e0b3ab290 to 0x0000024e0b3ac240
Event: 54.318 Thread 0x0000024e23fb2200 Exception <a 'java/lang/NoSuchMethodError'{0x0000000092a39398}: static Lorg/gradle/internal/build/event/types/DefaultTaskSkippedResult;.<clinit>()V> (0x0000000092a39398) 
thrown [s\src\hotspot\share\prims\jni.cpp, line 1144]
Event: 54.338 Thread 0x0000024e2534ecd0 Exception <a 'java/lang/IncompatibleClassChangeError'{0x000000009296c2a0}: Found class java.lang.Object, but interface was expected> (0x000000009296c2a0) 
thrown [s\src\hotspot\share\interpreter\linkResolver.cpp, line 851]
Event: 54.396 Thread 0x0000024e2534ecd0 Exception <a 'java/lang/NoSuchMethodError'{0x000000009170e0b0}: 'int java.lang.invoke.DirectMethodHandle$Holder.invokeStaticInit(java.lang.Object, java.lang.Object, java.lang.Object, java.lang.Object, java.lang.Object)'> (0x000000009170e0b0) 
thrown [s\src\hotspot\share\interpreter\linkResolver.cpp, line 784]
Event: 54.862 Thread 0x0000024e25354f40 Exception <a 'sun/nio/fs/WindowsException'{0x000000008edd0c70}> (0x000000008edd0c70) 
thrown [s\src\hotspot\share\prims\jni.cpp, line 537]
Event: 54.862 Thread 0x0000024e25354f40 Exception <a 'sun/nio/fs/WindowsException'{0x000000008eddcc50}> (0x000000008eddcc50) 
thrown [s\src\hotspot\share\prims\jni.cpp, line 537]
Event: 54.871 Thread 0x0000024e25354f40 Exception <a 'sun/nio/fs/WindowsException'{0x000000008edddec0}> (0x000000008edddec0) 
thrown [s\src\hotspot\share\prims\jni.cpp, line 537]
Event: 54.997 Thread 0x0000024e25354f40 Exception <a 'sun/nio/fs/WindowsException'{0x000000008d2db788}> (0x000000008d2db788) 
thrown [s\src\hotspot\share\prims\jni.cpp, line 537]
Event: 54.997 Thread 0x0000024e25354f40 Exception <a 'sun/nio/fs/WindowsException'{0x000000008d2dcaf8}> (0x000000008d2dcaf8) 
thrown [s\src\hotspot\share\prims\jni.cpp, line 537]
Event: 55.086 Thread 0x0000024e25354f40 Exception <a 'sun/nio/fs/WindowsException'{0x000000009271c4f0}> (0x000000009271c4f0) 
thrown [s\src\hotspot\share\prims\jni.cpp, line 537]
Event: 55.086 Thread 0x0000024e25354f40 Exception <a 'sun/nio/fs/WindowsException'{0x000000009271d8c8}> (0x000000009271d8c8) 
thrown [s\src\hotspot\share\prims\jni.cpp, line 537]
Event: 55.114 Thread 0x0000024e23fb2890 Implicit null exception at 0x0000024e0b3aed70 to 0x0000024e0b3afc1c
Event: 55.114 Thread 0x0000024e253590e0 Exception <a 'sun/nio/fs/WindowsException'{0x0000000092578928}> (0x0000000092578928) 
thrown [s\src\hotspot\share\prims\jni.cpp, line 537]
Event: 55.117 Thread 0x0000024e253590e0 Exception <a 'java/lang/NoSuchMethodError'{0x00000000925a7828}: 'int java.lang.invoke.DirectMethodHandle$Holder.invokeSpecial(java.lang.Object, java.lang.Object, java.lang.Object, java.lang.Object, java.lang.Object)'> (0x00000000925a7828) 
thrown [s\src\hotspot\share\interpreter\linkResolver.cpp, line 784]
Event: 55.265 Thread 0x0000024e2e6b04d0 Implicit null exception at 0x0000024e0aca566b to 0x0000024e0aca61d4

ZGC Phase Switch (0 events):
No events

VM Operations (20 events):
Event: 54.956 Executing VM operation: HandshakeAllThreads (Deoptimize) done
Event: 54.987 Executing VM operation: HandshakeAllThreads (Deoptimize)
Event: 54.987 Executing VM operation: HandshakeAllThreads (Deoptimize) done
Event: 54.990 Executing VM operation: ICBufferFull
Event: 54.990 Executing VM operation: ICBufferFull done
Event: 54.992 Executing VM operation: HandshakeAllThreads (Deoptimize)
Event: 54.992 Executing VM operation: HandshakeAllThreads (Deoptimize) done
Event: 54.993 Executing VM operation: HandshakeAllThreads (Deoptimize)
Event: 54.993 Executing VM operation: HandshakeAllThreads (Deoptimize) done
Event: 54.995 Executing VM operation: HandshakeAllThreads (Deoptimize)
Event: 54.995 Executing VM operation: HandshakeAllThreads (Deoptimize) done
Event: 55.009 Executing VM operation: G1CollectForAllocation (G1 Evacuation Pause)
Event: 55.015 Executing VM operation: G1CollectForAllocation (G1 Evacuation Pause) done
Event: 55.116 Executing VM operation: HandshakeAllThreads (Deoptimize)
Event: 55.117 Executing VM operation: HandshakeAllThreads (Deoptimize) done
Event: 55.275 Executing VM operation: ICBufferFull
Event: 55.275 Executing VM operation: ICBufferFull done
Event: 55.322 Executing VM operation: G1CollectForAllocation (G1 Evacuation Pause)
Event: 55.327 Executing VM operation: G1CollectForAllocation (G1 Evacuation Pause) done
Event: 55.346 Executing VM operation: G1PauseRemark

Memory protections (0 events):
No events

Nmethod flushes (20 events):
Event: 55.350 Thread 0x0000024e17ecb650 flushing  nmethod 0x0000024e0468e190
Event: 55.350 Thread 0x0000024e17ecb650 flushing  nmethod 0x0000024e0468eb90
Event: 55.350 Thread 0x0000024e17ecb650 flushing  nmethod 0x0000024e0468f290
Event: 55.350 Thread 0x0000024e17ecb650 flushing  nmethod 0x0000024e0479de90
Event: 55.350 Thread 0x0000024e17ecb650 flushing  nmethod 0x0000024e0487ed90
Event: 55.350 Thread 0x0000024e17ecb650 flushing  nmethod 0x0000024e0491df90
Event: 55.350 Thread 0x0000024e17ecb650 flushing  nmethod 0x0000024e04a8ea90
Event: 55.350 Thread 0x0000024e17ecb650 flushing  nmethod 0x0000024e04ad1010
Event: 55.350 Thread 0x0000024e17ecb650 flushing  nmethod 0x0000024e04ad2590
Event: 55.350 Thread 0x0000024e17ecb650 flushing  nmethod 0x0000024e04ad2a10
Event: 55.350 Thread 0x0000024e17ecb650 flushing  nmethod 0x0000024e04ad3090
Event: 55.350 Thread 0x0000024e17ecb650 flushing  nmethod 0x0000024e04ad3590
Event: 55.350 Thread 0x0000024e17ecb650 flushing  nmethod 0x0000024e04ad5290
Event: 55.350 Thread 0x0000024e17ecb650 flushing  nmethod 0x0000024e04ad6610
Event: 55.350 Thread 0x0000024e17ecb650 flushing  nmethod 0x0000024e04ad6e10
Event: 55.350 Thread 0x0000024e17ecb650 flushing  nmethod 0x0000024e04ad7810
Event: 55.350 Thread 0x0000024e17ecb650 flushing  nmethod 0x0000024e04ad8510
Event: 55.350 Thread 0x0000024e17ecb650 flushing  nmethod 0x0000024e04b38190
Event: 55.350 Thread 0x0000024e17ecb650 flushing  nmethod 0x0000024e04b38790
Event: 55.350 Thread 0x0000024e17ecb650 flushing  nmethod 0x0000024e04b43290

Events (20 events):
Event: 55.235 Thread 0x0000024e2534bee0 Thread added: 0x0000024e2e6aea90
Event: 55.235 Thread 0x0000024e2534bee0 Thread added: 0x0000024e2e6ae400
Event: 55.235 Thread 0x0000024e2534bee0 Thread added: 0x0000024e2e6af120
Event: 55.235 Thread 0x0000024e2534bee0 Thread added: 0x0000024e2e6ad6e0
Event: 55.235 Thread 0x0000024e2534bee0 Thread added: 0x0000024e2e6b11f0
Event: 55.235 Thread 0x0000024e2534bee0 Thread added: 0x0000024e2e6b1880
Event: 55.235 Thread 0x0000024e2534bee0 Thread added: 0x0000024e2e6b1f10
Event: 55.235 Thread 0x0000024e2534bee0 Thread added: 0x0000024e2e6b25a0
Event: 55.235 Thread 0x0000024e2534bee0 Thread added: 0x0000024e2e5f1600
Event: 55.235 Thread 0x0000024e2534bee0 Thread added: 0x0000024e2e5f08e0
Event: 55.236 Thread 0x0000024e2534bee0 Thread added: 0x0000024e2e5f0250
Event: 55.236 Thread 0x0000024e2534bee0 Thread added: 0x0000024e2e5f43f0
Event: 55.236 Thread 0x0000024e2534bee0 Thread added: 0x0000024e2e5f1c90
Event: 55.236 Thread 0x0000024e2534bee0 Thread added: 0x0000024e2e5f2320
Event: 55.236 Thread 0x0000024e2534bee0 Thread added: 0x0000024e2e5f0f70
Event: 55.236 Thread 0x0000024e2534bee0 Thread added: 0x0000024e2e5f4a80
Event: 55.236 Thread 0x0000024e2534bee0 Thread added: 0x0000024e2e5f5110
Event: 55.236 Thread 0x0000024e2534bee0 Thread added: 0x0000024e2e5f57a0
Event: 55.236 Thread 0x0000024e2534bee0 Thread added: 0x0000024e2e5f5e30
Event: 55.236 Thread 0x0000024e2534bee0 Thread added: 0x0000024e2e5f29b0


Dynamic libraries:
0x00007ff7ef910000 - 0x00007ff7ef91a000 	C:\Program Files\Android\Android Studio\jbr\bin\java.exe
0x00007ffd993a0000 - 0x00007ffd99607000 	C:\Windows\SYSTEM32\ntdll.dll
0x00007ffd985e0000 - 0x00007ffd986a9000 	C:\Windows\System32\KERNEL32.DLL
0x00007ffd96850000 - 0x00007ffd96c40000 	C:\Windows\System32\KERNELBASE.dll
0x00007ffd96fe0000 - 0x00007ffd9712b000 	C:\Windows\System32\ucrtbase.dll
0x00007ffd68550000 - 0x00007ffd68568000 	C:\Program Files\Android\Android Studio\jbr\bin\jli.dll
0x00007ffd93540000 - 0x00007ffd9355b000 	C:\Program Files\Android\Android Studio\jbr\bin\VCRUNTIME140.dll
0x00007ffd980c0000 - 0x00007ffd98285000 	C:\Windows\System32\USER32.dll
0x00007ffd96820000 - 0x00007ffd96847000 	C:\Windows\System32\win32u.dll
0x00007ffd98d40000 - 0x00007ffd98d6b000 	C:\Windows\System32\GDI32.dll
0x00007ffd81bb0000 - 0x00007ffd81e4a000 	C:\Windows\WinSxS\amd64_microsoft.windows.common-controls_6595b64144ccf1df_6.0.26100.4768_none_3e0c112ce331287c\COMCTL32.dll
0x00007ffd96640000 - 0x00007ffd96778000 	C:\Windows\System32\gdi32full.dll
0x00007ffd98010000 - 0x00007ffd980b9000 	C:\Windows\System32\msvcrt.dll
0x00007ffd96590000 - 0x00007ffd96633000 	C:\Windows\System32\msvcp_win.dll
0x00007ffd98a80000 - 0x00007ffd98aaf000 	C:\Windows\System32\IMM32.DLL
0x00007ffd93530000 - 0x00007ffd9353c000 	C:\Program Files\Android\Android Studio\jbr\bin\vcruntime140_1.dll
0x00007ffd50e50000 - 0x00007ffd50edd000 	C:\Program Files\Android\Android Studio\jbr\bin\msvcp140.dll
0x00007ffd320c0000 - 0x00007ffd32d56000 	C:\Program Files\Android\Android Studio\jbr\bin\server\jvm.dll
0x00007ffd974f0000 - 0x00007ffd975a4000 	C:\Windows\System32\ADVAPI32.dll
0x00007ffd98e10000 - 0x00007ffd98eb6000 	C:\Windows\System32\sechost.dll
0x00007ffd98300000 - 0x00007ffd98418000 	C:\Windows\System32\RPCRT4.dll
0x00007ffd97d90000 - 0x00007ffd97e04000 	C:\Windows\System32\WS2_32.dll
0x00007ffd96330000 - 0x00007ffd9638e000 	C:\Windows\SYSTEM32\POWRPROF.dll
0x00007ffd8e1a0000 - 0x00007ffd8e1d5000 	C:\Windows\SYSTEM32\WINMM.dll
0x00007ffd839d0000 - 0x00007ffd839db000 	C:\Windows\SYSTEM32\VERSION.dll
0x00007ffd96310000 - 0x00007ffd96324000 	C:\Windows\SYSTEM32\UMPDC.dll
0x00007ffd95210000 - 0x00007ffd9522b000 	C:\Windows\SYSTEM32\kernel.appcore.dll
0x00007ffd912a0000 - 0x00007ffd912aa000 	C:\Program Files\Android\Android Studio\jbr\bin\jimage.dll
0x00007ffd81e90000 - 0x00007ffd820d1000 	C:\Windows\SYSTEM32\DBGHELP.DLL
0x00007ffd97160000 - 0x00007ffd974e5000 	C:\Windows\System32\combase.dll
0x00007ffd98440000 - 0x00007ffd98520000 	C:\Windows\System32\OLEAUT32.dll
0x00007ffd7d3f0000 - 0x00007ffd7d433000 	C:\Windows\SYSTEM32\dbgcore.DLL
0x00007ffd96780000 - 0x00007ffd96819000 	C:\Windows\System32\bcryptPrimitives.dll
0x00007ffd6aac0000 - 0x00007ffd6aace000 	C:\Program Files\Android\Android Studio\jbr\bin\instrument.dll
0x00007ffd91280000 - 0x00007ffd912a0000 	C:\Program Files\Android\Android Studio\jbr\bin\java.dll
0x00007ffd83830000 - 0x00007ffd83848000 	C:\Program Files\Android\Android Studio\jbr\bin\zip.dll
0x00007ffd97640000 - 0x00007ffd97d8d000 	C:\Windows\System32\SHELL32.dll
0x00007ffd96c50000 - 0x00007ffd96dc3000 	C:\Windows\System32\wintypes.dll
0x00007ffd94090000 - 0x00007ffd948f0000 	C:\Windows\SYSTEM32\windows.storage.dll
0x00007ffd98730000 - 0x00007ffd98825000 	C:\Windows\System32\SHCORE.dll
0x00007ffd98290000 - 0x00007ffd982fa000 	C:\Windows\System32\shlwapi.dll
0x00007ffd963f0000 - 0x00007ffd96419000 	C:\Windows\SYSTEM32\profapi.dll
0x00007ffd85430000 - 0x00007ffd85440000 	C:\Program Files\Android\Android Studio\jbr\bin\net.dll
0x00007ffd883a0000 - 0x00007ffd884be000 	C:\Windows\SYSTEM32\WINHTTP.dll
0x00007ffd95780000 - 0x00007ffd957eb000 	C:\Windows\system32\mswsock.dll
0x00007ffd83810000 - 0x00007ffd83826000 	C:\Program Files\Android\Android Studio\jbr\bin\nio.dll
0x00007ffd7a290000 - 0x00007ffd7a2a0000 	C:\Program Files\Android\Android Studio\jbr\bin\verify.dll
0x00007ffd6aad0000 - 0x00007ffd6aaf7000 	C:\Users\COMPUTER\.gradle\native\1def1411415f61bf3af743bc5b6707747c0891f09f0c88961ee8f79bc544acac\windows-amd64\native-platform.dll
0x00007ffd65ae0000 - 0x00007ffd65b58000 	C:\Users\COMPUTER\.gradle\native\0.2.7\x86_64-windows-gnu\gradle-fileevents.dll
0x00007ffd83800000 - 0x00007ffd83809000 	C:\Program Files\Android\Android Studio\jbr\bin\management.dll
0x00007ffd80510000 - 0x00007ffd8051b000 	C:\Program Files\Android\Android Studio\jbr\bin\management_ext.dll
0x00007ffd98df0000 - 0x00007ffd98df8000 	C:\Windows\System32\PSAPI.DLL
0x00007ffd94c00000 - 0x00007ffd94c33000 	C:\Windows\SYSTEM32\IPHLPAPI.DLL
0x00007ffd98ec0000 - 0x00007ffd98eca000 	C:\Windows\System32\NSI.dll
0x00007ffd85370000 - 0x00007ffd85379000 	C:\Program Files\Android\Android Studio\jbr\bin\extnet.dll
0x00007ffd95b60000 - 0x00007ffd95b7b000 	C:\Windows\SYSTEM32\CRYPTSP.dll
0x00007ffd95170000 - 0x00007ffd951ab000 	C:\Windows\system32\rsaenh.dll
0x00007ffd95820000 - 0x00007ffd9584b000 	C:\Windows\SYSTEM32\USERENV.dll
0x00007ffd963c0000 - 0x00007ffd963e6000 	C:\Windows\SYSTEM32\bcrypt.dll
0x00007ffd959c0000 - 0x00007ffd959cc000 	C:\Windows\SYSTEM32\CRYPTBASE.dll
0x00007ffd6d1b0000 - 0x00007ffd6d1b8000 	C:\Windows\system32\wshunix.dll
0x00007ffd827e0000 - 0x00007ffd827f8000 	C:\Windows\system32\napinsp.dll
0x00007ffd94c40000 - 0x00007ffd94d66000 	C:\Windows\SYSTEM32\DNSAPI.dll
0x00007ffd827a0000 - 0x00007ffd827b2000 	C:\Windows\System32\winrnr.dll
0x00007ffd7fe10000 - 0x00007ffd7fe40000 	C:\Windows\system32\nlansp_c.dll
0x00007ffd63a90000 - 0x00007ffd63ab0000 	C:\Windows\system32\wshbth.dll
0x00007ffd8d940000 - 0x00007ffd8d94b000 	C:\Windows\System32\rasadhlp.dll
0x00007ffd87b70000 - 0x00007ffd87bf6000 	C:\Windows\System32\fwpuclnt.dll

JVMTI agents:
C:\Users\COMPUTER\.gradle\wrapper\dists\gradle-8.13-bin\5xuhj0ry160q40clulazy9h7d\gradle-8.13\lib\agents\gradle-instrumentation-agent-8.13.jar path:C:\Program Files\Android\Android Studio\jbr\bin\instrument.dll, loaded, initialized, instrumentlib options:none

dbghelp: loaded successfully - version: 4.0.5 - missing functions: none
symbol engine: initialized successfully - sym options: 0x614 - pdb path: .;C:\Program Files\Android\Android Studio\jbr\bin;C:\Windows\SYSTEM32;C:\Windows\WinSxS\amd64_microsoft.windows.common-controls_6595b64144ccf1df_6.0.26100.4768_none_3e0c112ce331287c;C:\Program Files\Android\Android Studio\jbr\bin\server;C:\Users\COMPUTER\.gradle\native\1def1411415f61bf3af743bc5b6707747c0891f09f0c88961ee8f79bc544acac\windows-amd64;C:\Users\COMPUTER\.gradle\native\0.2.7\x86_64-windows-gnu

VM Arguments:
jvm_args: --add-opens=java.base/java.lang=ALL-UNNAMED --add-opens=java.base/java.lang.invoke=ALL-UNNAMED --add-opens=java.base/java.util=ALL-UNNAMED --add-opens=java.prefs/java.util.prefs=ALL-UNNAMED --add-exports=jdk.compiler/com.sun.tools.javac.api=ALL-UNNAMED --add-exports=jdk.compiler/com.sun.tools.javac.util=ALL-UNNAMED --add-opens=java.base/java.util=ALL-UNNAMED --add-opens=java.prefs/java.util.prefs=ALL-UNNAMED --add-opens=java.base/java.nio.charset=ALL-UNNAMED --add-opens=java.base/java.net=ALL-UNNAMED --add-opens=java.base/java.util.concurrent.atomic=ALL-UNNAMED --add-opens=java.xml/javax.xml.namespace=ALL-UNNAMED -Xmx2048m -Dfile.encoding=UTF-8 -Duser.country=KR -Duser.language=ko -Duser.variant -javaagent:C:\Users\COMPUTER\.gradle\wrapper\dists\gradle-8.13-bin\5xuhj0ry160q40clulazy9h7d\gradle-8.13\lib\agents\gradle-instrumentation-agent-8.13.jar 
java_command: org.gradle.launcher.daemon.bootstrap.GradleDaemon 8.13
java_class_path (initial): C:\Users\COMPUTER\.gradle\wrapper\dists\gradle-8.13-bin\5xuhj0ry160q40clulazy9h7d\gradle-8.13\lib\gradle-daemon-main-8.13.jar
Launcher Type: SUN_STANDARD

[Global flags]
     intx CICompilerCount                          = 12                                        {product} {ergonomic}
     uint ConcGCThreads                            = 5                                         {product} {ergonomic}
     uint G1ConcRefinementThreads                  = 20                                        {product} {ergonomic}
   size_t G1HeapRegionSize                         = 1048576                                   {product} {ergonomic}
    uintx GCDrainStackTargetSize                   = 64                                        {product} {ergonomic}
   size_t InitialHeapSize                          = 264241152                                 {product} {ergonomic}
   size_t MarkStackSize                            = 4194304                                   {product} {ergonomic}
   size_t MaxHeapSize                              = 2147483648                                {product} {command line}
   size_t MaxNewSize                               = 1287651328                                {product} {ergonomic}
   size_t MinHeapDeltaBytes                        = 1048576                                   {product} {ergonomic}
   size_t MinHeapSize                              = 8388608                                   {product} {ergonomic}
    uintx NonNMethodCodeHeapSize                   = 7602480                                {pd product} {ergonomic}
    uintx NonProfiledCodeHeapSize                  = 122027880                              {pd product} {ergonomic}
    uintx ProfiledCodeHeapSize                     = 122027880                              {pd product} {ergonomic}
    uintx ReservedCodeCacheSize                    = 251658240                              {pd product} {ergonomic}
     bool SegmentedCodeCache                       = true                                      {product} {ergonomic}
   size_t SoftMaxHeapSize                          = 2147483648                             {manageable} {ergonomic}
     bool UseCompressedOops                        = true                           {product lp64_product} {ergonomic}
     bool UseG1GC                                  = true                                      {product} {ergonomic}
     bool UseLargePagesIndividualAllocation        = false                                  {pd product} {ergonomic}

Logging:
Log output configuration:
 #0: stdout all=warning uptime,level,tags foldmultilines=false
 #1: stderr all=off uptime,level,tags foldmultilines=false

Environment Variables:
PATH=C:\Program Files\Common Files\Oracle\Java\javapath;C:\Windows\system32;C:\Windows;C:\Windows\System32\Wbem;C:\Windows\System32\WindowsPowerShell\v1.0\;C:\Windows\System32\OpenSSH\;C:\Program Files (x86)\Windows Kits\10\Windows Performance Toolkit\;C:\Users\COMPUTER\AppData\Local\Android\Sdk\tools;C:\Users\COMPUTER\AppData\Local\Android\Sdk\platform-tools;C:\Program Files\Git\cmd;C:\Program Files\Git\bin\git.exe;C:\Program Files\Git\cmd\git.exe;C:\Users\COMPUTER\anaconda3;C:\Users\COMPUTER\anaconda3\Library\mingw-w64\bin;C:\Users\COMPUTER\anaconda3\Library\usr\bin;C:\Users\COMPUTER\anaconda3\Library\bin;C:\Users\COMPUTER\anaconda3\Scripts;C:\Users\COMPUTER\AppData\Local\Programs\Python\Launcher\;C:\Users\COMPUTER\AppData\Local\Microsoft\WindowsApps;C:\Users\COMPUTER\AppData\Local\GitHubDesktop\bin;C:\Program Files\JetBrains\IntelliJ IDEA Community Edition 2025.2\bin;C:\Users\COMPUTER\AppData\Local\Programs\Microsoft VS Code\bin;C:\Users\COMPUTER\AppData\Local\Android\Sdk;
USERNAME=COMPUTER
TMPDIR=C:\Users\Public\Documents\ESTsoft\CreatorTemp
OS=Windows_NT
PROCESSOR_IDENTIFIER=Intel64 Family 6 Model 183 Stepping 1, GenuineIntel
TMP=C:\Users\COMPUTER\AppData\Local\Temp
TEMP=C:\Users\COMPUTER\AppData\Local\Temp




Periodic native trim disabled

JNI global refs:
JNI global refs: 36, weak refs: 0

JNI global refs memory usage: 835, weak refs: 201

Process memory usage:
Resident Set Size: 710836K (4% of 16424388K total physical memory with 2326508K free physical memory)

OOME stack traces (most recent first):
Classloader memory used:
Loader org.gradle.internal.classloader.VisitableURLClassLoader                         : 48469K
Loader org.gradle.internal.classloader.VisitableURLClassLoader$InstrumentingVisitableURLClassLoader: 38156K
Loader bootstrap                                                                       : 31322K
Loader org.gradle.initialization.MixInLegacyTypesClassLoader                           : 14757K
Loader org.gradle.internal.classloader.VisitableURLClassLoader                         : 8536K
Loader jdk.internal.reflect.DelegatingClassLoader                                      : 867K
Loader jdk.internal.loader.ClassLoaders$PlatformClassLoader                            : 560K
Loader jdk.internal.loader.ClassLoaders$AppClassLoader                                 : 235K
Loader org.gradle.groovy.scripts.internal.DefaultScriptCompilationHandler$ScriptClassLoader: 211K
Loader org.codehaus.groovy.runtime.callsite.CallSiteClassLoader                        : 70240B
Loader sun.reflect.misc.MethodUtil                                                     : 2984B

Classes loaded by more than one classloader:
Class Program                                                                         : loaded 5 times (x 72B)
Class com.google.common.collect.ImmutableList$SubList                                 : loaded 3 times (x 209B)
Class com.google.common.collect.ForwardingObject                                      : loaded 3 times (x 72B)
Class com.google.common.collect.ImmutableSet$SetBuilderImpl                           : loaded 3 times (x 76B)
Class com.google.common.collect.ImmutableList                                         : loaded 3 times (x 206B)
Class Build_gradle                                                                    : loaded 3 times (x 130B)
Class com.google.common.base.CharMatcher$InRange                                      : loaded 3 times (x 111B)
Class com.google.common.collect.RangeSet                                              : loaded 3 times (x 70B)
Class com.google.common.base.CharMatcher$1                                            : loaded 3 times (x 113B)
Class com.google.common.base.CharMatcher$NamedFastMatcher                             : loaded 3 times (x 112B)
Class com.google.common.base.Joiner$2                                                 : loaded 3 times (x 79B)
Class com.google.common.collect.RangeGwtSerializationDependencies                     : loaded 3 times (x 71B)
Class com.google.common.collect.PeekingIterator                                       : loaded 3 times (x 70B)
Class com.google.common.base.CharMatcher                                              : loaded 3 times (x 111B)
Class com.google.common.base.Joiner$1                                                 : loaded 3 times (x 80B)
Class com.google.common.base.CharMatcher$IsEither                                     : loaded 3 times (x 111B)
Class com.google.common.base.Preconditions                                            : loaded 3 times (x 71B)
Class com.google.common.base.CharMatcher$Is                                           : loaded 3 times (x 111B)
Class com.google.common.base.CharMatcher$Negated                                      : loaded 3 times (x 113B)
Class com.google.common.collect.ImmutableSet$RegularSetBuilderImpl                    : loaded 3 times (x 77B)
Class com.google.common.collect.ImmutableRangeSet$ComplementRanges                    : loaded 3 times (x 207B)
Class org.gradle.internal.IoActions                                                   : loaded 3 times (x 71B)
Class org.gradle.api.GradleException                                                  : loaded 3 times (x 82B)
Class com.google.common.base.CharMatcher$NegatedFastMatcher                           : loaded 3 times (x 113B)
Class com.google.common.collect.AbstractRangeSet                                      : loaded 3 times (x 114B)
Class com.google.common.base.Predicate                                                : loaded 3 times (x 70B)
Class com.google.common.base.CharMatcher$FastMatcher                                  : loaded 3 times (x 111B)
Class org.gradle.api.Action                                                           : loaded 3 times (x 70B)
Class org.gradle.internal.Cast                                                        : loaded 3 times (x 71B)
Class com.google.common.collect.ImmutableList$1                                       : loaded 3 times (x 97B)
Class com.google.common.base.CharMatcher$Or                                           : loaded 3 times (x 112B)
Class com.google.common.collect.ImmutableSet                                          : loaded 3 times (x 145B)
Class com.google.common.base.CharMatcher$BitSetMatcher                                : loaded 3 times (x 112B)
Class com.google.common.collect.ImmutableRangeSet$Builder                             : loaded 3 times (x 77B)
Class Build_gradle$1                                                                  : loaded 3 times (x 74B)
Class com.google.common.collect.RegularImmutableList                                  : loaded 3 times (x 213B)
Class com.google.common.base.Function                                                 : loaded 3 times (x 70B)
Class com.google.common.collect.RegularImmutableSortedSet                             : loaded 3 times (x 300B)
Class com.google.common.base.CharMatcher$IsNot                                        : loaded 3 times (x 111B)
Class com.google.common.collect.ImmutableSortedSet                                    : loaded 3 times (x 300B)
Class com.google.common.collect.ImmutableAsList                                       : loaded 3 times (x 209B)
Class com.google.common.collect.Iterators$9                                           : loaded 3 times (x 81B)
Class com.google.common.collect.ImmutableSet$CachingAsList                            : loaded 3 times (x 148B)
Class com.google.common.collect.Lists                                                 : loaded 3 times (x 71B)
Class com.google.common.collect.ImmutableCollection                                   : loaded 3 times (x 125B)
Class com.google.common.base.CharMatcher$AnyOf                                        : loaded 3 times (x 112B)
Class com.google.common.base.CharMatcher$ForPredicate                                 : loaded 3 times (x 112B)
Class com.google.common.collect.Iterators$5                                           : loaded 3 times (x 82B)
Class com.google.common.collect.Iterators$4                                           : loaded 3 times (x 82B)
Class com.google.common.collect.SortedIterable                                        : loaded 3 times (x 70B)
Class com.google.common.collect.SingletonImmutableSet                                 : loaded 3 times (x 146B)
Class com.google.common.collect.Iterators$1                                           : loaded 3 times (x 81B)
Class com.google.common.collect.UnmodifiableListIterator                              : loaded 3 times (x 95B)
Class com.google.common.collect.ImmutableList$ReverseImmutableList                    : loaded 3 times (x 209B)
Class org.gradle.api.UncheckedIOException                                             : loaded 3 times (x 82B)
Class com.google.common.collect.SingletonImmutableList                                : loaded 3 times (x 207B)
Class com.google.common.collect.RegularImmutableSet                                   : loaded 3 times (x 149B)
Class com.google.common.collect.AbstractIndexedListIterator                           : loaded 3 times (x 96B)
Class com.google.common.collect.AbstractIterator                                      : loaded 3 times (x 82B)
Class com.google.common.base.CharMatcher$And                                          : loaded 3 times (x 112B)
Class com.google.common.collect.Lists$StringAsImmutableList                           : loaded 3 times (x 207B)
Class com.google.common.collect.Iterators                                             : loaded 3 times (x 71B)
Class com.google.common.collect.Range                                                 : loaded 3 times (x 87B)
Class com.google.common.collect.RegularImmutableAsList                                : loaded 3 times (x 217B)
Class com.google.common.collect.ImmutableRangeSet$1                                   : loaded 3 times (x 210B)
Class com.google.common.collect.ImmutableList$Builder                                 : loaded 3 times (x 77B)
Class com.intellij.gradle.toolingExtension.util.GradleVersionUtil                     : loaded 3 times (x 71B)
Class com.google.common.collect.UnmodifiableIterator                                  : loaded 3 times (x 80B)
Class com.google.common.base.Joiner                                                   : loaded 3 times (x 79B)
Class com.google.common.collect.ImmutableCollection$Builder                           : loaded 3 times (x 76B)
Class com.google.common.collect.Iterators$ArrayItr                                    : loaded 3 times (x 97B)
Class com.google.common.collect.ImmutableRangeSet$AsSet                               : loaded 3 times (x 300B)
Class com.google.common.collect.ImmutableRangeSet                                     : loaded 3 times (x 115B)
Class com.google.common.collect.Iterators$MergingIterator                             : loaded 3 times (x 81B)
Class [Lcom.android.ide.common.repository.AgpVersion$PreviewKind;                     : loaded 2 times (x 69B)
Class org.jetbrains.kotlin.idea.projectModel.KotlinTaskProperties                     : loaded 2 times (x 70B)
Class org.jetbrains.plugins.gradle.tooling.serialization.internal.IdeaProjectSerializationService: loaded 2 times (x 77B)
Class com.google.common.collect.Ordering                                              : loaded 2 times (x 114B)
Class kotlin.sequences.SequencesKt___SequencesKt$flatMap$2                            : loaded 2 times (x 125B)
Class org.gradle.api.internal.classpath.EffectiveClassPath                            : loaded 2 times (x 90B)
Class com.android.builder.model.v2.models.AndroidDsl                                  : loaded 2 times (x 70B)
Class org.gradle.internal.classloader.ClassLoaderVisitor                              : loaded 2 times (x 76B)
Class com.google.common.collect.ListMultimap                                          : loaded 2 times (x 70B)
Class com.google.common.collect.ImmutableEnumMap                                      : loaded 2 times (x 126B)
Class com.amazon.ion.impl.lite.IonSystemLite                                          : loaded 2 times (x 275B)
Class com.amazon.ion.util.InputStreamInterceptor                                      : loaded 2 times (x 70B)
Class com.amazon.ion.impl.bin.IonRawBinaryWriter$PreallocationMode                    : loaded 2 times (x 82B)
Class com.amazon.ion.impl.bin._Private_IonRawWriter                                   : loaded 2 times (x 70B)
Class com.amazon.ion.IonWriter                                                        : loaded 2 times (x 70B)
Class kotlin.text.StringsKt__AppendableKt                                             : loaded 2 times (x 71B)
Class org.gradle.tooling.internal.gradle.DefaultProjectIdentifier                     : loaded 2 times (x 86B)
Class com.android.ide.common.gradle.Numeric                                           : loaded 2 times (x 77B)
Class com.google.common.collect.Sets$1                                                : loaded 2 times (x 139B)
Class org.objectweb.asm.AnnotationVisitor                                             : loaded 2 times (x 78B)
Class com.amazon.ion.impl._Private_RecyclingQueue$ElementFactory                      : loaded 2 times (x 70B)
Class com.amazon.ion.impl._Private_IonContainer                                       : loaded 2 times (x 70B)
Class com.intellij.gradle.toolingExtension.impl.model.buildScriptClasspathModel.GradleBuildScriptClasspathSerializationService$ReadContext: loaded 2 times (x 72B)
Class org.gradle.internal.impldep.gnu.trove.TObjectIntHashMap                         : loaded 2 times (x 109B)
Class com.google.common.collect.ComparatorOrdering                                    : loaded 2 times (x 115B)
Class org.gradle.api.internal.DefaultClassPathProvider                                : loaded 2 times (x 76B)
Class com.google.common.collect.Maps$ViewCachingAbstractMap                           : loaded 2 times (x 125B)
Class com.android.builder.model.v2.models.BasicAndroidProject                         : loaded 2 times (x 70B)
Class com.google.common.collect.Sets$2                                                : loaded 2 times (x 139B)
Class com.amazon.ion.impl._Private_RecyclingStack$$Iterator                           : loaded 2 times (x 99B)
Class com.amazon.ion.impl.SharedSymbolTable                                           : loaded 2 times (x 93B)
Class com.amazon.ion.impl.bin.IonRawBinaryWriter                                      : loaded 2 times (x 169B)
Class com.amazon.ion.SymbolToken                                                      : loaded 2 times (x 70B)
Class kotlin.text.StringsKt__StringNumberConversionsJVMKt                             : loaded 2 times (x 71B)
Class com.google.common.collect.NaturalOrdering                                       : loaded 2 times (x 115B)
Class kotlin.text.MatchResult                                                         : loaded 2 times (x 70B)
Class kotlin.sequences.SequenceScope                                                  : loaded 2 times (x 73B)
Class kotlin.sequences.Sequence                                                       : loaded 2 times (x 70B)
Class org.gradle.tooling.ToolingModelContract                                         : loaded 2 times (x 70B)
Class [Lorg.gradle.api.internal.ClassPathProvider;                                    : loaded 2 times (x 69B)
Class org.gradle.api.internal.ClassPathProvider                                       : loaded 2 times (x 70B)
Class [Lorg.objectweb.asm.AnnotationVisitor;                                          : loaded 2 times (x 69B)
Class com.google.common.collect.Sets$3                                                : loaded 2 times (x 139B)
Class com.google.common.util.concurrent.AbstractFuture$SafeAtomicHelper               : loaded 2 times (x 79B)
Class com.google.common.cache.LocalCache$LocalLoadingCache                            : loaded 2 times (x 134B)
Class com.amazon.ion.impl.lite.IonBoolLite                                            : loaded 2 times (x 178B)
Class org.gradle.internal.impldep.gnu.trove.TObjectHash$NULL                          : loaded 2 times (x 71B)
Class kotlin.collections.CollectionsKt___CollectionsKt$asSequence$$inlined$Sequence$1 : loaded 2 times (x 75B)
Class org.gradle.internal.service.UnknownServiceException                             : loaded 2 times (x 83B)
Class com.google.common.io.ByteArrayDataInput                                         : loaded 2 times (x 70B)
Class com.google.common.collect.Sets$4                                                : loaded 2 times (x 139B)
Class org.objectweb.asm.ModuleVisitor                                                 : loaded 2 times (x 81B)
Class com.google.common.cache.LocalCache$Strength$1                                   : loaded 2 times (x 81B)
Class org.jetbrains.kotlin.idea.gradleTooling.model.kapt.KaptGradleModel              : loaded 2 times (x 70B)
Class org.gradle.internal.impldep.gnu.trove.PrimeFinder                               : loaded 2 times (x 71B)
Class org.jetbrains.kotlin.idea.gradleTooling.KotlinDslScriptAdditionalTask           : loaded 2 times (x 70B)
Class org.jetbrains.plugins.gradle.model.ClasspathEntryModel                          : loaded 2 times (x 70B)
Class com.google.common.util.concurrent.SettableFuture                                : loaded 2 times (x 114B)
Class com.google.common.cache.LocalCache$Strength$2                                   : loaded 2 times (x 81B)
Class com.amazon.ion.IonTimestamp                                                     : loaded 2 times (x 70B)
Class com.amazon.ion.impl.bin.PooledBlockAllocatorProvider$PooledBlockAllocator       : loaded 2 times (x 81B)
Class org.jetbrains.plugins.gradle.tooling.serialization.GradleExtensionsSerializationService: loaded 2 times (x 77B)
Class org.gradle.api.JavaVersion                                                      : loaded 2 times (x 79B)
Class org.gradle.tooling.model.Dependency                                             : loaded 2 times (x 70B)
Class com.google.common.io.ByteStreams                                                : loaded 2 times (x 71B)
Class com.android.builder.model.v2.ide.AbstractArtifact                               : loaded 2 times (x 70B)
Class com.google.common.cache.LocalCache$Strength$3                                   : loaded 2 times (x 81B)
Class com.google.common.collect.MapDifference                                         : loaded 2 times (x 70B)
Class com.amazon.ion.IonDatagram                                                      : loaded 2 times (x 70B)
Class com.amazon.ion.impl._Private_RecyclingStack$ElementFactory                      : loaded 2 times (x 70B)
Class com.amazon.ion.impl.bin.IonManagedBinaryWriter$ImportedSymbolResolverMode$1$1   : loaded 2 times (x 78B)
Class com.amazon.ion.impl._Private_ByteTransferSink                                   : loaded 2 times (x 70B)
Class com.intellij.openapi.externalSystem.model.project.dependencies.ResolutionState  : loaded 2 times (x 79B)
Class kotlin.text.StringsKt__RegexExtensionsJVMKt                                     : loaded 2 times (x 71B)
Class com.google.common.collect.AllEqualOrdering                                      : loaded 2 times (x 114B)
Class kotlin.collections.ArraysKt___ArraysJvmKt                                       : loaded 2 times (x 71B)
Class kotlin.collections.CollectionsKt__CollectionsKt                                 : loaded 2 times (x 71B)
Class org.objectweb.asm.FieldWriter                                                   : loaded 2 times (x 78B)
Class com.google.common.cache.CacheBuilder$NullListener                               : loaded 2 times (x 82B)
Class org.jetbrains.plugins.gradle.model.ExternalLibraryDependency                    : loaded 2 times (x 70B)
Class kotlin.text.Regex$Companion                                                     : loaded 2 times (x 71B)
Class org.gradle.internal.classpath.TransformedClassPath                              : loaded 2 times (x 96B)
Class org.gradle.internal.classloader.InstrumentingClassLoader                        : loaded 2 times (x 70B)
Class com.google.common.collect.ImmutableListMultimap                                 : loaded 2 times (x 176B)
Class kotlin.collections.AbstractList$Companion                                       : loaded 2 times (x 71B)
Class com.google.common.cache.CacheLoader$FunctionToCacheLoader                       : loaded 2 times (x 75B)
Class kotlin.sequences.SequencesKt___SequencesKt                                      : loaded 2 times (x 71B)
Class kotlin.text.MatcherMatchResult$groupValues$1                                    : loaded 2 times (x 198B)
Class com.amazon.ion.IonValue                                                         : loaded 2 times (x 70B)
Class kotlin.jvm.internal.FunctionReference                                           : loaded 2 times (x 122B)
Class [Lkotlin.coroutines.intrinsics.CoroutineSingletons;                             : loaded 2 times (x 69B)
Class kotlin.jvm.internal.FunctionBase                                                : loaded 2 times (x 70B)
Class kotlin.enums.EnumEntriesList                                                    : loaded 2 times (x 223B)
Class com.google.common.collect.EmptyImmutableListMultimap                            : loaded 2 times (x 176B)
Class com.google.common.collect.BaseImmutableMultimap                                 : loaded 2 times (x 123B)
Class com.google.common.collect.ReverseNaturalOrdering                                : loaded 2 times (x 114B)
Class com.google.common.base.MoreObjects                                              : loaded 2 times (x 71B)
Class com.amazon.ion.impl.bin.IonRawBinaryWriter$ContainerType                        : loaded 2 times (x 79B)
Class com.amazon.ion.impl._Private_IonTextWriterBuilder$Mutable                       : loaded 2 times (x 102B)
Class kotlin.comparisons.ComparisonsKt___ComparisonsJvmKt                             : loaded 2 times (x 71B)
Class kotlin.collections.CollectionsKt__IteratorsJVMKt                                : loaded 2 times (x 71B)
Class com.android.builder.model.v2.ide.TestInfo$Execution                             : loaded 2 times (x 79B)
Class com.google.common.collect.Platform                                              : loaded 2 times (x 71B)
Class [Lorg.objectweb.asm.Type;                                                       : loaded 2 times (x 69B)
Class com.amazon.ion.impl.bin.IonManagedBinaryWriter$ImportedSymbolResolverMode$2     : loaded 2 times (x 80B)
Class org.jetbrains.kotlin.idea.gradleTooling.KotlinSourceSetContainer                : loaded 2 times (x 70B)
Class org.jetbrains.plugins.gradle.model.IntelliJSettings                             : loaded 2 times (x 70B)
Class kotlin.Result                                                                   : loaded 2 times (x 72B)
Class org.gradle.internal.service.ServiceLocator                                      : loaded 2 times (x 70B)
Class org.gradle.internal.classloader.DefaultClassLoaderFactory                       : loaded 2 times (x 82B)
Class com.google.common.base.Ascii                                                    : loaded 2 times (x 71B)
Class com.google.common.collect.SingletonImmutableBiMap                               : loaded 2 times (x 143B)
Class com.google.common.cache.LocalCache$1                                            : loaded 2 times (x 89B)
Class com.google.common.collect.Iterators$SingletonIterator                           : loaded 2 times (x 81B)
Class com.google.common.collect.AbstractMapEntry                                      : loaded 2 times (x 81B)
Class com.amazon.ion.impl.IonWriterSystem                                             : loaded 2 times (x 171B)
Class com.amazon.ion.impl.bin.Symbols$2                                               : loaded 2 times (x 107B)
Class com.amazon.ion.impl.bin._Private_IonManagedWriter                               : loaded 2 times (x 70B)
Class com.android.ide.gradle.model.GradlePropertiesModel                              : loaded 2 times (x 70B)
Class kotlin.sequences.TransformingSequence$iterator$1                                : loaded 2 times (x 79B)
Class kotlin.Pair                                                                     : loaded 2 times (x 72B)
Class org.gradle.tooling.internal.adapter.ProtocolToModelAdapter$SupportedPropertyInvoker: loaded 2 times (x 76B)
Class org.gradle.tooling.model.UnsupportedMethodException                             : loaded 2 times (x 82B)
Class com.android.builder.model.v2.ide.BytecodeTransformation                         : loaded 2 times (x 79B)
Class com.google.common.collect.Sets$ImprovedAbstractSet                              : loaded 2 times (x 135B)
Class com.intellij.util.containers.IntObjectHashMap$ArrayProducer                     : loaded 2 times (x 70B)
Class com.google.common.collect.AbstractMultimap                                      : loaded 2 times (x 123B)
Class com.google.common.cache.LocalCache$2                                            : loaded 2 times (x 142B)
Class com.amazon.ion.impl.lite.IonContainerLite                                       : loaded 2 times (x 248B)
Class com.amazon.ion.IonBufferConfiguration$OversizedSymbolTableHandler               : loaded 2 times (x 70B)
Class com.amazon.ion.system.IonWriterBuilder                                          : loaded 2 times (x 74B)
Class org.jetbrains.plugins.gradle.tooling.serialization.ToolingStreamApiUtils        : loaded 2 times (x 71B)
Class com.amazon.ion.facet.Faceted                                                    : loaded 2 times (x 70B)
Class kotlin.collections.CollectionsKt__MutableCollectionsKt                          : loaded 2 times (x 71B)
Class com.android.builder.model.v2.ide.CodeShrinker                                   : loaded 2 times (x 79B)
Class com.amazon.ion.impl.bin.IonManagedBinaryWriter$ImportedSymbolResolverMode$1     : loaded 2 times (x 80B)
Class com.google.common.util.concurrent.AbstractFuture$UnsafeAtomicHelper$1           : loaded 2 times (x 76B)
Class com.amazon.ion.impl.lite.IonSymbolLite                                          : loaded 2 times (x 246B)
Class com.amazon.ion.impl.bin.utf8.Poolable                                           : loaded 2 times (x 79B)
Class com.amazon.ion.IonSymbol                                                        : loaded 2 times (x 70B)
Class org.jetbrains.plugins.gradle.tooling.serialization.AnnotationProcessingModelSerializationService$WriteContext: loaded 2 times (x 72B)
Class org.gradle.internal.impldep.gnu.trove.THash                                     : loaded 2 times (x 81B)
Class kotlin.io.TerminateException                                                    : loaded 2 times (x 82B)
Class kotlin.io.FilesKt__FilePathComponentsKt                                         : loaded 2 times (x 71B)
Class kotlin.reflect.KCallable                                                        : loaded 2 times (x 70B)
Class com.google.common.base.Optional                                                 : loaded 2 times (x 80B)
Class [Lcom.amazon.ion.impl.bin.IonRawBinaryWriter$StreamCloseMode;                   : loaded 2 times (x 69B)
Class com.google.common.util.concurrent.AbstractFuture$Trusted                        : loaded 2 times (x 70B)
Class org.jetbrains.kotlin.idea.gradleTooling.AndroidAwareGradleModelProvider$Companion: loaded 2 times (x 71B)
Class org.jetbrains.kotlin.idea.gradleTooling.KotlinGradlePluginVersion               : loaded 2 times (x 70B)
Class com.intellij.compose.ide.plugin.gradleTooling.rt.ComposeResourcesModel          : loaded 2 times (x 70B)
Class com.amazon.ion.impl.lite.IonStructLite                                          : loaded 2 times (x 298B)
Class com.amazon.ion.impl._Private_ReaderWriter                                       : loaded 2 times (x 70B)
Class com.amazon.ion.impl.bin.AbstractSymbolTable                                     : loaded 2 times (x 107B)
Class com.amazon.ion.Decimal                                                          : loaded 2 times (x 133B)
Class com.amazon.ion.impl.bin._Private_IonManagedBinaryWriterBuilder$AllocatorMode$1  : loaded 2 times (x 80B)
Class org.jetbrains.plugins.gradle.tooling.serialization.ProjectDependenciesSerializationService$WriteContext: loaded 2 times (x 72B)
Class org.jetbrains.plugins.gradle.tooling.serialization.ProjectDependenciesSerializationService: loaded 2 times (x 77B)
Class kotlin.text.CharsKt                                                             : loaded 2 times (x 71B)
Class org.gradle.tooling.model.kotlin.dsl.KotlinDslScriptModel                        : loaded 2 times (x 70B)
Class org.gradle.tooling.internal.adapter.CollectionMapper                            : loaded 2 times (x 73B)
Class com.google.common.io.ByteSink$AsCharSink                                        : loaded 2 times (x 80B)
Class org.jetbrains.kotlin.tooling.core.KotlinToolingVersion                          : loaded 2 times (x 75B)
Class [Lcom.android.builder.model.v2.ide.LibraryType;                                 : loaded 2 times (x 69B)
Class com.android.builder.model.v2.ide.LibraryType                                    : loaded 2 times (x 79B)
Class com.google.common.base.Suppliers                                                : loaded 2 times (x 71B)
Class com.google.common.util.concurrent.UncheckedExecutionException                   : loaded 2 times (x 82B)
Class org.gradle.kotlin.dsl.VersionCatalogAccessorsKt                                 : loaded 2 times (x 71B)
Class com.amazon.ion.impl.lite.IonFloatLite                                           : loaded 2 times (x 186B)
Class com.amazon.ion.impl._Private_IonTextWriterBuilder                               : loaded 2 times (x 102B)
Class com.amazon.ion.impl.bin._Private_IonManagedBinaryWriterBuilder$AllocatorMode$2  : loaded 2 times (x 80B)
Class org.gradle.internal.impldep.gnu.trove.Equality                                  : loaded 2 times (x 70B)
Class com.google.common.collect.ExplicitOrdering                                      : loaded 2 times (x 115B)
Class org.jetbrains.plugins.gradle.ExternalDependencyId                               : loaded 2 times (x 70B)
Class com.amazon.ion.impl._Private_RecyclingStack                                     : loaded 2 times (x 79B)
Class com.amazon.ion.impl._Private_IonReaderBuilder                                   : loaded 2 times (x 97B)
Class com.amazon.ion.IonMutableCatalog                                                : loaded 2 times (x 70B)
Class com.intellij.gradle.toolingExtension.impl.model.buildScriptClasspathModel.GradleBuildScriptClasspathSerializationService$WriteContext: loaded 2 times (x 72B)
Class org.gradle.tooling.internal.adapter.ProtocolToModelAdapter                      : loaded 2 times (x 80B)
Class org.gradle.internal.InternalTransformer                                         : loaded 2 times (x 70B)
Class com.android.builder.model.v2.ide.AndroidGradlePluginProjectFlags$BooleanFlag    : loaded 2 times (x 79B)
Class com.google.common.collect.AbstractMapBasedMultimap$KeySet$1                     : loaded 2 times (x 82B)
Class com.android.ide.common.gradle.Separator                                         : loaded 2 times (x 79B)
Class org.objectweb.asm.ClassWriter                                                   : loaded 2 times (x 106B)
Class com.google.common.cache.CacheLoader$UnsupportedLoadingOperationException        : loaded 2 times (x 82B)
Class [Lcom.google.common.cache.CacheBuilder$OneWeigher;                              : loaded 2 times (x 69B)
Class org.gradle.internal.impldep.gnu.trove.TObjectCanonicalHashingStrategy           : loaded 2 times (x 80B)
Class kotlin.collections.MapsKt__MapsJVMKt                                            : loaded 2 times (x 71B)
Class kotlin.collections.EmptyList                                                    : loaded 2 times (x 174B)
Class org.gradle.internal.time.DefaultTimer                                           : loaded 2 times (x 80B)
Class org.gradle.internal.classloader.ClasspathUtil$1                                 : loaded 2 times (x 76B)
Class com.google.common.base.Objects                                                  : loaded 2 times (x 71B)
Class org.objectweb.asm.FieldVisitor                                                  : loaded 2 times (x 77B)
Class com.google.common.collect.IndexedImmutableSet                                   : loaded 2 times (x 152B)
Class com.google.common.collect.ImmutableMap$1                                        : loaded 2 times (x 81B)
Class com.google.common.collect.BiMap                                                 : loaded 2 times (x 70B)
Class com.amazon.ion.impl.bin.PooledBlockAllocatorProvider$PooledBlockAllocator$1     : loaded 2 times (x 79B)
Class com.amazon.ion.impl.lite.IonStringLite                                          : loaded 2 times (x 212B)
Class org.gradle.tooling.internal.adapter.ProtocolToModelAdapter$ViewKey              : loaded 2 times (x 72B)
Class org.gradle.api.internal.classpath.DefaultModuleRegistry$DefaultModule           : loaded 2 times (x 86B)
Class com.android.builder.model.v2.CustomSourceDirectory                              : loaded 2 times (x 70B)
Class com.google.common.primitives.Ints                                               : loaded 2 times (x 71B)
Class com.android.ide.common.repository.AgpVersion                                    : loaded 2 times (x 75B)
Class org.objectweb.asm.MethodTooLargeException                                       : loaded 2 times (x 83B)
Class com.amazon.ion.impl.bin.Block                                                   : loaded 2 times (x 79B)
Class com.google.common.collect.NullsFirstOrdering                                    : loaded 2 times (x 115B)
Class kotlin.ResultKt                                                                 : loaded 2 times (x 71B)
Class org.gradle.tooling.internal.adapter.ProtocolToModelAdapter$PropertyCachingMethodInvoker: loaded 2 times (x 76B)
Class com.android.builder.model.v2.models.ProjectSyncIssues                           : loaded 2 times (x 70B)
Class com.google.common.collect.ObjectArrays                                          : loaded 2 times (x 71B)
Class com.google.common.collect.Multiset                                              : loaded 2 times (x 70B)
Class com.google.common.collect.ArrayListMultimapGwtSerializationDependencies         : loaded 2 times (x 172B)
Class com.google.common.base.Platform$JdkPatternCompiler                              : loaded 2 times (x 75B)
Class com.google.common.math.MathPreconditions                                        : loaded 2 times (x 71B)
Class com.intellij.openapi.externalSystem.model.ExternalSystemException               : loaded 2 times (x 86B)
Class org.jetbrains.plugins.gradle.model.ExternalTask                                 : loaded 2 times (x 70B)
Class com.amazon.ion.impl.bin.utf8.Utf8StringEncoderPool$1                            : loaded 2 times (x 76B)
Class com.amazon.ion.impl.lite.IonLoaderLite                                          : loaded 2 times (x 82B)
Class com.amazon.ion.impl.lite.IonContext                                             : loaded 2 times (x 70B)
Class com.amazon.ion.impl.IonWriterSystemText                                         : loaded 2 times (x 190B)
Class [Lcom.amazon.ion.impl.bin.IonManagedBinaryWriter$ImportedSymbolResolverMode;    : loaded 2 times (x 69B)
Class com.amazon.ion.ValueFactory                                                     : loaded 2 times (x 70B)
Class kotlin.Result$Failure                                                           : loaded 2 times (x 72B)
Class kotlin.collections.ArraysKt__ArraysKt                                           : loaded 2 times (x 71B)
Class org.gradle.internal.time.DefaultCountdownTimer                                  : loaded 2 times (x 88B)
Class com.google.common.collect.ImmutableMapEntrySet                                  : loaded 2 times (x 152B)
Class com.amazon.ion.impl.bin.IonManagedBinaryWriter$SymbolResolver                   : loaded 2 times (x 70B)
Class com.amazon.ion.impl._Private_SymbolToken                                        : loaded 2 times (x 70B)
Class com.amazon.ion.impl.bin._Private_IonManagedBinaryWriterBuilder$AllocatorMode    : loaded 2 times (x 80B)
Class org.jetbrains.plugins.gradle.model.GradleTaskModel                              : loaded 2 times (x 70B)
Class org.jetbrains.plugins.gradle.tooling.util.ObjectCollector                       : loaded 2 times (x 72B)
Class kotlin.collections.SetsKt__SetsJVMKt                                            : loaded 2 times (x 71B)
Class org.gradle.tooling.internal.adapter.ProtocolToModelAdapter$AdaptingMethodInvoker: loaded 2 times (x 76B)
Class org.gradle.tooling.internal.gradle.DefaultBuildIdentifier                       : loaded 2 times (x 79B)
Class kotlin.Function                                                                 : loaded 2 times (x 70B)
Class org.gradle.api.internal.classpath.Module                                        : loaded 2 times (x 70B)
Class com.google.common.cache.Weigher                                                 : loaded 2 times (x 70B)
Class [Lcom.amazon.ion.util.GzipStreamInterceptor;                                    : loaded 2 times (x 69B)
Class com.amazon.ion.impl._Private_IonReaderBuilder$Mutable                           : loaded 2 times (x 97B)
Class com.intellij.openapi.externalSystem.model.project.IExternalSystemSourceType     : loaded 2 times (x 70B)
Class kotlin.io.FileAlreadyExistsException                                            : loaded 2 times (x 82B)
Class kotlin.internal.ProgressionUtilKt                                               : loaded 2 times (x 71B)
Class org.gradle.api.internal.classpath.UnknownModuleException                        : loaded 2 times (x 82B)
Class com.google.common.base.Stopwatch                                                : loaded 2 times (x 72B)
Class com.google.common.cache.LocalCache$Strength                                     : loaded 2 times (x 81B)
Class com.google.common.cache.Cache                                                   : loaded 2 times (x 70B)
Class com.intellij.openapi.externalSystem.model.project.dependencies.ProjectDependencies: loaded 2 times (x 70B)
Class org.jetbrains.plugins.gradle.tooling.serialization.ProjectDependenciesSerializationService$ReadContext: loaded 2 times (x 72B)
Class org.gradle.internal.impldep.gnu.trove.TObjectIdentityHashingStrategy            : loaded 2 times (x 78B)
Class com.google.common.io.Files$2                                                    : loaded 2 times (x 76B)
Class com.google.common.io.AppendableWriter                                           : loaded 2 times (x 100B)
Class com.google.common.base.NullnessCasts                                            : loaded 2 times (x 71B)
Class com.google.common.util.concurrent.AbstractFuture$Cancellation                   : loaded 2 times (x 72B)
Class com.google.common.collect.ImmutableMap$Builder                                  : loaded 2 times (x 82B)
Class com.google.common.base.Present                                                  : loaded 2 times (x 81B)
Class com.google.common.cache.RemovalListener                                         : loaded 2 times (x 70B)
Class com.amazon.ion.IonBufferConfiguration                                           : loaded 2 times (x 73B)
Class com.amazon.ion.impl.bin.Symbols                                                 : loaded 2 times (x 71B)
Class org.jetbrains.plugins.gradle.tooling.serialization.RepositoriesModelSerializationService: loaded 2 times (x 82B)
Class com.android.ide.gradle.model.artifacts.AdditionalClassifierArtifactsModel       : loaded 2 times (x 70B)
Class org.gradle.tooling.internal.gradle.GradleProjectIdentity                        : loaded 2 times (x 70B)
Class org.gradle.api.internal.DefaultClassPathRegistry                                : loaded 2 times (x 76B)
Class com.google.common.collect.ImmutableMultimap$Keys                                : loaded 2 times (x 166B)
Class com.android.builder.model.v2.ide.JavaArtifact                                   : loaded 2 times (x 70B)
Class com.google.common.primitives.IntsMethodsForWeb                                  : loaded 2 times (x 71B)
Class com.google.common.collect.Multimap                                              : loaded 2 times (x 70B)
Class [Lcom.amazon.ion.impl.bin.AbstractIonWriter$WriteValueOptimization;             : loaded 2 times (x 69B)
Class org.jetbrains.plugins.gradle.tooling.serialization.RepositoriesModelSerializationService$ReadContext: loaded 2 times (x 72B)
Class kotlin.ranges.ClosedRange                                                       : loaded 2 times (x 70B)
Class org.gradle.api.internal.ClassPathRegistry                                       : loaded 2 times (x 70B)
Class org.gradle.internal.classpath.DefaultClassPath$ImmutableUniqueList              : loaded 2 times (x 199B)
Class com.google.common.base.ExtraObjectsMethodsForWeb                                : loaded 2 times (x 71B)
Class com.amazon.ion.impl.bin.IonManagedBinaryWriter$UserState                        : loaded 2 times (x 85B)
Class com.amazon.ion.impl._Private_IonWriter                                          : loaded 2 times (x 70B)
Class com.amazon.ion.impl.bin._Private_IonManagedBinaryWriterBuilder                  : loaded 2 times (x 72B)
Class com.intellij.gradle.toolingExtension.impl.model.projectModel.GradleExternalProjectSerializationService$WriteContext: loaded 2 times (x 73B)
Class kotlin.text.StringsKt__StringsJVMKt                                             : loaded 2 times (x 71B)
Class kotlin.collections.IntIterator                                                  : loaded 2 times (x 82B)
Class com.google.common.collect.NullnessCasts                                         : loaded 2 times (x 71B)
Class org.gradle.internal.operations.MultipleBuildOperationFailures                   : loaded 2 times (x 95B)
Class com.google.common.io.ByteSink                                                   : loaded 2 times (x 76B)
Class com.android.builder.model.v2.dsl.SigningConfig                                  : loaded 2 times (x 70B)
Class com.android.builder.model.v2.models.AndroidProject                              : loaded 2 times (x 70B)
Class com.android.builder.model.v2.AndroidModel                                       : loaded 2 times (x 70B)
Class com.google.common.cache.CacheBuilder                                            : loaded 2 times (x 72B)
Class org.gradle.tooling.internal.adapter.MethodInvocation                            : loaded 2 times (x 85B)
Class Settings_gradle$1                                                               : loaded 2 times (x 74B)
Class [Lcom.amazon.ion.SymbolToken;                                                   : loaded 2 times (x 69B)
Class kotlin.text.StringsKt__IndentKt                                                 : loaded 2 times (x 71B)
Class kotlin.collections.SetsKt                                                       : loaded 2 times (x 71B)
Class kotlin.sequences.TransformingSequence                                           : loaded 2 times (x 75B)
Class org.gradle.internal.classpath.ClassPath                                         : loaded 2 times (x 70B)
Class ijJvmDebugger2_8g869j4xt9t70z2h08yspeiyl                                        : loaded 2 times (x 179B)
Class com.google.common.io.Files$FileByteSource                                       : loaded 2 times (x 85B)
Class com.google.common.base.JdkPattern                                               : loaded 2 times (x 75B)
Class com.intellij.util.ThrowableConsumer                                             : loaded 2 times (x 70B)
Class org.jetbrains.plugins.gradle.model.ExternalProjectDependency                    : loaded 2 times (x 70B)
Class org.jetbrains.plugins.gradle.tooling.serialization.KotlinDslScriptsModelSerializationService: loaded 2 times (x 81B)
Class kotlin.reflect.KFunction                                                        : loaded 2 times (x 70B)
Class kotlin.collections.ArrayDeque                                                   : loaded 2 times (x 207B)
Class com.google.common.io.CharStreams$NullWriter                                     : loaded 2 times (x 99B)
Class org.objectweb.asm.SymbolTable$Entry                                             : loaded 2 times (x 74B)
Class com.google.common.util.concurrent.AbstractFuture$AtomicHelper                   : loaded 2 times (x 78B)
Class com.amazon.ion.system.IonSystemBuilder$Mutable                                  : loaded 2 times (x 75B)
Class com.amazon.ion.impl.bin.IonManagedBinaryWriter$SymbolResolverBuilder            : loaded 2 times (x 70B)
Class org.jetbrains.kotlin.idea.gradleTooling.KotlinGradleModel                       : loaded 2 times (x 70B)
Class org.jetbrains.plugins.gradle.tooling.serialization.ExternalTestsSerializationService$WriteContext: loaded 2 times (x 72B)
Class ijInit7_ihhnat4bxwfe1crhj24hmr91                                                : loaded 2 times (x 179B)
Class kotlin.collections.MapsKt__MapsKt                                               : loaded 2 times (x 71B)
Class com.android.builder.model.v2.ide.Variant                                        : loaded 2 times (x 70B)
Class org.objectweb.asm.Edge                                                          : loaded 2 times (x 72B)
Class com.google.common.base.Suppliers$SupplierOfInstance                             : loaded 2 times (x 79B)
Class org.objectweb.asm.ClassVisitor                                                  : loaded 2 times (x 88B)
Class com.amazon.ion.impl._Private_RecyclingStack$Recycler                            : loaded 2 times (x 70B)
Class com.amazon.ion.impl.bin.IonManagedBinaryWriter$LocalSymbolTableView             : loaded 2 times (x 107B)
Class com.amazon.ion.impl.bin.IonRawBinaryWriter$ThrowingRunnable                     : loaded 2 times (x 70B)
Class sync_studio_tooling9_c2alr0af8sa2u2lmo5h7vduwr                                  : loaded 2 times (x 179B)
Class org.gradle.tooling.model.Model                                                  : loaded 2 times (x 70B)
Class com.google.common.cache.LocalCache$ComputingValueReference                      : loaded 2 times (x 96B)
Class [Lorg.objectweb.asm.Symbol;                                                     : loaded 2 times (x 69B)
Class com.google.common.collect.ImmutableMap$IteratorBasedImmutableMap                : loaded 2 times (x 126B)
Class com.amazon.ion.UnknownSymbolException                                           : loaded 2 times (x 86B)
Class com.android.ide.gradle.model.composites.BuildMap                                : loaded 2 times (x 70B)
Class kotlin.text.MatchResult$Destructured                                            : loaded 2 times (x 72B)
Class kotlin.Metadata                                                                 : loaded 2 times (x 70B)
Class kotlin.UninitializedPropertyAccessException                                     : loaded 2 times (x 82B)
Class com.google.common.collect.AbstractMapBasedMultimap$AsMap$AsMapEntries           : loaded 2 times (x 138B)
Class com.android.builder.model.v2.ide.Library                                        : loaded 2 times (x 70B)
Class com.android.builder.model.v2.ide.ArtifactDependenciesAdjacencyList              : loaded 2 times (x 70B)
Class com.android.builder.model.v2.models.Versions                                    : loaded 2 times (x 70B)
Class com.google.common.cache.LocalCache$Segment                                      : loaded 2 times (x 154B)
Class org.jetbrains.plugins.gradle.model.IntelliJProjectSettings                      : loaded 2 times (x 70B)
Class org.gradle.tooling.internal.adapter.ProtocolToModelAdapter$MethodInvocationCache: loaded 2 times (x 73B)
Class com.android.utils.FileUtils                                                     : loaded 2 times (x 71B)
Class com.android.builder.model.v2.models.ndk.NativeModule                            : loaded 2 times (x 70B)
Class com.google.common.collect.AbstractListMultimap                                  : loaded 2 times (x 172B)
Class [Lorg.objectweb.asm.SymbolTable$Entry;                                          : loaded 2 times (x 69B)
Class com.google.common.cache.CacheLoader                                             : loaded 2 times (x 74B)
Class com.android.builder.model.v2.ide.AaptOptions$Namespacing                        : loaded 2 times (x 79B)
Class com.google.common.collect.ImmutableBiMap                                        : loaded 2 times (x 143B)
Class org.jetbrains.plugins.gradle.model.ExternalDependency                           : loaded 2 times (x 70B)
Class com.intellij.util.containers.IntObjectHashMap                                   : loaded 2 times (x 72B)
Class org.gradle.internal.installation.GradleInstallation$1                           : loaded 2 times (x 75B)
Class org.gradle.api.internal.classpath.ModuleRegistry                                : loaded 2 times (x 70B)
Class com.android.builder.model.v2.ide.PrivacySandboxSdkInfo                          : loaded 2 times (x 70B)
Class com.google.common.util.concurrent.internal.InternalFutureFailureAccess          : loaded 2 times (x 72B)
Class com.android.ide.common.repository.AgpVersion$PreviewKind$Companion              : loaded 2 times (x 71B)
Class org.gradle.tooling.internal.adapter.TargetTypeProvider                          : loaded 2 times (x 70B)
Class com.google.common.collect.ImmutableSet$JdkBackedSetBuilderImpl                  : loaded 2 times (x 76B)
Class com.amazon.ion.impl.bin.IonManagedBinaryWriter$SymbolState$1                    : loaded 2 times (x 80B)
Class com.amazon.ion.impl.LocalSymbolTableAsStruct$Factory                            : loaded 2 times (x 79B)
Class [Lcom.amazon.ion.IonType;                                                       : loaded 2 times (x 69B)
Class org.jetbrains.plugins.gradle.model.VersionCatalogsModel                         : loaded 2 times (x 70B)
Class com.intellij.gradle.toolingExtension.impl.model.sourceSetDependencyModel.GradleSourceSetDependencySerialisationService$SourceSetDependencyModelReadContext: loaded 2 times (x 72B)
Class com.intellij.gradle.toolingExtension.impl.model.dependencyModel.DependencyReadContext: loaded 2 times (x 72B)
Class org.gradle.tooling.internal.adapter.ObjectGraphAdapter                          : loaded 2 times (x 70B)
Class com.google.common.collect.ImmutableMultimap$Values                              : loaded 2 times (x 126B)
Class com.android.builder.model.v2.ide.Installation                                   : loaded 2 times (x 70B)
Class com.google.common.util.concurrent.AbstractFuture$UnsafeAtomicHelper             : loaded 2 times (x 78B)
Class com.google.common.cache.LocalCache$LocalManualCache$1                           : loaded 2 times (x 75B)
Class kotlin.ranges.IntProgression$Companion                                          : loaded 2 times (x 71B)
Class org.jetbrains.plugins.gradle.model.ProjectImportModelProvider                   : loaded 2 times (x 70B)
Class org.jetbrains.plugins.gradle.model.ExternalSourceSet                            : loaded 2 times (x 70B)
Class com.amazon.ion.impl.bin.IonManagedBinaryWriter$SymbolState$2                    : loaded 2 times (x 80B)
Class com.amazon.ion.IonNull                                                          : loaded 2 times (x 70B)
Class com.intellij.gradle.toolingExtension.impl.model.warmUp.GradleTaskWarmUpRequest  : loaded 2 times (x 70B)
Class com.google.common.collect.ImmutableSortedAsList                                 : loaded 2 times (x 221B)
Class kotlin.text.RegexKt                                                             : loaded 2 times (x 71B)
Class kotlin.coroutines.intrinsics.IntrinsicsKt__IntrinsicsKt                         : loaded 2 times (x 71B)
Class com.android.builder.model.v2.models.ModelBuilderParameter                       : loaded 2 times (x 70B)
Class org.jetbrains.plugins.gradle.model.GradleExtensions                             : loaded 2 times (x 70B)
Class org.jetbrains.plugins.gradle.model.AnnotationProcessingModel                    : loaded 2 times (x 70B)
Class com.amazon.ion.impl.bin.IonRawBinaryWriter$ContainerInfo                        : loaded 2 times (x 74B)
Class com.amazon.ion.impl.bin.IonManagedBinaryWriter$SymbolState$3                    : loaded 2 times (x 80B)
Class com.amazon.ion.impl.bin.IonRawBinaryWriter$StreamFlushMode                      : loaded 2 times (x 79B)
Class com.amazon.ion.IonBinaryWriter                                                  : loaded 2 times (x 70B)
Class com.intellij.gradle.toolingExtension.impl.model.sourceSetArtifactIndex.GradleSourceSetArtifactBuildRequest: loaded 2 times (x 70B)
Class kotlin.io.FilesKt__UtilsKt                                                      : loaded 2 times (x 71B)
Class com.google.common.collect.Lists$TransformingRandomAccessList                    : loaded 2 times (x 199B)
Class kotlin.collections.CollectionsKt__CollectionsJVMKt                              : loaded 2 times (x 71B)
Class org.gradle.api.internal.classpath.DefaultModuleRegistry                         : loaded 2 times (x 86B)
Class com.amazon.ion.system.IonBinaryWriterBuilder                                    : loaded 2 times (x 99B)
Class com.google.common.util.concurrent.ListenableFuture                              : loaded 2 times (x 70B)
Class com.google.common.cache.ReferenceEntry                                          : loaded 2 times (x 70B)
Class com.google.common.base.Converter                                                : loaded 2 times (x 90B)
Class com.amazon.ion.impl.bin.IonManagedBinaryWriter$UserState$4                      : loaded 2 times (x 85B)
Class com.amazon.ion.impl.bin.IonManagedBinaryWriter$SymbolState$4                    : loaded 2 times (x 80B)
Class [Lcom.amazon.ion.util.InputStreamInterceptor;                                   : loaded 2 times (x 69B)
Class org.jetbrains.plugins.gradle.tooling.serialization.internal.IdeaProjectSerializationService$WriteContext$1: loaded 2 times (x 83B)
Class org.jetbrains.plugins.gradle.model.ExternalProject                              : loaded 2 times (x 70B)
Class kotlin.sequences.SequencesKt                                                    : loaded 2 times (x 71B)
Class kotlin.collections.CollectionsKt__IteratorsKt                                   : loaded 2 times (x 71B)
Class [Lcom.android.builder.model.v2.ide.CodeShrinker;                                : loaded 2 times (x 69B)
Class com.google.common.collect.AbstractMapBasedMultimap                              : loaded 2 times (x 139B)
Class com.google.common.util.concurrent.AbstractFuture                                : loaded 2 times (x 106B)
Class com.google.common.base.FunctionalEquivalence                                    : loaded 2 times (x 83B)
Class org.jetbrains.plugins.gradle.model.UnresolvedExternalDependency                 : loaded 2 times (x 70B)
Class com.google.common.collect.ImmutableMap$MapViewOfValuesAsSingletonSets           : loaded 2 times (x 126B)
Class com.amazon.ion.impl.bin.utf8.Pool                                               : loaded 2 times (x 74B)
Class com.amazon.ion.impl._Private_SymtabExtendsCache                                 : loaded 2 times (x 72B)
Class org.jetbrains.plugins.gradle.tooling.serialization.internal.IdeaProjectSerializationService$WriteContext$2: loaded 2 times (x 83B)
Class kotlin.text.StringsKt                                                           : loaded 2 times (x 71B)
Class com.google.common.io.CharStreams                                                : loaded 2 times (x 71B)
Class com.google.common.collect.ImmutableMultiset                                     : loaded 2 times (x 163B)
Class org.objectweb.asm.RecordComponentVisitor                                        : loaded 2 times (x 77B)
Class com.google.common.cache.CacheLoader$SupplierToCacheLoader                       : loaded 2 times (x 75B)
Class com.amazon.ion.impl._Private_IonSymbol                                          : loaded 2 times (x 70B)
Class com.amazon.ion.impl.lite.IonValueLite                                           : loaded 2 times (x 147B)
Class com.amazon.ion.IonContainer                                                     : loaded 2 times (x 70B)
Class com.amazon.ion.impl.bin.PooledBlockAllocatorProvider                            : loaded 2 times (x 73B)
Class org.jetbrains.plugins.gradle.tooling.serialization.AnnotationProcessingModelSerializationService$ReadContext: loaded 2 times (x 72B)
Class org.jetbrains.plugins.gradle.tooling.serialization.internal.IdeaProjectSerializationService$WriteContext$3: loaded 2 times (x 83B)
Class kotlin.coroutines.jvm.internal.RestrictedContinuationImpl                       : loaded 2 times (x 87B)
Class org.gradle.util.internal.DefaultGradleVersion$Stage                             : loaded 2 times (x 75B)
Class com.google.common.collect.Maps$EntryTransformer                                 : loaded 2 times (x 70B)
Class org.jetbrains.kotlin.idea.gradleTooling.AndroidAwareGradleModelProvider         : loaded 2 times (x 79B)
Class org.jetbrains.plugins.gradle.tooling.serialization.internal.IdeaProjectSerializationService$WriteContext$4: loaded 2 times (x 83B)
Class com.intellij.gradle.toolingExtension.impl.model.sourceSetDependencyModel.GradleSourceSetDependencySerialisationService$Companion: loaded 2 times (x 71B)
Class [Lkotlin.Pair;                                                                  : loaded 2 times (x 69B)
Class kotlin.text.StringsKt__StringNumberConversionsKt                                : loaded 2 times (x 71B)
Class kotlin.io.FilesKt__FileReadWriteKt                                              : loaded 2 times (x 71B)
Class com.google.common.collect.UsingToStringOrdering                                 : loaded 2 times (x 114B)
Class kotlin.text.MatchNamedGroupCollection                                           : loaded 2 times (x 70B)
Class kotlin.jvm.internal.markers.KMutableList                                        : loaded 2 times (x 70B)
Class org.gradle.internal.time.MonotonicClock                                         : loaded 2 times (x 77B)
Class org.gradle.internal.service.ServiceLookupException                              : loaded 2 times (x 82B)
Class ijKotlinCoroutineJvmDebugInit2_ezbr0y5lgx6mgpo6abq1y1nio$_run_closure1          : loaded 2 times (x 139B)
Class com.google.common.collect.Lists$ReverseList                                     : loaded 2 times (x 200B)
Class com.google.common.collect.RegularImmutableMap                                   : loaded 2 times (x 121B)
Class [Lcom.google.common.cache.LocalCache$EntryFactory;                              : loaded 2 times (x 69B)
Class com.amazon.ion.BufferConfiguration$Builder                                      : loaded 2 times (x 78B)
Class org.jetbrains.plugins.gradle.tooling.serialization.internal.IdeaProjectSerializationService$WriteContext$5: loaded 2 times (x 83B)
Class com.intellij.gradle.toolingExtension.impl.model.sourceSetDependencyModel.GradleSourceSetDependencySerialisationService$SourceSetDependencyModelWriteContext: loaded 2 times (x 72B)
Class kotlin.sequences.SequencesKt___SequencesKt$sortedWith$1                         : loaded 2 times (x 75B)
Class org.gradle.internal.classloader.ClassLoaderFactory                              : loaded 2 times (x 70B)
Class com.android.builder.model.v2.ide.LibraryInfo                                    : loaded 2 times (x 70B)
Class com.google.common.base.CommonPattern                                            : loaded 2 times (x 74B)
Class com.google.common.cache.LocalCache$LocalManualCache                             : loaded 2 times (x 99B)
Class com.android.builder.model.v2.ide.AndroidArtifact                                : loaded 2 times (x 70B)
Class com.amazon.ion.impl.bin.IntList                                                 : loaded 2 times (x 77B)
Class com.amazon.ion.impl._Private_RecyclingQueue$ElementIterator                     : loaded 2 times (x 82B)
Class com.amazon.ion.impl.lite._Private_LiteDomTrampoline                             : loaded 2 times (x 71B)
Class com.amazon.ion.IonType                                                          : loaded 2 times (x 79B)
Class org.jetbrains.plugins.gradle.tooling.serialization.internal.IdeaProjectSerializationService$WriteContext$6: loaded 2 times (x 83B)
Class org.jetbrains.plugins.gradle.tooling.util.IntObjectMap                          : loaded 2 times (x 73B)
Class org.gradle.internal.service.CachingServiceLocator                               : loaded 2 times (x 82B)
Class com.google.common.collect.Streams                                               : loaded 2 times (x 71B)
Class com.google.common.collect.AbstractMapBasedMultimap$KeySet                       : loaded 2 times (x 137B)
Class com.google.common.io.ByteArrayDataOutput                                        : loaded 2 times (x 70B)
Class com.google.common.math.IntMath                                                  : loaded 2 times (x 71B)
Class com.amazon.ion.impl.lite.ValueFactoryLite                                       : loaded 2 times (x 218B)
Class org.jetbrains.plugins.gradle.model.RepositoryModels                             : loaded 2 times (x 70B)
Class org.jetbrains.plugins.gradle.tooling.serialization.internal.IdeaProjectSerializationService$WriteContext$7: loaded 2 times (x 83B)
Class kotlin.collections.AbstractList$SubList                                         : loaded 2 times (x 198B)
Class kotlin.jvm.internal.CallableReference                                           : loaded 2 times (x 106B)
Class ijKotlinCoroutineJvmDebugInit2_ezbr0y5lgx6mgpo6abq1y1nio                        : loaded 2 times (x 179B)
Class com.google.common.collect.ImmutableMapEntry                                     : loaded 2 times (x 85B)
Class com.amazon.ion.impl.bin.WriteBuffer                                             : loaded 2 times (x 78B)
Class com.amazon.ion.impl.bin.IonManagedBinaryWriter                                  : loaded 2 times (x 166B)
Class org.jetbrains.plugins.gradle.tooling.serialization.internal.IdeaProjectSerializationService$WriteContext$8: loaded 2 times (x 83B)
Class [Lorg.gradle.api.JavaVersion;                                                   : loaded 2 times (x 69B)
Class kotlin.ranges.IntRange                                                          : loaded 2 times (x 93B)
Class org.gradle.tooling.model.idea.IdeaDependencyScope                               : loaded 2 times (x 70B)
Class org.gradle.internal.time.TimeSource                                             : loaded 2 times (x 70B)
Class org.gradle.tooling.model.kotlin.dsl.KotlinDslScriptsModel                       : loaded 2 times (x 70B)
Class com.google.common.collect.ImmutableMultimap                                     : loaded 2 times (x 147B)
Class com.android.builder.model.v2.ide.TestInfo                                       : loaded 2 times (x 70B)
Class com.google.common.base.Equivalence                                              : loaded 2 times (x 82B)
Class org.gradle.api.internal.classpath.ManifestUtil                                  : loaded 2 times (x 71B)
Class com.google.common.collect.ImmutableMapEntry$NonTerminalImmutableMapEntry        : loaded 2 times (x 85B)
Class com.amazon.ion.impl.lite.IonBlobLite                                            : loaded 2 times (x 219B)
Class com.amazon.ion.impl.LocalSymbolTable                                            : loaded 2 times (x 121B)
Class org.jetbrains.plugins.gradle.tooling.serialization.SerializationService         : loaded 2 times (x 70B)
Class org.gradle.tooling.internal.gradle.GradleBuildIdentity                          : loaded 2 times (x 70B)
Class kotlin.enums.EnumEntries                                                        : loaded 2 times (x 70B)
Class com.android.builder.model.v2.ide.JavaCompileOptions                             : loaded 2 times (x 70B)
Class com.google.common.cache.CacheBuilder$OneWeigher                                 : loaded 2 times (x 82B)
Class org.gradle.tooling.internal.adapter.ProtocolToModelAdapter$InvocationHandlerImpl: loaded 2 times (x 77B)
Class com.amazon.ion.IonList                                                          : loaded 2 times (x 70B)
Class org.jetbrains.plugins.gradle.tooling.serialization.internal.adapter.Supplier    : loaded 2 times (x 70B)
Class org.gradle.tooling.internal.adapter.ProtocolToModelAdapter$MixInMappingAction   : loaded 2 times (x 80B)
Class org.gradle.internal.exceptions.ResolutionProvider                               : loaded 2 times (x 70B)
Class com.amazon.ion.IonSystem                                                        : loaded 2 times (x 70B)
Class com.amazon.ion.impl.bin.IonManagedBinaryWriter$ImportedSymbolContext            : loaded 2 times (x 72B)
Class kotlin.text.MatchResult$DefaultImpls                                            : loaded 2 times (x 71B)
Class org.gradle.tooling.model.idea.IdeaCompilerOutput                                : loaded 2 times (x 70B)
Class org.gradle.tooling.model.ProjectIdentifier                                      : loaded 2 times (x 70B)
Class org.gradle.internal.classloader.ClasspathUtil                                   : loaded 2 times (x 71B)
Class com.android.builder.model.v2.ide.ComponentInfo                                  : loaded 2 times (x 70B)
Class org.jetbrains.kotlin.tooling.core.HasExtras                                     : loaded 2 times (x 70B)
Class com.google.common.base.Charsets                                                 : loaded 2 times (x 71B)
Class com.google.common.util.concurrent.Uninterruptibles                              : loaded 2 times (x 71B)
Class com.android.builder.model.v2.ide.ProjectType                                    : loaded 2 times (x 79B)
Class com.intellij.gradle.toolingExtension.impl.model.sourceSetModel.GradleSourceSetSerialisationService: loaded 2 times (x 77B)
Class kotlin.io.FileSystemException                                                   : loaded 2 times (x 82B)
Class ijJvmDebugger2_8g869j4xt9t70z2h08yspeiyl$_run_closure1                          : loaded 2 times (x 139B)
Class com.android.builder.model.v2.dsl.BaseConfig                                     : loaded 2 times (x 70B)
Class com.google.common.collect.Maps                                                  : loaded 2 times (x 71B)
Class com.amazon.ion.impl.lite.IonIntLite                                             : loaded 2 times (x 189B)
Class com.amazon.ion.impl._Private_IonReaderBuilder$TwoElementInputStream             : loaded 2 times (x 92B)
Class com.amazon.ion.util._Private_FastAppendable                                     : loaded 2 times (x 70B)
Class [Lcom.amazon.ion.impl.bin.IonRawBinaryWriter$PreallocationMode;                 : loaded 2 times (x 69B)
Class org.gradle.internal.time.TimeSource$1                                           : loaded 2 times (x 77B)
Class kotlin.jvm.internal.DefaultConstructorMarker                                    : loaded 2 times (x 71B)
Class org.gradle.api.specs.Spec                                                       : loaded 2 times (x 70B)
Class [Lcom.google.common.collect.ImmutableEntry;                                     : loaded 2 times (x 69B)
Class com.amazon.ion.impl.lite.IonSexpLite                                            : loaded 2 times (x 490B)
Class com.amazon.ion.impl.lite.IonListLite                                            : loaded 2 times (x 490B)
Class com.amazon.ion.IonFloat                                                         : loaded 2 times (x 70B)
Class ijJvmDebugger2_8g869j4xt9t70z2h08yspeiyl$_run_closure1$_closure2                : loaded 2 times (x 140B)
Class com.google.common.cache.LocalCache$LoadingValueReference                        : loaded 2 times (x 96B)
Class com.amazon.ion.impl.LocalSymbolTable$Factory                                    : loaded 2 times (x 77B)
Class com.amazon.ion.impl.bin.IonManagedBinaryWriter$ImportedSymbolResolverMode       : loaded 2 times (x 80B)
Class com.intellij.gradle.toolingExtension.impl.model.buildScriptClasspathModel.GradleBuildScriptClasspathSerializationService: loaded 2 times (x 77B)
Class org.gradle.tooling.model.build.GradleEnvironment                                : loaded 2 times (x 70B)
Class com.google.common.io.LineReader$1                                               : loaded 2 times (x 75B)
Class com.google.common.collect.CollectSpliterators                                   : loaded 2 times (x 71B)
Class com.google.common.collect.AbstractMapBasedMultimap$AsMap                        : loaded 2 times (x 128B)
Class com.google.common.base.Platform                                                 : loaded 2 times (x 71B)
Class com.amazon.ion.impl.LocalSymbolTableAsStruct                                    : loaded 2 times (x 126B)
Class com.amazon.ion.impl.lite.IonTimestampLite                                       : loaded 2 times (x 192B)
Class org.jetbrains.plugins.gradle.model.FileCollectionDependency                     : loaded 2 times (x 70B)
Class org.gradle.internal.impldep.gnu.trove.TObjectHashingStrategy                    : loaded 2 times (x 70B)
Class com.intellij.gradle.toolingExtension.impl.model.utilDummyModel.DummyModel       : loaded 2 times (x 70B)
Class kotlin.text.StringsKt__RegexExtensionsKt                                        : loaded 2 times (x 71B)
Class kotlin.collections.EmptyIterator                                                : loaded 2 times (x 89B)
Class org.gradle.internal.time.Clock                                                  : loaded 2 times (x 70B)
Class com.google.common.collect.AbstractMapBasedMultimap$WrappedList                  : loaded 2 times (x 205B)
Class com.android.builder.model.v2.dsl.ProductFlavor                                  : loaded 2 times (x 70B)
Class [Lcom.android.builder.model.v2.ide.TestInfo$Execution;                          : loaded 2 times (x 69B)
Class [Lorg.objectweb.asm.AnnotationWriter;                                           : loaded 2 times (x 69B)
Class com.google.common.collect.Maps$8                                                : loaded 2 times (x 82B)
Class com.amazon.ion.IonString                                                        : loaded 2 times (x 70B)
Class org.jetbrains.plugins.gradle.model.GradleSourceSetDependencyModel               : loaded 2 times (x 70B)
Class com.google.common.collect.CompoundOrdering                                      : loaded 2 times (x 115B)
Class kotlin.sequences.SequencesKt__SequencesJVMKt                                    : loaded 2 times (x 71B)
Class kotlin.coroutines.jvm.internal.RestrictedSuspendLambda                          : loaded 2 times (x 91B)
Class org.gradle.tooling.internal.adapter.TypeInspector                               : loaded 2 times (x 73B)
Class org.gradle.tooling.internal.adapter.ProtocolToModelAdapter$NoOpDecoration       : loaded 2 times (x 79B)
Class org.gradle.tooling.model.Element                                                : loaded 2 times (x 70B)
Class kotlin.collections.AbstractList                                                 : loaded 2 times (x 197B)
Class kotlin.collections.AbstractCollection                                           : loaded 2 times (x 117B)
Class com.google.common.collect.Lists$ReverseList$1                                   : loaded 2 times (x 99B)
Class org.jetbrains.plugins.gradle.tooling.util.IntObjectMap$ObjectFactory            : loaded 2 times (x 70B)
Class org.jetbrains.kotlin.tooling.core.Extras                                        : loaded 2 times (x 70B)
Class com.google.common.collect.Sets$SetView                                          : loaded 2 times (x 138B)
Class com.google.common.cache.LocalCache$StrongValueReference                         : loaded 2 times (x 90B)
Class com.google.common.util.concurrent.AbstractFuture$SynchronizedHelper             : loaded 2 times (x 78B)
Class com.amazon.ion.BufferConfiguration                                              : loaded 2 times (x 73B)
Class com.amazon.ion.system.SimpleCatalog                                             : loaded 2 times (x 91B)
Class com.intellij.gradle.toolingExtension.impl.model.taskModel.GradleTaskSerialisationService: loaded 2 times (x 76B)
Class com.android.ide.gradle.model.LegacyV1AgpVersionModel                            : loaded 2 times (x 70B)
Class kotlin.text.StringsKt__StringBuilderJVMKt                                       : loaded 2 times (x 71B)
Class kotlin.text.Regex                                                               : loaded 2 times (x 72B)
Class kotlin.sequences.SequencesKt__SequenceBuilderKt$sequence$$inlined$Sequence$1    : loaded 2 times (x 75B)
Class kotlin.Triple                                                                   : loaded 2 times (x 72B)
Class com.google.common.graph.SuccessorsFunction                                      : loaded 2 times (x 70B)
Class org.objectweb.asm.Type                                                          : loaded 2 times (x 72B)
Class org.jetbrains.plugins.gradle.tooling.util.IntObjectMap$1                        : loaded 2 times (x 77B)
Class org.gradle.internal.impldep.com.google.common.base.Preconditions                : loaded 2 times (x 71B)
Class org.gradle.tooling.model.internal.ImmutableDomainObjectSet                      : loaded 2 times (x 155B)
Class org.gradle.internal.classloader.VisitableURLClassLoader$InstrumentingVisitableURLClassLoader: loaded 2 times (x 123B)
Class com.google.common.io.Files$FileByteSink                                         : loaded 2 times (x 77B)
Class com.android.builder.model.v2.ide.AndroidGradlePluginProjectFlags                : loaded 2 times (x 70B)
Class [Lcom.android.builder.model.v2.ide.AndroidGradlePluginProjectFlags$BooleanFlag; : loaded 2 times (x 69B)
Class com.android.builder.model.v2.ide.BasicVariant                                   : loaded 2 times (x 70B)
Class org.objectweb.asm.ByteVector                                                    : loaded 2 times (x 79B)
Class [Lcom.google.common.cache.CacheBuilder$NullListener;                            : loaded 2 times (x 69B)
Class com.google.common.math.IntMath$1                                                : loaded 2 times (x 71B)
Class [Lcom.amazon.ion.impl.bin.IonRawBinaryWriter$StreamFlushMode;                   : loaded 2 times (x 69B)
Class com.amazon.ion.UnsupportedIonVersionException                                   : loaded 2 times (x 85B)
Class kotlin.comparisons.ComparisonsKt__ComparisonsKt                                 : loaded 2 times (x 71B)
Class kotlin.ranges.RangesKt__RangesKt                                                : loaded 2 times (x 71B)
Class kotlin.collections.SetsKt___SetsKt                                              : loaded 2 times (x 71B)
Class kotlin.sequences.SequencesKt__SequencesKt                                       : loaded 2 times (x 71B)
Class kotlin.coroutines.Continuation                                                  : loaded 2 times (x 70B)
Class org.gradle.internal.classloader.VisitableURLClassLoader$Spec                    : loaded 2 times (x 74B)
Class org.gradle.internal.classpath.DefaultClassPath                                  : loaded 2 times (x 90B)
Class com.android.builder.model.v2.ide.BundleInfo                                     : loaded 2 times (x 70B)
Class com.android.builder.model.v2.ide.SourceProvider                                 : loaded 2 times (x 70B)
Class org.objectweb.asm.Symbol                                                        : loaded 2 times (x 73B)
Class com.amazon.ion.impl.bin.IonManagedBinaryWriter$SymbolState                      : loaded 2 times (x 80B)
Class com.amazon.ion.IonStruct                                                        : loaded 2 times (x 70B)
Class org.jetbrains.plugins.gradle.model.GradleBuildScriptClasspathModel              : loaded 2 times (x 70B)
Class kotlin.sequences.FilteringSequence                                              : loaded 2 times (x 75B)
Class kotlin.text.CharsKt__CharJVMKt                                                  : loaded 2 times (x 71B)
Class kotlin.comparisons.ComparisonsKt                                                : loaded 2 times (x 71B)
Class kotlin.comparisons.ComparisonsKt___ComparisonsKt                                : loaded 2 times (x 71B)
Class kotlin.coroutines.jvm.internal.BaseContinuationImpl                             : loaded 2 times (x 87B)
Class kotlin.Result$Companion                                                         : loaded 2 times (x 71B)
Class org.gradle.util.internal.DefaultGradleVersion                                   : loaded 2 times (x 80B)
Class com.google.common.io.Closer                                                     : loaded 2 times (x 78B)
Class com.google.common.io.Java8Compatibility                                         : loaded 2 times (x 71B)
Class com.google.common.base.CharMatcher$Ascii                                        : loaded 2 times (x 112B)
Class com.amazon.ion.IonException                                                     : loaded 2 times (x 84B)
Class com.google.common.collect.RegularImmutableMap$Values                            : loaded 2 times (x 207B)
Class com.amazon.ion.util.GzipStreamInterceptor                                       : loaded 2 times (x 85B)
Class org.gradle.internal.classloader.ClassLoaderSpec                                 : loaded 2 times (x 71B)
Class org.objectweb.asm.AnnotationWriter                                              : loaded 2 times (x 79B)
Class com.google.common.cache.CacheStats                                              : loaded 2 times (x 71B)
Class com.amazon.ion.impl.IonWriterSystemTextMarkup                                   : loaded 2 times (x 192B)
Class com.amazon.ion.impl.bin.BlockAllocator                                          : loaded 2 times (x 80B)
Class kotlin.jvm.internal.FunctionReferenceImpl                                       : loaded 2 times (x 122B)
Class kotlin.collections.CollectionsKt___CollectionsJvmKt                             : loaded 2 times (x 71B)
Class com.google.common.io.Closer$Suppressor                                          : loaded 2 times (x 70B)
Class com.google.common.io.LineProcessor                                              : loaded 2 times (x 70B)
Class com.google.common.collect.ImmutableMultisetGwtSerializationDependencies         : loaded 2 times (x 125B)
Class org.objectweb.asm.RecordComponentWriter                                         : loaded 2 times (x 78B)
Class com.google.common.util.concurrent.AbstractFuture$Listener                       : loaded 2 times (x 72B)
Class [Lcom.android.builder.model.v2.ide.ProjectType;                                 : loaded 2 times (x 69B)
Class com.amazon.ion.impl.bin.IonManagedBinaryWriter$UserState$3                      : loaded 2 times (x 85B)
Class Settings_gradle$1$1                                                             : loaded 2 times (x 74B)
Class com.amazon.ion.impl._Private_RecyclingQueue                                     : loaded 2 times (x 80B)
Class com.amazon.ion.system.IonWriterBuilderBase                                      : loaded 2 times (x 83B)
Class kotlin.TuplesKt                                                                 : loaded 2 times (x 71B)
Class kotlin.jvm.internal.markers.KMutableIterable                                    : loaded 2 times (x 70B)
Class kotlin.sequences.SequencesKt___SequencesJvmKt                                   : loaded 2 times (x 71B)
Class org.gradle.tooling.internal.adapter.ProtocolToModelAdapter$DefaultViewBuilder   : loaded 2 times (x 80B)
Class kotlin.Unit                                                                     : loaded 2 times (x 71B)
Class [Lcom.android.builder.model.v2.ide.AaptOptions$Namespacing;                     : loaded 2 times (x 69B)
Class com.android.ide.common.gradle.Version$Companion$ParseState                      : loaded 2 times (x 70B)
Class org.objectweb.asm.Attribute                                                     : loaded 2 times (x 77B)
Class com.google.common.base.Supplier                                                 : loaded 2 times (x 70B)
Class kotlin.ranges.RangesKt                                                          : loaded 2 times (x 71B)
Class org.gradle.tooling.internal.adapter.ProtocolToModelAdapter$ViewGraphDetails$1   : loaded 2 times (x 77B)
Class org.gradle.internal.classloader.VisitableURLClassLoader                         : loaded 2 times (x 117B)
Class com.google.common.util.concurrent.AbstractFuture$Waiter                         : loaded 2 times (x 72B)
Class com.android.ide.common.repository.AgpVersion$Companion                          : loaded 2 times (x 71B)
Class Settings_gradle                                                                 : loaded 2 times (x 128B)
Class com.amazon.ion.impl.bin.IonRawBinaryWriter$1                                    : loaded 2 times (x 77B)
Class [Lcom.amazon.ion.SymbolTable;                                                   : loaded 2 times (x 69B)
Class com.amazon.ion.impl.bin.IonBinaryWriterAdapter$Factory                          : loaded 2 times (x 70B)
Class com.amazon.ion.impl.BlockedBuffer$BufferedOutputStream                          : loaded 2 times (x 90B)
Class org.jetbrains.plugins.gradle.tooling.serialization.ExternalTestsSerializationService$ReadContext: loaded 2 times (x 72B)
Class kotlin.sequences.FlatteningSequence$iterator$1                                  : loaded 2 times (x 79B)
Class kotlin.jvm.functions.Function0                                                  : loaded 2 times (x 70B)
Class kotlin.collections.ArraysUtilJVM                                                : loaded 2 times (x 71B)
Class com.google.common.util.concurrent.ExecutionError                                : loaded 2 times (x 82B)
Class com.google.common.collect.ImmutableEnumSet                                      : loaded 2 times (x 146B)
Class org.gradle.tooling.model.idea.IdeaDependency                                    : loaded 2 times (x 70B)
Class com.android.builder.model.v2.ide.AaptOptions                                    : loaded 2 times (x 70B)
Class [Lcom.android.builder.model.v2.ide.BytecodeTransformation;                      : loaded 2 times (x 69B)
Class com.google.common.base.Strings                                                  : loaded 2 times (x 71B)
Class com.android.ide.common.gradle.Version$Companion                                 : loaded 2 times (x 71B)
Class com.google.common.collect.Sets                                                  : loaded 2 times (x 71B)
Class org.objectweb.asm.Handler                                                       : loaded 2 times (x 72B)
Class com.google.common.base.Ticker                                                   : loaded 2 times (x 72B)
Class com.android.builder.model.v2.models.VariantDependenciesAdjacencyList            : loaded 2 times (x 70B)
Class com.amazon.ion.impl.bin.AbstractIonWriter$WriteValueOptimization                : loaded 2 times (x 79B)
Class kotlin.collections.AbstractMutableList                                          : loaded 2 times (x 206B)
Class kotlin.jvm.functions.Function1                                                  : loaded 2 times (x 70B)
Class com.android.builder.model.v2.models.ndk.NativeModelBuilderParameter             : loaded 2 times (x 70B)
Class [Lcom.google.common.cache.LocalCache$Segment;                                   : loaded 2 times (x 69B)
Class [Lcom.google.common.cache.LocalCache$Strength;                                  : loaded 2 times (x 69B)
Class com.google.common.cache.CacheBuilder$1                                          : loaded 2 times (x 85B)
Class com.google.common.collect.AbstractMapBasedMultimap$WrappedCollection            : loaded 2 times (x 124B)
Class com.google.common.collect.ImmutableMap                                          : loaded 2 times (x 120B)
Class com.amazon.ion.impl.bin.BlockAllocatorProvider                                  : loaded 2 times (x 72B)
Class org.jetbrains.plugins.gradle.tooling.serialization.internal.IdeaProjectSerializationService$WriteContext: loaded 2 times (x 72B)
Class com.intellij.gradle.toolingExtension.impl.model.sourceSetDependencyModel.GradleSourceSetDependencySerialisationService: loaded 2 times (x 77B)
Class org.jetbrains.plugins.gradle.model.GradleSourceSetModel                         : loaded 2 times (x 70B)
Class kotlin.KotlinNothingValueException                                              : loaded 2 times (x 82B)
Class kotlin.jvm.functions.Function2                                                  : loaded 2 times (x 70B)
Class org.gradle.internal.classpath.DefaultClassPath$ImmutableUniqueList$Builder      : loaded 2 times (x 75B)
Class org.gradle.internal.classloader.ClassLoaderHierarchy                            : loaded 2 times (x 70B)
Class com.google.common.cache.LocalCache                                              : loaded 2 times (x 187B)
Class com.google.common.cache.CacheBuilder$2                                          : loaded 2 times (x 79B)
Class kotlin.collections.CollectionsKt__ReversedViewsKt                               : loaded 2 times (x 71B)
Class com.amazon.ion.impl.lite.IonSequenceLite                                        : loaded 2 times (x 432B)
Class com.amazon.ion.impl._Private_Utils$1                                            : loaded 2 times (x 89B)
Class com.amazon.ion.impl.SymbolTableAsStruct                                         : loaded 2 times (x 70B)
Class com.android.ide.gradle.model.dependencies.Coordinates                           : loaded 2 times (x 70B)
Class kotlin.collections.MapsKt___MapsJvmKt                                           : loaded 2 times (x 71B)
Class org.gradle.tooling.internal.adapter.WeakIdentityHashMap$AbsentValueProvider     : loaded 2 times (x 70B)
Class com.google.common.collect.ArrayListMultimap                                     : loaded 2 times (x 172B)
Class com.google.common.cache.CacheBuilder$3                                          : loaded 2 times (x 72B)
Class [Lcom.google.common.collect.AbstractMapEntry;                                   : loaded 2 times (x 69B)
Class com.google.common.collect.ImmutableEntry                                        : loaded 2 times (x 82B)
Class com.amazon.ion.impl.bin.AbstractIonWriter                                       : loaded 2 times (x 161B)
Class org.jetbrains.plugins.gradle.tooling.util.ObjectCollector$Processor             : loaded 2 times (x 70B)
Class kotlin.jvm.functions.Function4                                                  : loaded 2 times (x 70B)
Class kotlin.collections.EmptySet                                                     : loaded 2 times (x 122B)
Class kotlin.annotation.Target                                                        : loaded 2 times (x 70B)
Class kotlin.collections.CollectionsKt___CollectionsKt                                : loaded 2 times (x 71B)
Class kotlin.sequences.SequencesKt__SequenceBuilderKt                                 : loaded 2 times (x 71B)
Class org.gradle.internal.exceptions.NonGradleCauseExceptionsHolder                   : loaded 2 times (x 70B)
Class org.gradle.tooling.model.idea.IdeaModuleDependency                              : loaded 2 times (x 70B)
Class org.gradle.tooling.internal.adapter.ViewBuilder                                 : loaded 2 times (x 70B)
Class com.google.common.base.Suppliers$MemoizingSupplier                              : loaded 2 times (x 79B)
Class com.android.builder.model.v2.ide.AndroidLibraryData                             : loaded 2 times (x 70B)
Class com.android.builder.model.v2.ide.ApiVersion                                     : loaded 2 times (x 70B)
Class com.android.ide.common.gradle.Version                                           : loaded 2 times (x 75B)
Class com.google.common.collect.CollectPreconditions                                  : loaded 2 times (x 71B)
Class com.amazon.ion.system.IonReaderBuilder                                          : loaded 2 times (x 95B)
Class org.jetbrains.plugins.gradle.model.AnnotationProcessingConfig                   : loaded 2 times (x 70B)
Class com.amazon.ion.IonReader                                                        : loaded 2 times (x 70B)
Class kotlin.text.StringsKt___StringsJvmKt                                            : loaded 2 times (x 71B)
Class kotlin.reflect.KDeclarationContainer                                            : loaded 2 times (x 70B)
Class kotlin.annotation.Retention                                                     : loaded 2 times (x 70B)
Class [Lcom.google.common.io.FileWriteMode;                                           : loaded 2 times (x 69B)
Class com.android.builder.model.v2.models.Versions$Version                            : loaded 2 times (x 70B)
Class com.google.common.collect.SortedMapDifference                                   : loaded 2 times (x 70B)
Class com.amazon.ion.IonClob                                                          : loaded 2 times (x 70B)
Class org.jetbrains.plugins.gradle.tooling.ModelBuilderService$Parameter              : loaded 2 times (x 70B)
Class kotlin.io.FilesKt                                                               : loaded 2 times (x 71B)
Class kotlin.collections.MapsKt___MapsKt                                              : loaded 2 times (x 71B)
Class kotlin.collections.ArraysKt___ArraysKt                                          : loaded 2 times (x 71B)
Class com.google.common.io.Files                                                      : loaded 2 times (x 71B)
Class com.google.common.cache.LocalCache$EntryFactory                                 : loaded 2 times (x 83B)
Class com.amazon.ion.impl.lite.IonLobLite                                             : loaded 2 times (x 184B)
Class com.amazon.ion.impl.lite.IonTextLite                                            : loaded 2 times (x 181B)
Class com.amazon.ion.IonNumber                                                        : loaded 2 times (x 70B)
Class org.gradle.internal.impldep.gnu.trove.TObjectIntProcedure                       : loaded 2 times (x 70B)
Class kotlin.collections.MapsKt__MapWithDefaultKt                                     : loaded 2 times (x 71B)
Class org.gradle.tooling.internal.adapter.ProtocolToModelAdapter$ReflectionMethodInvoker: loaded 2 times (x 76B)
Class [Lcom.android.ide.common.gradle.Separator;                                      : loaded 2 times (x 69B)
Class org.jetbrains.kotlin.tooling.core.HasMutableExtras                              : loaded 2 times (x 70B)
Class com.google.common.cache.LocalCache$AbstractReferenceEntry                       : loaded 2 times (x 107B)
Class [Lcom.amazon.ion.impl.bin.IonManagedBinaryWriter$UserState;                     : loaded 2 times (x 69B)
Class com.amazon.ion.impl.bin.utf8.Utf8StringEncoder                                  : loaded 2 times (x 80B)
Class com.amazon.ion.IonBool                                                          : loaded 2 times (x 70B)
Class kotlin.text.StringsKt___StringsKt                                               : loaded 2 times (x 71B)
Class com.google.common.collect.NullsLastOrdering                                     : loaded 2 times (x 115B)
Class kotlin.collections.CollectionsKt__MutableCollectionsJVMKt                       : loaded 2 times (x 71B)
Class kotlin.io.FilesKt__FileTreeWalkKt                                               : loaded 2 times (x 71B)
Class kotlin.enums.EnumEntriesKt                                                      : loaded 2 times (x 71B)
Class com.android.builder.model.v2.models.VariantDependencies                         : loaded 2 times (x 70B)
Class kotlin.jvm.internal.CollectionToArray                                           : loaded 2 times (x 71B)
Class org.objectweb.asm.SymbolTable                                                   : loaded 2 times (x 72B)
Class com.google.common.cache.CacheLoader$InvalidCacheLoadException                   : loaded 2 times (x 82B)
Class kotlin.sequences.FilteringSequence$iterator$1                                   : loaded 2 times (x 79B)
Class com.amazon.ion.IonLoader                                                        : loaded 2 times (x 70B)
Class com.intellij.gradle.toolingExtension.model.repositoryModel.ProjectRepositoriesModel: loaded 2 times (x 70B)
Class org.jetbrains.plugins.gradle.model.GradleProperty                               : loaded 2 times (x 70B)
Class org.gradle.internal.classloader.SystemClassLoaderSpec                           : loaded 2 times (x 71B)
Class com.android.builder.model.v2.ide.TestedTargetVariant                            : loaded 2 times (x 70B)
Class com.google.common.cache.LocalCache$StrongEntry                                  : loaded 2 times (x 108B)
Class com.google.common.util.concurrent.AbstractFuture$TrustedFuture                  : loaded 2 times (x 114B)
Class com.google.common.cache.LoadingCache                                            : loaded 2 times (x 70B)
Class com.amazon.ion.impl._Private_Utils                                              : loaded 2 times (x 71B)
Class kotlin.ranges.IntRange$Companion                                                : loaded 2 times (x 71B)
Class kotlin.text.MatcherMatchResult$groups$1                                         : loaded 2 times (x 151B)
Class kotlin.collections.EmptyMap                                                     : loaded 2 times (x 108B)
Class kotlin.reflect.KAnnotatedElement                                                : loaded 2 times (x 70B)
Class kotlin.jvm.internal.markers.KMutableCollection                                  : loaded 2 times (x 70B)
Class kotlin.coroutines.intrinsics.IntrinsicsKt                                       : loaded 2 times (x 71B)
Class org.gradle.internal.exceptions.MultiCauseException                              : loaded 2 times (x 70B)
Class org.gradle.internal.time.CountdownTimer                                         : loaded 2 times (x 70B)
Class kotlin.jvm.internal.Intrinsics                                                  : loaded 2 times (x 71B)
Class com.google.common.io.ByteStreams$LimitedInputStream                             : loaded 2 times (x 92B)
Class com.google.common.base.Suppliers$NonSerializableMemoizingSupplier               : loaded 2 times (x 79B)
Class org.objectweb.asm.MethodWriter                                                  : loaded 2 times (x 106B)
Class [Lcom.google.common.cache.Weigher;                                              : loaded 2 times (x 69B)
Class com.google.common.collect.RegularImmutableMap$BucketOverflowException           : loaded 2 times (x 82B)
Class com.intellij.gradle.toolingExtension.impl.model.projectModel.GradleExternalProjectSerializationService$ReadContext: loaded 2 times (x 73B)
Class com.intellij.gradle.toolingExtension.impl.model.dependencyModel.DependencyWriteContext: loaded 2 times (x 72B)
Class kotlin.collections.MapsKt                                                       : loaded 2 times (x 71B)
Class kotlin.coroutines.intrinsics.CoroutineSingletons                                : loaded 2 times (x 79B)
Class kotlin.collections.CollectionsKt__IterablesKt                                   : loaded 2 times (x 71B)
Class org.gradle.tooling.model.ProjectModel                                           : loaded 2 times (x 70B)
Class com.google.common.collect.AbstractMapBasedMultimap$RandomAccessWrappedList      : loaded 2 times (x 205B)
Class com.google.common.collect.ImmutableMultimap$1                                   : loaded 2 times (x 82B)
Class com.android.ide.common.gradle.Version$Companion$ParseState$EMPTY                : loaded 2 times (x 74B)
Class org.jetbrains.plugins.gradle.model.GradleConfiguration                          : loaded 2 times (x 70B)
Class com.amazon.ion.impl.bin.utf8.Utf8StringEncoderPool                              : loaded 2 times (x 74B)
Class com.amazon.ion.impl._Private_IonSystem                                          : loaded 2 times (x 70B)
Class com.amazon.ion.BufferConfiguration$OversizedValueHandler                        : loaded 2 times (x 70B)
Class kotlin.ranges.OpenEndRange                                                      : loaded 2 times (x 70B)
Class kotlin.sequences.SequenceBuilderIterator                                        : loaded 2 times (x 85B)
Class kotlin.KotlinNullPointerException                                               : loaded 2 times (x 83B)
Class ijKotlinCoroutineJvmDebugInit2_ezbr0y5lgx6mgpo6abq1y1nio$_run_closure1$_closure2: loaded 2 times (x 139B)
Class com.google.common.collect.ImmutableMultimap$2                                   : loaded 2 times (x 81B)
Class com.android.ide.common.repository.AgpVersion$Companion$WhenMappings             : loaded 2 times (x 71B)
Class com.google.common.collect.RegularImmutableBiMap                                 : loaded 2 times (x 149B)
Class com.google.common.cache.LocalCache$ValueReference                               : loaded 2 times (x 70B)
Class com.intellij.gradle.toolingExtension.impl.model.sourceSetModel.GradleSourceSetSerialisationService$Companion: loaded 2 times (x 71B)
Class com.amazon.ion.impl._Private_IonValue                                           : loaded 2 times (x 70B)
Class com.amazon.ion.IonDecimal                                                       : loaded 2 times (x 70B)
Class org.jetbrains.plugins.gradle.model.tests.ExternalTestsModel                     : loaded 2 times (x 70B)
Class kotlin.ranges.RangesKt___RangesKt                                               : loaded 2 times (x 71B)
Class org.gradle.tooling.model.idea.IdeaLanguageLevel                                 : loaded 2 times (x 70B)
Class org.gradle.tooling.internal.adapter.ProtocolToModelAdapter$SafeMethodInvoker    : loaded 2 times (x 76B)
Class org.gradle.tooling.internal.adapter.WeakIdentityHashMap$WeakKey                 : loaded 2 times (x 79B)
Class org.gradle.internal.exceptions.DefaultMultiCauseException                       : loaded 2 times (x 95B)
Class com.android.builder.model.v2.ide.ProjectInfo                                    : loaded 2 times (x 70B)
Class com.google.common.base.PatternCompiler                                          : loaded 2 times (x 70B)
Class com.google.common.util.concurrent.AbstractFuture$Failure                        : loaded 2 times (x 72B)
Class com.google.common.base.Equivalence$Equals                                       : loaded 2 times (x 82B)
Class com.google.common.collect.Hashing                                               : loaded 2 times (x 71B)
Class com.amazon.ion.impl.bin.IonManagedBinaryWriter$UserState$2                      : loaded 2 times (x 85B)
Class com.amazon.ion.impl.bin.IonRawBinaryWriter$StreamCloseMode                      : loaded 2 times (x 79B)
Class com.amazon.ion.impl._Private_IonBinaryWriterBuilder$Mutable                     : loaded 2 times (x 115B)
Class com.intellij.gradle.toolingExtension.impl.model.projectModel.GradleExternalProjectSerializationService: loaded 2 times (x 77B)
Class kotlin.text.CharsKt__CharKt                                                     : loaded 2 times (x 71B)
Class kotlin.collections.ArrayDeque$Companion                                         : loaded 2 times (x 71B)
Class kotlin.collections.ArraysKt                                                     : loaded 2 times (x 71B)
Class org.gradle.tooling.model.HierarchicalElement                                    : loaded 2 times (x 70B)
Class com.google.common.io.CharSink                                                   : loaded 2 times (x 79B)
Class com.android.builder.model.v2.dsl.DependenciesInfo                               : loaded 2 times (x 70B)
Class com.google.common.io.FileWriteMode                                              : loaded 2 times (x 79B)
Class org.objectweb.asm.Label                                                         : loaded 2 times (x 73B)
Class org.objectweb.asm.CurrentFrame                                                  : loaded 2 times (x 73B)
Class org.objectweb.asm.ClassTooLargeException                                        : loaded 2 times (x 83B)
Class org.gradle.internal.classloader.FilteringClassLoader                            : loaded 2 times (x 105B)
Class kotlin.NotImplementedError                                                      : loaded 2 times (x 82B)
Class com.amazon.ion.impl.bin.IonRawBinaryWriter$PatchPoint                           : loaded 2 times (x 73B)
Class com.amazon.ion.IonBlob                                                          : loaded 2 times (x 70B)
Class com.amazon.ion.IonLob                                                           : loaded 2 times (x 70B)
Class com.amazon.ion.IonSequence                                                      : loaded 2 times (x 70B)
Class org.jetbrains.plugins.gradle.tooling.serialization.ExternalTestsSerializationService: loaded 2 times (x 77B)
Class com.google.common.collect.ByFunctionOrdering                                    : loaded 2 times (x 115B)
Class kotlin.collections.SetsKt__SetsKt                                               : loaded 2 times (x 71B)
Class kotlin.coroutines.EmptyCoroutineContext                                         : loaded 2 times (x 77B)
Class org.gradle.internal.time.Time                                                   : loaded 2 times (x 71B)
Class com.android.builder.model.v2.models.ProjectGraph                                : loaded 2 times (x 70B)
Class com.android.ide.common.gradle.Version$Companion$ParseState$NUMERIC              : loaded 2 times (x 74B)
Class kotlin.sequences.FlatteningSequence                                             : loaded 2 times (x 75B)
Class kotlin.text.MatcherMatchResult                                                  : loaded 2 times (x 80B)
Class org.objectweb.asm.Frame                                                         : loaded 2 times (x 73B)
Class org.objectweb.asm.MethodVisitor                                                 : loaded 2 times (x 105B)
Class com.google.common.cache.LocalCache$EntryFactory$1                               : loaded 2 times (x 83B)
Class [Lcom.google.common.cache.RemovalListener;                                      : loaded 2 times (x 69B)
Class kotlin.text.MatchGroupCollection                                                : loaded 2 times (x 70B)
Class kotlin.text.StringsKt__StringsKt                                                : loaded 2 times (x 71B)
Class com.android.ide.common.repository.AgpVersion$PreviewKind                        : loaded 2 times (x 79B)
Class com.amazon.ion.system.IonTextWriterBuilder                                      : loaded 2 times (x 98B)
Class com.amazon.ion.impl.bin.IonManagedBinaryWriter$ImportedSymbolResolverMode$1$1$1 : loaded 2 times (x 76B)
Class com.amazon.ion.impl._Private_LocalSymbolTableFactory                            : loaded 2 times (x 70B)
Class org.jetbrains.plugins.gradle.tooling.serialization.AnnotationProcessingModelSerializationService: loaded 2 times (x 77B)
Class kotlin.collections.ArraysKt__ArraysJVMKt                                        : loaded 2 times (x 71B)
Class com.android.ide.gradle.model.dependencies.DeclaredDependencies                  : loaded 2 times (x 70B)
Class com.google.common.cache.LocalCache$EntryFactory$2                               : loaded 2 times (x 83B)
Class com.amazon.ion.impl.lite.IonNullLite                                            : loaded 2 times (x 175B)
Class org.jetbrains.plugins.gradle.model.DependencyAccessorsModel                     : loaded 2 times (x 70B)
Class [Lcom.intellij.openapi.externalSystem.model.project.dependencies.ResolutionState;: loaded 2 times (x 69B)
Class org.gradle.internal.impldep.gnu.trove.TObjectHash                               : loaded 2 times (x 94B)
Class kotlin.text.StringsKt__StringBuilderKt                                          : loaded 2 times (x 71B)
Class kotlin.jvm.internal.CallableReference$NoReceiver                                : loaded 2 times (x 71B)
Class org.gradle.api.internal.classpath.GlobalCacheRootsProvider                      : loaded 2 times (x 70B)
Class com.google.common.collect.CollectCollectors                                     : loaded 2 times (x 71B)
Class org.objectweb.asm.ModuleWriter                                                  : loaded 2 times (x 82B)
Class com.google.common.cache.LocalCache$EntryFactory$3                               : loaded 2 times (x 83B)
Class com.google.common.base.Ticker$1                                                 : loaded 2 times (x 72B)
Class com.google.common.collect.Maps$BiMapConverter                                   : loaded 2 times (x 90B)
Class com.google.common.collect.ImmutableMapEntrySet$RegularEntrySet                  : loaded 2 times (x 152B)
Class com.amazon.ion.impl.lite.IonClobLite                                            : loaded 2 times (x 220B)
Class com.amazon.ion.impl._Private_ValueFactory                                       : loaded 2 times (x 70B)
Class com.amazon.ion.impl.bin.IonRawBinaryWriter$PreallocationMode$1                  : loaded 2 times (x 82B)
Class [Lcom.amazon.ion.impl.bin._Private_IonManagedBinaryWriterBuilder$AllocatorMode; : loaded 2 times (x 69B)
Class org.jetbrains.kotlin.idea.gradleTooling.KotlinMPPGradleModel                    : loaded 2 times (x 70B)
Class com.intellij.gradle.toolingExtension.impl.model.dependencyDownloadPolicyModel.GradleDependencyDownloadPolicy: loaded 2 times (x 70B)
Class kotlin.NoWhenBranchMatchedException                                             : loaded 2 times (x 82B)
Class org.gradle.tooling.model.BuildIdentifier                                        : loaded 2 times (x 70B)
Class com.google.common.collect.CollectSpliterators$1                                 : loaded 2 times (x 90B)
Class com.android.builder.model.v2.ide.VectorDrawablesOptions                         : loaded 2 times (x 70B)
Class com.google.common.cache.LocalCache$EntryFactory$4                               : loaded 2 times (x 83B)
Class org.jetbrains.plugins.gradle.tooling.serialization.internal.IdeaProjectSerializationService$ReadContext: loaded 2 times (x 72B)
Class com.google.common.collect.ImmutableSet$Builder                                  : loaded 2 times (x 85B)
Class com.amazon.ion.IonInt                                                           : loaded 2 times (x 70B)
Class com.amazon.ion.impl.bin.IonRawBinaryWriter$PreallocationMode$2                  : loaded 2 times (x 82B)
Class org.jetbrains.kotlin.idea.gradleTooling.PrepareKotlinIdeImportTaskModel         : loaded 2 times (x 70B)
Class com.google.common.io.ByteStreams$1                                              : loaded 2 times (x 85B)
Class com.android.builder.model.v2.ide.Edge                                           : loaded 2 times (x 70B)
Class com.android.builder.model.v2.models.VariantDependenciesFlatList                 : loaded 2 times (x 70B)
Class com.google.common.cache.LocalCache$EntryFactory$5                               : loaded 2 times (x 83B)
Class com.amazon.ion.impl.bin.IonRawBinaryWriter$PreallocationMode$3                  : loaded 2 times (x 82B)
Class com.android.ide.gradle.model.GradlePluginModel                                  : loaded 2 times (x 70B)
Class com.google.common.collect.ReverseOrdering                                       : loaded 2 times (x 115B)
Class org.gradle.tooling.model.build.JavaEnvironment                                  : loaded 2 times (x 70B)
Class com.amazon.ion.impl.bin.IonManagedBinaryWriter$UserState$1                      : loaded 2 times (x 85B)
Class com.android.builder.model.v2.ide.SourceSetContainer                             : loaded 2 times (x 70B)
Class com.google.common.cache.LocalCache$EntryFactory$6                               : loaded 2 times (x 83B)
Class org.jetbrains.plugins.gradle.model.GradleExtension                              : loaded 2 times (x 70B)
Class com.amazon.ion.impl.lite.IonDecimalLite                                         : loaded 2 times (x 188B)
Class com.amazon.ion.IonBufferConfiguration$Builder                                   : loaded 2 times (x 78B)
Class org.gradle.internal.time.Timer                                                  : loaded 2 times (x 70B)
Class kotlin.jvm.internal.markers.KMappedMarker                                       : loaded 2 times (x 70B)
Class org.gradle.internal.installation.CurrentGradleInstallationLocator               : loaded 2 times (x 71B)
Class com.google.common.collect.ImmutableMultimap$Builder                             : loaded 2 times (x 86B)
Class com.android.builder.model.v2.ide.LintOptions                                    : loaded 2 times (x 70B)
Class com.google.common.collect.Maps$KeySet                                           : loaded 2 times (x 137B)
Class com.google.common.cache.LocalCache$EntryFactory$7                               : loaded 2 times (x 83B)
Class com.google.common.collect.ImmutableSet$EmptySetBuilderImpl                      : loaded 2 times (x 76B)
Class com.google.common.collect.RegularImmutableMap$KeySet                            : loaded 2 times (x 152B)
Class [Lcom.amazon.ion.impl.bin.IonRawBinaryWriter$ContainerType;                     : loaded 2 times (x 69B)
Class org.gradle.tooling.internal.adapter.ProtocolToModelAdapter$ViewGraphDetails     : loaded 2 times (x 72B)
Class org.gradle.tooling.model.idea.IdeaProject                                       : loaded 2 times (x 70B)
Class org.gradle.tooling.model.DomainObjectSet                                        : loaded 2 times (x 70B)
Class org.gradle.internal.service.DefaultServiceLocator                               : loaded 2 times (x 83B)
Class com.google.common.collect.Maps$EntrySet                                         : loaded 2 times (x 136B)
Class com.google.common.collect.ImmutableMultimap$EntryCollection                     : loaded 2 times (x 128B)
Class com.android.builder.model.v2.ide.BasicArtifact                                  : loaded 2 times (x 70B)
Class com.google.common.cache.LocalCache$EntryFactory$8                               : loaded 2 times (x 83B)
Class com.google.common.base.Equivalence$Identity                                     : loaded 2 times (x 82B)
Class com.amazon.ion.impl.bin.utf8.Utf8StringEncoder$Result                           : loaded 2 times (x 74B)
Class com.amazon.ion.impl.bin.utf8.Pool$Allocator                                     : loaded 2 times (x 70B)
Class com.amazon.ion.IonText                                                          : loaded 2 times (x 70B)
Class com.amazon.ion.impl.SymbolTokenImpl                                             : loaded 2 times (x 81B)
Class com.amazon.ion.SubstituteSymbolTableException                                   : loaded 2 times (x 84B)
Class kotlin.coroutines.jvm.internal.SuspendFunction                                  : loaded 2 times (x 70B)
Class org.gradle.util.GradleVersion                                                   : loaded 2 times (x 79B)
Class org.gradle.internal.installation.CurrentGradleInstallation                      : loaded 2 times (x 73B)
Class com.google.common.cache.CacheLoader$1                                           : loaded 2 times (x 75B)
Class com.google.common.base.PairwiseEquivalence                                      : loaded 2 times (x 83B)
Class com.android.builder.model.v2.ide.ViewBindingOptions                             : loaded 2 times (x 70B)
Class com.amazon.ion.impl.bin.IonManagedBinaryWriter$ImportDescriptor                 : loaded 2 times (x 76B)
Class com.amazon.ion.SymbolTable                                                      : loaded 2 times (x 70B)
Class org.jetbrains.plugins.gradle.javaModel.JavaGradleManifestModel                  : loaded 2 times (x 70B)
Class org.jetbrains.plugins.gradle.tooling.serialization.GradleExtensionsSerializationService$WriteContext: loaded 2 times (x 72B)
Class com.intellij.gradle.toolingExtension.impl.model.taskModel.GradleTaskSerialisationService$Companion: loaded 2 times (x 71B)
Class kotlin.jvm.internal.Ref$BooleanRef                                              : loaded 2 times (x 71B)
Class kotlin.jvm.internal.StringCompanionObject                                       : loaded 2 times (x 71B)
Class kotlin.coroutines.intrinsics.IntrinsicsKt__IntrinsicsJvmKt                      : loaded 2 times (x 71B)
Class kotlin.coroutines.jvm.internal.CoroutineStackFrame                              : loaded 2 times (x 70B)
Class org.gradle.tooling.internal.adapter.ProtocolToModelAdapter$MethodInvocationCache$MethodInvocationKey: loaded 2 times (x 73B)
Class org.gradle.util.internal.GUtil                                                  : loaded 2 times (x 71B)
Class com.google.common.io.ByteSource                                                 : loaded 2 times (x 84B)
Class com.google.common.util.concurrent.AbstractFuture$SetFuture                      : loaded 2 times (x 75B)
Class com.android.utils.StringHelper                                                  : loaded 2 times (x 71B)
Class com.google.common.cache.AbstractCache$StatsCounter                              : loaded 2 times (x 70B)
Class [Lcom.amazon.ion.impl.bin.IonManagedBinaryWriter$SymbolState;                   : loaded 2 times (x 69B)
Class com.amazon.ion.impl._Private_IonWriterBase                                      : loaded 2 times (x 162B)
Class com.amazon.ion.system.IonSystemBuilder                                          : loaded 2 times (x 75B)
Class com.amazon.ion.IonCatalog                                                       : loaded 2 times (x 70B)
Class com.intellij.gradle.toolingExtension.impl.model.utilTurnOffDefaultTasksModel.TurnOffDefaultTasks: loaded 2 times (x 70B)
Class com.intellij.gradle.toolingExtension.impl.model.sourceSetModel.GradleSourceSetSerialisationService$SourceSetModelReadContext: loaded 2 times (x 72B)
Class kotlin.io.NoSuchFileException                                                   : loaded 2 times (x 82B)
Class kotlin.collections.CollectionsKt                                                : loaded 2 times (x 71B)
Class com.google.common.io.LineBuffer                                                 : loaded 2 times (x 75B)
Class com.android.builder.model.v2.dsl.BuildType                                      : loaded 2 times (x 70B)
Class [Lcom.google.common.collect.ImmutableMapEntry;                                  : loaded 2 times (x 69B)
Class com.google.common.io.LineReader                                                 : loaded 2 times (x 72B)
Class com.intellij.gradle.toolingExtension.impl.model.sourceSetModel.GradleSourceSetSerialisationService$SourceSetModelWriteContext: loaded 2 times (x 72B)
Class kotlin.ranges.IntProgressionIterator                                            : loaded 2 times (x 82B)
Class kotlin.coroutines.CoroutineContext                                              : loaded 2 times (x 70B)
Class kotlin.coroutines.jvm.internal.DebugProbesKt                                    : loaded 2 times (x 71B)
Class org.gradle.tooling.internal.adapter.WeakIdentityHashMap                         : loaded 2 times (x 76B)
Class org.gradle.tooling.GradleConnectionException                                    : loaded 2 times (x 83B)
Class org.gradle.tooling.internal.adapter.ProtocolToModelAdapter$1                    : loaded 2 times (x 75B)
Class org.gradle.tooling.internal.adapter.ProtocolToModelAdapter$ViewDecoration       : loaded 2 times (x 70B)
Class org.gradle.internal.installation.GradleInstallation                             : loaded 2 times (x 75B)
Class com.google.common.collect.Iterables                                             : loaded 2 times (x 71B)
Class com.amazon.ion.impl._Private_RecyclingQueue$Recycler                            : loaded 2 times (x 70B)
Class com.amazon.ion.impl.lite.ContainerlessContext                                   : loaded 2 times (x 80B)
Class org.jetbrains.plugins.gradle.tooling.serialization.GradleExtensionsSerializationService$ReadContext: loaded 2 times (x 72B)
Class com.google.common.collect.ForwardingCollection                                  : loaded 2 times (x 130B)
Class com.google.common.collect.LexicographicalOrdering                               : loaded 2 times (x 115B)
Class org.gradle.tooling.internal.adapter.MethodInvoker                               : loaded 2 times (x 70B)
Class com.android.ide.common.gradle.Part                                              : loaded 2 times (x 77B)
Class com.google.common.collect.Lists$RandomAccessReverseList                         : loaded 2 times (x 200B)
Class com.amazon.ion.UnexpectedEofException                                           : loaded 2 times (x 84B)
Class com.amazon.ion.IonSexp                                                          : loaded 2 times (x 70B)
Class com.amazon.ion.ReadOnlyValueException                                           : loaded 2 times (x 84B)
Class com.amazon.ion.impl._Private_LocalSymbolTable                                   : loaded 2 times (x 70B)
Class com.amazon.ion.BufferConfiguration$DataHandler                                  : loaded 2 times (x 70B)
Class com.amazon.ion.impl._Private_IonBinaryWriterBuilder                             : loaded 2 times (x 115B)
Class org.jetbrains.plugins.gradle.tooling.serialization.RepositoriesModelSerializationService$WriteContext: loaded 2 times (x 72B)
Class com.android.ide.gradle.model.LegacyAndroidGradlePluginProperties                : loaded 2 times (x 70B)
Class kotlin.ranges.IntProgression                                                    : loaded 2 times (x 81B)
Class kotlin.jvm.KotlinReflectionNotSupportedError                                    : loaded 2 times (x 82B)
Class org.gradle.tooling.model.gradle.GradleScript                                    : loaded 2 times (x 70B)

---------------  S Y S T E M  ---------------

OS:
 Windows 11 , 64 bit Build 26100 (10.0.26100.4768)
OS uptime: 8 days 2:28 hours
Hyper-V role detected

CPU: total 28 (initial active 28) (14 cores per cpu, 2 threads per core) family 6 model 183 stepping 1 microcode 0x12b, cx8, cmov, fxsr, ht, mmx, 3dnowpref, sse, sse2, sse3, ssse3, sse4.1, sse4.2, popcnt, lzcnt, tsc, tscinvbit, avx, avx2, aes, erms, clmul, bmi1, bmi2, adx, sha, fma, vzeroupper, clflush, clflushopt, clwb, hv, serialize, rdtscp, rdpid, fsrm, f16c, cet_ibt, cet_ss
Processor Information for the first 28 processors :
  Max Mhz: 2100, Current Mhz: 2100, Mhz Limit: 2100

Memory: 4k page, system-wide physical 16039M (2271M free)
TotalPageFile size 65191M (AvailPageFile size 79M)
current process WorkingSet (physical memory assigned to process): 698M, peak: 771M
current process commit charge ("private bytes"): 769M, peak: 846M

vm_info: OpenJDK 64-Bit Server VM (21.0.8+-14196175-b1038.72) for windows-amd64 JRE (21.0.8+-14196175-b1038.72), built on 2025-10-01T10:24:33Z by "builder" with MS VC++ 16.10 / 16.11 (VS2019)

END.
