#
# There is insufficient memory for the Java Runtime Environment to continue.
# Native memory allocation (malloc) failed to allocate 1129232 bytes. Error detail: Chunk::new
# Possible reasons:
#   The system is out of physical RAM or swap space
#   This process is running with CompressedOops enabled, and the Java Heap may be blocking the growth of the native heap
# Possible solutions:
#   Reduce memory load on the system
#   Increase physical memory or swap space
#   Check if swap backing store is full
#   Decrease Java heap size (-Xmx/-Xms)
#   Decrease number of Java threads
#   Decrease Java thread stack sizes (-Xss)
#   Set larger code cache with -XX:ReservedCodeCacheSize=
#   JVM is running with Unscaled Compressed Oops mode in which the Java heap is
#     placed in the first 4GB address space. The Java Heap base address is the
#     maximum limit for the native heap growth. Please use -XX:HeapBaseMinAddress
#     to set the Java Heap base and to place the Java Heap above 4GB virtual address.
# This output file may be truncated or incomplete.
#
#  Out of Memory Error (arena.cpp:168), pid=21188, tid=24900
#
# JRE version: OpenJDK Runtime Environment (21.0.8) (build 21.0.8+-14196175-b1038.72)
# Java VM: OpenJDK 64-Bit Server VM (21.0.8+-14196175-b1038.72, mixed mode, tiered, compressed oops, compressed class ptrs, g1 gc, windows-amd64)
# No core dump will be written. Minidumps are not enabled by default on client versions of Windows
#

---------------  S U M M A R Y ------------

Command Line: --add-opens=java.base/java.lang=ALL-UNNAMED --add-opens=java.base/java.lang.invoke=ALL-UNNAMED --add-opens=java.base/java.util=ALL-UNNAMED --add-opens=java.prefs/java.util.prefs=ALL-UNNAMED --add-exports=jdk.compiler/com.sun.tools.javac.api=ALL-UNNAMED --add-exports=jdk.compiler/com.sun.tools.javac.util=ALL-UNNAMED --add-opens=java.base/java.util=ALL-UNNAMED --add-opens=java.prefs/java.util.prefs=ALL-UNNAMED --add-opens=java.base/java.nio.charset=ALL-UNNAMED --add-opens=java.base/java.net=ALL-UNNAMED --add-opens=java.base/java.util.concurrent.atomic=ALL-UNNAMED --add-opens=java.xml/javax.xml.namespace=ALL-UNNAMED -Xmx2048m -Dfile.encoding=UTF-8 -Duser.country=KR -Duser.language=ko -Duser.variant -javaagent:C:\Users\COMPUTER\.gradle\wrapper\dists\gradle-8.13-bin\5xuhj0ry160q40clulazy9h7d\gradle-8.13\lib\agents\gradle-instrumentation-agent-8.13.jar org.gradle.launcher.daemon.bootstrap.GradleDaemon 8.13

Host: Intel(R) Core(TM) i7-14700, 28 cores, 15G,  Windows 11 , 64 bit Build 26100 (10.0.26100.4768)
Time: Fri Nov 14 13:32:16 2025 elapsed time: 6.047419 seconds (0d 0h 0m 6s)

---------------  T H R E A D  ---------------

Current thread (0x000001b073eb7b20):  JavaThread "C2 CompilerThread0" daemon [_thread_in_native, id=24900, stack(0x0000000ed5500000,0x0000000ed5600000) (1024K)]


Current CompileTask:
C2:6047 10046   !   4       com.google.common.reflect.TypeVisitor::visit (225 bytes)

Stack: [0x0000000ed5500000,0x0000000ed5600000]
Native frames: (J=compiled Java code, j=interpreted, Vv=VM code, C=native code)
V  [jvm.dll+0x6d68d9]
V  [jvm.dll+0x866693]
V  [jvm.dll+0x868c4e]
V  [jvm.dll+0x869333]
V  [jvm.dll+0x280566]
V  [jvm.dll+0xc07cd]
V  [jvm.dll+0xc0d03]
V  [jvm.dll+0x3b961b]
V  [jvm.dll+0x385507]
V  [jvm.dll+0x38497a]
V  [jvm.dll+0x249252]
V  [jvm.dll+0x248821]
V  [jvm.dll+0x1c73a4]
V  [jvm.dll+0x257f9e]
V  [jvm.dll+0x2564e6]
V  [jvm.dll+0x3f4696]
V  [jvm.dll+0x80eac8]
V  [jvm.dll+0x6d512d]
C  [ucrtbase.dll+0x37b0]
C  [KERNEL32.DLL+0x2e8d7]
C  [ntdll.dll+0x3c34c]


---------------  P R O C E S S  ---------------

Threads class SMR info:
_java_thread_list=0x000001b0006dca30, length=140, elements={
0x000001b05ab0a6c0, 0x000001b073e2c190, 0x000001b073e73c30, 0x000001b073e762b0,
0x000001b073e80e90, 0x000001b073e89be0, 0x000001b073e931c0, 0x000001b073eb47a0,
0x000001b073eb7b20, 0x000001b073ec5ec0, 0x000001b073ec80d0, 0x000001b073ec6590,
0x000001b07434f520, 0x000001b073ec4a50, 0x000001b07a343190, 0x000001b07a31f980,
0x000001b07a632fd0, 0x000001b07a648ae0, 0x000001b07a64d280, 0x000001b07a3a8fc0,
0x000001b07a4b7af0, 0x000001b07a4b8180, 0x000001b07a4b8810, 0x000001b07a4b7460,
0x000001b07a4b8ea0, 0x000001b07a4b9530, 0x000001b07a4b6dd0, 0x000001b07a4b6740,
0x000001b07a9ed280, 0x000001b07a9ec560, 0x000001b07a9ecbf0, 0x000001b07a9edfa0,
0x000001b07a9eecc0, 0x000001b07a9ef350, 0x000001b07a9ebed0, 0x000001b07a9f0700,
0x000001b07a9f0070, 0x000001b07a9f2140, 0x000001b07a9f1420, 0x000001b07a9f27d0,
0x000001b07a9f1ab0, 0x000001b07a9f2e60, 0x000001b07bf2dec0, 0x000001b07bf2f270,
0x000001b07bf2f900, 0x000001b07bf2e550, 0x000001b07bf2ff90, 0x000001b07bf2d1a0,
0x000001b07bf30620, 0x000001b07bf30cb0, 0x000001b07bf2d830, 0x000001b07bf2ebe0,
0x000001b07bf31340, 0x000001b07bf33410, 0x000001b07bf32060, 0x000001b07bf319d0,
0x000001b07bf33aa0, 0x000001b07bf326f0, 0x000001b07b717e00, 0x000001b07b71b910,
0x000001b07b71bfa0, 0x000001b07b718b20, 0x000001b07b71ccc0, 0x000001b07b719ed0,
0x000001b07b71ed90, 0x000001b07b71d350, 0x000001b07b71e070, 0x000001b07b71d9e0,
0x000001b07b71e700, 0x000001b07b71f420, 0x000001b07b71c630, 0x000001b07bf347c0,
0x000001b000438510, 0x000001b000439f50, 0x000001b000439230, 0x000001b000438ba0,
0x000001b0004398c0, 0x000001b00043a5e0, 0x000001b00043ac70, 0x000001b0004377f0,
0x000001b00043b300, 0x000001b000437e80, 0x000001b00043cd40, 0x000001b00043d3d0,
0x000001b00043c020, 0x000001b00043c6b0, 0x000001b00043da60, 0x000001b00043e0f0,
0x000001b00043e780, 0x000001b00043ee10, 0x000001b00043b990, 0x000001b07f17d6d0,
0x000001b07f17d040, 0x000001b07f17dd60, 0x000001b07f17e3f0, 0x000001b07f17f110,
0x000001b07f17c9b0, 0x000001b07f17ea80, 0x000001b07f17bc90, 0x000001b07f17c320,
0x000001b07f182590, 0x000001b07f182c20, 0x000001b07f1811e0, 0x000001b07f1804c0,
0x000001b07f17fe30, 0x000001b07f180b50, 0x000001b07f181f00, 0x000001b07f17f7a0,
0x000001b07f1832b0, 0x000001b07f0c7b30, 0x000001b07f0c9c00, 0x000001b07f0c81c0,
0x000001b07f0c6e10, 0x000001b07f0ca290, 0x000001b07f0c8ee0, 0x000001b07f0c74a0,
0x000001b07f0c9570, 0x000001b000892220, 0x000001b000891500, 0x000001b0008928b0,
0x000001b000892f40, 0x000001b000891b90, 0x000001b000890150, 0x000001b0008935d0,
0x000001b0008907e0, 0x000001b000890e70, 0x000001b07eebbcd0, 0x000001b07eebc360,
0x000001b07eebe430, 0x000001b07eebd710, 0x000001b07eebeac0, 0x000001b07eebc9f0,
0x000001b07eebd080, 0x000001b07eebdda0, 0x000001b07eebf150, 0x000001b00050df90,
0x000001b00050ecb0, 0x000001b00050cbe0, 0x000001b00050f340, 0x000001b0005127c0
}

Java Threads: ( => current thread )
  0x000001b05ab0a6c0 JavaThread "main"                              [_thread_blocked, id=3264, stack(0x0000000ed4600000,0x0000000ed4700000) (1024K)]
  0x000001b073e2c190 JavaThread "Common-Cleaner"             daemon [_thread_blocked, id=25340, stack(0x0000000ed4e00000,0x0000000ed4f00000) (1024K)]
  0x000001b073e73c30 JavaThread "Reference Handler"          daemon [_thread_blocked, id=21112, stack(0x0000000ed4f00000,0x0000000ed5000000) (1024K)]
  0x000001b073e762b0 JavaThread "Finalizer"                  daemon [_thread_blocked, id=23108, stack(0x0000000ed5000000,0x0000000ed5100000) (1024K)]
  0x000001b073e80e90 JavaThread "Signal Dispatcher"          daemon [_thread_blocked, id=18276, stack(0x0000000ed5100000,0x0000000ed5200000) (1024K)]
  0x000001b073e89be0 JavaThread "Attach Listener"            daemon [_thread_blocked, id=20836, stack(0x0000000ed5200000,0x0000000ed5300000) (1024K)]
  0x000001b073e931c0 JavaThread "Service Thread"             daemon [_thread_blocked, id=20896, stack(0x0000000ed5300000,0x0000000ed5400000) (1024K)]
  0x000001b073eb47a0 JavaThread "Monitor Deflation Thread"   daemon [_thread_blocked, id=9448, stack(0x0000000ed5400000,0x0000000ed5500000) (1024K)]
=>0x000001b073eb7b20 JavaThread "C2 CompilerThread0"         daemon [_thread_in_native, id=24900, stack(0x0000000ed5500000,0x0000000ed5600000) (1024K)]
  0x000001b073ec5ec0 JavaThread "C1 CompilerThread0"         daemon [_thread_blocked, id=20100, stack(0x0000000ed5600000,0x0000000ed5700000) (1024K)]
  0x000001b073ec80d0 JavaThread "C1 CompilerThread1"         daemon [_thread_blocked, id=9312, stack(0x0000000ed5700000,0x0000000ed5800000) (1024K)]
  0x000001b073ec6590 JavaThread "C1 CompilerThread2"         daemon [_thread_blocked, id=17824, stack(0x0000000ed5800000,0x0000000ed5900000) (1024K)]
  0x000001b07434f520 JavaThread "Notification Thread"        daemon [_thread_blocked, id=17236, stack(0x0000000ed5a00000,0x0000000ed5b00000) (1024K)]
  0x000001b073ec4a50 JavaThread "C2 CompilerThread1"         daemon [_thread_in_native, id=20736, stack(0x0000000ed5b00000,0x0000000ed5c00000) (1024K)]
  0x000001b07a343190 JavaThread "Daemon health stats"               [_thread_blocked, id=3828, stack(0x0000000ed6400000,0x0000000ed6500000) (1024K)]
  0x000001b07a31f980 JavaThread "Incoming local TCP Connector on port 63341"        [_thread_in_native, id=16200, stack(0x0000000ed6500000,0x0000000ed6600000) (1024K)]
  0x000001b07a632fd0 JavaThread "Daemon periodic checks"            [_thread_blocked, id=14060, stack(0x0000000ed6d00000,0x0000000ed6e00000) (1024K)]
  0x000001b07a648ae0 JavaThread "Daemon"                            [_thread_blocked, id=5068, stack(0x0000000ed6e00000,0x0000000ed6f00000) (1024K)]
  0x000001b07a64d280 JavaThread "Handler for socket connection from /127.0.0.1:63341 to /127.0.0.1:63343"        [_thread_in_native, id=22364, stack(0x0000000ed6f00000,0x0000000ed7000000) (1024K)]
  0x000001b07a3a8fc0 JavaThread "Cancel handler"                    [_thread_blocked, id=17612, stack(0x0000000ed7000000,0x0000000ed7100000) (1024K)]
  0x000001b07a4b7af0 JavaThread "Daemon worker"                     [_thread_in_native, id=22856, stack(0x0000000ed7100000,0x0000000ed7200000) (1024K)]
  0x000001b07a4b8180 JavaThread "Asynchronous log dispatcher for DefaultDaemonConnection: socket connection from /127.0.0.1:63341 to /127.0.0.1:63343"        [_thread_blocked, id=8152, stack(0x0000000ed7200000,0x0000000ed7300000) (1024K)]
  0x000001b07a4b8810 JavaThread "Stdin handler"                     [_thread_blocked, id=14900, stack(0x0000000ed7300000,0x0000000ed7400000) (1024K)]
  0x000001b07a4b7460 JavaThread "Daemon client event forwarder"        [_thread_blocked, id=13900, stack(0x0000000ed7400000,0x0000000ed7500000) (1024K)]
  0x000001b07a4b8ea0 JavaThread "Cache worker for journal cache (C:\Users\COMPUTER\.gradle\caches\journal-1)"        [_thread_blocked, id=17900, stack(0x0000000ed8000000,0x0000000ed8100000) (1024K)]
  0x000001b07a4b9530 JavaThread "File lock request listener"        [_thread_in_native, id=21984, stack(0x0000000ed8100000,0x0000000ed8200000) (1024K)]
  0x000001b07a4b6dd0 JavaThread "Cache worker for file hash cache (C:\Users\COMPUTER\.gradle\caches\8.13\fileHashes)"        [_thread_blocked, id=21656, stack(0x0000000ed8200000,0x0000000ed8300000) (1024K)]
  0x000001b07a4b6740 JavaThread "Cache worker for file hash cache (D:\project_1.4v\.gradle\8.13\fileHashes)"        [_thread_blocked, id=11780, stack(0x0000000ed8300000,0x0000000ed8400000) (1024K)]
  0x000001b07a9ed280 JavaThread "Cache worker for Build Output Cleanup Cache (D:\project_1.4v\.gradle\buildOutputCleanup)"        [_thread_blocked, id=22472, stack(0x0000000ed8400000,0x0000000ed8500000) (1024K)]
  0x000001b07a9ec560 JavaThread "File watcher server"        daemon [_thread_in_native, id=23180, stack(0x0000000ed8500000,0x0000000ed8600000) (1024K)]
  0x000001b07a9ecbf0 JavaThread "File watcher consumer"      daemon [_thread_blocked, id=2076, stack(0x0000000ed8600000,0x0000000ed8700000) (1024K)]
  0x000001b07a9edfa0 JavaThread "jar transforms"                    [_thread_blocked, id=18532, stack(0x0000000ed8700000,0x0000000ed8800000) (1024K)]
  0x000001b07a9eecc0 JavaThread "jar transforms Thread 2"           [_thread_blocked, id=9344, stack(0x0000000ed8800000,0x0000000ed8900000) (1024K)]
  0x000001b07a9ef350 JavaThread "Cache worker for checksums cache (D:\project_1.4v\.gradle\8.13\checksums)"        [_thread_blocked, id=24088, stack(0x0000000ed8900000,0x0000000ed8a00000) (1024K)]
  0x000001b07a9ebed0 JavaThread "Cache worker for file content cache (C:\Users\COMPUTER\.gradle\caches\8.13\fileContent)"        [_thread_blocked, id=2160, stack(0x0000000ed8a00000,0x0000000ed8b00000) (1024K)]
  0x000001b07a9f0700 JavaThread "jar transforms Thread 3"           [_thread_blocked, id=19292, stack(0x0000000ed8b00000,0x0000000ed8c00000) (1024K)]
  0x000001b07a9f0070 JavaThread "Cache worker for cache directory md-supplier (C:\Users\COMPUTER\.gradle\caches\8.13\md-supplier)"        [_thread_blocked, id=20724, stack(0x0000000ed8c00000,0x0000000ed8d00000) (1024K)]
  0x000001b07a9f2140 JavaThread "Cache worker for cache directory md-rule (C:\Users\COMPUTER\.gradle\caches\8.13\md-rule)"        [_thread_blocked, id=12052, stack(0x0000000ed8d00000,0x0000000ed8e00000) (1024K)]
  0x000001b07a9f1420 JavaThread "Unconstrained build operations"        [_thread_blocked, id=16876, stack(0x0000000ed8e00000,0x0000000ed8f00000) (1024K)]
  0x000001b07a9f27d0 JavaThread "Unconstrained build operations Thread 2"        [_thread_blocked, id=5524, stack(0x0000000ed8f00000,0x0000000ed9000000) (1024K)]
  0x000001b07a9f1ab0 JavaThread "Unconstrained build operations Thread 3"        [_thread_blocked, id=13348, stack(0x0000000ed9000000,0x0000000ed9100000) (1024K)]
  0x000001b07a9f2e60 JavaThread "Unconstrained build operations Thread 4"        [_thread_blocked, id=13592, stack(0x0000000ed9100000,0x0000000ed9200000) (1024K)]
  0x000001b07bf2dec0 JavaThread "Unconstrained build operations Thread 5"        [_thread_blocked, id=25712, stack(0x0000000ed9200000,0x0000000ed9300000) (1024K)]
  0x000001b07bf2f270 JavaThread "Unconstrained build operations Thread 6"        [_thread_blocked, id=16772, stack(0x0000000ed9300000,0x0000000ed9400000) (1024K)]
  0x000001b07bf2f900 JavaThread "Unconstrained build operations Thread 7"        [_thread_blocked, id=22488, stack(0x0000000ed9400000,0x0000000ed9500000) (1024K)]
  0x000001b07bf2e550 JavaThread "Unconstrained build operations Thread 8"        [_thread_blocked, id=21804, stack(0x0000000ed9500000,0x0000000ed9600000) (1024K)]
  0x000001b07bf2ff90 JavaThread "Unconstrained build operations Thread 9"        [_thread_blocked, id=23020, stack(0x0000000ed9600000,0x0000000ed9700000) (1024K)]
  0x000001b07bf2d1a0 JavaThread "Unconstrained build operations Thread 10"        [_thread_blocked, id=21792, stack(0x0000000ed9700000,0x0000000ed9800000) (1024K)]
  0x000001b07bf30620 JavaThread "jar transforms Thread 4"           [_thread_blocked, id=14244, stack(0x0000000ed9800000,0x0000000ed9900000) (1024K)]
  0x000001b07bf30cb0 JavaThread "jar transforms Thread 5"           [_thread_blocked, id=12748, stack(0x0000000ed9900000,0x0000000ed9a00000) (1024K)]
  0x000001b07bf2d830 JavaThread "Unconstrained build operations Thread 11"        [_thread_blocked, id=11616, stack(0x0000000ed9a00000,0x0000000ed9b00000) (1024K)]
  0x000001b07bf2ebe0 JavaThread "Unconstrained build operations Thread 12"        [_thread_blocked, id=22708, stack(0x0000000ed9b00000,0x0000000ed9c00000) (1024K)]
  0x000001b07bf31340 JavaThread "Unconstrained build operations Thread 13"        [_thread_blocked, id=10512, stack(0x0000000ed9c00000,0x0000000ed9d00000) (1024K)]
  0x000001b07bf33410 JavaThread "Unconstrained build operations Thread 14"        [_thread_blocked, id=11700, stack(0x0000000ed9d00000,0x0000000ed9e00000) (1024K)]
  0x000001b07bf32060 JavaThread "Unconstrained build operations Thread 15"        [_thread_blocked, id=2952, stack(0x0000000ed9e00000,0x0000000ed9f00000) (1024K)]
  0x000001b07bf319d0 JavaThread "jar transforms Thread 6"           [_thread_blocked, id=24972, stack(0x0000000ed9f00000,0x0000000eda000000) (1024K)]
  0x000001b07bf33aa0 JavaThread "jar transforms Thread 7"           [_thread_blocked, id=26064, stack(0x0000000eda000000,0x0000000eda100000) (1024K)]
  0x000001b07bf326f0 JavaThread "jar transforms Thread 8"           [_thread_blocked, id=10252, stack(0x0000000eda100000,0x0000000eda200000) (1024K)]
  0x000001b07b717e00 JavaThread "Unconstrained build operations Thread 16"        [_thread_blocked, id=13912, stack(0x0000000ed5e00000,0x0000000ed5f00000) (1024K)]
  0x000001b07b71b910 JavaThread "Unconstrained build operations Thread 17"        [_thread_blocked, id=10192, stack(0x0000000eda200000,0x0000000eda300000) (1024K)]
  0x000001b07b71bfa0 JavaThread "Unconstrained build operations Thread 18"        [_thread_blocked, id=14508, stack(0x0000000eda300000,0x0000000eda400000) (1024K)]
  0x000001b07b718b20 JavaThread "Unconstrained build operations Thread 19"        [_thread_blocked, id=13636, stack(0x0000000eda400000,0x0000000eda500000) (1024K)]
  0x000001b07b71ccc0 JavaThread "Unconstrained build operations Thread 20"        [_thread_blocked, id=21052, stack(0x0000000eda500000,0x0000000eda600000) (1024K)]
  0x000001b07b719ed0 JavaThread "Unconstrained build operations Thread 21"        [_thread_blocked, id=3128, stack(0x0000000eda600000,0x0000000eda700000) (1024K)]
  0x000001b07b71ed90 JavaThread "Unconstrained build operations Thread 22"        [_thread_blocked, id=17048, stack(0x0000000eda700000,0x0000000eda800000) (1024K)]
  0x000001b07b71d350 JavaThread "Unconstrained build operations Thread 23"        [_thread_blocked, id=10768, stack(0x0000000eda800000,0x0000000eda900000) (1024K)]
  0x000001b07b71e070 JavaThread "Unconstrained build operations Thread 24"        [_thread_blocked, id=15400, stack(0x0000000eda900000,0x0000000edaa00000) (1024K)]
  0x000001b07b71d9e0 JavaThread "Unconstrained build operations Thread 25"        [_thread_blocked, id=18204, stack(0x0000000edaa00000,0x0000000edab00000) (1024K)]
  0x000001b07b71e700 JavaThread "Unconstrained build operations Thread 26"        [_thread_blocked, id=24792, stack(0x0000000edab00000,0x0000000edac00000) (1024K)]
  0x000001b07b71f420 JavaThread "Unconstrained build operations Thread 27"        [_thread_blocked, id=2836, stack(0x0000000edac00000,0x0000000edad00000) (1024K)]
  0x000001b07b71c630 JavaThread "Unconstrained build operations Thread 28"        [_thread_blocked, id=21488, stack(0x0000000edad00000,0x0000000edae00000) (1024K)]
  0x000001b07bf347c0 JavaThread "Unconstrained build operations Thread 29"        [_thread_blocked, id=10292, stack(0x0000000edae00000,0x0000000edaf00000) (1024K)]
  0x000001b000438510 JavaThread "Unconstrained build operations Thread 30"        [_thread_blocked, id=14568, stack(0x0000000edaf00000,0x0000000edb000000) (1024K)]
  0x000001b000439f50 JavaThread "Unconstrained build operations Thread 31"        [_thread_blocked, id=21156, stack(0x0000000edb000000,0x0000000edb100000) (1024K)]
  0x000001b000439230 JavaThread "Unconstrained build operations Thread 32"        [_thread_blocked, id=12756, stack(0x0000000edb100000,0x0000000edb200000) (1024K)]
  0x000001b000438ba0 JavaThread "Unconstrained build operations Thread 33"        [_thread_blocked, id=22760, stack(0x0000000edb200000,0x0000000edb300000) (1024K)]
  0x000001b0004398c0 JavaThread "Unconstrained build operations Thread 34"        [_thread_blocked, id=10440, stack(0x0000000edb300000,0x0000000edb400000) (1024K)]
  0x000001b00043a5e0 JavaThread "Unconstrained build operations Thread 35"        [_thread_blocked, id=6752, stack(0x0000000edb400000,0x0000000edb500000) (1024K)]
  0x000001b00043ac70 JavaThread "Unconstrained build operations Thread 36"        [_thread_blocked, id=25996, stack(0x0000000edb500000,0x0000000edb600000) (1024K)]
  0x000001b0004377f0 JavaThread "Unconstrained build operations Thread 37"        [_thread_blocked, id=8868, stack(0x0000000edb600000,0x0000000edb700000) (1024K)]
  0x000001b00043b300 JavaThread "Unconstrained build operations Thread 38"        [_thread_blocked, id=18412, stack(0x0000000edb700000,0x0000000edb800000) (1024K)]
  0x000001b000437e80 JavaThread "Unconstrained build operations Thread 39"        [_thread_blocked, id=17876, stack(0x0000000edb800000,0x0000000edb900000) (1024K)]
  0x000001b00043cd40 JavaThread "Unconstrained build operations Thread 40"        [_thread_blocked, id=14028, stack(0x0000000edb900000,0x0000000edba00000) (1024K)]
  0x000001b00043d3d0 JavaThread "Unconstrained build operations Thread 41"        [_thread_blocked, id=3696, stack(0x0000000edba00000,0x0000000edbb00000) (1024K)]
  0x000001b00043c020 JavaThread "Unconstrained build operations Thread 42"        [_thread_blocked, id=23044, stack(0x0000000edbb00000,0x0000000edbc00000) (1024K)]
  0x000001b00043c6b0 JavaThread "Unconstrained build operations Thread 43"        [_thread_blocked, id=24964, stack(0x0000000edbc00000,0x0000000edbd00000) (1024K)]
  0x000001b00043da60 JavaThread "Unconstrained build operations Thread 44"        [_thread_blocked, id=3648, stack(0x0000000edbd00000,0x0000000edbe00000) (1024K)]
  0x000001b00043e0f0 JavaThread "Unconstrained build operations Thread 45"        [_thread_blocked, id=12744, stack(0x0000000edbe00000,0x0000000edbf00000) (1024K)]
  0x000001b00043e780 JavaThread "Unconstrained build operations Thread 46"        [_thread_blocked, id=26324, stack(0x0000000edbf00000,0x0000000edc000000) (1024K)]
  0x000001b00043ee10 JavaThread "Unconstrained build operations Thread 47"        [_thread_blocked, id=12956, stack(0x0000000edc000000,0x0000000edc100000) (1024K)]
  0x000001b00043b990 JavaThread "Unconstrained build operations Thread 48"        [_thread_blocked, id=26440, stack(0x0000000edc100000,0x0000000edc200000) (1024K)]
  0x000001b07f17d6d0 JavaThread "Unconstrained build operations Thread 49"        [_thread_blocked, id=26472, stack(0x0000000edc200000,0x0000000edc300000) (1024K)]
  0x000001b07f17d040 JavaThread "Unconstrained build operations Thread 50"        [_thread_blocked, id=25884, stack(0x0000000edc300000,0x0000000edc400000) (1024K)]
  0x000001b07f17dd60 JavaThread "Unconstrained build operations Thread 51"        [_thread_blocked, id=21064, stack(0x0000000edc400000,0x0000000edc500000) (1024K)]
  0x000001b07f17e3f0 JavaThread "Unconstrained build operations Thread 52"        [_thread_blocked, id=14484, stack(0x0000000edc500000,0x0000000edc600000) (1024K)]
  0x000001b07f17f110 JavaThread "Unconstrained build operations Thread 53"        [_thread_blocked, id=12372, stack(0x0000000edc600000,0x0000000edc700000) (1024K)]
  0x000001b07f17c9b0 JavaThread "Unconstrained build operations Thread 54"        [_thread_blocked, id=25044, stack(0x0000000edc700000,0x0000000edc800000) (1024K)]
  0x000001b07f17ea80 JavaThread "Unconstrained build operations Thread 55"        [_thread_blocked, id=10032, stack(0x0000000edc800000,0x0000000edc900000) (1024K)]
  0x000001b07f17bc90 JavaThread "Unconstrained build operations Thread 56"        [_thread_blocked, id=20536, stack(0x0000000edc900000,0x0000000edca00000) (1024K)]
  0x000001b07f17c320 JavaThread "Unconstrained build operations Thread 57"        [_thread_blocked, id=10428, stack(0x0000000edca00000,0x0000000edcb00000) (1024K)]
  0x000001b07f182590 JavaThread "Unconstrained build operations Thread 58"        [_thread_blocked, id=25208, stack(0x0000000edcb00000,0x0000000edcc00000) (1024K)]
  0x000001b07f182c20 JavaThread "Unconstrained build operations Thread 59"        [_thread_blocked, id=23468, stack(0x0000000edcc00000,0x0000000edcd00000) (1024K)]
  0x000001b07f1811e0 JavaThread "Unconstrained build operations Thread 60"        [_thread_blocked, id=9296, stack(0x0000000edcd00000,0x0000000edce00000) (1024K)]
  0x000001b07f1804c0 JavaThread "Unconstrained build operations Thread 61"        [_thread_blocked, id=8952, stack(0x0000000edce00000,0x0000000edcf00000) (1024K)]
  0x000001b07f17fe30 JavaThread "Unconstrained build operations Thread 62"        [_thread_blocked, id=22968, stack(0x0000000edcf00000,0x0000000edd000000) (1024K)]
  0x000001b07f180b50 JavaThread "Unconstrained build operations Thread 63"        [_thread_blocked, id=21496, stack(0x0000000edd000000,0x0000000edd100000) (1024K)]
  0x000001b07f181f00 JavaThread "Unconstrained build operations Thread 64"        [_thread_blocked, id=18244, stack(0x0000000edd100000,0x0000000edd200000) (1024K)]
  0x000001b07f17f7a0 JavaThread "Unconstrained build operations Thread 65"        [_thread_blocked, id=17780, stack(0x0000000edd200000,0x0000000edd300000) (1024K)]
  0x000001b07f1832b0 JavaThread "Unconstrained build operations Thread 66"        [_thread_blocked, id=2456, stack(0x0000000edd300000,0x0000000edd400000) (1024K)]
  0x000001b07f0c7b30 JavaThread "Unconstrained build operations Thread 67"        [_thread_blocked, id=26396, stack(0x0000000edd400000,0x0000000edd500000) (1024K)]
  0x000001b07f0c9c00 JavaThread "Unconstrained build operations Thread 68"        [_thread_blocked, id=18164, stack(0x0000000edd500000,0x0000000edd600000) (1024K)]
  0x000001b07f0c81c0 JavaThread "Unconstrained build operations Thread 69"        [_thread_blocked, id=23012, stack(0x0000000edd600000,0x0000000edd700000) (1024K)]
  0x000001b07f0c6e10 JavaThread "Unconstrained build operations Thread 70"        [_thread_blocked, id=6036, stack(0x0000000edd700000,0x0000000edd800000) (1024K)]
  0x000001b07f0ca290 JavaThread "Unconstrained build operations Thread 71"        [_thread_blocked, id=12056, stack(0x0000000edd800000,0x0000000edd900000) (1024K)]
  0x000001b07f0c8ee0 JavaThread "Unconstrained build operations Thread 72"        [_thread_blocked, id=8036, stack(0x0000000edd900000,0x0000000edda00000) (1024K)]
  0x000001b07f0c74a0 JavaThread "Unconstrained build operations Thread 73"        [_thread_blocked, id=25336, stack(0x0000000edda00000,0x0000000eddb00000) (1024K)]
  0x000001b07f0c9570 JavaThread "Unconstrained build operations Thread 74"        [_thread_blocked, id=24768, stack(0x0000000eddb00000,0x0000000eddc00000) (1024K)]
  0x000001b000892220 JavaThread "Unconstrained build operations Thread 75"        [_thread_blocked, id=14092, stack(0x0000000eddc00000,0x0000000eddd00000) (1024K)]
  0x000001b000891500 JavaThread "Unconstrained build operations Thread 76"        [_thread_blocked, id=24948, stack(0x0000000eddd00000,0x0000000edde00000) (1024K)]
  0x000001b0008928b0 JavaThread "Unconstrained build operations Thread 77"        [_thread_blocked, id=14864, stack(0x0000000edde00000,0x0000000eddf00000) (1024K)]
  0x000001b000892f40 JavaThread "Unconstrained build operations Thread 78"        [_thread_blocked, id=19984, stack(0x0000000eddf00000,0x0000000ede000000) (1024K)]
  0x000001b000891b90 JavaThread "Unconstrained build operations Thread 79"        [_thread_blocked, id=24828, stack(0x0000000ede000000,0x0000000ede100000) (1024K)]
  0x000001b000890150 JavaThread "Unconstrained build operations Thread 80"        [_thread_blocked, id=21492, stack(0x0000000ede100000,0x0000000ede200000) (1024K)]
  0x000001b0008935d0 JavaThread "Unconstrained build operations Thread 81"        [_thread_blocked, id=18060, stack(0x0000000ede200000,0x0000000ede300000) (1024K)]
  0x000001b0008907e0 JavaThread "Unconstrained build operations Thread 82"        [_thread_blocked, id=23348, stack(0x0000000ede300000,0x0000000ede400000) (1024K)]
  0x000001b000890e70 JavaThread "Unconstrained build operations Thread 83"        [_thread_blocked, id=8512, stack(0x0000000ede400000,0x0000000ede500000) (1024K)]
  0x000001b07eebbcd0 JavaThread "Unconstrained build operations Thread 84"        [_thread_blocked, id=1788, stack(0x0000000ede500000,0x0000000ede600000) (1024K)]
  0x000001b07eebc360 JavaThread "Unconstrained build operations Thread 85"        [_thread_blocked, id=8960, stack(0x0000000ede600000,0x0000000ede700000) (1024K)]
  0x000001b07eebe430 JavaThread "Unconstrained build operations Thread 86"        [_thread_blocked, id=22272, stack(0x0000000ede700000,0x0000000ede800000) (1024K)]
  0x000001b07eebd710 JavaThread "Unconstrained build operations Thread 87"        [_thread_blocked, id=19924, stack(0x0000000ede800000,0x0000000ede900000) (1024K)]
  0x000001b07eebeac0 JavaThread "Unconstrained build operations Thread 88"        [_thread_blocked, id=22668, stack(0x0000000ede900000,0x0000000edea00000) (1024K)]
  0x000001b07eebc9f0 JavaThread "Unconstrained build operations Thread 89"        [_thread_blocked, id=20248, stack(0x0000000edea00000,0x0000000edeb00000) (1024K)]
  0x000001b07eebd080 JavaThread "Unconstrained build operations Thread 90"        [_thread_blocked, id=11316, stack(0x0000000edeb00000,0x0000000edec00000) (1024K)]
  0x000001b07eebdda0 JavaThread "Unconstrained build operations Thread 91"        [_thread_blocked, id=5360, stack(0x0000000edec00000,0x0000000eded00000) (1024K)]
  0x000001b07eebf150 JavaThread "Unconstrained build operations Thread 92"        [_thread_blocked, id=17188, stack(0x0000000eded00000,0x0000000edee00000) (1024K)]
  0x000001b00050df90 JavaThread "Unconstrained build operations Thread 93"        [_thread_blocked, id=4456, stack(0x0000000edee00000,0x0000000edef00000) (1024K)]
  0x000001b00050ecb0 JavaThread "Unconstrained build operations Thread 94"        [_thread_blocked, id=14776, stack(0x0000000edef00000,0x0000000edf000000) (1024K)]
  0x000001b00050cbe0 JavaThread "Unconstrained build operations Thread 95"        [_thread_blocked, id=18012, stack(0x0000000edf000000,0x0000000edf100000) (1024K)]
  0x000001b00050f340 JavaThread "Unconstrained build operations Thread 96"        [_thread_blocked, id=26320, stack(0x0000000edf100000,0x0000000edf200000) (1024K)]
  0x000001b0005127c0 JavaThread "build event listener"              [_thread_blocked, id=4200, stack(0x0000000ed5c00000,0x0000000ed5d00000) (1024K)]
Total: 140

Other Threads:
  0x000001b073dac550 VMThread "VM Thread"                           [id=23204, stack(0x0000000ed4d00000,0x0000000ed4e00000) (1024K)]
  0x000001b073d610a0 WatcherThread "VM Periodic Task Thread"        [id=10280, stack(0x0000000ed4c00000,0x0000000ed4d00000) (1024K)]
  0x000001b05ab67720 WorkerThread "GC Thread#0"                     [id=21080, stack(0x0000000ed4700000,0x0000000ed4800000) (1024K)]
  0x000001b074877f20 WorkerThread "GC Thread#1"                     [id=8892, stack(0x0000000ed5f00000,0x0000000ed6000000) (1024K)]
  0x000001b07458ec30 WorkerThread "GC Thread#2"                     [id=18624, stack(0x0000000ed6000000,0x0000000ed6100000) (1024K)]
  0x000001b07455ae20 WorkerThread "GC Thread#3"                     [id=24332, stack(0x0000000ed6100000,0x0000000ed6200000) (1024K)]
  0x000001b07455b1c0 WorkerThread "GC Thread#4"                     [id=6756, stack(0x0000000ed6200000,0x0000000ed6300000) (1024K)]
  0x000001b074963740 WorkerThread "GC Thread#5"                     [id=13448, stack(0x0000000ed6300000,0x0000000ed6400000) (1024K)]
  0x000001b07a49b390 WorkerThread "GC Thread#6"                     [id=9132, stack(0x0000000ed6600000,0x0000000ed6700000) (1024K)]
  0x000001b07a49b730 WorkerThread "GC Thread#7"                     [id=10920, stack(0x0000000ed6700000,0x0000000ed6800000) (1024K)]
  0x000001b07a3c6f90 WorkerThread "GC Thread#8"                     [id=12244, stack(0x0000000ed6800000,0x0000000ed6900000) (1024K)]
  0x000001b07a3c7330 WorkerThread "GC Thread#9"                     [id=1332, stack(0x0000000ed6900000,0x0000000ed6a00000) (1024K)]
  0x000001b07a3c59d0 WorkerThread "GC Thread#10"                    [id=12444, stack(0x0000000ed6a00000,0x0000000ed6b00000) (1024K)]
  0x000001b07a3c6110 WorkerThread "GC Thread#11"                    [id=15928, stack(0x0000000ed6b00000,0x0000000ed6c00000) (1024K)]
  0x000001b07a3c5d70 WorkerThread "GC Thread#12"                    [id=3548, stack(0x0000000ed6c00000,0x0000000ed6d00000) (1024K)]
  0x000001b07a3c64b0 WorkerThread "GC Thread#13"                    [id=25356, stack(0x0000000ed7500000,0x0000000ed7600000) (1024K)]
  0x000001b07a3c6850 WorkerThread "GC Thread#14"                    [id=17424, stack(0x0000000ed7600000,0x0000000ed7700000) (1024K)]
  0x000001b07a3c6bf0 WorkerThread "GC Thread#15"                    [id=20728, stack(0x0000000ed7700000,0x0000000ed7800000) (1024K)]
  0x000001b07a440050 WorkerThread "GC Thread#16"                    [id=19280, stack(0x0000000ed7800000,0x0000000ed7900000) (1024K)]
  0x000001b07a441610 WorkerThread "GC Thread#17"                    [id=25276, stack(0x0000000ed7900000,0x0000000ed7a00000) (1024K)]
  0x000001b07a43ee30 WorkerThread "GC Thread#18"                    [id=14656, stack(0x0000000ed7a00000,0x0000000ed7b00000) (1024K)]
  0x000001b07a43f570 WorkerThread "GC Thread#19"                    [id=18192, stack(0x0000000ed7b00000,0x0000000ed7c00000) (1024K)]
  0x000001b05ab79500 ConcurrentGCThread "G1 Main Marker"            [id=24588, stack(0x0000000ed4800000,0x0000000ed4900000) (1024K)]
  0x000001b05ab7a6b0 WorkerThread "G1 Conc#0"                       [id=4024, stack(0x0000000ed4900000,0x0000000ed4a00000) (1024K)]
  0x000001b07a4403f0 WorkerThread "G1 Conc#1"                       [id=24224, stack(0x0000000ed7c00000,0x0000000ed7d00000) (1024K)]
  0x000001b07a440790 WorkerThread "G1 Conc#2"                       [id=16192, stack(0x0000000ed7d00000,0x0000000ed7e00000) (1024K)]
  0x000001b07a43fcb0 WorkerThread "G1 Conc#3"                       [id=16344, stack(0x0000000ed7e00000,0x0000000ed7f00000) (1024K)]
  0x000001b07a43e350 WorkerThread "G1 Conc#4"                       [id=17908, stack(0x0000000ed7f00000,0x0000000ed8000000) (1024K)]
  0x000001b0737e1620 ConcurrentGCThread "G1 Refine#0"               [id=22028, stack(0x0000000ed4a00000,0x0000000ed4b00000) (1024K)]
  0x000001b0737e2f50 ConcurrentGCThread "G1 Service"                [id=19720, stack(0x0000000ed4b00000,0x0000000ed4c00000) (1024K)]
Total: 30

Threads with active compile tasks:
C2 CompilerThread0  6060 10046   !   4       com.google.common.reflect.TypeVisitor::visit (225 bytes)
C2 CompilerThread1  6060 10041   !   4       java.net.URLClassLoader$1::run (81 bytes)
Total: 2

VM state: not at safepoint (normal execution)

VM Mutex/Monitor currently owned by a thread:  ([mutex/lock_event])
[0x00007ffd32c78bb8] Module_lock - owner thread: 0x0000000000000000

Heap address: 0x0000000080000000, size: 2048 MB, Compressed Oops mode: 32-bit

CDS archive(s) not mapped
Compressed class space mapped at: 0x0000000100000000-0x0000000140000000, reserved size: 1073741824
Narrow klass base: 0x0000000000000000, Narrow klass shift: 3, Narrow klass range: 0x140000000

GC Precious Log:
 CardTable entry size: 512
 Card Set container configuration: InlinePtr #cards 5 size 8 Array Of Cards #cards 12 size 40 Howl #buckets 4 coarsen threshold 1843 Howl Bitmap #cards 512 size 80 coarsen threshold 460 Card regions per heap region 1 cards per card region 2048
 CPUs: 28 total, 28 available
 Memory: 16039M
 Large Page Support: Disabled
 NUMA Support: Disabled
 Compressed Oops: Enabled (32-bit)
 Heap Region Size: 1M
 Heap Min Capacity: 8M
 Heap Initial Capacity: 252M
 Heap Max Capacity: 2G
 Pre-touch: Disabled
 Parallel Workers: 20
 Concurrent Workers: 5
 Concurrent Refinement Workers: 20
 Periodic GC: Disabled

Heap:
 garbage-first heap   total 138240K, used 93640K [0x0000000080000000, 0x0000000100000000)
  region size 1024K, 14 young (14336K), 2 survivors (2048K)
 Metaspace       used 80996K, committed 82816K, reserved 1179648K
  class space    used 11228K, committed 12096K, reserved 1048576K

Heap Regions: E=young(eden), S=young(survivor), O=old, HS=humongous(starts), HC=humongous(continues), CS=collection set, F=free, TAMS=top-at-mark-start, PB=parsable bottom
|   0|0x0000000080000000, 0x0000000080100000, 0x0000000080100000|100%|HS|  |TAMS 0x0000000080000000| PB 0x0000000080000000| Complete 
|   1|0x0000000080100000, 0x0000000080200000, 0x0000000080200000|100%|HC|  |TAMS 0x0000000080100000| PB 0x0000000080100000| Complete 
|   2|0x0000000080200000, 0x0000000080300000, 0x0000000080300000|100%|HC|  |TAMS 0x0000000080200000| PB 0x0000000080200000| Complete 
|   3|0x0000000080300000, 0x0000000080400000, 0x0000000080400000|100%| O|  |TAMS 0x0000000080300000| PB 0x0000000080300000| Untracked 
|   4|0x0000000080400000, 0x0000000080500000, 0x0000000080500000|100%| O|  |TAMS 0x0000000080400000| PB 0x0000000080400000| Untracked 
|   5|0x0000000080500000, 0x0000000080600000, 0x0000000080600000|100%| O|  |TAMS 0x0000000080500000| PB 0x0000000080500000| Untracked 
|   6|0x0000000080600000, 0x0000000080700000, 0x0000000080700000|100%|HS|  |TAMS 0x0000000080600000| PB 0x0000000080600000| Complete 
|   7|0x0000000080700000, 0x0000000080800000, 0x0000000080800000|100%| O|  |TAMS 0x0000000080700000| PB 0x0000000080700000| Untracked 
|   8|0x0000000080800000, 0x0000000080900000, 0x0000000080900000|100%| O|  |TAMS 0x0000000080800000| PB 0x0000000080800000| Untracked 
|   9|0x0000000080900000, 0x0000000080a00000, 0x0000000080a00000|100%| O|  |TAMS 0x0000000080900000| PB 0x0000000080900000| Untracked 
|  10|0x0000000080a00000, 0x0000000080b00000, 0x0000000080b00000|100%| O|  |TAMS 0x0000000080a00000| PB 0x0000000080a00000| Untracked 
|  11|0x0000000080b00000, 0x0000000080c00000, 0x0000000080c00000|100%| O|  |TAMS 0x0000000080b00000| PB 0x0000000080b00000| Untracked 
|  12|0x0000000080c00000, 0x0000000080d00000, 0x0000000080d00000|100%| O|  |TAMS 0x0000000080c00000| PB 0x0000000080c00000| Untracked 
|  13|0x0000000080d00000, 0x0000000080e00000, 0x0000000080e00000|100%| O|  |TAMS 0x0000000080d00000| PB 0x0000000080d00000| Untracked 
|  14|0x0000000080e00000, 0x0000000080f00000, 0x0000000080f00000|100%| O|  |TAMS 0x0000000080e00000| PB 0x0000000080e00000| Untracked 
|  15|0x0000000080f00000, 0x0000000081000000, 0x0000000081000000|100%| O|  |TAMS 0x0000000080f00000| PB 0x0000000080f00000| Untracked 
|  16|0x0000000081000000, 0x0000000081100000, 0x0000000081100000|100%| O|  |TAMS 0x0000000081000000| PB 0x0000000081000000| Untracked 
|  17|0x0000000081100000, 0x0000000081200000, 0x0000000081200000|100%| O|  |TAMS 0x0000000081100000| PB 0x0000000081100000| Untracked 
|  18|0x0000000081200000, 0x0000000081300000, 0x0000000081300000|100%| O|  |TAMS 0x0000000081200000| PB 0x0000000081200000| Untracked 
|  19|0x0000000081300000, 0x0000000081400000, 0x0000000081400000|100%| O|  |TAMS 0x0000000081300000| PB 0x0000000081300000| Untracked 
|  20|0x0000000081400000, 0x0000000081500000, 0x0000000081500000|100%| O|  |TAMS 0x0000000081400000| PB 0x0000000081400000| Untracked 
|  21|0x0000000081500000, 0x0000000081600000, 0x0000000081600000|100%| O|  |TAMS 0x0000000081500000| PB 0x0000000081500000| Untracked 
|  22|0x0000000081600000, 0x0000000081700000, 0x0000000081700000|100%| O|  |TAMS 0x0000000081600000| PB 0x0000000081600000| Untracked 
|  23|0x0000000081700000, 0x0000000081800000, 0x0000000081800000|100%| O|  |TAMS 0x0000000081700000| PB 0x0000000081700000| Untracked 
|  24|0x0000000081800000, 0x0000000081900000, 0x0000000081900000|100%| O|  |TAMS 0x0000000081800000| PB 0x0000000081800000| Untracked 
|  25|0x0000000081900000, 0x0000000081a00000, 0x0000000081a00000|100%| O|  |TAMS 0x0000000081900000| PB 0x0000000081900000| Untracked 
|  26|0x0000000081a00000, 0x0000000081b00000, 0x0000000081b00000|100%| O|  |TAMS 0x0000000081a00000| PB 0x0000000081a00000| Untracked 
|  27|0x0000000081b00000, 0x0000000081c00000, 0x0000000081c00000|100%|HS|  |TAMS 0x0000000081b00000| PB 0x0000000081b00000| Complete 
|  28|0x0000000081c00000, 0x0000000081d00000, 0x0000000081d00000|100%|HC|  |TAMS 0x0000000081c00000| PB 0x0000000081c00000| Complete 
|  29|0x0000000081d00000, 0x0000000081e00000, 0x0000000081e00000|100%| O|  |TAMS 0x0000000081d00000| PB 0x0000000081d00000| Untracked 
|  30|0x0000000081e00000, 0x0000000081f00000, 0x0000000081f00000|100%| O|  |TAMS 0x0000000081e00000| PB 0x0000000081e00000| Untracked 
|  31|0x0000000081f00000, 0x0000000082000000, 0x0000000082000000|100%| O|  |TAMS 0x0000000081f00000| PB 0x0000000081f00000| Untracked 
|  32|0x0000000082000000, 0x0000000082100000, 0x0000000082100000|100%| O|  |TAMS 0x0000000082000000| PB 0x0000000082000000| Untracked 
|  33|0x0000000082100000, 0x0000000082200000, 0x0000000082200000|100%| O|  |TAMS 0x0000000082100000| PB 0x0000000082100000| Untracked 
|  34|0x0000000082200000, 0x0000000082300000, 0x0000000082300000|100%| O|  |TAMS 0x0000000082200000| PB 0x0000000082200000| Untracked 
|  35|0x0000000082300000, 0x0000000082300000, 0x0000000082400000|  0%| F|  |TAMS 0x0000000082300000| PB 0x0000000082300000| Untracked 
|  36|0x0000000082400000, 0x0000000082500000, 0x0000000082500000|100%| O|  |TAMS 0x0000000082400000| PB 0x0000000082400000| Untracked 
|  37|0x0000000082500000, 0x0000000082600000, 0x0000000082600000|100%| O|  |TAMS 0x0000000082500000| PB 0x0000000082500000| Untracked 
|  38|0x0000000082600000, 0x0000000082700000, 0x0000000082700000|100%| O|  |TAMS 0x0000000082600000| PB 0x0000000082600000| Untracked 
|  39|0x0000000082700000, 0x0000000082800000, 0x0000000082800000|100%| O|  |TAMS 0x0000000082700000| PB 0x0000000082700000| Untracked 
|  40|0x0000000082800000, 0x0000000082900000, 0x0000000082900000|100%| O|  |TAMS 0x0000000082800000| PB 0x0000000082800000| Untracked 
|  41|0x0000000082900000, 0x0000000082900000, 0x0000000082a00000|  0%| F|  |TAMS 0x0000000082900000| PB 0x0000000082900000| Untracked 
|  42|0x0000000082a00000, 0x0000000082b00000, 0x0000000082b00000|100%| O|  |TAMS 0x0000000082a00000| PB 0x0000000082a00000| Untracked 
|  43|0x0000000082b00000, 0x0000000082b00000, 0x0000000082c00000|  0%| F|  |TAMS 0x0000000082b00000| PB 0x0000000082b00000| Untracked 
|  44|0x0000000082c00000, 0x0000000082d00000, 0x0000000082d00000|100%|HS|  |TAMS 0x0000000082c00000| PB 0x0000000082c00000| Complete 
|  45|0x0000000082d00000, 0x0000000082e00000, 0x0000000082e00000|100%| O|  |TAMS 0x0000000082d00000| PB 0x0000000082d00000| Untracked 
|  46|0x0000000082e00000, 0x0000000082f00000, 0x0000000082f00000|100%| O|  |TAMS 0x0000000082e00000| PB 0x0000000082e00000| Untracked 
|  47|0x0000000082f00000, 0x0000000083000000, 0x0000000083000000|100%| O|  |TAMS 0x0000000082f00000| PB 0x0000000082f00000| Untracked 
|  48|0x0000000083000000, 0x0000000083100000, 0x0000000083100000|100%| O|  |TAMS 0x0000000083000000| PB 0x0000000083000000| Untracked 
|  49|0x0000000083100000, 0x0000000083200000, 0x0000000083200000|100%| O|  |TAMS 0x0000000083100000| PB 0x0000000083100000| Untracked 
|  50|0x0000000083200000, 0x0000000083300000, 0x0000000083300000|100%| O|  |TAMS 0x0000000083200000| PB 0x0000000083200000| Untracked 
|  51|0x0000000083300000, 0x0000000083400000, 0x0000000083400000|100%|HS|  |TAMS 0x0000000083300000| PB 0x0000000083300000| Complete 
|  52|0x0000000083400000, 0x0000000083500000, 0x0000000083500000|100%| O|  |TAMS 0x0000000083400000| PB 0x0000000083400000| Untracked 
|  53|0x0000000083500000, 0x0000000083600000, 0x0000000083600000|100%| O|  |TAMS 0x0000000083500000| PB 0x0000000083500000| Untracked 
|  54|0x0000000083600000, 0x0000000083700000, 0x0000000083700000|100%|HS|  |TAMS 0x0000000083600000| PB 0x0000000083600000| Complete 
|  55|0x0000000083700000, 0x0000000083800000, 0x0000000083800000|100%|HC|  |TAMS 0x0000000083700000| PB 0x0000000083700000| Complete 
|  56|0x0000000083800000, 0x0000000083900000, 0x0000000083900000|100%|HS|  |TAMS 0x0000000083800000| PB 0x0000000083800000| Complete 
|  57|0x0000000083900000, 0x0000000083a00000, 0x0000000083a00000|100%|HC|  |TAMS 0x0000000083900000| PB 0x0000000083900000| Complete 
|  58|0x0000000083a00000, 0x0000000083b00000, 0x0000000083b00000|100%|HS|  |TAMS 0x0000000083a00000| PB 0x0000000083a00000| Complete 
|  59|0x0000000083b00000, 0x0000000083c00000, 0x0000000083c00000|100%| O|  |TAMS 0x0000000083b00000| PB 0x0000000083b00000| Untracked 
|  60|0x0000000083c00000, 0x0000000083d00000, 0x0000000083d00000|100%| O|  |TAMS 0x0000000083c00000| PB 0x0000000083c00000| Untracked 
|  61|0x0000000083d00000, 0x0000000083e00000, 0x0000000083e00000|100%| O|  |TAMS 0x0000000083d00000| PB 0x0000000083d00000| Untracked 
|  62|0x0000000083e00000, 0x0000000083f00000, 0x0000000083f00000|100%| O|  |TAMS 0x0000000083e00000| PB 0x0000000083e00000| Untracked 
|  63|0x0000000083f00000, 0x0000000084000000, 0x0000000084000000|100%|HS|  |TAMS 0x0000000083f00000| PB 0x0000000083f00000| Complete 
|  64|0x0000000084000000, 0x0000000084100000, 0x0000000084100000|100%| O|  |TAMS 0x0000000084000000| PB 0x0000000084000000| Untracked 
|  65|0x0000000084100000, 0x0000000084200000, 0x0000000084200000|100%|HS|  |TAMS 0x0000000084100000| PB 0x0000000084100000| Complete 
|  66|0x0000000084200000, 0x0000000084300000, 0x0000000084300000|100%|HC|  |TAMS 0x0000000084200000| PB 0x0000000084200000| Complete 
|  67|0x0000000084300000, 0x0000000084400000, 0x0000000084400000|100%|HC|  |TAMS 0x0000000084300000| PB 0x0000000084300000| Complete 
|  68|0x0000000084400000, 0x0000000084500000, 0x0000000084500000|100%| O|  |TAMS 0x0000000084400000| PB 0x0000000084400000| Untracked 
|  69|0x0000000084500000, 0x0000000084600000, 0x0000000084600000|100%|HS|  |TAMS 0x0000000084500000| PB 0x0000000084500000| Complete 
|  70|0x0000000084600000, 0x0000000084700000, 0x0000000084700000|100%|HS|  |TAMS 0x0000000084600000| PB 0x0000000084600000| Complete 
|  71|0x0000000084700000, 0x0000000084800000, 0x0000000084800000|100%| O|  |TAMS 0x0000000084700000| PB 0x0000000084700000| Untracked 
|  72|0x0000000084800000, 0x0000000084900000, 0x0000000084900000|100%| O|  |TAMS 0x0000000084800000| PB 0x0000000084800000| Untracked 
|  73|0x0000000084900000, 0x0000000084a00000, 0x0000000084a00000|100%| O|  |TAMS 0x0000000084900000| PB 0x0000000084900000| Untracked 
|  74|0x0000000084a00000, 0x0000000084a165e0, 0x0000000084b00000|  8%| O|  |TAMS 0x0000000084a00000| PB 0x0000000084a00000| Untracked 
|  75|0x0000000084b00000, 0x0000000084b00000, 0x0000000084c00000|  0%| F|  |TAMS 0x0000000084b00000| PB 0x0000000084b00000| Untracked 
|  76|0x0000000084c00000, 0x0000000084c00000, 0x0000000084d00000|  0%| F|  |TAMS 0x0000000084c00000| PB 0x0000000084c00000| Untracked 
|  77|0x0000000084d00000, 0x0000000084d00000, 0x0000000084e00000|  0%| F|  |TAMS 0x0000000084d00000| PB 0x0000000084d00000| Untracked 
|  78|0x0000000084e00000, 0x0000000084e00000, 0x0000000084f00000|  0%| F|  |TAMS 0x0000000084e00000| PB 0x0000000084e00000| Untracked 
|  79|0x0000000084f00000, 0x0000000084f5bcf8, 0x0000000085000000| 35%| S|CS|TAMS 0x0000000084f00000| PB 0x0000000084f00000| Complete 
|  80|0x0000000085000000, 0x0000000085100000, 0x0000000085100000|100%| S|CS|TAMS 0x0000000085000000| PB 0x0000000085000000| Complete 
|  81|0x0000000085100000, 0x0000000085100000, 0x0000000085200000|  0%| F|  |TAMS 0x0000000085100000| PB 0x0000000085100000| Untracked 
|  82|0x0000000085200000, 0x0000000085200000, 0x0000000085300000|  0%| F|  |TAMS 0x0000000085200000| PB 0x0000000085200000| Untracked 
|  83|0x0000000085300000, 0x0000000085300000, 0x0000000085400000|  0%| F|  |TAMS 0x0000000085300000| PB 0x0000000085300000| Untracked 
|  84|0x0000000085400000, 0x0000000085400000, 0x0000000085500000|  0%| F|  |TAMS 0x0000000085400000| PB 0x0000000085400000| Untracked 
|  85|0x0000000085500000, 0x0000000085500000, 0x0000000085600000|  0%| F|  |TAMS 0x0000000085500000| PB 0x0000000085500000| Untracked 
|  86|0x0000000085600000, 0x0000000085600000, 0x0000000085700000|  0%| F|  |TAMS 0x0000000085600000| PB 0x0000000085600000| Untracked 
|  87|0x0000000085700000, 0x0000000085700000, 0x0000000085800000|  0%| F|  |TAMS 0x0000000085700000| PB 0x0000000085700000| Untracked 
|  88|0x0000000085800000, 0x0000000085800000, 0x0000000085900000|  0%| F|  |TAMS 0x0000000085800000| PB 0x0000000085800000| Untracked 
|  89|0x0000000085900000, 0x0000000085900000, 0x0000000085a00000|  0%| F|  |TAMS 0x0000000085900000| PB 0x0000000085900000| Untracked 
|  90|0x0000000085a00000, 0x0000000085a00000, 0x0000000085b00000|  0%| F|  |TAMS 0x0000000085a00000| PB 0x0000000085a00000| Untracked 
|  91|0x0000000085b00000, 0x0000000085b00000, 0x0000000085c00000|  0%| F|  |TAMS 0x0000000085b00000| PB 0x0000000085b00000| Untracked 
|  92|0x0000000085c00000, 0x0000000085c00000, 0x0000000085d00000|  0%| F|  |TAMS 0x0000000085c00000| PB 0x0000000085c00000| Untracked 
|  93|0x0000000085d00000, 0x0000000085d00000, 0x0000000085e00000|  0%| F|  |TAMS 0x0000000085d00000| PB 0x0000000085d00000| Untracked 
|  94|0x0000000085e00000, 0x0000000085e00000, 0x0000000085f00000|  0%| F|  |TAMS 0x0000000085e00000| PB 0x0000000085e00000| Untracked 
|  95|0x0000000085f00000, 0x0000000085f00000, 0x0000000086000000|  0%| F|  |TAMS 0x0000000085f00000| PB 0x0000000085f00000| Untracked 
|  96|0x0000000086000000, 0x0000000086000000, 0x0000000086100000|  0%| F|  |TAMS 0x0000000086000000| PB 0x0000000086000000| Untracked 
|  97|0x0000000086100000, 0x0000000086100000, 0x0000000086200000|  0%| F|  |TAMS 0x0000000086100000| PB 0x0000000086100000| Untracked 
|  98|0x0000000086200000, 0x0000000086200000, 0x0000000086300000|  0%| F|  |TAMS 0x0000000086200000| PB 0x0000000086200000| Untracked 
|  99|0x0000000086300000, 0x0000000086300000, 0x0000000086400000|  0%| F|  |TAMS 0x0000000086300000| PB 0x0000000086300000| Untracked 
| 100|0x0000000086400000, 0x0000000086400000, 0x0000000086500000|  0%| F|  |TAMS 0x0000000086400000| PB 0x0000000086400000| Untracked 
| 101|0x0000000086500000, 0x0000000086500000, 0x0000000086600000|  0%| F|  |TAMS 0x0000000086500000| PB 0x0000000086500000| Untracked 
| 102|0x0000000086600000, 0x0000000086600000, 0x0000000086700000|  0%| F|  |TAMS 0x0000000086600000| PB 0x0000000086600000| Untracked 
| 103|0x0000000086700000, 0x0000000086700000, 0x0000000086800000|  0%| F|  |TAMS 0x0000000086700000| PB 0x0000000086700000| Untracked 
| 104|0x0000000086800000, 0x0000000086800000, 0x0000000086900000|  0%| F|  |TAMS 0x0000000086800000| PB 0x0000000086800000| Untracked 
| 105|0x0000000086900000, 0x0000000086900000, 0x0000000086a00000|  0%| F|  |TAMS 0x0000000086900000| PB 0x0000000086900000| Untracked 
| 106|0x0000000086a00000, 0x0000000086a00000, 0x0000000086b00000|  0%| F|  |TAMS 0x0000000086a00000| PB 0x0000000086a00000| Untracked 
| 107|0x0000000086b00000, 0x0000000086b00000, 0x0000000086c00000|  0%| F|  |TAMS 0x0000000086b00000| PB 0x0000000086b00000| Untracked 
| 108|0x0000000086c00000, 0x0000000086c00000, 0x0000000086d00000|  0%| F|  |TAMS 0x0000000086c00000| PB 0x0000000086c00000| Untracked 
| 109|0x0000000086d00000, 0x0000000086d00000, 0x0000000086e00000|  0%| F|  |TAMS 0x0000000086d00000| PB 0x0000000086d00000| Untracked 
| 110|0x0000000086e00000, 0x0000000086e00000, 0x0000000086f00000|  0%| F|  |TAMS 0x0000000086e00000| PB 0x0000000086e00000| Untracked 
| 111|0x0000000086f00000, 0x0000000086f00000, 0x0000000087000000|  0%| F|  |TAMS 0x0000000086f00000| PB 0x0000000086f00000| Untracked 
| 112|0x0000000087000000, 0x0000000087000000, 0x0000000087100000|  0%| F|  |TAMS 0x0000000087000000| PB 0x0000000087000000| Untracked 
| 113|0x0000000087100000, 0x0000000087100000, 0x0000000087200000|  0%| F|  |TAMS 0x0000000087100000| PB 0x0000000087100000| Untracked 
| 114|0x0000000087200000, 0x0000000087200000, 0x0000000087300000|  0%| F|  |TAMS 0x0000000087200000| PB 0x0000000087200000| Untracked 
| 231|0x000000008e700000, 0x000000008e780000, 0x000000008e800000| 50%| E|  |TAMS 0x000000008e700000| PB 0x000000008e700000| Complete 
| 232|0x000000008e800000, 0x000000008e900000, 0x000000008e900000|100%| E|CS|TAMS 0x000000008e800000| PB 0x000000008e800000| Complete 
| 233|0x000000008e900000, 0x000000008ea00000, 0x000000008ea00000|100%| E|CS|TAMS 0x000000008e900000| PB 0x000000008e900000| Complete 
| 234|0x000000008ea00000, 0x000000008eb00000, 0x000000008eb00000|100%| E|CS|TAMS 0x000000008ea00000| PB 0x000000008ea00000| Complete 
| 235|0x000000008eb00000, 0x000000008ec00000, 0x000000008ec00000|100%| E|CS|TAMS 0x000000008eb00000| PB 0x000000008eb00000| Complete 
| 236|0x000000008ec00000, 0x000000008ed00000, 0x000000008ed00000|100%| E|CS|TAMS 0x000000008ec00000| PB 0x000000008ec00000| Complete 
| 237|0x000000008ed00000, 0x000000008ee00000, 0x000000008ee00000|100%| E|CS|TAMS 0x000000008ed00000| PB 0x000000008ed00000| Complete 
| 238|0x000000008ee00000, 0x000000008ef00000, 0x000000008ef00000|100%| E|CS|TAMS 0x000000008ee00000| PB 0x000000008ee00000| Complete 
| 239|0x000000008ef00000, 0x000000008f000000, 0x000000008f000000|100%| E|CS|TAMS 0x000000008ef00000| PB 0x000000008ef00000| Complete 
| 240|0x000000008f000000, 0x000000008f100000, 0x000000008f100000|100%| E|CS|TAMS 0x000000008f000000| PB 0x000000008f000000| Complete 
| 251|0x000000008fb00000, 0x000000008fc00000, 0x000000008fc00000|100%| E|CS|TAMS 0x000000008fb00000| PB 0x000000008fb00000| Complete 
|2039|0x00000000ff700000, 0x00000000ff800000, 0x00000000ff800000|100%| O|  |TAMS 0x00000000ff700000| PB 0x00000000ff700000| Untracked 
|2040|0x00000000ff800000, 0x00000000ff900000, 0x00000000ff900000|100%| O|  |TAMS 0x00000000ff800000| PB 0x00000000ff800000| Untracked 
|2041|0x00000000ff900000, 0x00000000ffa00000, 0x00000000ffa00000|100%| O|  |TAMS 0x00000000ff900000| PB 0x00000000ff900000| Untracked 
|2042|0x00000000ffa00000, 0x00000000ffb00000, 0x00000000ffb00000|100%| O|  |TAMS 0x00000000ffa00000| PB 0x00000000ffa00000| Untracked 
|2043|0x00000000ffb00000, 0x00000000ffc00000, 0x00000000ffc00000|100%| O|  |TAMS 0x00000000ffb00000| PB 0x00000000ffb00000| Untracked 
|2044|0x00000000ffc00000, 0x00000000ffd00000, 0x00000000ffd00000|100%| O|  |TAMS 0x00000000ffc00000| PB 0x00000000ffc00000| Untracked 
|2045|0x00000000ffd00000, 0x00000000ffe00000, 0x00000000ffe00000|100%| E|CS|TAMS 0x00000000ffd00000| PB 0x00000000ffd00000| Complete 
|2046|0x00000000ffe00000, 0x00000000fff00000, 0x00000000fff00000|100%| O|  |TAMS 0x00000000ffe00000| PB 0x00000000ffe00000| Untracked 
|2047|0x00000000fff00000, 0x0000000100000000, 0x0000000100000000|100%| O|  |TAMS 0x00000000fff00000| PB 0x00000000fff00000| Untracked 

Card table byte_map: [0x000001b06e050000,0x000001b06e450000] _byte_map_base: 0x000001b06dc50000

Marking Bits: (CMBitMap*) 0x000001b05ab67d30
 Bits: [0x000001b06e450000, 0x000001b070450000)

Polling page: 0x000001b058c60000

Metaspace:

Usage:
  Non-class:     68.14 MB used.
      Class:     10.97 MB used.
       Both:     79.10 MB used.

Virtual space:
  Non-class space:      128.00 MB reserved,      69.06 MB ( 54%) committed,  2 nodes.
      Class space:        1.00 GB reserved,      11.81 MB (  1%) committed,  1 nodes.
             Both:        1.12 GB reserved,      80.88 MB (  7%) committed. 

Chunk freelists:
   Non-Class:  10.65 MB
       Class:  4.20 MB
        Both:  14.85 MB

MaxMetaspaceSize: unlimited
CompressedClassSpaceSize: 1.00 GB
Initial GC threshold: 21.00 MB
Current GC threshold: 121.38 MB
CDS: off
 - commit_granule_bytes: 65536.
 - commit_granule_words: 8192.
 - virtual_space_node_default_size: 8388608.
 - enlarge_chunks_in_place: 1.
 - use_allocation_guard: 0.


Internal statistics:

num_allocs_failed_limit: 9.
num_arena_births: 3480.
num_arena_deaths: 0.
num_vsnodes_births: 3.
num_vsnodes_deaths: 0.
num_space_committed: 1294.
num_space_uncommitted: 0.
num_chunks_returned_to_freelist: 9.
num_chunks_taken_from_freelist: 6877.
num_chunk_merges: 9.
num_chunk_splits: 4481.
num_chunks_enlarged: 2777.
num_inconsistent_stats: 0.

CodeHeap 'non-profiled nmethods': size=119168Kb used=4733Kb max_used=4766Kb free=114434Kb
 bounds [0x000001b065800000, 0x000001b065cb0000, 0x000001b06cc60000]
CodeHeap 'profiled nmethods': size=119104Kb used=16141Kb max_used=16141Kb free=102962Kb
 bounds [0x000001b05dc60000, 0x000001b05ec30000, 0x000001b0650b0000]
CodeHeap 'non-nmethods': size=7488Kb used=3916Kb max_used=4513Kb free=3571Kb
 bounds [0x000001b0650b0000, 0x000001b065520000, 0x000001b065800000]
CodeCache: size=245760Kb, used=24790Kb, max_used=25420Kb, free=220967Kb
 total_blobs=9651, nmethods=8728, adapters=825, full_count=0
Compilation: enabled, stopped_count=0, restarted_count=0

Compilation events (20 events):
Event: 5.030 Thread 0x000001b073ec5120 nmethod 10059 0x000001b05ec20690 code [0x000001b05ec208c0, 0x000001b05ec21290]
Event: 5.030 Thread 0x000001b073ec80d0 10060       3       org.gradle.model.internal.asm.MethodVisitorScope::_NEW (12 bytes)
Event: 5.030 Thread 0x000001b073ec6590 10061       3       org.objectweb.asm.SymbolTable::hash (12 bytes)
Event: 5.030 Thread 0x000001b073ec5120 10062       3       org.objectweb.asm.SymbolTable$Entry::<init> (18 bytes)
Event: 5.030 Thread 0x000001b073ec6590 nmethod 10061 0x000001b05ec21610 code [0x000001b05ec217c0, 0x000001b05ec218f8]
Event: 5.030 Thread 0x000001b073ec5120 nmethod 10062 0x000001b05ec21a10 code [0x000001b05ec21bc0, 0x000001b05ec21d38]
Event: 5.030 Thread 0x000001b073ec80d0 nmethod 10060 0x000001b05ec21e10 code [0x000001b05ec21fe0, 0x000001b05ec22308]
Event: 5.030 Thread 0x000001b073ec5120 10063       3       java.lang.reflect.Constructor::getGenericInfo (28 bytes)
Event: 5.030 Thread 0x000001b073ec5120 nmethod 10063 0x000001b05ec22490 code [0x000001b05ec22720, 0x000001b05ec23478]
Event: 5.033 Thread 0x000001b073ec5ec0 10064       3       java.lang.Thread::getContextClassLoader (30 bytes)
Event: 5.033 Thread 0x000001b073ec5ec0 nmethod 10064 0x000001b05ec23990 code [0x000001b05ec23b40, 0x000001b05ec23d98]
Event: 5.036 Thread 0x000001b073ec5ec0 10065       3       java.util.regex.Pattern$CharPropertyGreedy::study (45 bytes)
Event: 5.037 Thread 0x000001b073ec5ec0 nmethod 10065 0x000001b05ec23e90 code [0x000001b05ec24040, 0x000001b05ec24268]
Event: 5.037 Thread 0x000001b073ec80d0 10066       3       com.google.common.collect.Maps::capacity (36 bytes)
Event: 5.037 Thread 0x000001b073ec80d0 nmethod 10066 0x000001b05ec24390 code [0x000001b05ec24580, 0x000001b05ec24820]
Event: 5.039 Thread 0x000001b073ec6590 10067       3       org.objectweb.asm.SymbolTable::addUninitializedType (103 bytes)
Event: 5.039 Thread 0x000001b073ec5ec0 10068       3       org.objectweb.asm.AnnotationWriter::create (34 bytes)
Event: 5.039 Thread 0x000001b073ec6590 nmethod 10067 0x000001b05ec24910 code [0x000001b05ec24b20, 0x000001b05ec250a8]
Event: 5.039 Thread 0x000001b073ec5ec0 nmethod 10068 0x000001b05ec25390 code [0x000001b05ec255a0, 0x000001b05ec25a48]
Event: 5.545 Thread 0x000001b073ec6590 10069   !   3       java.lang.Thread::sleep (82 bytes)

GC Heap History (20 events):
Event: 2.801 GC heap before
{Heap before GC invocations=13 (full 0):
 garbage-first heap   total 103424K, used 56045K [0x0000000080000000, 0x0000000100000000)
  region size 1024K, 19 young (19456K), 7 survivors (7168K)
 Metaspace       used 58686K, committed 60160K, reserved 1114112K
  class space    used 8129K, committed 8832K, reserved 1048576K
}
Event: 2.803 GC heap after
{Heap after GC invocations=14 (full 0):
 garbage-first heap   total 103424K, used 46166K [0x0000000080000000, 0x0000000100000000)
  region size 1024K, 2 young (2048K), 2 survivors (2048K)
 Metaspace       used 58686K, committed 60160K, reserved 1114112K
  class space    used 8129K, committed 8832K, reserved 1048576K
}
Event: 3.113 GC heap before
{Heap before GC invocations=15 (full 0):
 garbage-first heap   total 103424K, used 91222K [0x0000000080000000, 0x0000000100000000)
  region size 1024K, 46 young (47104K), 2 survivors (2048K)
 Metaspace       used 65172K, committed 66688K, reserved 1114112K
  class space    used 9097K, committed 9792K, reserved 1048576K
}
Event: 3.115 GC heap after
{Heap after GC invocations=16 (full 0):
 garbage-first heap   total 103424K, used 48199K [0x0000000080000000, 0x0000000100000000)
  region size 1024K, 4 young (4096K), 4 survivors (4096K)
 Metaspace       used 65172K, committed 66688K, reserved 1114112K
  class space    used 9097K, committed 9792K, reserved 1048576K
}
Event: 3.412 GC heap before
{Heap before GC invocations=16 (full 0):
 garbage-first heap   total 103424K, used 92231K [0x0000000080000000, 0x0000000100000000)
  region size 1024K, 47 young (48128K), 4 survivors (4096K)
 Metaspace       used 70315K, committed 72000K, reserved 1114112K
  class space    used 9952K, committed 10752K, reserved 1048576K
}
Event: 3.414 GC heap after
{Heap after GC invocations=17 (full 0):
 garbage-first heap   total 103424K, used 50255K [0x0000000080000000, 0x0000000100000000)
  region size 1024K, 5 young (5120K), 5 survivors (5120K)
 Metaspace       used 70315K, committed 72000K, reserved 1114112K
  class space    used 9952K, committed 10752K, reserved 1048576K
}
Event: 3.699 GC heap before
{Heap before GC invocations=17 (full 0):
 garbage-first heap   total 103424K, used 90191K [0x0000000080000000, 0x0000000100000000)
  region size 1024K, 45 young (46080K), 5 survivors (5120K)
 Metaspace       used 72552K, committed 74240K, reserved 1114112K
  class space    used 10200K, committed 11008K, reserved 1048576K
}
Event: 3.702 GC heap after
{Heap after GC invocations=18 (full 0):
 garbage-first heap   total 103424K, used 55649K [0x0000000080000000, 0x0000000100000000)
  region size 1024K, 6 young (6144K), 6 survivors (6144K)
 Metaspace       used 72552K, committed 74240K, reserved 1114112K
  class space    used 10200K, committed 11008K, reserved 1048576K
}
Event: 3.811 GC heap before
{Heap before GC invocations=18 (full 0):
 garbage-first heap   total 103424K, used 89441K [0x0000000080000000, 0x0000000100000000)
  region size 1024K, 40 young (40960K), 6 survivors (6144K)
 Metaspace       used 72851K, committed 74496K, reserved 1114112K
  class space    used 10201K, committed 11008K, reserved 1048576K
}
Event: 3.813 GC heap after
{Heap after GC invocations=19 (full 0):
 garbage-first heap   total 103424K, used 58864K [0x0000000080000000, 0x0000000100000000)
  region size 1024K, 4 young (4096K), 4 survivors (4096K)
 Metaspace       used 72851K, committed 74496K, reserved 1114112K
  class space    used 10201K, committed 11008K, reserved 1048576K
}
Event: 3.939 GC heap before
{Heap before GC invocations=20 (full 0):
 garbage-first heap   total 103424K, used 90608K [0x0000000080000000, 0x0000000100000000)
  region size 1024K, 36 young (36864K), 4 survivors (4096K)
 Metaspace       used 72971K, committed 74688K, reserved 1114112K
  class space    used 10201K, committed 11008K, reserved 1048576K
}
Event: 3.940 GC heap after
{Heap after GC invocations=21 (full 0):
 garbage-first heap   total 124928K, used 59700K [0x0000000080000000, 0x0000000100000000)
  region size 1024K, 4 young (4096K), 4 survivors (4096K)
 Metaspace       used 72971K, committed 74688K, reserved 1114112K
  class space    used 10201K, committed 11008K, reserved 1048576K
}
Event: 4.115 GC heap before
{Heap before GC invocations=21 (full 0):
 garbage-first heap   total 124928K, used 108852K [0x0000000080000000, 0x0000000100000000)
  region size 1024K, 53 young (54272K), 4 survivors (4096K)
 Metaspace       used 72976K, committed 74688K, reserved 1114112K
  class space    used 10202K, committed 11008K, reserved 1048576K
}
Event: 4.116 GC heap after
{Heap after GC invocations=22 (full 0):
 garbage-first heap   total 124928K, used 58195K [0x0000000080000000, 0x0000000100000000)
  region size 1024K, 5 young (5120K), 5 survivors (5120K)
 Metaspace       used 72976K, committed 74688K, reserved 1114112K
  class space    used 10202K, committed 11008K, reserved 1048576K
}
Event: 4.335 GC heap before
{Heap before GC invocations=22 (full 0):
 garbage-first heap   total 124928K, used 109395K [0x0000000080000000, 0x0000000100000000)
  region size 1024K, 56 young (57344K), 5 survivors (5120K)
 Metaspace       used 73046K, committed 74688K, reserved 1114112K
  class space    used 10215K, committed 11008K, reserved 1048576K
}
Event: 4.337 GC heap after
{Heap after GC invocations=23 (full 0):
 garbage-first heap   total 124928K, used 59518K [0x0000000080000000, 0x0000000100000000)
  region size 1024K, 5 young (5120K), 5 survivors (5120K)
 Metaspace       used 73046K, committed 74688K, reserved 1114112K
  class space    used 10215K, committed 11008K, reserved 1048576K
}
Event: 4.732 GC heap before
{Heap before GC invocations=24 (full 0):
 garbage-first heap   total 124928K, used 123006K [0x0000000080000000, 0x0000000100000000)
  region size 1024K, 54 young (55296K), 5 survivors (5120K)
 Metaspace       used 75633K, committed 77376K, reserved 1179648K
  class space    used 10535K, committed 11392K, reserved 1048576K
}
Event: 4.737 GC heap after
{Heap after GC invocations=25 (full 0):
 garbage-first heap   total 138240K, used 81543K [0x0000000080000000, 0x0000000100000000)
  region size 1024K, 7 young (7168K), 7 survivors (7168K)
 Metaspace       used 75633K, committed 77376K, reserved 1179648K
  class space    used 10535K, committed 11392K, reserved 1048576K
}
Event: 4.979 GC heap before
{Heap before GC invocations=25 (full 0):
 garbage-first heap   total 138240K, used 120455K [0x0000000080000000, 0x0000000100000000)
  region size 1024K, 46 young (47104K), 7 survivors (7168K)
 Metaspace       used 79748K, committed 81536K, reserved 1179648K
  class space    used 11017K, committed 11904K, reserved 1048576K
}
Event: 4.981 GC heap after
{Heap after GC invocations=26 (full 0):
 garbage-first heap   total 138240K, used 82376K [0x0000000080000000, 0x0000000100000000)
  region size 1024K, 2 young (2048K), 2 survivors (2048K)
 Metaspace       used 79748K, committed 81536K, reserved 1179648K
  class space    used 11017K, committed 11904K, reserved 1048576K
}

Dll operation events (3 events):
Event: 0.005 Loaded shared library C:\Program Files\Android\Android Studio\jbr\bin\java.dll
Event: 0.008 Loaded shared library C:\Program Files\Android\Android Studio\jbr\bin\zip.dll
Event: 0.278 Loaded shared library C:\Program Files\Android\Android Studio\jbr\bin\verify.dll

Deoptimization events (20 events):
Event: 4.981 Thread 0x000001b073e2c190 Uncommon trap: trap_request=0xffffffc6 fr.pc=0x000001b065b90f80 relative=0x0000000000000600
Event: 4.981 Thread 0x000001b073e2c190 Uncommon trap: reason=bimorphic_or_optimized_type_check action=maybe_recompile pc=0x000001b065b90f80 method=jdk.internal.ref.PhantomCleanable.clean()V @ 12 c2
Event: 4.981 Thread 0x000001b073e2c190 DEOPT PACKING pc=0x000001b065b90f80 sp=0x0000000ed4efef30
Event: 4.982 Thread 0x000001b073e2c190 DEOPT UNPACKING pc=0x000001b0651046a2 sp=0x0000000ed4efef10 mode 2
Event: 4.982 Thread 0x000001b07a4b7af0 Uncommon trap: trap_request=0xffffffde fr.pc=0x000001b065bc0f40 relative=0x0000000000006500
Event: 4.982 Thread 0x000001b07a4b7af0 Uncommon trap: reason=class_check action=maybe_recompile pc=0x000001b065bc0f40 method=java.util.jar.JarFile.getManifestFromReference()Ljava/util/jar/Manifest; @ 152 c2
Event: 4.982 Thread 0x000001b07a4b7af0 DEOPT PACKING pc=0x000001b065bc0f40 sp=0x0000000ed71f5d50
Event: 4.982 Thread 0x000001b07a4b7af0 DEOPT UNPACKING pc=0x000001b0651046a2 sp=0x0000000ed71f5bb8 mode 2
Event: 5.036 Thread 0x000001b07a4b7af0 Uncommon trap: trap_request=0xffffff45 fr.pc=0x000001b0658c3790 relative=0x0000000000000070
Event: 5.036 Thread 0x000001b07a4b7af0 Uncommon trap: reason=unstable_if action=reinterpret pc=0x000001b0658c3790 method=java.io.WinNTFileSystem.isLetter(C)Z @ 3 c2
Event: 5.036 Thread 0x000001b07a4b7af0 DEOPT PACKING pc=0x000001b0658c3790 sp=0x0000000ed71f5530
Event: 5.036 Thread 0x000001b07a4b7af0 DEOPT UNPACKING pc=0x000001b0651046a2 sp=0x0000000ed71f54b8 mode 2
Event: 5.036 Thread 0x000001b07a4b7af0 Uncommon trap: trap_request=0xffffff45 fr.pc=0x000001b065ca0318 relative=0x0000000000000658
Event: 5.036 Thread 0x000001b07a4b7af0 Uncommon trap: reason=unstable_if action=reinterpret pc=0x000001b065ca0318 method=java.io.WinNTFileSystem.prefixLength(Ljava/lang/String;)I @ 42 c2
Event: 5.036 Thread 0x000001b07a4b7af0 DEOPT PACKING pc=0x000001b065ca0318 sp=0x0000000ed71f5600
Event: 5.036 Thread 0x000001b07a4b7af0 DEOPT UNPACKING pc=0x000001b0651046a2 sp=0x0000000ed71f5558 mode 2
Event: 5.036 Thread 0x000001b07a4b7af0 Uncommon trap: trap_request=0xffffff45 fr.pc=0x000001b065910624 relative=0x00000000000002c4
Event: 5.036 Thread 0x000001b07a4b7af0 Uncommon trap: reason=unstable_if action=reinterpret pc=0x000001b065910624 method=java.io.WinNTFileSystem.prefixLength(Ljava/lang/String;)I @ 42 c2
Event: 5.036 Thread 0x000001b07a4b7af0 DEOPT PACKING pc=0x000001b065910624 sp=0x0000000ed71f55c0
Event: 5.036 Thread 0x000001b07a4b7af0 DEOPT UNPACKING pc=0x000001b0651046a2 sp=0x0000000ed71f5558 mode 2

Classes loaded (20 events):
Event: 5.035 Loading class javax/xml/parsers/DocumentBuilderFactory
Event: 5.035 Loading class javax/xml/parsers/DocumentBuilderFactory done
Event: 5.035 Loading class javax/xml/parsers/FactoryFinder
Event: 5.035 Loading class javax/xml/parsers/FactoryFinder done
Event: 5.035 Loading class javax/xml/parsers/FactoryFinder$1
Event: 5.035 Loading class javax/xml/parsers/FactoryFinder$1 done
Event: 5.036 Loading class com/sun/org/apache/xerces/internal/jaxp/DocumentBuilderFactoryImpl
Event: 5.036 Loading class com/sun/org/apache/xerces/internal/jaxp/DocumentBuilderFactoryImpl done
Event: 5.036 Loading class com/sun/org/apache/xerces/internal/utils/XMLSecurityManager
Event: 5.036 Loading class com/sun/org/apache/xerces/internal/utils/XMLSecurityManager done
Event: 5.036 Loading class com/sun/org/apache/xerces/internal/utils/XMLSecurityManager$Limit
Event: 5.036 Loading class com/sun/org/apache/xerces/internal/utils/XMLSecurityManager$Limit done
Event: 5.036 Loading class com/sun/org/apache/xerces/internal/utils/XMLSecurityManager$NameMap
Event: 5.036 Loading class com/sun/org/apache/xerces/internal/utils/XMLSecurityManager$NameMap done
Event: 5.036 Loading class com/sun/org/apache/xerces/internal/utils/XMLSecurityPropertyManager
Event: 5.036 Loading class com/sun/org/apache/xerces/internal/utils/XMLSecurityPropertyManager done
Event: 5.036 Loading class com/sun/org/apache/xerces/internal/utils/XMLSecurityPropertyManager$State
Event: 5.036 Loading class com/sun/org/apache/xerces/internal/utils/XMLSecurityPropertyManager$State done
Event: 5.036 Loading class com/sun/org/apache/xerces/internal/utils/XMLSecurityPropertyManager$Property
Event: 5.036 Loading class com/sun/org/apache/xerces/internal/utils/XMLSecurityPropertyManager$Property done

Classes unloaded (0 events):
No events

Classes redefined (0 events):
No events

Internal exceptions (20 events):
Event: 4.363 Thread 0x000001b07a4b7af0 Exception <a 'java/lang/ClassNotFoundException'{0x000000008ed78ac8}: java/util/AbstractCollectionCustomizer> (0x000000008ed78ac8) 
thrown [s\src\hotspot\share\classfile\systemDictionary.cpp, line 312]
Event: 4.363 Thread 0x000001b07a4b7af0 Exception <a 'java/lang/ClassNotFoundException'{0x000000008ed94260}: org/gradle/api/internal/DefaultDomainObjectCollectionCustomizer> (0x000000008ed94260) 
thrown [s\src\hotspot\share\classfile\systemDictionary.cpp, line 312]
Event: 4.364 Thread 0x000001b07a4b7af0 Exception <a 'java/lang/ClassNotFoundException'{0x000000008edc68a8}: org/gradle/api/internal/DefaultNamedDomainObjectCollectionCustomizer> (0x000000008edc68a8) 
thrown [s\src\hotspot\share\classfile\systemDictionary.cpp, line 312]
Event: 4.365 Thread 0x000001b07a4b7af0 Exception <a 'java/lang/ClassNotFoundException'{0x000000008ec07e70}: org/gradle/api/internal/DefaultNamedDomainObjectSetCustomizer> (0x000000008ec07e70) 
thrown [s\src\hotspot\share\classfile\systemDictionary.cpp, line 312]
Event: 4.365 Thread 0x000001b07a4b7af0 Exception <a 'java/lang/ClassNotFoundException'{0x000000008ec421b8}: org/gradle/api/internal/tasks/DefaultTaskCollectionCustomizer> (0x000000008ec421b8) 
thrown [s\src\hotspot\share\classfile\systemDictionary.cpp, line 312]
Event: 4.366 Thread 0x000001b07a4b7af0 Exception <a 'java/lang/ClassNotFoundException'{0x000000008eca0d40}: org/gradle/api/internal/tasks/DefaultTaskCollection_DecoratedCustomizer> (0x000000008eca0d40) 
thrown [s\src\hotspot\share\classfile\systemDictionary.cpp, line 312]
Event: 4.369 Thread 0x000001b07a4b7af0 Exception <a 'java/lang/NoSuchMethodError'{0x000000008eb0aa68}: 'long java.lang.invoke.DirectMethodHandle$Holder.invokeVirtual(java.lang.Object, java.lang.Object)'> (0x000000008eb0aa68) 
thrown [s\src\hotspot\share\interpreter\linkResolver.cpp, line 784]
Event: 4.370 Thread 0x000001b07a4b7460 Exception <a 'java/lang/NoSuchMethodError'{0x000000008eb37ba8}: static Lorg/gradle/internal/build/event/types/DefaultOperationFinishedProgressEvent;.<clinit>()V> (0x000000008eb37ba8) 
thrown [s\src\hotspot\share\prims\jni.cpp, line 1144]
Event: 4.371 Thread 0x000001b07a4b7460 Exception <a 'java/lang/NoSuchMethodError'{0x000000008eb92788}: static Lorg/gradle/internal/build/event/types/DefaultProjectConfigurationSuccessResult;.<clinit>()V> (0x000000008eb92788) 
thrown [s\src\hotspot\share\prims\jni.cpp, line 1144]
Event: 4.371 Thread 0x000001b07a4b7460 Exception <a 'java/lang/NoSuchMethodError'{0x000000008eb93da8}: static Lorg/gradle/internal/build/event/types/AbstractProjectConfigurationResult;.<clinit>()V> (0x000000008eb93da8) 
thrown [s\src\hotspot\share\prims\jni.cpp, line 1144]
Event: 4.371 Thread 0x000001b07a4b7460 Exception <a 'java/lang/NoSuchMethodError'{0x000000008eb95658}: static Lorg/gradle/internal/build/event/types/AbstractOperationResult;.<clinit>()V> (0x000000008eb95658) 
thrown [s\src\hotspot\share\prims\jni.cpp, line 1144]
Event: 4.371 Thread 0x000001b07a4b7460 Exception <a 'java/lang/NoSuchMethodError'{0x000000008eb96b18}: static Lorg/gradle/internal/build/event/types/AbstractResult;.<clinit>()V> (0x000000008eb96b18) 
thrown [s\src\hotspot\share\prims\jni.cpp, line 1144]
Event: 4.372 Thread 0x000001b07a4b7460 Exception <a 'java/lang/NoSuchMethodError'{0x000000008ebb0c10}: static Lorg/gradle/internal/build/event/types/DefaultPluginApplicationResult;.<clinit>()V> (0x000000008ebb0c10) 
thrown [s\src\hotspot\share\prims\jni.cpp, line 1144]
Event: 4.372 Thread 0x000001b07a4b7460 Exception <a 'java/lang/NoSuchMethodError'{0x000000008ebbda98}: static Lorg/gradle/internal/build/event/types/DefaultBinaryPluginIdentifier;.<clinit>()V> (0x000000008ebbda98) 
thrown [s\src\hotspot\share\prims\jni.cpp, line 1144]
Event: 4.372 Thread 0x000001b07a4b7460 Exception <a 'java/lang/NoSuchMethodError'{0x000000008ebd8830}: static Lorg/gradle/internal/build/event/types/DefaultScriptPluginIdentifier;.<clinit>()V> (0x000000008ebd8830) 
thrown [s\src\hotspot\share\prims\jni.cpp, line 1144]
Event: 4.452 Thread 0x000001b07a4b7af0 Implicit null exception at 0x000001b065c039dd to 0x000001b065c03eb0
Event: 4.452 Thread 0x000001b07a4b7af0 Implicit null exception at 0x000001b065c02d5f to 0x000001b065c0321c
Event: 4.571 Thread 0x000001b07a4b7af0 Exception <a 'java/lang/ClassNotFoundException'{0x00000000862d2b90}: org/gradle/api/internal/plugins/DefaultObjectConfigurationActionBeanInfo> (0x00000000862d2b90) 
thrown [s\src\hotspot\share\classfile\systemDictionary.cpp, line 312]
Event: 4.571 Thread 0x000001b07a4b7af0 Exception <a 'java/lang/ClassNotFoundException'{0x00000000862e68e8}: org/gradle/api/internal/plugins/DefaultObjectConfigurationActionCustomizer> (0x00000000862e68e8) 
thrown [s\src\hotspot\share\classfile\systemDictionary.cpp, line 312]
Event: 4.818 Thread 0x000001b07a4b7af0 Exception <a 'java/lang/NoSuchMethodError'{0x0000000086b02078}: 'int java.lang.invoke.DirectMethodHandle$Holder.invokeSpecialIFC(java.lang.Object, java.lang.Object, java.lang.Object, java.lang.Object, java.lang.Object)'> (0x0000000086b02078) 
thrown [s\src\hotspot\share\interpreter\linkResolver.cpp, line 784]

ZGC Phase Switch (0 events):
No events

VM Operations (20 events):
Event: 4.115 Executing VM operation: G1CollectForAllocation (G1 Evacuation Pause)
Event: 4.117 Executing VM operation: G1CollectForAllocation (G1 Evacuation Pause) done
Event: 4.335 Executing VM operation: G1CollectForAllocation (G1 Evacuation Pause)
Event: 4.337 Executing VM operation: G1CollectForAllocation (G1 Evacuation Pause) done
Event: 4.344 Executing VM operation: G1PauseRemark
Event: 4.346 Executing VM operation: G1PauseRemark done
Event: 4.350 Executing VM operation: G1PauseCleanup
Event: 4.350 Executing VM operation: G1PauseCleanup done
Event: 4.502 Executing VM operation: HandshakeAllThreads (Deoptimize)
Event: 4.502 Executing VM operation: HandshakeAllThreads (Deoptimize) done
Event: 4.580 Executing VM operation: ICBufferFull
Event: 4.580 Executing VM operation: ICBufferFull done
Event: 4.732 Executing VM operation: G1CollectForAllocation (G1 Evacuation Pause)
Event: 4.737 Executing VM operation: G1CollectForAllocation (G1 Evacuation Pause) done
Event: 4.866 Executing VM operation: HandshakeAllThreads (Deoptimize)
Event: 4.867 Executing VM operation: HandshakeAllThreads (Deoptimize) done
Event: 4.979 Executing VM operation: G1CollectForAllocation (G1 Evacuation Pause)
Event: 4.981 Executing VM operation: G1CollectForAllocation (G1 Evacuation Pause) done
Event: 5.996 Executing VM operation: Cleanup
Event: 5.996 Executing VM operation: Cleanup done

Memory protections (0 events):
No events

Nmethod flushes (20 events):
Event: 4.346 Thread 0x000001b073dac550 flushing  nmethod 0x000001b05e580790
Event: 4.346 Thread 0x000001b073dac550 flushing  nmethod 0x000001b05e580a90
Event: 4.346 Thread 0x000001b073dac550 flushing  nmethod 0x000001b05e581e90
Event: 4.346 Thread 0x000001b073dac550 flushing  nmethod 0x000001b05e583010
Event: 4.346 Thread 0x000001b073dac550 flushing  nmethod 0x000001b05e596290
Event: 4.346 Thread 0x000001b073dac550 flushing  nmethod 0x000001b05e599110
Event: 4.346 Thread 0x000001b073dac550 flushing  nmethod 0x000001b05e64b690
Event: 4.346 Thread 0x000001b073dac550 flushing  nmethod 0x000001b05e685e90
Event: 4.346 Thread 0x000001b073dac550 flushing  nmethod 0x000001b05e72f390
Event: 4.346 Thread 0x000001b073dac550 flushing  nmethod 0x000001b05e775290
Event: 4.346 Thread 0x000001b073dac550 flushing  nmethod 0x000001b05e776790
Event: 4.346 Thread 0x000001b073dac550 flushing  nmethod 0x000001b05e78b090
Event: 4.346 Thread 0x000001b073dac550 flushing  nmethod 0x000001b05e82a490
Event: 4.346 Thread 0x000001b073dac550 flushing  nmethod 0x000001b05e82d710
Event: 4.346 Thread 0x000001b073dac550 flushing  nmethod 0x000001b05e82da90
Event: 4.346 Thread 0x000001b073dac550 flushing  nmethod 0x000001b05e82df10
Event: 4.346 Thread 0x000001b073dac550 flushing  nmethod 0x000001b05e82e690
Event: 4.346 Thread 0x000001b073dac550 flushing  nmethod 0x000001b05e82ed10
Event: 4.346 Thread 0x000001b073dac550 flushing  nmethod 0x000001b05ea0e210
Event: 4.346 Thread 0x000001b073dac550 flushing  nmethod 0x000001b05ea0f310

Events (20 events):
Event: 3.803 Thread 0x000001b07a4b7af0 Thread added: 0x000001b0008935d0
Event: 3.803 Thread 0x000001b07a4b7af0 Thread added: 0x000001b0008907e0
Event: 3.803 Thread 0x000001b07a4b7af0 Thread added: 0x000001b000890e70
Event: 3.803 Thread 0x000001b07a4b7af0 Thread added: 0x000001b07eebbcd0
Event: 3.804 Thread 0x000001b07a4b7af0 Thread added: 0x000001b07eebc360
Event: 3.804 Thread 0x000001b07a4b7af0 Thread added: 0x000001b07eebe430
Event: 3.804 Thread 0x000001b07a4b7af0 Thread added: 0x000001b07eebd710
Event: 3.804 Thread 0x000001b07a4b7af0 Thread added: 0x000001b07eebeac0
Event: 3.804 Thread 0x000001b07a4b7af0 Thread added: 0x000001b07eebc9f0
Event: 3.805 Thread 0x000001b07a4b7af0 Thread added: 0x000001b07eebd080
Event: 3.805 Thread 0x000001b07a4b7af0 Thread added: 0x000001b07eebdda0
Event: 3.805 Thread 0x000001b07a4b7af0 Thread added: 0x000001b07eebf150
Event: 3.805 Thread 0x000001b07a4b7af0 Thread added: 0x000001b00050df90
Event: 3.805 Thread 0x000001b07a4b7af0 Thread added: 0x000001b00050ecb0
Event: 3.806 Thread 0x000001b07a4b7af0 Thread added: 0x000001b00050cbe0
Event: 3.806 Thread 0x000001b07a4b7af0 Thread added: 0x000001b00050f340
Event: 4.571 Thread 0x000001b073ec57f0 Thread exited: 0x000001b073ec57f0
Event: 4.650 Thread 0x000001b073ec6c60 Thread exited: 0x000001b073ec6c60
Event: 4.867 Thread 0x000001b07a4b7af0 Thread added: 0x000001b0005127c0
Event: 5.545 Thread 0x000001b073ec5120 Thread exited: 0x000001b073ec5120


Dynamic libraries:
0x00007ff74d4f0000 - 0x00007ff74d4fa000 	C:\Program Files\Android\Android Studio\jbr\bin\java.exe
0x00007ffd993a0000 - 0x00007ffd99607000 	C:\Windows\SYSTEM32\ntdll.dll
0x00007ffd985e0000 - 0x00007ffd986a9000 	C:\Windows\System32\KERNEL32.DLL
0x00007ffd96850000 - 0x00007ffd96c40000 	C:\Windows\System32\KERNELBASE.dll
0x00007ffd96fe0000 - 0x00007ffd9712b000 	C:\Windows\System32\ucrtbase.dll
0x00007ffd93540000 - 0x00007ffd9355b000 	C:\Program Files\Android\Android Studio\jbr\bin\VCRUNTIME140.dll
0x00007ffd662d0000 - 0x00007ffd662e8000 	C:\Program Files\Android\Android Studio\jbr\bin\jli.dll
0x00007ffd980c0000 - 0x00007ffd98285000 	C:\Windows\System32\USER32.dll
0x00007ffd96820000 - 0x00007ffd96847000 	C:\Windows\System32\win32u.dll
0x00007ffd98d40000 - 0x00007ffd98d6b000 	C:\Windows\System32\GDI32.dll
0x00007ffd96640000 - 0x00007ffd96778000 	C:\Windows\System32\gdi32full.dll
0x00007ffd81bb0000 - 0x00007ffd81e4a000 	C:\Windows\WinSxS\amd64_microsoft.windows.common-controls_6595b64144ccf1df_6.0.26100.4768_none_3e0c112ce331287c\COMCTL32.dll
0x00007ffd96590000 - 0x00007ffd96633000 	C:\Windows\System32\msvcp_win.dll
0x00007ffd98010000 - 0x00007ffd980b9000 	C:\Windows\System32\msvcrt.dll
0x00007ffd98a80000 - 0x00007ffd98aaf000 	C:\Windows\System32\IMM32.DLL
0x00007ffd93530000 - 0x00007ffd9353c000 	C:\Program Files\Android\Android Studio\jbr\bin\vcruntime140_1.dll
0x00007ffd44820000 - 0x00007ffd448ad000 	C:\Program Files\Android\Android Studio\jbr\bin\msvcp140.dll
0x00007ffd320c0000 - 0x00007ffd32d56000 	C:\Program Files\Android\Android Studio\jbr\bin\server\jvm.dll
0x00007ffd974f0000 - 0x00007ffd975a4000 	C:\Windows\System32\ADVAPI32.dll
0x00007ffd98e10000 - 0x00007ffd98eb6000 	C:\Windows\System32\sechost.dll
0x00007ffd98300000 - 0x00007ffd98418000 	C:\Windows\System32\RPCRT4.dll
0x00007ffd97d90000 - 0x00007ffd97e04000 	C:\Windows\System32\WS2_32.dll
0x00007ffd96330000 - 0x00007ffd9638e000 	C:\Windows\SYSTEM32\POWRPROF.dll
0x00007ffd839d0000 - 0x00007ffd839db000 	C:\Windows\SYSTEM32\VERSION.dll
0x00007ffd8e1a0000 - 0x00007ffd8e1d5000 	C:\Windows\SYSTEM32\WINMM.dll
0x00007ffd96310000 - 0x00007ffd96324000 	C:\Windows\SYSTEM32\UMPDC.dll
0x00007ffd95210000 - 0x00007ffd9522b000 	C:\Windows\SYSTEM32\kernel.appcore.dll
0x00007ffd912a0000 - 0x00007ffd912aa000 	C:\Program Files\Android\Android Studio\jbr\bin\jimage.dll
0x00007ffd81e90000 - 0x00007ffd820d1000 	C:\Windows\SYSTEM32\DBGHELP.DLL
0x00007ffd97160000 - 0x00007ffd974e5000 	C:\Windows\System32\combase.dll
0x00007ffd98440000 - 0x00007ffd98520000 	C:\Windows\System32\OLEAUT32.dll
0x00007ffd7d3f0000 - 0x00007ffd7d433000 	C:\Windows\SYSTEM32\dbgcore.DLL
0x00007ffd96780000 - 0x00007ffd96819000 	C:\Windows\System32\bcryptPrimitives.dll
0x00007ffd66870000 - 0x00007ffd6687e000 	C:\Program Files\Android\Android Studio\jbr\bin\instrument.dll
0x00007ffd91280000 - 0x00007ffd912a0000 	C:\Program Files\Android\Android Studio\jbr\bin\java.dll
0x00007ffd83830000 - 0x00007ffd83848000 	C:\Program Files\Android\Android Studio\jbr\bin\zip.dll
0x00007ffd97640000 - 0x00007ffd97d8d000 	C:\Windows\System32\SHELL32.dll
0x00007ffd96c50000 - 0x00007ffd96dc3000 	C:\Windows\System32\wintypes.dll
0x00007ffd94090000 - 0x00007ffd948f0000 	C:\Windows\SYSTEM32\windows.storage.dll
0x00007ffd98730000 - 0x00007ffd98825000 	C:\Windows\System32\SHCORE.dll
0x00007ffd98290000 - 0x00007ffd982fa000 	C:\Windows\System32\shlwapi.dll
0x00007ffd963f0000 - 0x00007ffd96419000 	C:\Windows\SYSTEM32\profapi.dll
0x00007ffd85430000 - 0x00007ffd85440000 	C:\Program Files\Android\Android Studio\jbr\bin\net.dll
0x00007ffd883a0000 - 0x00007ffd884be000 	C:\Windows\SYSTEM32\WINHTTP.dll
0x00007ffd95780000 - 0x00007ffd957eb000 	C:\Windows\system32\mswsock.dll
0x00007ffd83810000 - 0x00007ffd83826000 	C:\Program Files\Android\Android Studio\jbr\bin\nio.dll
0x00007ffd7a290000 - 0x00007ffd7a2a0000 	C:\Program Files\Android\Android Studio\jbr\bin\verify.dll
0x00007ffd6aad0000 - 0x00007ffd6aaf7000 	C:\Users\COMPUTER\.gradle\native\1def1411415f61bf3af743bc5b6707747c0891f09f0c88961ee8f79bc544acac\windows-amd64\native-platform.dll
0x00007ffd4d670000 - 0x00007ffd4d6e8000 	C:\Users\COMPUTER\.gradle\native\0.2.7\x86_64-windows-gnu\gradle-fileevents.dll
0x00007ffd83800000 - 0x00007ffd83809000 	C:\Program Files\Android\Android Studio\jbr\bin\management.dll
0x00007ffd80510000 - 0x00007ffd8051b000 	C:\Program Files\Android\Android Studio\jbr\bin\management_ext.dll
0x00007ffd98df0000 - 0x00007ffd98df8000 	C:\Windows\System32\PSAPI.DLL
0x00007ffd94c00000 - 0x00007ffd94c33000 	C:\Windows\SYSTEM32\IPHLPAPI.DLL
0x00007ffd98ec0000 - 0x00007ffd98eca000 	C:\Windows\System32\NSI.dll
0x00007ffd85370000 - 0x00007ffd85379000 	C:\Program Files\Android\Android Studio\jbr\bin\extnet.dll
0x00007ffd95b60000 - 0x00007ffd95b7b000 	C:\Windows\SYSTEM32\CRYPTSP.dll
0x00007ffd95170000 - 0x00007ffd951ab000 	C:\Windows\system32\rsaenh.dll
0x00007ffd95820000 - 0x00007ffd9584b000 	C:\Windows\SYSTEM32\USERENV.dll
0x00007ffd963c0000 - 0x00007ffd963e6000 	C:\Windows\SYSTEM32\bcrypt.dll
0x00007ffd959c0000 - 0x00007ffd959cc000 	C:\Windows\SYSTEM32\CRYPTBASE.dll
0x00007ffd6d1b0000 - 0x00007ffd6d1b8000 	C:\Windows\system32\wshunix.dll

JVMTI agents:
C:\Users\COMPUTER\.gradle\wrapper\dists\gradle-8.13-bin\5xuhj0ry160q40clulazy9h7d\gradle-8.13\lib\agents\gradle-instrumentation-agent-8.13.jar path:C:\Program Files\Android\Android Studio\jbr\bin\instrument.dll, loaded, initialized, instrumentlib options:none

dbghelp: loaded successfully - version: 4.0.5 - missing functions: none
symbol engine: initialized successfully - sym options: 0x614 - pdb path: .;C:\Program Files\Android\Android Studio\jbr\bin;C:\Windows\SYSTEM32;C:\Windows\WinSxS\amd64_microsoft.windows.common-controls_6595b64144ccf1df_6.0.26100.4768_none_3e0c112ce331287c;C:\Program Files\Android\Android Studio\jbr\bin\server;C:\Users\COMPUTER\.gradle\native\1def1411415f61bf3af743bc5b6707747c0891f09f0c88961ee8f79bc544acac\windows-amd64;C:\Users\COMPUTER\.gradle\native\0.2.7\x86_64-windows-gnu

VM Arguments:
jvm_args: --add-opens=java.base/java.lang=ALL-UNNAMED --add-opens=java.base/java.lang.invoke=ALL-UNNAMED --add-opens=java.base/java.util=ALL-UNNAMED --add-opens=java.prefs/java.util.prefs=ALL-UNNAMED --add-exports=jdk.compiler/com.sun.tools.javac.api=ALL-UNNAMED --add-exports=jdk.compiler/com.sun.tools.javac.util=ALL-UNNAMED --add-opens=java.base/java.util=ALL-UNNAMED --add-opens=java.prefs/java.util.prefs=ALL-UNNAMED --add-opens=java.base/java.nio.charset=ALL-UNNAMED --add-opens=java.base/java.net=ALL-UNNAMED --add-opens=java.base/java.util.concurrent.atomic=ALL-UNNAMED --add-opens=java.xml/javax.xml.namespace=ALL-UNNAMED -Xmx2048m -Dfile.encoding=UTF-8 -Duser.country=KR -Duser.language=ko -Duser.variant -javaagent:C:\Users\COMPUTER\.gradle\wrapper\dists\gradle-8.13-bin\5xuhj0ry160q40clulazy9h7d\gradle-8.13\lib\agents\gradle-instrumentation-agent-8.13.jar 
java_command: org.gradle.launcher.daemon.bootstrap.GradleDaemon 8.13
java_class_path (initial): C:\Users\COMPUTER\.gradle\wrapper\dists\gradle-8.13-bin\5xuhj0ry160q40clulazy9h7d\gradle-8.13\lib\gradle-daemon-main-8.13.jar
Launcher Type: SUN_STANDARD

[Global flags]
     intx CICompilerCount                          = 12                                        {product} {ergonomic}
     uint ConcGCThreads                            = 5                                         {product} {ergonomic}
     uint G1ConcRefinementThreads                  = 20                                        {product} {ergonomic}
   size_t G1HeapRegionSize                         = 1048576                                   {product} {ergonomic}
    uintx GCDrainStackTargetSize                   = 64                                        {product} {ergonomic}
   size_t InitialHeapSize                          = 264241152                                 {product} {ergonomic}
   size_t MarkStackSize                            = 4194304                                   {product} {ergonomic}
   size_t MaxHeapSize                              = 2147483648                                {product} {command line}
   size_t MaxNewSize                               = 1287651328                                {product} {ergonomic}
   size_t MinHeapDeltaBytes                        = 1048576                                   {product} {ergonomic}
   size_t MinHeapSize                              = 8388608                                   {product} {ergonomic}
    uintx NonNMethodCodeHeapSize                   = 7602480                                {pd product} {ergonomic}
    uintx NonProfiledCodeHeapSize                  = 122027880                              {pd product} {ergonomic}
    uintx ProfiledCodeHeapSize                     = 122027880                              {pd product} {ergonomic}
    uintx ReservedCodeCacheSize                    = 251658240                              {pd product} {ergonomic}
     bool SegmentedCodeCache                       = true                                      {product} {ergonomic}
   size_t SoftMaxHeapSize                          = 2147483648                             {manageable} {ergonomic}
     bool UseCompressedOops                        = true                           {product lp64_product} {ergonomic}
     bool UseG1GC                                  = true                                      {product} {ergonomic}
     bool UseLargePagesIndividualAllocation        = false                                  {pd product} {ergonomic}

Logging:
Log output configuration:
 #0: stdout all=warning uptime,level,tags foldmultilines=false
 #1: stderr all=off uptime,level,tags foldmultilines=false

Environment Variables:
PATH=C:\Program Files\Common Files\Oracle\Java\javapath;C:\Windows\system32;C:\Windows;C:\Windows\System32\Wbem;C:\Windows\System32\WindowsPowerShell\v1.0\;C:\Windows\System32\OpenSSH\;C:\Program Files (x86)\Windows Kits\10\Windows Performance Toolkit\;C:\Users\COMPUTER\AppData\Local\Android\Sdk\tools;C:\Users\COMPUTER\AppData\Local\Android\Sdk\platform-tools;C:\Program Files\Git\cmd;C:\Program Files\Git\bin\git.exe;C:\Program Files\Git\cmd\git.exe;C:\Users\COMPUTER\anaconda3;C:\Users\COMPUTER\anaconda3\Library\mingw-w64\bin;C:\Users\COMPUTER\anaconda3\Library\usr\bin;C:\Users\COMPUTER\anaconda3\Library\bin;C:\Users\COMPUTER\anaconda3\Scripts;C:\Users\COMPUTER\AppData\Local\Programs\Python\Launcher\;C:\Users\COMPUTER\AppData\Local\Microsoft\WindowsApps;C:\Users\COMPUTER\AppData\Local\GitHubDesktop\bin;C:\Program Files\JetBrains\IntelliJ IDEA Community Edition 2025.2\bin;C:\Users\COMPUTER\AppData\Local\Programs\Microsoft VS Code\bin;C:\Users\COMPUTER\AppData\Local\Android\Sdk;
USERNAME=COMPUTER
TMPDIR=C:\Users\Public\Documents\ESTsoft\CreatorTemp
OS=Windows_NT
PROCESSOR_IDENTIFIER=Intel64 Family 6 Model 183 Stepping 1, GenuineIntel
TMP=C:\Users\COMPUTER\AppData\Local\Temp
TEMP=C:\Users\COMPUTER\AppData\Local\Temp




Periodic native trim disabled

JNI global refs:
JNI global refs: 37, weak refs: 3

JNI global refs memory usage: 835, weak refs: 833

Process memory usage:
Resident Set Size: 382536K (2% of 16424388K total physical memory with 3008648K free physical memory)

OOME stack traces (most recent first):
Classloader memory used:
Loader org.gradle.internal.classloader.VisitableURLClassLoader                         : 38085K
Loader bootstrap                                                                       : 24490K
Loader org.gradle.initialization.MixInLegacyTypesClassLoader                           : 11681K
Loader org.gradle.internal.classloader.VisitableURLClassLoader$InstrumentingVisitableURLClassLoader: 5552K
Loader jdk.internal.loader.ClassLoaders$PlatformClassLoader                            : 551K
Loader jdk.internal.loader.ClassLoaders$AppClassLoader                                 : 235K
Loader jdk.internal.reflect.DelegatingClassLoader                                      : 178K
Loader org.gradle.internal.classloader.VisitableURLClassLoader                         : 124K
Loader org.gradle.groovy.scripts.internal.DefaultScriptCompilationHandler$ScriptClassLoader: 124K
Loader org.codehaus.groovy.runtime.callsite.CallSiteClassLoader                        : 17272B

Classes loaded by more than one classloader:
Class Program                                                                         : loaded 4 times (x 74B)
Class com.google.common.base.Equivalence$Identity                                     : loaded 2 times (x 82B)
Class com.google.common.collect.RegularImmutableMap$KeySet                            : loaded 2 times (x 152B)
Class org.gradle.internal.classloader.FilteringClassLoader                            : loaded 2 times (x 105B)
Class com.google.common.base.CharMatcher$IsEither                                     : loaded 2 times (x 111B)
Class org.gradle.internal.classloader.ClassLoaderHierarchy                            : loaded 2 times (x 70B)
Class com.google.common.util.concurrent.ExecutionError                                : loaded 2 times (x 82B)
Class com.google.common.collect.ImmutableList$1                                       : loaded 2 times (x 97B)
Class org.gradle.api.internal.classpath.ManifestUtil                                  : loaded 2 times (x 71B)
Class com.google.common.collect.RegularImmutableMap                                   : loaded 2 times (x 121B)
Class com.google.common.collect.ImmutableMap$MapViewOfValuesAsSingletonSets           : loaded 2 times (x 126B)
Class com.google.common.collect.UnmodifiableListIterator                              : loaded 2 times (x 95B)
Class [Lcom.google.common.cache.CacheBuilder$OneWeigher;                              : loaded 2 times (x 69B)
Class com.google.common.base.Suppliers                                                : loaded 2 times (x 71B)
Class org.gradle.internal.classloader.DefaultClassLoaderFactory                       : loaded 2 times (x 82B)
Class org.gradle.internal.classloader.ClassLoaderVisitor                              : loaded 2 times (x 76B)
Class [Lcom.google.common.collect.ImmutableMapEntry;                                  : loaded 2 times (x 69B)
Class org.gradle.api.internal.classpath.EffectiveClassPath                            : loaded 2 times (x 90B)
Class com.google.common.collect.ImmutableEnumMap                                      : loaded 2 times (x 126B)
Class org.gradle.api.internal.DefaultClassPathProvider                                : loaded 2 times (x 76B)
Class [Lorg.gradle.api.internal.ClassPathProvider;                                    : loaded 2 times (x 69B)
Class org.gradle.api.internal.ClassPathProvider                                       : loaded 2 times (x 70B)
Class com.google.common.cache.LocalCache$LocalLoadingCache                            : loaded 2 times (x 134B)
Class org.gradle.internal.service.UnknownServiceException                             : loaded 2 times (x 83B)
Class com.google.common.cache.LocalCache$Strength$1                                   : loaded 2 times (x 81B)
Class com.google.common.cache.LocalCache$Strength$2                                   : loaded 2 times (x 81B)
Class com.google.common.cache.LocalCache$Strength$3                                   : loaded 2 times (x 81B)
Class com.google.common.collect.MapDifference                                         : loaded 2 times (x 70B)
Class com.google.common.cache.CacheBuilder$NullListener                               : loaded 2 times (x 82B)
Class org.gradle.internal.classpath.TransformedClassPath                              : loaded 2 times (x 96B)
Class org.gradle.internal.classloader.InstrumentingClassLoader                        : loaded 2 times (x 70B)
Class com.google.common.cache.CacheLoader$FunctionToCacheLoader                       : loaded 2 times (x 75B)
Class com.google.common.collect.Iterators$ArrayItr                                    : loaded 2 times (x 97B)
Class com.google.common.collect.ImmutableCollection$Builder                           : loaded 2 times (x 76B)
Class com.google.common.base.MoreObjects                                              : loaded 2 times (x 71B)
Class com.google.common.collect.UnmodifiableIterator                                  : loaded 2 times (x 80B)
Class org.gradle.internal.service.ServiceLocator                                      : loaded 2 times (x 70B)
Class com.google.common.collect.SingletonImmutableBiMap                               : loaded 2 times (x 143B)
Class com.google.common.cache.LocalCache$1                                            : loaded 2 times (x 89B)
Class com.google.common.collect.AbstractMapEntry                                      : loaded 2 times (x 81B)
Class com.google.common.cache.LocalCache$2                                            : loaded 2 times (x 142B)
Class com.google.common.collect.RegularImmutableAsList                                : loaded 2 times (x 217B)
Class com.google.common.collect.Iterators                                             : loaded 2 times (x 71B)
Class com.google.common.util.concurrent.UncheckedExecutionException                   : loaded 2 times (x 82B)
Class org.gradle.kotlin.dsl.VersionCatalogAccessorsKt                                 : loaded 2 times (x 71B)
Class org.gradle.internal.InternalTransformer                                         : loaded 2 times (x 70B)
Class com.google.common.cache.CacheLoader$UnsupportedLoadingOperationException        : loaded 2 times (x 82B)
Class com.google.common.base.CharMatcher$And                                          : loaded 2 times (x 112B)
Class org.gradle.internal.classloader.ClasspathUtil$1                                 : loaded 2 times (x 76B)
Class com.google.common.collect.IndexedImmutableSet                                   : loaded 2 times (x 152B)
Class com.google.common.collect.ImmutableMap$1                                        : loaded 2 times (x 81B)
Class com.google.common.collect.BiMap                                                 : loaded 2 times (x 70B)
Class org.gradle.api.internal.classpath.DefaultModuleRegistry$DefaultModule           : loaded 2 times (x 86B)
Class com.google.common.collect.AbstractIterator                                      : loaded 2 times (x 82B)
Class com.google.common.collect.AbstractIndexedListIterator                           : loaded 2 times (x 96B)
Class com.google.common.math.MathPreconditions                                        : loaded 2 times (x 71B)
Class com.google.common.collect.ImmutableMapEntrySet                                  : loaded 2 times (x 152B)
Class org.gradle.api.internal.classpath.Module                                        : loaded 2 times (x 70B)
Class com.google.common.cache.Weigher                                                 : loaded 2 times (x 70B)
Class org.gradle.api.internal.classpath.UnknownModuleException                        : loaded 2 times (x 82B)
Class com.google.common.cache.LocalCache$Strength                                     : loaded 2 times (x 81B)
Class com.google.common.cache.Cache                                                   : loaded 2 times (x 70B)
Class com.google.common.collect.ImmutableMap$Builder                                  : loaded 2 times (x 82B)
Class com.google.common.cache.RemovalListener                                         : loaded 2 times (x 70B)
Class org.gradle.api.internal.DefaultClassPathRegistry                                : loaded 2 times (x 76B)
Class org.gradle.api.internal.ClassPathRegistry                                       : loaded 2 times (x 70B)
Class org.gradle.internal.classpath.DefaultClassPath$ImmutableUniqueList              : loaded 2 times (x 199B)
Class com.google.common.cache.CacheBuilder                                            : loaded 2 times (x 72B)
Class com.google.common.collect.SingletonImmutableList                                : loaded 2 times (x 207B)
Class com.google.common.base.PairwiseEquivalence                                      : loaded 2 times (x 83B)
Class Settings_gradle$1                                                               : loaded 2 times (x 74B)
Class org.gradle.internal.classpath.ClassPath                                         : loaded 2 times (x 70B)
Class org.gradle.api.UncheckedIOException                                             : loaded 2 times (x 82B)
Class com.google.common.collect.ImmutableList$ReverseImmutableList                    : loaded 2 times (x 209B)
Class ijJvmDebugger2_8g869j4xt9t70z2h08yspeiyl                                        : loaded 2 times (x 179B)
Class com.google.common.base.Suppliers$SupplierOfInstance                             : loaded 2 times (x 79B)
Class com.google.common.collect.Iterators$1                                           : loaded 2 times (x 81B)
Class com.google.common.cache.LocalCache$ComputingValueReference                      : loaded 2 times (x 96B)
Class com.google.common.collect.SingletonImmutableSet                                 : loaded 2 times (x 146B)
Class com.google.common.collect.ImmutableMap$IteratorBasedImmutableMap                : loaded 2 times (x 126B)
Class com.google.common.cache.LocalCache$Segment                                      : loaded 2 times (x 154B)
Class com.google.common.cache.CacheLoader                                             : loaded 2 times (x 74B)
Class com.google.common.collect.Iterators$4                                           : loaded 2 times (x 82B)
Class com.google.common.collect.ImmutableBiMap                                        : loaded 2 times (x 143B)
Class org.gradle.internal.installation.GradleInstallation$1                           : loaded 2 times (x 75B)
Class org.gradle.api.internal.classpath.ModuleRegistry                                : loaded 2 times (x 70B)
Class com.google.common.collect.Iterators$5                                           : loaded 2 times (x 82B)
Class com.google.common.collect.ImmutableSet$JdkBackedSetBuilderImpl                  : loaded 2 times (x 76B)
Class com.google.common.cache.LocalCache$LocalManualCache$1                           : loaded 2 times (x 75B)
Class com.google.common.base.CharMatcher$ForPredicate                                 : loaded 2 times (x 112B)
Class com.google.common.base.CharMatcher$AnyOf                                        : loaded 2 times (x 112B)
Class com.google.common.collect.ImmutableCollection                                   : loaded 2 times (x 125B)
Class org.gradle.api.internal.classpath.DefaultModuleRegistry                         : loaded 2 times (x 86B)
Class com.google.common.cache.ReferenceEntry                                          : loaded 2 times (x 70B)
Class com.google.common.base.Converter                                                : loaded 2 times (x 90B)
Class com.google.common.collect.ImmutableSet$CachingAsList                            : loaded 2 times (x 148B)
Class com.google.common.base.FunctionalEquivalence                                    : loaded 2 times (x 83B)
Class com.google.common.collect.Iterators$9                                           : loaded 2 times (x 81B)
Class com.google.common.collect.ImmutableAsList                                       : loaded 2 times (x 209B)
Class com.google.common.cache.CacheLoader$SupplierToCacheLoader                       : loaded 2 times (x 75B)
Class com.google.common.collect.Maps$EntryTransformer                                 : loaded 2 times (x 70B)
Class org.gradle.internal.service.ServiceLookupException                              : loaded 2 times (x 82B)
Class [Lcom.google.common.cache.LocalCache$EntryFactory;                              : loaded 2 times (x 69B)
Class ijKotlinCoroutineJvmDebugInit2_ezbr0y5lgx6mgpo6abq1y1nio$_run_closure1          : loaded 2 times (x 139B)
Class org.gradle.internal.classloader.ClassLoaderFactory                              : loaded 2 times (x 70B)
Class com.google.common.cache.LocalCache$LocalManualCache                             : loaded 2 times (x 99B)
Class com.google.common.base.CharMatcher$IsNot                                        : loaded 2 times (x 111B)
Class org.gradle.internal.service.CachingServiceLocator                               : loaded 2 times (x 82B)
Class com.google.common.math.IntMath                                                  : loaded 2 times (x 71B)
Class com.google.common.collect.ImmutableMapEntry                                     : loaded 2 times (x 85B)
Class ijKotlinCoroutineJvmDebugInit2_ezbr0y5lgx6mgpo6abq1y1nio                        : loaded 2 times (x 179B)
Class com.google.common.base.Equivalence                                              : loaded 2 times (x 82B)
Class com.google.common.base.Function                                                 : loaded 2 times (x 70B)
Class com.google.common.collect.ImmutableMapEntry$NonTerminalImmutableMapEntry        : loaded 2 times (x 85B)
Class com.google.common.cache.CacheBuilder$OneWeigher                                 : loaded 2 times (x 82B)
Class com.google.common.collect.RegularImmutableList                                  : loaded 2 times (x 213B)
Class org.gradle.internal.classloader.ClasspathUtil                                   : loaded 2 times (x 71B)
Class com.google.common.collect.Maps                                                  : loaded 2 times (x 71B)
Class ijJvmDebugger2_8g869j4xt9t70z2h08yspeiyl$_run_closure1                          : loaded 2 times (x 139B)
Class org.gradle.api.specs.Spec                                                       : loaded 2 times (x 70B)
Class [Lcom.google.common.collect.ImmutableEntry;                                     : loaded 2 times (x 69B)
Class com.google.common.cache.LocalCache$LoadingValueReference                        : loaded 2 times (x 96B)
Class ijJvmDebugger2_8g869j4xt9t70z2h08yspeiyl$_run_closure1$_closure2                : loaded 2 times (x 140B)
Class Build_gradle$1                                                                  : loaded 2 times (x 78B)
Class com.google.common.collect.Maps$8                                                : loaded 2 times (x 82B)
Class org.gradle.internal.classloader.VisitableURLClassLoader$InstrumentingVisitableURLClassLoader: loaded 2 times (x 123B)
Class [Lcom.google.common.cache.CacheBuilder$NullListener;                            : loaded 2 times (x 69B)
Class com.google.common.math.IntMath$1                                                : loaded 2 times (x 71B)
Class org.gradle.internal.classloader.VisitableURLClassLoader$Spec                    : loaded 2 times (x 74B)
Class org.gradle.internal.classpath.DefaultClassPath                                  : loaded 2 times (x 90B)
Class com.google.common.base.CharMatcher$Ascii                                        : loaded 2 times (x 112B)
Class com.google.common.base.CharMatcher$BitSetMatcher                                : loaded 2 times (x 112B)
Class com.google.common.collect.RegularImmutableMap$Values                            : loaded 2 times (x 207B)
Class com.google.common.collect.ImmutableSet                                          : loaded 2 times (x 145B)
Class org.gradle.internal.classloader.ClassLoaderSpec                                 : loaded 2 times (x 71B)
Class com.google.common.cache.CacheStats                                              : loaded 2 times (x 71B)
Class com.google.common.base.CharMatcher$Or                                           : loaded 2 times (x 112B)
Class Settings_gradle$1$1                                                             : loaded 2 times (x 74B)
Class com.google.common.base.Supplier                                                 : loaded 2 times (x 70B)
Class org.gradle.internal.classloader.VisitableURLClassLoader                         : loaded 2 times (x 117B)
Class Settings_gradle                                                                 : loaded 2 times (x 128B)
Class org.gradle.internal.Cast                                                        : loaded 2 times (x 71B)
Class org.gradle.api.Action                                                           : loaded 2 times (x 70B)
Class com.google.common.base.Ticker                                                   : loaded 2 times (x 72B)
Class com.google.common.base.CharMatcher$FastMatcher                                  : loaded 2 times (x 111B)
Class [Lcom.google.common.cache.LocalCache$Segment;                                   : loaded 2 times (x 69B)
Class [Lcom.google.common.cache.LocalCache$Strength;                                  : loaded 2 times (x 69B)
Class com.google.common.cache.CacheBuilder$1                                          : loaded 2 times (x 85B)
Class com.google.common.base.Predicate                                                : loaded 2 times (x 70B)
Class com.google.common.collect.ImmutableMap                                          : loaded 2 times (x 120B)
Class org.gradle.internal.classpath.DefaultClassPath$ImmutableUniqueList$Builder      : loaded 2 times (x 75B)
Class com.google.common.cache.LocalCache                                              : loaded 2 times (x 187B)
Class com.google.common.cache.CacheBuilder$2                                          : loaded 2 times (x 79B)
Class com.google.common.base.CharMatcher$NegatedFastMatcher                           : loaded 2 times (x 113B)
Class com.google.common.cache.CacheBuilder$3                                          : loaded 2 times (x 72B)
Class [Lcom.google.common.collect.AbstractMapEntry;                                   : loaded 2 times (x 69B)
Class com.google.common.collect.ImmutableEntry                                        : loaded 2 times (x 82B)
Class org.gradle.api.GradleException                                                  : loaded 2 times (x 82B)
Class com.google.common.collect.CollectPreconditions                                  : loaded 2 times (x 71B)
Class com.google.common.collect.SortedMapDifference                                   : loaded 2 times (x 70B)
Class com.google.common.cache.LocalCache$EntryFactory                                 : loaded 2 times (x 83B)
Class org.gradle.internal.IoActions                                                   : loaded 2 times (x 71B)
Class com.google.common.cache.CacheLoader$InvalidCacheLoadException                   : loaded 2 times (x 82B)
Class com.google.common.collect.ImmutableSet$RegularSetBuilderImpl                    : loaded 2 times (x 77B)
Class org.gradle.internal.classloader.SystemClassLoaderSpec                           : loaded 2 times (x 71B)
Class com.google.common.cache.LoadingCache                                            : loaded 2 times (x 70B)
Class [Lcom.google.common.cache.Weigher;                                              : loaded 2 times (x 69B)
Class com.google.common.collect.RegularImmutableMap$BucketOverflowException           : loaded 2 times (x 82B)
Class com.google.common.collect.RegularImmutableBiMap                                 : loaded 2 times (x 149B)
Class com.google.common.cache.LocalCache$ValueReference                               : loaded 2 times (x 70B)
Class com.google.common.base.CharMatcher$Negated                                      : loaded 2 times (x 113B)
Class com.google.common.base.CharMatcher$Is                                           : loaded 2 times (x 111B)
Class ijKotlinCoroutineJvmDebugInit2_ezbr0y5lgx6mgpo6abq1y1nio$_run_closure1$_closure2: loaded 2 times (x 139B)
Class com.google.common.base.Equivalence$Equals                                       : loaded 2 times (x 82B)
Class com.google.common.collect.Hashing                                               : loaded 2 times (x 71B)
Class com.google.common.base.Preconditions                                            : loaded 2 times (x 71B)
Class com.google.common.base.CharMatcher                                              : loaded 2 times (x 111B)
Class com.google.common.collect.PeekingIterator                                       : loaded 2 times (x 70B)
Class com.google.common.cache.LocalCache$EntryFactory$1                               : loaded 2 times (x 83B)
Class [Lcom.google.common.cache.RemovalListener;                                      : loaded 2 times (x 69B)
Class com.google.common.base.CharMatcher$NamedFastMatcher                             : loaded 2 times (x 112B)
Class com.google.common.base.CharMatcher$1                                            : loaded 2 times (x 113B)
Class com.google.common.cache.LocalCache$EntryFactory$2                               : loaded 2 times (x 83B)
Class org.gradle.api.internal.classpath.GlobalCacheRootsProvider                      : loaded 2 times (x 70B)
Class com.google.common.cache.LocalCache$EntryFactory$3                               : loaded 2 times (x 83B)
Class com.google.common.base.Ticker$1                                                 : loaded 2 times (x 72B)
Class com.google.common.collect.Maps$BiMapConverter                                   : loaded 2 times (x 90B)
Class com.google.common.collect.ImmutableMapEntrySet$RegularEntrySet                  : loaded 2 times (x 152B)
Class com.google.common.cache.LocalCache$EntryFactory$4                               : loaded 2 times (x 83B)
Class com.google.common.base.CharMatcher$InRange                                      : loaded 2 times (x 111B)
Class com.google.common.collect.ImmutableSet$Builder                                  : loaded 2 times (x 85B)
Class com.google.common.cache.LocalCache$EntryFactory$5                               : loaded 2 times (x 83B)
Class com.google.common.cache.LocalCache$EntryFactory$6                               : loaded 2 times (x 83B)
Class Build_gradle                                                                    : loaded 2 times (x 72B)
Class org.gradle.internal.installation.CurrentGradleInstallationLocator               : loaded 2 times (x 71B)
Class com.google.common.cache.LocalCache$EntryFactory$7                               : loaded 2 times (x 83B)
Class com.google.common.collect.ImmutableSet$EmptySetBuilderImpl                      : loaded 2 times (x 76B)
Class com.google.common.collect.ImmutableList                                         : loaded 2 times (x 206B)
Class org.gradle.internal.service.DefaultServiceLocator                               : loaded 2 times (x 83B)
Class com.google.common.cache.LocalCache$EntryFactory$8                               : loaded 2 times (x 83B)
Class com.google.common.collect.ImmutableSet$SetBuilderImpl                           : loaded 2 times (x 76B)
Class org.gradle.internal.installation.CurrentGradleInstallation                      : loaded 2 times (x 73B)
Class com.google.common.cache.CacheLoader$1                                           : loaded 2 times (x 75B)
Class com.google.common.collect.ImmutableList$SubList                                 : loaded 2 times (x 209B)
Class org.gradle.util.internal.GUtil                                                  : loaded 2 times (x 71B)
Class com.google.common.cache.AbstractCache$StatsCounter                              : loaded 2 times (x 70B)
Class com.google.common.collect.Iterators$MergingIterator                             : loaded 2 times (x 81B)
Class com.google.common.collect.RegularImmutableSet                                   : loaded 2 times (x 149B)
Class org.gradle.internal.installation.GradleInstallation                             : loaded 2 times (x 75B)
Class com.google.common.collect.Iterables                                             : loaded 2 times (x 71B)

---------------  S Y S T E M  ---------------

OS:
 Windows 11 , 64 bit Build 26100 (10.0.26100.4768)
OS uptime: 8 days 4:51 hours
Hyper-V role detected

CPU: total 28 (initial active 28) (14 cores per cpu, 2 threads per core) family 6 model 183 stepping 1 microcode 0x12b, cx8, cmov, fxsr, ht, mmx, 3dnowpref, sse, sse2, sse3, ssse3, sse4.1, sse4.2, popcnt, lzcnt, tsc, tscinvbit, avx, avx2, aes, erms, clmul, bmi1, bmi2, adx, sha, fma, vzeroupper, clflush, clflushopt, clwb, hv, serialize, rdtscp, rdpid, fsrm, f16c, cet_ibt, cet_ss
Processor Information for the first 28 processors :
  Max Mhz: 2100, Current Mhz: 2100, Mhz Limit: 2100

Memory: 4k page, system-wide physical 16039M (2921M free)
TotalPageFile size 65191M (AvailPageFile size 29M)
current process WorkingSet (physical memory assigned to process): 380M, peak: 404M
current process commit charge ("private bytes"): 448M, peak: 469M

vm_info: OpenJDK 64-Bit Server VM (21.0.8+-14196175-b1038.72) for windows-amd64 JRE (21.0.8+-14196175-b1038.72), built on 2025-10-01T10:24:33Z by "builder" with MS VC++ 16.10 / 16.11 (VS2019)

END.
