#
# There is insufficient memory for the Java Runtime Environment to continue.
# Native memory allocation (malloc) failed to allocate 1581776 bytes. Error detail: Chunk::new
# Possible reasons:
#   The system is out of physical RAM or swap space
#   This process is running with CompressedOops enabled, and the Java Heap may be blocking the growth of the native heap
# Possible solutions:
#   Reduce memory load on the system
#   Increase physical memory or swap space
#   Check if swap backing store is full
#   Decrease Java heap size (-Xmx/-Xms)
#   Decrease number of Java threads
#   Decrease Java thread stack sizes (-Xss)
#   Set larger code cache with -XX:ReservedCodeCacheSize=
#   JVM is running with Unscaled Compressed Oops mode in which the Java heap is
#     placed in the first 4GB address space. The Java Heap base address is the
#     maximum limit for the native heap growth. Please use -XX:HeapBaseMinAddress
#     to set the Java Heap base and to place the Java Heap above 4GB virtual address.
# This output file may be truncated or incomplete.
#
#  Out of Memory Error (arena.cpp:168), pid=24696, tid=10372
#
# JRE version: OpenJDK Runtime Environment (21.0.8) (build 21.0.8+-14196175-b1038.72)
# Java VM: OpenJDK 64-Bit Server VM (21.0.8+-14196175-b1038.72, mixed mode, tiered, compressed oops, compressed class ptrs, g1 gc, windows-amd64)
# No core dump will be written. Minidumps are not enabled by default on client versions of Windows
#

---------------  S U M M A R Y ------------

Command Line: --add-opens=java.base/java.lang=ALL-UNNAMED --add-opens=java.base/java.lang.invoke=ALL-UNNAMED --add-opens=java.base/java.util=ALL-UNNAMED --add-opens=java.prefs/java.util.prefs=ALL-UNNAMED --add-exports=jdk.compiler/com.sun.tools.javac.api=ALL-UNNAMED --add-exports=jdk.compiler/com.sun.tools.javac.util=ALL-UNNAMED --add-opens=java.base/java.util=ALL-UNNAMED --add-opens=java.prefs/java.util.prefs=ALL-UNNAMED --add-opens=java.base/java.nio.charset=ALL-UNNAMED --add-opens=java.base/java.net=ALL-UNNAMED --add-opens=java.base/java.util.concurrent.atomic=ALL-UNNAMED --add-opens=java.xml/javax.xml.namespace=ALL-UNNAMED -Xmx2048m -Dfile.encoding=UTF-8 -Duser.country=KR -Duser.language=ko -Duser.variant -javaagent:C:\Users\COMPUTER\.gradle\wrapper\dists\gradle-8.13-bin\5xuhj0ry160q40clulazy9h7d\gradle-8.13\lib\agents\gradle-instrumentation-agent-8.13.jar org.gradle.launcher.daemon.bootstrap.GradleDaemon 8.13

Host: Intel(R) Core(TM) i7-14700, 28 cores, 15G,  Windows 11 , 64 bit Build 26100 (10.0.26100.4768)
Time: Fri Nov 14 10:57:41 2025 elapsed time: 2493.054858 seconds (0d 0h 41m 33s)

---------------  T H R E A D  ---------------

Current thread (0x0000024f6c41c9d0):  JavaThread "C2 CompilerThread1" daemon [_thread_in_native, id=10372, stack(0x000000aa1df00000,0x000000aa1e000000) (1024K)]


Current CompileTask:
C2:2493054 54435 %     4       com.android.ide.common.resources.DataSet::appendToXml @ 115 (394 bytes)

Stack: [0x000000aa1df00000,0x000000aa1e000000]
Native frames: (J=compiled Java code, j=interpreted, Vv=VM code, C=native code)
V  [jvm.dll+0x6d68d9]
V  [jvm.dll+0x866693]
V  [jvm.dll+0x868c4e]
V  [jvm.dll+0x869333]
V  [jvm.dll+0x280566]
V  [jvm.dll+0xc07cd]
V  [jvm.dll+0xc0d03]
V  [jvm.dll+0x3b95e1]
V  [jvm.dll+0x385507]
V  [jvm.dll+0x38497a]
V  [jvm.dll+0x249252]
V  [jvm.dll+0x248821]
V  [jvm.dll+0x1c73a4]
V  [jvm.dll+0x257f9e]
V  [jvm.dll+0x2564e6]
V  [jvm.dll+0x3f4696]
V  [jvm.dll+0x80eac8]
V  [jvm.dll+0x6d512d]
C  [ucrtbase.dll+0x37b0]
C  [KERNEL32.DLL+0x2e8d7]
C  [ntdll.dll+0x3c34c]


---------------  P R O C E S S  ---------------

Threads class SMR info:
_java_thread_list=0x0000024f75953870, length=246, elements={
0x0000024f47db0b10, 0x0000024f6116b360, 0x0000024f611374d0, 0x0000024f61139f40,
0x0000024f6113afb0, 0x0000024f6113ba10, 0x0000024f611962f0, 0x0000024f61196d50,
0x0000024f611a1ef0, 0x0000024f611a25a0, 0x0000024f615feae0, 0x0000024f6657d280,
0x0000024f671f6cb0, 0x0000024f676726c0, 0x0000024f675ee8e0, 0x0000024f675ecea0,
0x0000024f675ed530, 0x0000024f6a162bc0, 0x0000024f6a163f70, 0x0000024f6a165320,
0x0000024f6a161ea0, 0x0000024f6a164c90, 0x0000024f6a168e30, 0x0000024f6b4e85d0,
0x0000024f6b4ea010, 0x0000024f6cb0c090, 0x0000024f6cb0c720, 0x0000024f6cb0dad0,
0x0000024f6d8913a0, 0x0000024f6dcead70, 0x0000024f6dcea050, 0x0000024f6dcea6e0,
0x0000024f6dceba90, 0x0000024f6ec92150, 0x0000024f6ec92e70, 0x0000024f6ec93b90,
0x0000024f745161f0, 0x0000024f74516880, 0x0000024f76024510, 0x0000024f76022440,
0x0000024f76022ad0, 0x0000024f76021720, 0x0000024f76021090, 0x0000024f76023160,
0x0000024f760237f0, 0x0000024f76023e80, 0x0000024f6e4df010, 0x0000024f6e4de2f0,
0x0000024f6c1a6bc0, 0x0000024f6c1a7250, 0x0000024f6c1a4af0, 0x0000024f6c1a3dd0,
0x0000024f6c1a5810, 0x0000024f5feec6c0, 0x0000024f675007a0, 0x0000024f674fd320,
0x0000024f674fd9b0, 0x0000024f79be1550, 0x0000024f79be0ec0, 0x0000024f79be1be0,
0x0000024f79be2270, 0x0000024f7eaf8720, 0x0000024f7eaf8090, 0x0000024f7eaf8db0,
0x0000024f7eaf6ce0, 0x0000024f7eaf6650, 0x0000024f7eaf7a00, 0x0000024f7eaf9440,
0x0000024f7eaf7370, 0x0000024f7715f130, 0x0000024f6c17dca0, 0x0000024f6c180400,
0x0000024f6c17fd70, 0x0000024f6c17e9c0, 0x0000024f76a4fbe0, 0x0000024f76ec4410,
0x0000024f76ec4aa0, 0x0000024f76ec5130, 0x0000024f76ec57c0, 0x0000024f6c91acc0,
0x0000024f6c91c070, 0x0000024f6c91dab0, 0x0000024f6c91e140, 0x0000024f6c91c700,
0x0000024f6c91b9e0, 0x0000024f6c91b350, 0x0000024f6c91d420, 0x0000024f6c91cd90,
0x0000024f676fb6f0, 0x0000024f676fd130, 0x0000024f676fbd80, 0x0000024f676fa9d0,
0x0000024f676fc410, 0x0000024f6c17f050, 0x0000024f6c17f6e0, 0x0000024f6c180a90,
0x0000024f6c17e330, 0x0000024f7400cb20, 0x0000024f7400c490, 0x0000024f7400b0e0,
0x0000024f7400b770, 0x0000024f740096a0, 0x0000024f74009d30, 0x0000024f7400a3c0,
0x0000024f7400aa50, 0x0000024f76a50270, 0x0000024f76a50f90, 0x0000024f676fde50,
0x0000024f676fcaa0, 0x0000024f676fd7c0, 0x0000024f676fb060, 0x0000024f75c46280,
0x0000024f75c45560, 0x0000024f75c46910, 0x0000024f75c45bf0, 0x0000024f75c46fa0,
0x0000024f75c47cc0, 0x0000024f75c489e0, 0x0000024f75c47630, 0x0000024f75c48350,
0x0000024f73fda190, 0x0000024f76a4f550, 0x0000024f76a4db10, 0x0000024f76a4e1a0,
0x0000024f76a4e830, 0x0000024f76a4eec0, 0x0000024f7f1e6110, 0x0000024f7f1e6e30,
0x0000024f7f1e7b50, 0x0000024f73fdb540, 0x0000024f7479a870, 0x0000024f73425790,
0x0000024f7479a1e0, 0x0000024f7479af00, 0x0000024f7479c940, 0x0000024f7479c2b0,
0x0000024f7479b590, 0x0000024f73425e20, 0x0000024f734243e0, 0x0000024f734271d0,
0x0000024f73425100, 0x0000024f73424a70, 0x0000024f734264b0, 0x0000024f734c4140,
0x0000024f734c3ab0, 0x0000024f734c47d0, 0x0000024f7715dd80, 0x0000024f73d2f5e0,
0x0000024f73d2fc70, 0x0000024f73d2ef50, 0x0000024f73d30990, 0x0000024f73d2e8c0,
0x0000024f73d31020, 0x0000024f73d2e230, 0x0000024f73d316b0, 0x0000024f73d30300,
0x0000024f79642060, 0x0000024f7963ff90, 0x0000024f796419d0, 0x0000024f79640620,
0x0000024f7715e410, 0x0000024f7715c340, 0x0000024f7715c9d0, 0x0000024f7715d060,
0x0000024f7715d6f0, 0x0000024f6b332bb0, 0x0000024f6b333240, 0x0000024f6b3338d0,
0x0000024f6b333f60, 0x0000024f78f8d240, 0x0000024f78f8ec80, 0x0000024f78f8d8d0,
0x0000024f78f8df60, 0x0000024f78f8e5f0, 0x0000024f78f8f310, 0x0000024f78f8f9a0,
0x0000024f78f90030, 0x0000024f78f906c0, 0x0000024f6ea2d8c0, 0x0000024f6ea2c510,
0x0000024f6ea2e5e0, 0x0000024f6ea2df50, 0x0000024f6ea2b160, 0x0000024f6ea2b7f0,
0x0000024f6ea2be80, 0x0000024f6ea2cba0, 0x0000024f6ea2d230, 0x0000024f6757bff0,
0x0000024f6757da30, 0x0000024f6757e0c0, 0x0000024f6757e750, 0x0000024f6757f470,
0x0000024f6757c680, 0x0000024f6757d3a0, 0x0000024f6757cd10, 0x0000024f6cb0cdb0,
0x0000024f6cb0d440, 0x0000024f6cb0e7f0, 0x0000024f6cb0ee80, 0x0000024f6cb12300,
0x0000024f6cb0ba00, 0x0000024f6cb0f510, 0x0000024f6cb0fba0, 0x0000024f6cb10230,
0x0000024f6cb10f50, 0x0000024f6cb11c70, 0x0000024f6cb115e0, 0x0000024f6cb108c0,
0x0000024f69e98160, 0x0000024f69e95a00, 0x0000024f69e96090, 0x0000024f69e96db0,
0x0000024f69e987f0, 0x0000024f69e96720, 0x0000024f7ef5c150, 0x0000024f7ef5bac0,
0x0000024f7ef5c7e0, 0x0000024f7ef5ce70, 0x0000024f76bbce30, 0x0000024f76bbc110,
0x0000024f76bbb3f0, 0x0000024f76bbc7a0, 0x0000024f76bbd4c0, 0x0000024f76bbad60,
0x0000024f76bba040, 0x0000024f76bba6d0, 0x0000024f76bbba80, 0x0000024f78116c90,
0x0000024f78116600, 0x0000024f78117320, 0x0000024f781186d0, 0x0000024f781193f0,
0x0000024f78119a80, 0x0000024f78ba0880, 0x0000024f751ef430, 0x0000024f751f1b90,
0x0000024f751f2220, 0x0000024f751f28b0, 0x0000024f751efac0, 0x0000024f751f1500,
0x0000024f751f0150, 0x0000024f6c41c9d0, 0x0000024f783342f0, 0x0000024f68eb4f20,
0x0000024f68eb6390, 0x0000024f74b10590
}

Java Threads: ( => current thread )
  0x0000024f47db0b10 JavaThread "main"                              [_thread_blocked, id=25832, stack(0x000000aa0d300000,0x000000aa0d400000) (1024K)]
  0x0000024f6116b360 JavaThread "Common-Cleaner"             daemon [_thread_blocked, id=14952, stack(0x000000aa0db00000,0x000000aa0dc00000) (1024K)]
  0x0000024f611374d0 JavaThread "Reference Handler"          daemon [_thread_blocked, id=25492, stack(0x000000aa0dc00000,0x000000aa0dd00000) (1024K)]
  0x0000024f61139f40 JavaThread "Finalizer"                  daemon [_thread_blocked, id=9780, stack(0x000000aa0dd00000,0x000000aa0de00000) (1024K)]
  0x0000024f6113afb0 JavaThread "Signal Dispatcher"          daemon [_thread_blocked, id=12960, stack(0x000000aa0de00000,0x000000aa0df00000) (1024K)]
  0x0000024f6113ba10 JavaThread "Attach Listener"            daemon [_thread_blocked, id=21376, stack(0x000000aa0df00000,0x000000aa0e000000) (1024K)]
  0x0000024f611962f0 JavaThread "Service Thread"             daemon [_thread_blocked, id=18948, stack(0x000000aa0e000000,0x000000aa0e100000) (1024K)]
  0x0000024f61196d50 JavaThread "Monitor Deflation Thread"   daemon [_thread_blocked, id=23560, stack(0x000000aa0e100000,0x000000aa0e200000) (1024K)]
  0x0000024f611a1ef0 JavaThread "C2 CompilerThread0"         daemon [_thread_blocked, id=6016, stack(0x000000aa0e200000,0x000000aa0e300000) (1024K)]
  0x0000024f611a25a0 JavaThread "C1 CompilerThread0"         daemon [_thread_blocked, id=8260, stack(0x000000aa0e300000,0x000000aa0e400000) (1024K)]
  0x0000024f615feae0 JavaThread "Notification Thread"        daemon [_thread_blocked, id=12748, stack(0x000000aa0e600000,0x000000aa0e700000) (1024K)]
  0x0000024f6657d280 JavaThread "Daemon health stats"               [_thread_blocked, id=21948, stack(0x000000aa0e900000,0x000000aa0ea00000) (1024K)]
  0x0000024f671f6cb0 JavaThread "Incoming local TCP Connector on port 50459"        [_thread_in_native, id=10448, stack(0x000000aa0ea00000,0x000000aa0eb00000) (1024K)]
  0x0000024f676726c0 JavaThread "Daemon periodic checks"            [_thread_blocked, id=9464, stack(0x000000aa0f100000,0x000000aa0f200000) (1024K)]
  0x0000024f675ee8e0 JavaThread "Cache worker for journal cache (C:\Users\COMPUTER\.gradle\caches\journal-1)"        [_thread_blocked, id=10900, stack(0x000000aa10b00000,0x000000aa10c00000) (1024K)]
  0x0000024f675ecea0 JavaThread "File lock request listener"        [_thread_in_native, id=11744, stack(0x000000aa10c00000,0x000000aa10d00000) (1024K)]
  0x0000024f675ed530 JavaThread "Cache worker for file hash cache (C:\Users\COMPUTER\.gradle\caches\8.13\fileHashes)"        [_thread_blocked, id=20000, stack(0x000000aa10d00000,0x000000aa10e00000) (1024K)]
  0x0000024f6a162bc0 JavaThread "File watcher server"        daemon [_thread_in_native, id=8884, stack(0x000000aa11100000,0x000000aa11200000) (1024K)]
  0x0000024f6a163f70 JavaThread "File watcher consumer"      daemon [_thread_blocked, id=9316, stack(0x000000aa11200000,0x000000aa11300000) (1024K)]
  0x0000024f6a165320 JavaThread "jar transforms"                    [_thread_blocked, id=21380, stack(0x000000aa11300000,0x000000aa11400000) (1024K)]
  0x0000024f6a161ea0 JavaThread "jar transforms Thread 2"           [_thread_blocked, id=19324, stack(0x000000aa11400000,0x000000aa11500000) (1024K)]
  0x0000024f6a164c90 JavaThread "Cache worker for file content cache (C:\Users\COMPUTER\.gradle\caches\8.13\fileContent)"        [_thread_blocked, id=2040, stack(0x000000aa11700000,0x000000aa11800000) (1024K)]
  0x0000024f6a168e30 JavaThread "jar transforms Thread 3"           [_thread_blocked, id=1088, stack(0x000000aa11800000,0x000000aa11900000) (1024K)]
  0x0000024f6b4e85d0 JavaThread "jar transforms Thread 4"           [_thread_blocked, id=21408, stack(0x000000aa12400000,0x000000aa12500000) (1024K)]
  0x0000024f6b4ea010 JavaThread "jar transforms Thread 5"           [_thread_blocked, id=1984, stack(0x000000aa12500000,0x000000aa12600000) (1024K)]
  0x0000024f6cb0c090 JavaThread "jar transforms Thread 6"           [_thread_blocked, id=20792, stack(0x000000aa12b00000,0x000000aa12c00000) (1024K)]
  0x0000024f6cb0c720 JavaThread "jar transforms Thread 7"           [_thread_blocked, id=14692, stack(0x000000aa12c00000,0x000000aa12d00000) (1024K)]
  0x0000024f6cb0dad0 JavaThread "jar transforms Thread 8"           [_thread_blocked, id=2536, stack(0x000000aa12d00000,0x000000aa12e00000) (1024K)]
  0x0000024f6d8913a0 JavaThread "Memory manager"                    [_thread_blocked, id=26532, stack(0x000000aa18000000,0x000000aa18100000) (1024K)]
  0x0000024f6dcead70 JavaThread "RMI Scheduler(0)"           daemon [_thread_blocked, id=25180, stack(0x000000aa21200000,0x000000aa21300000) (1024K)]
  0x0000024f6dcea050 JavaThread "RMI GC Daemon"              daemon [_thread_blocked, id=24324, stack(0x000000aa29400000,0x000000aa29500000) (1024K)]
  0x0000024f6dcea6e0 JavaThread "RMI TCP Accept-0"           daemon [_thread_in_native, id=19772, stack(0x000000aa29500000,0x000000aa29600000) (1024K)]
  0x0000024f6dceba90 JavaThread "RMI Reaper"                        [_thread_blocked, id=6644, stack(0x000000aa29600000,0x000000aa29700000) (1024K)]
  0x0000024f6ec92150 JavaThread "jar transforms Thread 9"           [_thread_blocked, id=9852, stack(0x000000aa0fe00000,0x000000aa0ff00000) (1024K)]
  0x0000024f6ec92e70 JavaThread "jar transforms Thread 10"          [_thread_blocked, id=16972, stack(0x000000aa0ff00000,0x000000aa10000000) (1024K)]
  0x0000024f6ec93b90 JavaThread "jar transforms Thread 11"          [_thread_blocked, id=13988, stack(0x000000aa10000000,0x000000aa10100000) (1024K)]
  0x0000024f745161f0 JavaThread "jar transforms Thread 12"          [_thread_blocked, id=21444, stack(0x000000aa10e00000,0x000000aa10f00000) (1024K)]
  0x0000024f74516880 JavaThread "jar transforms Thread 13"          [_thread_blocked, id=26092, stack(0x000000aa10f00000,0x000000aa11000000) (1024K)]
  0x0000024f76024510 JavaThread "jar transforms Thread 14"          [_thread_blocked, id=26028, stack(0x000000aa11000000,0x000000aa11100000) (1024K)]
  0x0000024f76022440 JavaThread "jar transforms Thread 15"          [_thread_blocked, id=3488, stack(0x000000aa11500000,0x000000aa11600000) (1024K)]
  0x0000024f76022ad0 JavaThread "jar transforms Thread 16"          [_thread_blocked, id=10008, stack(0x000000aa11600000,0x000000aa11700000) (1024K)]
  0x0000024f76021720 JavaThread "jar transforms Thread 17"          [_thread_blocked, id=16876, stack(0x000000aa11900000,0x000000aa11a00000) (1024K)]
  0x0000024f76021090 JavaThread "jar transforms Thread 18"          [_thread_blocked, id=14612, stack(0x000000aa11a00000,0x000000aa11b00000) (1024K)]
  0x0000024f76023160 JavaThread "jar transforms Thread 19"          [_thread_blocked, id=24124, stack(0x000000aa11b00000,0x000000aa11c00000) (1024K)]
  0x0000024f760237f0 JavaThread "jar transforms Thread 20"          [_thread_blocked, id=17172, stack(0x000000aa11c00000,0x000000aa11d00000) (1024K)]
  0x0000024f76023e80 JavaThread "jar transforms Thread 21"          [_thread_blocked, id=24016, stack(0x000000aa11d00000,0x000000aa11e00000) (1024K)]
  0x0000024f6e4df010 JavaThread "jar transforms Thread 22"          [_thread_blocked, id=20888, stack(0x000000aa11e00000,0x000000aa11f00000) (1024K)]
  0x0000024f6e4de2f0 JavaThread "jar transforms Thread 23"          [_thread_blocked, id=11912, stack(0x000000aa11f00000,0x000000aa12000000) (1024K)]
  0x0000024f6c1a6bc0 JavaThread "jar transforms Thread 24"          [_thread_blocked, id=23656, stack(0x000000aa12000000,0x000000aa12100000) (1024K)]
  0x0000024f6c1a7250 JavaThread "jar transforms Thread 25"          [_thread_blocked, id=21632, stack(0x000000aa12100000,0x000000aa12200000) (1024K)]
  0x0000024f6c1a4af0 JavaThread "jar transforms Thread 26"          [_thread_blocked, id=20616, stack(0x000000aa12200000,0x000000aa12300000) (1024K)]
  0x0000024f6c1a3dd0 JavaThread "jar transforms Thread 27"          [_thread_blocked, id=16736, stack(0x000000aa12300000,0x000000aa12400000) (1024K)]
  0x0000024f6c1a5810 JavaThread "jar transforms Thread 28"          [_thread_blocked, id=22160, stack(0x000000aa12600000,0x000000aa12700000) (1024K)]
  0x0000024f5feec6c0 JavaThread "Daemon Thread 8"                   [_thread_blocked, id=25728, stack(0x000000aa0d000000,0x000000aa0d100000) (1024K)]
  0x0000024f675007a0 JavaThread "Handler for socket connection from /127.0.0.1:50459 to /127.0.0.1:65042"        [_thread_in_native, id=16228, stack(0x000000aa0d100000,0x000000aa0d200000) (1024K)]
  0x0000024f674fd320 JavaThread "Cancel handler"                    [_thread_blocked, id=1620, stack(0x000000aa0d200000,0x000000aa0d300000) (1024K)]
  0x0000024f674fd9b0 JavaThread "Daemon worker Thread 7"            [_thread_blocked, id=23208, stack(0x000000aa0e400000,0x000000aa0e500000) (1024K)]
  0x0000024f79be1550 JavaThread "Asynchronous log dispatcher for DefaultDaemonConnection: socket connection from /127.0.0.1:50459 to /127.0.0.1:65042"        [_thread_blocked, id=5872, stack(0x000000aa0e500000,0x000000aa0e600000) (1024K)]
  0x0000024f79be0ec0 JavaThread "Stdin handler"                     [_thread_blocked, id=1940, stack(0x000000aa0e700000,0x000000aa0e800000) (1024K)]
  0x0000024f79be1be0 JavaThread "Daemon client event forwarder"        [_thread_blocked, id=22628, stack(0x000000aa0e800000,0x000000aa0e900000) (1024K)]
  0x0000024f79be2270 JavaThread "Cache worker for file hash cache (D:\project_1.4v\.gradle\8.13\fileHashes)"        [_thread_in_native, id=19440, stack(0x000000aa0f000000,0x000000aa0f100000) (1024K)]
  0x0000024f7eaf8720 JavaThread "Cache worker for Build Output Cleanup Cache (D:\project_1.4v\.gradle\buildOutputCleanup)"        [_thread_blocked, id=26104, stack(0x000000aa0fa00000,0x000000aa0fb00000) (1024K)]
  0x0000024f7eaf8090 JavaThread "Cache worker for checksums cache (D:\project_1.4v\.gradle\8.13\checksums)"        [_thread_blocked, id=1848, stack(0x000000aa0fb00000,0x000000aa0fc00000) (1024K)]
  0x0000024f7eaf8db0 JavaThread "Cache worker for cache directory md-supplier (C:\Users\COMPUTER\.gradle\caches\8.13\md-supplier)"        [_thread_blocked, id=16792, stack(0x000000aa0fc00000,0x000000aa0fd00000) (1024K)]
  0x0000024f7eaf6ce0 JavaThread "Cache worker for cache directory md-rule (C:\Users\COMPUTER\.gradle\caches\8.13\md-rule)"        [_thread_blocked, id=10888, stack(0x000000aa0fd00000,0x000000aa0fe00000) (1024K)]
  0x0000024f7eaf6650 JavaThread "Unconstrained build operations"        [_thread_blocked, id=13432, stack(0x000000aa12700000,0x000000aa12800000) (1024K)]
  0x0000024f7eaf7a00 JavaThread "Unconstrained build operations Thread 2"        [_thread_blocked, id=24800, stack(0x000000aa12800000,0x000000aa12900000) (1024K)]
  0x0000024f7eaf9440 JavaThread "Unconstrained build operations Thread 3"        [_thread_blocked, id=10396, stack(0x000000aa12900000,0x000000aa12a00000) (1024K)]
  0x0000024f7eaf7370 JavaThread "Unconstrained build operations Thread 4"        [_thread_blocked, id=8740, stack(0x000000aa12a00000,0x000000aa12b00000) (1024K)]
  0x0000024f7715f130 JavaThread "Unconstrained build operations Thread 5"        [_thread_blocked, id=1360, stack(0x000000aa12e00000,0x000000aa12f00000) (1024K)]
  0x0000024f6c17dca0 JavaThread "Unconstrained build operations Thread 6"        [_thread_blocked, id=18700, stack(0x000000aa13200000,0x000000aa13300000) (1024K)]
  0x0000024f6c180400 JavaThread "Unconstrained build operations Thread 7"        [_thread_blocked, id=17444, stack(0x000000aa13300000,0x000000aa13400000) (1024K)]
  0x0000024f6c17fd70 JavaThread "Unconstrained build operations Thread 8"        [_thread_blocked, id=6456, stack(0x000000aa13400000,0x000000aa13500000) (1024K)]
  0x0000024f6c17e9c0 JavaThread "Unconstrained build operations Thread 9"        [_thread_blocked, id=9440, stack(0x000000aa13500000,0x000000aa13600000) (1024K)]
  0x0000024f76a4fbe0 JavaThread "Unconstrained build operations Thread 10"        [_thread_blocked, id=23596, stack(0x000000aa13600000,0x000000aa13700000) (1024K)]
  0x0000024f76ec4410 JavaThread "Unconstrained build operations Thread 11"        [_thread_blocked, id=9064, stack(0x000000aa13800000,0x000000aa13900000) (1024K)]
  0x0000024f76ec4aa0 JavaThread "Unconstrained build operations Thread 12"        [_thread_blocked, id=12868, stack(0x000000aa13900000,0x000000aa13a00000) (1024K)]
  0x0000024f76ec5130 JavaThread "Unconstrained build operations Thread 13"        [_thread_blocked, id=19636, stack(0x000000aa13a00000,0x000000aa13b00000) (1024K)]
  0x0000024f76ec57c0 JavaThread "Unconstrained build operations Thread 14"        [_thread_blocked, id=25232, stack(0x000000aa13b00000,0x000000aa13c00000) (1024K)]
  0x0000024f6c91acc0 JavaThread "Unconstrained build operations Thread 15"        [_thread_blocked, id=21392, stack(0x000000aa13c00000,0x000000aa13d00000) (1024K)]
  0x0000024f6c91c070 JavaThread "Unconstrained build operations Thread 16"        [_thread_blocked, id=14252, stack(0x000000aa13d00000,0x000000aa13e00000) (1024K)]
  0x0000024f6c91dab0 JavaThread "Unconstrained build operations Thread 17"        [_thread_blocked, id=12992, stack(0x000000aa13e00000,0x000000aa13f00000) (1024K)]
  0x0000024f6c91e140 JavaThread "Unconstrained build operations Thread 18"        [_thread_blocked, id=5380, stack(0x000000aa13f00000,0x000000aa14000000) (1024K)]
  0x0000024f6c91c700 JavaThread "Unconstrained build operations Thread 19"        [_thread_blocked, id=15412, stack(0x000000aa14000000,0x000000aa14100000) (1024K)]
  0x0000024f6c91b9e0 JavaThread "Unconstrained build operations Thread 20"        [_thread_blocked, id=7888, stack(0x000000aa14100000,0x000000aa14200000) (1024K)]
  0x0000024f6c91b350 JavaThread "Unconstrained build operations Thread 21"        [_thread_blocked, id=25376, stack(0x000000aa14200000,0x000000aa14300000) (1024K)]
  0x0000024f6c91d420 JavaThread "Unconstrained build operations Thread 22"        [_thread_blocked, id=24296, stack(0x000000aa14300000,0x000000aa14400000) (1024K)]
  0x0000024f6c91cd90 JavaThread "Unconstrained build operations Thread 23"        [_thread_blocked, id=23580, stack(0x000000aa14400000,0x000000aa14500000) (1024K)]
  0x0000024f676fb6f0 JavaThread "Unconstrained build operations Thread 24"        [_thread_blocked, id=9116, stack(0x000000aa14500000,0x000000aa14600000) (1024K)]
  0x0000024f676fd130 JavaThread "Unconstrained build operations Thread 25"        [_thread_blocked, id=17188, stack(0x000000aa14600000,0x000000aa14700000) (1024K)]
  0x0000024f676fbd80 JavaThread "Unconstrained build operations Thread 26"        [_thread_blocked, id=21036, stack(0x000000aa14700000,0x000000aa14800000) (1024K)]
  0x0000024f676fa9d0 JavaThread "Unconstrained build operations Thread 27"        [_thread_blocked, id=4924, stack(0x000000aa14800000,0x000000aa14900000) (1024K)]
  0x0000024f676fc410 JavaThread "Unconstrained build operations Thread 28"        [_thread_blocked, id=20584, stack(0x000000aa14900000,0x000000aa14a00000) (1024K)]
  0x0000024f6c17f050 JavaThread "Unconstrained build operations Thread 29"        [_thread_blocked, id=6360, stack(0x000000aa14a00000,0x000000aa14b00000) (1024K)]
  0x0000024f6c17f6e0 JavaThread "Unconstrained build operations Thread 30"        [_thread_blocked, id=4840, stack(0x000000aa14b00000,0x000000aa14c00000) (1024K)]
  0x0000024f6c180a90 JavaThread "Unconstrained build operations Thread 31"        [_thread_blocked, id=19500, stack(0x000000aa14c00000,0x000000aa14d00000) (1024K)]
  0x0000024f6c17e330 JavaThread "Unconstrained build operations Thread 32"        [_thread_blocked, id=9768, stack(0x000000aa14d00000,0x000000aa14e00000) (1024K)]
  0x0000024f7400cb20 JavaThread "Unconstrained build operations Thread 33"        [_thread_blocked, id=25536, stack(0x000000aa14e00000,0x000000aa14f00000) (1024K)]
  0x0000024f7400c490 JavaThread "Unconstrained build operations Thread 34"        [_thread_blocked, id=14848, stack(0x000000aa14f00000,0x000000aa15000000) (1024K)]
  0x0000024f7400b0e0 JavaThread "Unconstrained build operations Thread 35"        [_thread_blocked, id=6092, stack(0x000000aa15000000,0x000000aa15100000) (1024K)]
  0x0000024f7400b770 JavaThread "Unconstrained build operations Thread 36"        [_thread_blocked, id=8464, stack(0x000000aa15100000,0x000000aa15200000) (1024K)]
  0x0000024f740096a0 JavaThread "Unconstrained build operations Thread 37"        [_thread_blocked, id=24044, stack(0x000000aa15200000,0x000000aa15300000) (1024K)]
  0x0000024f74009d30 JavaThread "Unconstrained build operations Thread 38"        [_thread_blocked, id=6120, stack(0x000000aa15300000,0x000000aa15400000) (1024K)]
  0x0000024f7400a3c0 JavaThread "Unconstrained build operations Thread 39"        [_thread_blocked, id=20324, stack(0x000000aa15400000,0x000000aa15500000) (1024K)]
  0x0000024f7400aa50 JavaThread "Unconstrained build operations Thread 40"        [_thread_blocked, id=22380, stack(0x000000aa15500000,0x000000aa15600000) (1024K)]
  0x0000024f76a50270 JavaThread "Unconstrained build operations Thread 41"        [_thread_blocked, id=16668, stack(0x000000aa15600000,0x000000aa15700000) (1024K)]
  0x0000024f76a50f90 JavaThread "Unconstrained build operations Thread 42"        [_thread_blocked, id=12284, stack(0x000000aa15700000,0x000000aa15800000) (1024K)]
  0x0000024f676fde50 JavaThread "Unconstrained build operations Thread 43"        [_thread_blocked, id=17112, stack(0x000000aa15800000,0x000000aa15900000) (1024K)]
  0x0000024f676fcaa0 JavaThread "Unconstrained build operations Thread 44"        [_thread_blocked, id=16476, stack(0x000000aa15900000,0x000000aa15a00000) (1024K)]
  0x0000024f676fd7c0 JavaThread "Unconstrained build operations Thread 45"        [_thread_blocked, id=16008, stack(0x000000aa15a00000,0x000000aa15b00000) (1024K)]
  0x0000024f676fb060 JavaThread "Unconstrained build operations Thread 46"        [_thread_blocked, id=14484, stack(0x000000aa15b00000,0x000000aa15c00000) (1024K)]
  0x0000024f75c46280 JavaThread "Unconstrained build operations Thread 47"        [_thread_blocked, id=22532, stack(0x000000aa15c00000,0x000000aa15d00000) (1024K)]
  0x0000024f75c45560 JavaThread "Unconstrained build operations Thread 48"        [_thread_blocked, id=15800, stack(0x000000aa15d00000,0x000000aa15e00000) (1024K)]
  0x0000024f75c46910 JavaThread "Unconstrained build operations Thread 49"        [_thread_blocked, id=1924, stack(0x000000aa15e00000,0x000000aa15f00000) (1024K)]
  0x0000024f75c45bf0 JavaThread "Unconstrained build operations Thread 50"        [_thread_blocked, id=17340, stack(0x000000aa15f00000,0x000000aa16000000) (1024K)]
  0x0000024f75c46fa0 JavaThread "Unconstrained build operations Thread 51"        [_thread_blocked, id=14472, stack(0x000000aa16000000,0x000000aa16100000) (1024K)]
  0x0000024f75c47cc0 JavaThread "Unconstrained build operations Thread 52"        [_thread_blocked, id=460, stack(0x000000aa16100000,0x000000aa16200000) (1024K)]
  0x0000024f75c489e0 JavaThread "Unconstrained build operations Thread 53"        [_thread_blocked, id=14720, stack(0x000000aa16200000,0x000000aa16300000) (1024K)]
  0x0000024f75c47630 JavaThread "Unconstrained build operations Thread 54"        [_thread_blocked, id=8384, stack(0x000000aa16300000,0x000000aa16400000) (1024K)]
  0x0000024f75c48350 JavaThread "Unconstrained build operations Thread 55"        [_thread_blocked, id=16316, stack(0x000000aa16400000,0x000000aa16500000) (1024K)]
  0x0000024f73fda190 JavaThread "Unconstrained build operations Thread 56"        [_thread_blocked, id=8480, stack(0x000000aa16500000,0x000000aa16600000) (1024K)]
  0x0000024f76a4f550 JavaThread "Unconstrained build operations Thread 57"        [_thread_blocked, id=19384, stack(0x000000aa16600000,0x000000aa16700000) (1024K)]
  0x0000024f76a4db10 JavaThread "Unconstrained build operations Thread 58"        [_thread_blocked, id=15424, stack(0x000000aa16700000,0x000000aa16800000) (1024K)]
  0x0000024f76a4e1a0 JavaThread "Unconstrained build operations Thread 59"        [_thread_blocked, id=18440, stack(0x000000aa16800000,0x000000aa16900000) (1024K)]
  0x0000024f76a4e830 JavaThread "Unconstrained build operations Thread 60"        [_thread_blocked, id=22776, stack(0x000000aa16900000,0x000000aa16a00000) (1024K)]
  0x0000024f76a4eec0 JavaThread "Unconstrained build operations Thread 61"        [_thread_blocked, id=16304, stack(0x000000aa16a00000,0x000000aa16b00000) (1024K)]
  0x0000024f7f1e6110 JavaThread "Unconstrained build operations Thread 62"        [_thread_blocked, id=10828, stack(0x000000aa16b00000,0x000000aa16c00000) (1024K)]
  0x0000024f7f1e6e30 JavaThread "Unconstrained build operations Thread 63"        [_thread_blocked, id=19304, stack(0x000000aa16c00000,0x000000aa16d00000) (1024K)]
  0x0000024f7f1e7b50 JavaThread "Unconstrained build operations Thread 64"        [_thread_blocked, id=16004, stack(0x000000aa16d00000,0x000000aa16e00000) (1024K)]
  0x0000024f73fdb540 JavaThread "build event listener"              [_thread_blocked, id=20112, stack(0x000000aa16e00000,0x000000aa16f00000) (1024K)]
  0x0000024f7479a870 JavaThread "build event listener"              [_thread_blocked, id=2596, stack(0x000000aa16f00000,0x000000aa17000000) (1024K)]
  0x0000024f73425790 JavaThread "included builds"                   [_thread_blocked, id=11816, stack(0x000000aa17000000,0x000000aa17100000) (1024K)]
  0x0000024f7479a1e0 JavaThread "Execution worker"                  [_thread_in_native, id=16328, stack(0x000000aa17100000,0x000000aa17200000) (1024K)]
  0x0000024f7479af00 JavaThread "Execution worker Thread 2"         [_thread_blocked, id=15404, stack(0x000000aa17200000,0x000000aa17300000) (1024K)]
  0x0000024f7479c940 JavaThread "Execution worker Thread 3"         [_thread_blocked, id=11064, stack(0x000000aa17300000,0x000000aa17400000) (1024K)]
  0x0000024f7479c2b0 JavaThread "Execution worker Thread 4"         [_thread_blocked, id=17356, stack(0x000000aa17400000,0x000000aa17500000) (1024K)]
  0x0000024f7479b590 JavaThread "Execution worker Thread 5"         [_thread_blocked, id=10280, stack(0x000000aa17500000,0x000000aa17600000) (1024K)]
  0x0000024f73425e20 JavaThread "Execution worker Thread 6"         [_thread_blocked, id=12628, stack(0x000000aa17600000,0x000000aa17700000) (1024K)]
  0x0000024f734243e0 JavaThread "Execution worker Thread 7"         [_thread_blocked, id=23564, stack(0x000000aa17700000,0x000000aa17800000) (1024K)]
  0x0000024f734271d0 JavaThread "Execution worker Thread 8"         [_thread_blocked, id=18360, stack(0x000000aa17800000,0x000000aa17900000) (1024K)]
  0x0000024f73425100 JavaThread "Execution worker Thread 9"         [_thread_blocked, id=9236, stack(0x000000aa17900000,0x000000aa17a00000) (1024K)]
  0x0000024f73424a70 JavaThread "Execution worker Thread 10"        [_thread_in_Java, id=26340, stack(0x000000aa17a00000,0x000000aa17b00000) (1024K)]
  0x0000024f734264b0 JavaThread "Execution worker Thread 11"        [_thread_blocked, id=17324, stack(0x000000aa17b00000,0x000000aa17c00000) (1024K)]
  0x0000024f734c4140 JavaThread "Execution worker Thread 12"        [_thread_blocked, id=16980, stack(0x000000aa17c00000,0x000000aa17d00000) (1024K)]
  0x0000024f734c3ab0 JavaThread "Execution worker Thread 13"        [_thread_blocked, id=23996, stack(0x000000aa17d00000,0x000000aa17e00000) (1024K)]
  0x0000024f734c47d0 JavaThread "Execution worker Thread 14"        [_thread_blocked, id=23588, stack(0x000000aa17e00000,0x000000aa17f00000) (1024K)]
  0x0000024f7715dd80 JavaThread "Cache worker for execution history cache (D:\project_1.4v\.gradle\8.13\executionHistory)"        [_thread_blocked, id=21120, stack(0x000000aa17f00000,0x000000aa18000000) (1024K)]
  0x0000024f73d2f5e0 JavaThread "Execution worker Thread 15"        [_thread_blocked, id=12940, stack(0x000000aa18100000,0x000000aa18200000) (1024K)]
  0x0000024f73d2fc70 JavaThread "Execution worker Thread 16"        [_thread_blocked, id=10376, stack(0x000000aa18200000,0x000000aa18300000) (1024K)]
  0x0000024f73d2ef50 JavaThread "Execution worker Thread 17"        [_thread_blocked, id=1812, stack(0x000000aa18300000,0x000000aa18400000) (1024K)]
  0x0000024f73d30990 JavaThread "Execution worker Thread 18"        [_thread_blocked, id=24336, stack(0x000000aa18400000,0x000000aa18500000) (1024K)]
  0x0000024f73d2e8c0 JavaThread "Execution worker Thread 19"        [_thread_blocked, id=11156, stack(0x000000aa18500000,0x000000aa18600000) (1024K)]
  0x0000024f73d31020 JavaThread "Execution worker Thread 20"        [_thread_blocked, id=2800, stack(0x000000aa18600000,0x000000aa18700000) (1024K)]
  0x0000024f73d2e230 JavaThread "Execution worker Thread 21"        [_thread_blocked, id=20860, stack(0x000000aa18700000,0x000000aa18800000) (1024K)]
  0x0000024f73d316b0 JavaThread "Execution worker Thread 22"        [_thread_blocked, id=21184, stack(0x000000aa18800000,0x000000aa18900000) (1024K)]
  0x0000024f73d30300 JavaThread "Execution worker Thread 23"        [_thread_blocked, id=21764, stack(0x000000aa18900000,0x000000aa18a00000) (1024K)]
  0x0000024f79642060 JavaThread "Execution worker Thread 24"        [_thread_blocked, id=13560, stack(0x000000aa18a00000,0x000000aa18b00000) (1024K)]
  0x0000024f7963ff90 JavaThread "Execution worker Thread 25"        [_thread_blocked, id=20864, stack(0x000000aa18b00000,0x000000aa18c00000) (1024K)]
  0x0000024f796419d0 JavaThread "Execution worker Thread 26"        [_thread_blocked, id=21896, stack(0x000000aa18c00000,0x000000aa18d00000) (1024K)]
  0x0000024f79640620 JavaThread "Execution worker Thread 27"        [_thread_blocked, id=20084, stack(0x000000aa18d00000,0x000000aa18e00000) (1024K)]
  0x0000024f7715e410 JavaThread "Unconstrained build operations Thread 65"        [_thread_blocked, id=6440, stack(0x000000aa18e00000,0x000000aa18f00000) (1024K)]
  0x0000024f7715c340 JavaThread "Unconstrained build operations Thread 66"        [_thread_blocked, id=18956, stack(0x000000aa18f00000,0x000000aa19000000) (1024K)]
  0x0000024f7715c9d0 JavaThread "Unconstrained build operations Thread 67"        [_thread_blocked, id=872, stack(0x000000aa19000000,0x000000aa19100000) (1024K)]
  0x0000024f7715d060 JavaThread "Unconstrained build operations Thread 68"        [_thread_blocked, id=14212, stack(0x000000aa19100000,0x000000aa19200000) (1024K)]
  0x0000024f7715d6f0 JavaThread "Unconstrained build operations Thread 69"        [_thread_blocked, id=21452, stack(0x000000aa19200000,0x000000aa19300000) (1024K)]
  0x0000024f6b332bb0 JavaThread "Unconstrained build operations Thread 70"        [_thread_blocked, id=24704, stack(0x000000aa19300000,0x000000aa19400000) (1024K)]
  0x0000024f6b333240 JavaThread "Unconstrained build operations Thread 71"        [_thread_blocked, id=22920, stack(0x000000aa19400000,0x000000aa19500000) (1024K)]
  0x0000024f6b3338d0 JavaThread "Unconstrained build operations Thread 72"        [_thread_blocked, id=16744, stack(0x000000aa19500000,0x000000aa19600000) (1024K)]
  0x0000024f6b333f60 JavaThread "Unconstrained build operations Thread 73"        [_thread_blocked, id=9028, stack(0x000000aa19600000,0x000000aa19700000) (1024K)]
  0x0000024f78f8d240 JavaThread "Unconstrained build operations Thread 74"        [_thread_blocked, id=24676, stack(0x000000aa19700000,0x000000aa19800000) (1024K)]
  0x0000024f78f8ec80 JavaThread "Unconstrained build operations Thread 75"        [_thread_blocked, id=21160, stack(0x000000aa19800000,0x000000aa19900000) (1024K)]
  0x0000024f78f8d8d0 JavaThread "Unconstrained build operations Thread 76"        [_thread_blocked, id=23984, stack(0x000000aa19900000,0x000000aa19a00000) (1024K)]
  0x0000024f78f8df60 JavaThread "Unconstrained build operations Thread 77"        [_thread_blocked, id=11140, stack(0x000000aa19a00000,0x000000aa19b00000) (1024K)]
  0x0000024f78f8e5f0 JavaThread "Unconstrained build operations Thread 78"        [_thread_blocked, id=25316, stack(0x000000aa19b00000,0x000000aa19c00000) (1024K)]
  0x0000024f78f8f310 JavaThread "Unconstrained build operations Thread 79"        [_thread_blocked, id=20396, stack(0x000000aa19c00000,0x000000aa19d00000) (1024K)]
  0x0000024f78f8f9a0 JavaThread "Unconstrained build operations Thread 80"        [_thread_blocked, id=14280, stack(0x000000aa19d00000,0x000000aa19e00000) (1024K)]
  0x0000024f78f90030 JavaThread "Unconstrained build operations Thread 81"        [_thread_blocked, id=25296, stack(0x000000aa19e00000,0x000000aa19f00000) (1024K)]
  0x0000024f78f906c0 JavaThread "Unconstrained build operations Thread 82"        [_thread_blocked, id=4548, stack(0x000000aa19f00000,0x000000aa1a000000) (1024K)]
  0x0000024f6ea2d8c0 JavaThread "Unconstrained build operations Thread 83"        [_thread_blocked, id=23784, stack(0x000000aa1a000000,0x000000aa1a100000) (1024K)]
  0x0000024f6ea2c510 JavaThread "Unconstrained build operations Thread 84"        [_thread_blocked, id=8936, stack(0x000000aa1a100000,0x000000aa1a200000) (1024K)]
  0x0000024f6ea2e5e0 JavaThread "Unconstrained build operations Thread 85"        [_thread_blocked, id=14208, stack(0x000000aa1a200000,0x000000aa1a300000) (1024K)]
  0x0000024f6ea2df50 JavaThread "Unconstrained build operations Thread 86"        [_thread_blocked, id=14200, stack(0x000000aa1a300000,0x000000aa1a400000) (1024K)]
  0x0000024f6ea2b160 JavaThread "Unconstrained build operations Thread 87"        [_thread_blocked, id=25408, stack(0x000000aa1a400000,0x000000aa1a500000) (1024K)]
  0x0000024f6ea2b7f0 JavaThread "Unconstrained build operations Thread 88"        [_thread_blocked, id=8584, stack(0x000000aa1a500000,0x000000aa1a600000) (1024K)]
  0x0000024f6ea2be80 JavaThread "Unconstrained build operations Thread 89"        [_thread_blocked, id=23044, stack(0x000000aa1a600000,0x000000aa1a700000) (1024K)]
  0x0000024f6ea2cba0 JavaThread "Unconstrained build operations Thread 90"        [_thread_blocked, id=10152, stack(0x000000aa1a700000,0x000000aa1a800000) (1024K)]
  0x0000024f6ea2d230 JavaThread "Unconstrained build operations Thread 91"        [_thread_blocked, id=12228, stack(0x000000aa1a800000,0x000000aa1a900000) (1024K)]
  0x0000024f6757bff0 JavaThread "Unconstrained build operations Thread 92"        [_thread_blocked, id=22644, stack(0x000000aa1a900000,0x000000aa1aa00000) (1024K)]
  0x0000024f6757da30 JavaThread "Unconstrained build operations Thread 93"        [_thread_blocked, id=10384, stack(0x000000aa1aa00000,0x000000aa1ab00000) (1024K)]
  0x0000024f6757e0c0 JavaThread "Unconstrained build operations Thread 94"        [_thread_blocked, id=26360, stack(0x000000aa13700000,0x000000aa13800000) (1024K)]
  0x0000024f6757e750 JavaThread "Unconstrained build operations Thread 95"        [_thread_blocked, id=17248, stack(0x000000aa1ab00000,0x000000aa1ac00000) (1024K)]
  0x0000024f6757f470 JavaThread "Unconstrained build operations Thread 96"        [_thread_blocked, id=11592, stack(0x000000aa13100000,0x000000aa13200000) (1024K)]
  0x0000024f6757c680 JavaThread "Unconstrained build operations Thread 97"        [_thread_blocked, id=15396, stack(0x000000aa1ac00000,0x000000aa1ad00000) (1024K)]
  0x0000024f6757d3a0 JavaThread "Unconstrained build operations Thread 98"        [_thread_blocked, id=25196, stack(0x000000aa1ad00000,0x000000aa1ae00000) (1024K)]
  0x0000024f6757cd10 JavaThread "Unconstrained build operations Thread 99"        [_thread_blocked, id=2252, stack(0x000000aa1ae00000,0x000000aa1af00000) (1024K)]
  0x0000024f6cb0cdb0 JavaThread "Unconstrained build operations Thread 100"        [_thread_blocked, id=17756, stack(0x000000aa1af00000,0x000000aa1b000000) (1024K)]
  0x0000024f6cb0d440 JavaThread "Unconstrained build operations Thread 101"        [_thread_blocked, id=15532, stack(0x000000aa1b000000,0x000000aa1b100000) (1024K)]
  0x0000024f6cb0e7f0 JavaThread "Unconstrained build operations Thread 102"        [_thread_blocked, id=7884, stack(0x000000aa1b100000,0x000000aa1b200000) (1024K)]
  0x0000024f6cb0ee80 JavaThread "Unconstrained build operations Thread 103"        [_thread_blocked, id=9396, stack(0x000000aa1b200000,0x000000aa1b300000) (1024K)]
  0x0000024f6cb12300 JavaThread "Unconstrained build operations Thread 104"        [_thread_blocked, id=6048, stack(0x000000aa1b300000,0x000000aa1b400000) (1024K)]
  0x0000024f6cb0ba00 JavaThread "Unconstrained build operations Thread 105"        [_thread_blocked, id=26472, stack(0x000000aa1b400000,0x000000aa1b500000) (1024K)]
  0x0000024f6cb0f510 JavaThread "Unconstrained build operations Thread 106"        [_thread_blocked, id=4972, stack(0x000000aa1b500000,0x000000aa1b600000) (1024K)]
  0x0000024f6cb0fba0 JavaThread "Unconstrained build operations Thread 107"        [_thread_blocked, id=24112, stack(0x000000aa1b600000,0x000000aa1b700000) (1024K)]
  0x0000024f6cb10230 JavaThread "Unconstrained build operations Thread 108"        [_thread_blocked, id=15276, stack(0x000000aa1b700000,0x000000aa1b800000) (1024K)]
  0x0000024f6cb10f50 JavaThread "Unconstrained build operations Thread 109"        [_thread_blocked, id=3500, stack(0x000000aa1b800000,0x000000aa1b900000) (1024K)]
  0x0000024f6cb11c70 JavaThread "Unconstrained build operations Thread 110"        [_thread_blocked, id=15024, stack(0x000000aa1b900000,0x000000aa1ba00000) (1024K)]
  0x0000024f6cb115e0 JavaThread "Unconstrained build operations Thread 111"        [_thread_blocked, id=19464, stack(0x000000aa1ba00000,0x000000aa1bb00000) (1024K)]
  0x0000024f6cb108c0 JavaThread "Unconstrained build operations Thread 112"        [_thread_blocked, id=10952, stack(0x000000aa1bb00000,0x000000aa1bc00000) (1024K)]
  0x0000024f69e98160 JavaThread "Unconstrained build operations Thread 113"        [_thread_blocked, id=21932, stack(0x000000aa1bc00000,0x000000aa1bd00000) (1024K)]
  0x0000024f69e95a00 JavaThread "Unconstrained build operations Thread 114"        [_thread_blocked, id=22604, stack(0x000000aa1bd00000,0x000000aa1be00000) (1024K)]
  0x0000024f69e96090 JavaThread "Unconstrained build operations Thread 115"        [_thread_blocked, id=16740, stack(0x000000aa1be00000,0x000000aa1bf00000) (1024K)]
  0x0000024f69e96db0 JavaThread "Unconstrained build operations Thread 116"        [_thread_blocked, id=4180, stack(0x000000aa1bf00000,0x000000aa1c000000) (1024K)]
  0x0000024f69e987f0 JavaThread "Unconstrained build operations Thread 117"        [_thread_blocked, id=12384, stack(0x000000aa1c000000,0x000000aa1c100000) (1024K)]
  0x0000024f69e96720 JavaThread "Unconstrained build operations Thread 118"        [_thread_blocked, id=22928, stack(0x000000aa1c100000,0x000000aa1c200000) (1024K)]
  0x0000024f7ef5c150 JavaThread "Unconstrained build operations Thread 119"        [_thread_blocked, id=15292, stack(0x000000aa1c200000,0x000000aa1c300000) (1024K)]
  0x0000024f7ef5bac0 JavaThread "Unconstrained build operations Thread 120"        [_thread_blocked, id=16996, stack(0x000000aa1c300000,0x000000aa1c400000) (1024K)]
  0x0000024f7ef5c7e0 JavaThread "Unconstrained build operations Thread 121"        [_thread_blocked, id=20520, stack(0x000000aa1c400000,0x000000aa1c500000) (1024K)]
  0x0000024f7ef5ce70 JavaThread "Unconstrained build operations Thread 122"        [_thread_blocked, id=11804, stack(0x000000aa1c500000,0x000000aa1c600000) (1024K)]
  0x0000024f76bbce30 JavaThread "Unconstrained build operations Thread 123"        [_thread_blocked, id=17980, stack(0x000000aa1c600000,0x000000aa1c700000) (1024K)]
  0x0000024f76bbc110 JavaThread "Unconstrained build operations Thread 124"        [_thread_blocked, id=14892, stack(0x000000aa1c700000,0x000000aa1c800000) (1024K)]
  0x0000024f76bbb3f0 JavaThread "Unconstrained build operations Thread 125"        [_thread_blocked, id=2428, stack(0x000000aa1c800000,0x000000aa1c900000) (1024K)]
  0x0000024f76bbc7a0 JavaThread "Unconstrained build operations Thread 126"        [_thread_blocked, id=19708, stack(0x000000aa1c900000,0x000000aa1ca00000) (1024K)]
  0x0000024f76bbd4c0 JavaThread "Unconstrained build operations Thread 127"        [_thread_blocked, id=24584, stack(0x000000aa1ca00000,0x000000aa1cb00000) (1024K)]
  0x0000024f76bbad60 JavaThread "Unconstrained build operations Thread 128"        [_thread_blocked, id=1640, stack(0x000000aa1cb00000,0x000000aa1cc00000) (1024K)]
  0x0000024f76bba040 JavaThread "Unconstrained build operations Thread 129"        [_thread_blocked, id=11032, stack(0x000000aa1cc00000,0x000000aa1cd00000) (1024K)]
  0x0000024f76bba6d0 JavaThread "Unconstrained build operations Thread 130"        [_thread_blocked, id=24400, stack(0x000000aa1cd00000,0x000000aa1ce00000) (1024K)]
  0x0000024f76bbba80 JavaThread "Unconstrained build operations Thread 131"        [_thread_blocked, id=11068, stack(0x000000aa1ce00000,0x000000aa1cf00000) (1024K)]
  0x0000024f78116c90 JavaThread "Unconstrained build operations Thread 132"        [_thread_blocked, id=12376, stack(0x000000aa1cf00000,0x000000aa1d000000) (1024K)]
  0x0000024f78116600 JavaThread "Unconstrained build operations Thread 133"        [_thread_blocked, id=25092, stack(0x000000aa1d200000,0x000000aa1d300000) (1024K)]
  0x0000024f78117320 JavaThread "Unconstrained build operations Thread 134"        [_thread_blocked, id=17776, stack(0x000000aa1d300000,0x000000aa1d400000) (1024K)]
  0x0000024f781186d0 JavaThread "Unconstrained build operations Thread 135"        [_thread_blocked, id=10688, stack(0x000000aa1d400000,0x000000aa1d500000) (1024K)]
  0x0000024f781193f0 JavaThread "Unconstrained build operations Thread 136"        [_thread_blocked, id=26428, stack(0x000000aa1d500000,0x000000aa1d600000) (1024K)]
  0x0000024f78119a80 JavaThread "Unconstrained build operations Thread 137"        [_thread_blocked, id=24192, stack(0x000000aa1d600000,0x000000aa1d700000) (1024K)]
  0x0000024f78ba0880 JavaThread "Unconstrained build operations Thread 138"        [_thread_blocked, id=12792, stack(0x000000aa1d700000,0x000000aa1d800000) (1024K)]
  0x0000024f751ef430 JavaThread "Unconstrained build operations Thread 139"        [_thread_blocked, id=13728, stack(0x000000aa1d800000,0x000000aa1d900000) (1024K)]
  0x0000024f751f1b90 JavaThread "Unconstrained build operations Thread 140"        [_thread_blocked, id=24616, stack(0x000000aa1d900000,0x000000aa1da00000) (1024K)]
  0x0000024f751f2220 JavaThread "Unconstrained build operations Thread 141"        [_thread_blocked, id=5296, stack(0x000000aa1da00000,0x000000aa1db00000) (1024K)]
  0x0000024f751f28b0 JavaThread "Unconstrained build operations Thread 142"        [_thread_blocked, id=15464, stack(0x000000aa1db00000,0x000000aa1dc00000) (1024K)]
  0x0000024f751efac0 JavaThread "Unconstrained build operations Thread 143"        [_thread_blocked, id=20524, stack(0x000000aa1dc00000,0x000000aa1dd00000) (1024K)]
  0x0000024f751f1500 JavaThread "Unconstrained build operations Thread 144"        [_thread_blocked, id=5868, stack(0x000000aa1dd00000,0x000000aa1de00000) (1024K)]
  0x0000024f751f0150 JavaThread "Unconstrained build operations Thread 145"        [_thread_blocked, id=21100, stack(0x000000aa1de00000,0x000000aa1df00000) (1024K)]
=>0x0000024f6c41c9d0 JavaThread "C2 CompilerThread1"         daemon [_thread_in_native, id=10372, stack(0x000000aa1df00000,0x000000aa1e000000) (1024K)]
  0x0000024f783342f0 JavaThread "C2 CompilerThread2"         daemon [_thread_in_native, id=25784, stack(0x000000aa1e000000,0x000000aa1e100000) (1024K)]
  0x0000024f68eb4f20 JavaThread "C2 CompilerThread3"         daemon [_thread_in_native, id=4776, stack(0x000000aa1e100000,0x000000aa1e200000) (1024K)]
  0x0000024f68eb6390 JavaThread "C2 CompilerThread4"         daemon [_thread_in_native, id=11480, stack(0x000000aa1e200000,0x000000aa1e300000) (1024K)]
  0x0000024f74b10590 JavaThread "WorkerExecutor Queue"              [_thread_blocked, id=3520, stack(0x000000aa1e300000,0x000000aa1e400000) (1024K)]
Total: 246

Other Threads:
  0x0000024f610f09f0 VMThread "VM Thread"                           [id=22224, stack(0x000000aa0da00000,0x000000aa0db00000) (1024K)]
  0x0000024f610619e0 WatcherThread "VM Periodic Task Thread"        [id=21256, stack(0x000000aa0d900000,0x000000aa0da00000) (1024K)]
  0x0000024f4596e190 WorkerThread "GC Thread#0"                     [id=16696, stack(0x000000aa0d400000,0x000000aa0d500000) (1024K)]
  0x0000024f6173c650 WorkerThread "GC Thread#1"                     [id=15792, stack(0x000000aa0eb00000,0x000000aa0ec00000) (1024K)]
  0x0000024f6195d110 WorkerThread "GC Thread#2"                     [id=8852, stack(0x000000aa0ec00000,0x000000aa0ed00000) (1024K)]
  0x0000024f61a26720 WorkerThread "GC Thread#3"                     [id=23816, stack(0x000000aa0ed00000,0x000000aa0ee00000) (1024K)]
  0x0000024f61a26ac0 WorkerThread "GC Thread#4"                     [id=15100, stack(0x000000aa0ee00000,0x000000aa0ef00000) (1024K)]
  0x0000024f61767480 WorkerThread "GC Thread#5"                     [id=13076, stack(0x000000aa0ef00000,0x000000aa0f000000) (1024K)]
  0x0000024f67292020 WorkerThread "GC Thread#6"                     [id=24252, stack(0x000000aa0f200000,0x000000aa0f300000) (1024K)]
  0x0000024f672923c0 WorkerThread "GC Thread#7"                     [id=6316, stack(0x000000aa0f300000,0x000000aa0f400000) (1024K)]
  0x0000024f67293b80 WorkerThread "GC Thread#8"                     [id=19616, stack(0x000000aa0f400000,0x000000aa0f500000) (1024K)]
  0x0000024f6723efc0 WorkerThread "GC Thread#9"                     [id=9540, stack(0x000000aa0f500000,0x000000aa0f600000) (1024K)]
  0x0000024f6723dda0 WorkerThread "GC Thread#10"                    [id=24032, stack(0x000000aa0f600000,0x000000aa0f700000) (1024K)]
  0x0000024f6723e880 WorkerThread "GC Thread#11"                    [id=18492, stack(0x000000aa0f700000,0x000000aa0f800000) (1024K)]
  0x0000024f6723e140 WorkerThread "GC Thread#12"                    [id=17924, stack(0x000000aa0f800000,0x000000aa0f900000) (1024K)]
  0x0000024f6723ec20 WorkerThread "GC Thread#13"                    [id=16116, stack(0x000000aa0f900000,0x000000aa0fa00000) (1024K)]
  0x0000024f6723f360 WorkerThread "GC Thread#14"                    [id=21292, stack(0x000000aa10100000,0x000000aa10200000) (1024K)]
  0x0000024f6723e4e0 WorkerThread "GC Thread#15"                    [id=20720, stack(0x000000aa10200000,0x000000aa10300000) (1024K)]
  0x0000024f6723f700 WorkerThread "GC Thread#16"                    [id=4420, stack(0x000000aa10300000,0x000000aa10400000) (1024K)]
  0x0000024f6745cf90 WorkerThread "GC Thread#17"                    [id=6708, stack(0x000000aa10400000,0x000000aa10500000) (1024K)]
  0x0000024f6745ab50 WorkerThread "GC Thread#18"                    [id=14700, stack(0x000000aa10500000,0x000000aa10600000) (1024K)]
  0x0000024f6745d330 WorkerThread "GC Thread#19"                    [id=19448, stack(0x000000aa10600000,0x000000aa10700000) (1024K)]
  0x0000024f47e19ab0 ConcurrentGCThread "G1 Main Marker"            [id=14652, stack(0x000000aa0d500000,0x000000aa0d600000) (1024K)]
  0x0000024f47e1a3c0 WorkerThread "G1 Conc#0"                       [id=11924, stack(0x000000aa0d600000,0x000000aa0d700000) (1024K)]
  0x0000024f6745e1b0 WorkerThread "G1 Conc#1"                       [id=25964, stack(0x000000aa10700000,0x000000aa10800000) (1024K)]
  0x0000024f6745b630 WorkerThread "G1 Conc#2"                       [id=22584, stack(0x000000aa10800000,0x000000aa10900000) (1024K)]
  0x0000024f6745aef0 WorkerThread "G1 Conc#3"                       [id=22232, stack(0x000000aa10900000,0x000000aa10a00000) (1024K)]
  0x0000024f6745b9d0 WorkerThread "G1 Conc#4"                       [id=13356, stack(0x000000aa10a00000,0x000000aa10b00000) (1024K)]
  0x0000024f5fecd490 ConcurrentGCThread "G1 Refine#0"               [id=21748, stack(0x000000aa0d700000,0x000000aa0d800000) (1024K)]
  0x0000024f5fecdf10 ConcurrentGCThread "G1 Service"                [id=4304, stack(0x000000aa0d800000,0x000000aa0d900000) (1024K)]
Total: 30

Threads with active compile tasks:
C2 CompilerThread1  2493075 54435 %     4       com.android.ide.common.resources.DataSet::appendToXml @ 115 (394 bytes)
C2 CompilerThread2  2494072 54420 %     4       com.android.ide.common.resources.NodeUtils::duplicateNode @ 54 (315 bytes)
C2 CompilerThread3  2494072 54450       4       com.android.utils.XmlUtils::append (597 bytes)
C2 CompilerThread4  2494072 54416 % !   4       com.android.ide.common.resources.MergedResourceWriter::postWriteAction @ 107 (1240 bytes)
Total: 4

VM state: synchronizing (normal execution)

VM Mutex/Monitor currently owned by a thread:  ([mutex/lock_event])
[0x00007ffd32c785b8] Threads_lock - owner thread: 0x0000024f610f09f0

Heap address: 0x0000000080000000, size: 2048 MB, Compressed Oops mode: 32-bit

CDS archive(s) not mapped
Compressed class space mapped at: 0x0000000100000000-0x0000000140000000, reserved size: 1073741824
Narrow klass base: 0x0000000000000000, Narrow klass shift: 3, Narrow klass range: 0x140000000

GC Precious Log:
 CardTable entry size: 512
 Card Set container configuration: InlinePtr #cards 5 size 8 Array Of Cards #cards 12 size 40 Howl #buckets 4 coarsen threshold 1843 Howl Bitmap #cards 512 size 80 coarsen threshold 460 Card regions per heap region 1 cards per card region 2048
 CPUs: 28 total, 28 available
 Memory: 16039M
 Large Page Support: Disabled
 NUMA Support: Disabled
 Compressed Oops: Enabled (32-bit)
 Heap Region Size: 1M
 Heap Min Capacity: 8M
 Heap Initial Capacity: 252M
 Heap Max Capacity: 2G
 Pre-touch: Disabled
 Parallel Workers: 20
 Concurrent Workers: 5
 Concurrent Refinement Workers: 20
 Periodic GC: Disabled

Heap:
 garbage-first heap   total 884736K, used 696213K [0x0000000080000000, 0x0000000100000000)
  region size 1024K, 250 young (256000K), 30 survivors (30720K)
 Metaspace       used 295570K, committed 299392K, reserved 1310720K
  class space    used 38505K, committed 40384K, reserved 1048576K

Heap Regions: E=young(eden), S=young(survivor), O=old, HS=humongous(starts), HC=humongous(continues), CS=collection set, F=free, TAMS=top-at-mark-start, PB=parsable bottom
|   0|0x0000000080000000, 0x0000000080100000, 0x0000000080100000|100%|HS|  |TAMS 0x0000000080000000| PB 0x0000000080000000| Complete 
|   1|0x0000000080100000, 0x0000000080200000, 0x0000000080200000|100%|HC|  |TAMS 0x0000000080100000| PB 0x0000000080100000| Complete 
|   2|0x0000000080200000, 0x0000000080300000, 0x0000000080300000|100%|HC|  |TAMS 0x0000000080200000| PB 0x0000000080200000| Complete 
|   3|0x0000000080300000, 0x0000000080400000, 0x0000000080400000|100%| O|  |TAMS 0x0000000080300000| PB 0x0000000080300000| Untracked 
|   4|0x0000000080400000, 0x0000000080500000, 0x0000000080500000|100%| O|  |TAMS 0x0000000080400000| PB 0x0000000080400000| Untracked 
|   5|0x0000000080500000, 0x0000000080600000, 0x0000000080600000|100%| O|  |TAMS 0x0000000080500000| PB 0x0000000080500000| Untracked 
|   6|0x0000000080600000, 0x0000000080700000, 0x0000000080700000|100%|HS|  |TAMS 0x0000000080600000| PB 0x0000000080600000| Complete 
|   7|0x0000000080700000, 0x0000000080800000, 0x0000000080800000|100%| O|  |TAMS 0x0000000080700000| PB 0x0000000080700000| Untracked 
|   8|0x0000000080800000, 0x0000000080900000, 0x0000000080900000|100%| O|  |TAMS 0x0000000080800000| PB 0x0000000080800000| Untracked 
|   9|0x0000000080900000, 0x0000000080a00000, 0x0000000080a00000|100%| O|  |TAMS 0x0000000080900000| PB 0x0000000080900000| Untracked 
|  10|0x0000000080a00000, 0x0000000080b00000, 0x0000000080b00000|100%| O|  |TAMS 0x0000000080a00000| PB 0x0000000080a00000| Untracked 
|  11|0x0000000080b00000, 0x0000000080c00000, 0x0000000080c00000|100%| O|  |TAMS 0x0000000080b00000| PB 0x0000000080b00000| Untracked 
|  12|0x0000000080c00000, 0x0000000080d00000, 0x0000000080d00000|100%| O|  |TAMS 0x0000000080c00000| PB 0x0000000080c00000| Untracked 
|  13|0x0000000080d00000, 0x0000000080e00000, 0x0000000080e00000|100%| O|  |TAMS 0x0000000080d00000| PB 0x0000000080d00000| Untracked 
|  14|0x0000000080e00000, 0x0000000080f00000, 0x0000000080f00000|100%| O|  |TAMS 0x0000000080e00000| PB 0x0000000080e00000| Untracked 
|  15|0x0000000080f00000, 0x0000000081000000, 0x0000000081000000|100%| O|  |TAMS 0x0000000080f00000| PB 0x0000000080f00000| Untracked 
|  16|0x0000000081000000, 0x0000000081100000, 0x0000000081100000|100%| O|  |TAMS 0x0000000081000000| PB 0x0000000081000000| Untracked 
|  17|0x0000000081100000, 0x0000000081200000, 0x0000000081200000|100%| O|  |TAMS 0x0000000081100000| PB 0x0000000081100000| Untracked 
|  18|0x0000000081200000, 0x0000000081300000, 0x0000000081300000|100%| O|  |TAMS 0x0000000081200000| PB 0x0000000081200000| Untracked 
|  19|0x0000000081300000, 0x0000000081400000, 0x0000000081400000|100%| O|  |TAMS 0x0000000081300000| PB 0x0000000081300000| Untracked 
|  20|0x0000000081400000, 0x0000000081500000, 0x0000000081500000|100%| O|  |TAMS 0x0000000081400000| PB 0x0000000081400000| Untracked 
|  21|0x0000000081500000, 0x0000000081600000, 0x0000000081600000|100%| O|  |TAMS 0x0000000081500000| PB 0x0000000081500000| Untracked 
|  22|0x0000000081600000, 0x0000000081700000, 0x0000000081700000|100%| O|  |TAMS 0x0000000081600000| PB 0x0000000081600000| Untracked 
|  23|0x0000000081700000, 0x0000000081800000, 0x0000000081800000|100%| O|  |TAMS 0x0000000081700000| PB 0x0000000081700000| Untracked 
|  24|0x0000000081800000, 0x0000000081900000, 0x0000000081900000|100%| O|  |TAMS 0x0000000081800000| PB 0x0000000081800000| Untracked 
|  25|0x0000000081900000, 0x0000000081a00000, 0x0000000081a00000|100%| O|  |TAMS 0x0000000081900000| PB 0x0000000081900000| Untracked 
|  26|0x0000000081a00000, 0x0000000081b00000, 0x0000000081b00000|100%| O|  |TAMS 0x0000000081a00000| PB 0x0000000081a00000| Untracked 
|  27|0x0000000081b00000, 0x0000000081c00000, 0x0000000081c00000|100%| O|  |TAMS 0x0000000081b00000| PB 0x0000000081b00000| Untracked 
|  28|0x0000000081c00000, 0x0000000081d00000, 0x0000000081d00000|100%| O|  |TAMS 0x0000000081c00000| PB 0x0000000081c00000| Untracked 
|  29|0x0000000081d00000, 0x0000000081e00000, 0x0000000081e00000|100%| O|  |TAMS 0x0000000081d00000| PB 0x0000000081d00000| Untracked 
|  30|0x0000000081e00000, 0x0000000081f00000, 0x0000000081f00000|100%|HS|  |TAMS 0x0000000081e00000| PB 0x0000000081e00000| Complete 
|  31|0x0000000081f00000, 0x0000000082000000, 0x0000000082000000|100%|HS|  |TAMS 0x0000000081f00000| PB 0x0000000081f00000| Complete 
|  32|0x0000000082000000, 0x0000000082100000, 0x0000000082100000|100%|HC|  |TAMS 0x0000000082000000| PB 0x0000000082000000| Complete 
|  33|0x0000000082100000, 0x0000000082200000, 0x0000000082200000|100%| O|  |TAMS 0x0000000082100000| PB 0x0000000082100000| Untracked 
|  34|0x0000000082200000, 0x0000000082300000, 0x0000000082300000|100%| O|  |TAMS 0x0000000082200000| PB 0x0000000082200000| Untracked 
|  35|0x0000000082300000, 0x0000000082400000, 0x0000000082400000|100%| O|  |TAMS 0x0000000082300000| PB 0x0000000082300000| Untracked 
|  36|0x0000000082400000, 0x0000000082500000, 0x0000000082500000|100%| O|  |TAMS 0x0000000082400000| PB 0x0000000082400000| Untracked 
|  37|0x0000000082500000, 0x0000000082600000, 0x0000000082600000|100%|HS|  |TAMS 0x0000000082500000| PB 0x0000000082500000| Complete 
|  38|0x0000000082600000, 0x0000000082700000, 0x0000000082700000|100%| O|  |TAMS 0x0000000082600000| PB 0x0000000082600000| Untracked 
|  39|0x0000000082700000, 0x0000000082800000, 0x0000000082800000|100%| O|  |TAMS 0x0000000082700000| PB 0x0000000082700000| Untracked 
|  40|0x0000000082800000, 0x0000000082900000, 0x0000000082900000|100%| O|  |TAMS 0x0000000082800000| PB 0x0000000082800000| Untracked 
|  41|0x0000000082900000, 0x0000000082a00000, 0x0000000082a00000|100%| O|  |TAMS 0x0000000082900000| PB 0x0000000082900000| Untracked 
|  42|0x0000000082a00000, 0x0000000082b00000, 0x0000000082b00000|100%| O|  |TAMS 0x0000000082a00000| PB 0x0000000082a00000| Untracked 
|  43|0x0000000082b00000, 0x0000000082c00000, 0x0000000082c00000|100%|HS|  |TAMS 0x0000000082b00000| PB 0x0000000082b00000| Complete 
|  44|0x0000000082c00000, 0x0000000082d00000, 0x0000000082d00000|100%|HS|  |TAMS 0x0000000082c00000| PB 0x0000000082c00000| Complete 
|  45|0x0000000082d00000, 0x0000000082e00000, 0x0000000082e00000|100%| O|  |TAMS 0x0000000082d00000| PB 0x0000000082d00000| Untracked 
|  46|0x0000000082e00000, 0x0000000082f00000, 0x0000000082f00000|100%| O|  |TAMS 0x0000000082e00000| PB 0x0000000082e00000| Untracked 
|  47|0x0000000082f00000, 0x0000000083000000, 0x0000000083000000|100%|HS|  |TAMS 0x0000000082f00000| PB 0x0000000082f00000| Complete 
|  48|0x0000000083000000, 0x0000000083100000, 0x0000000083100000|100%| O|  |TAMS 0x0000000083000000| PB 0x0000000083000000| Untracked 
|  49|0x0000000083100000, 0x0000000083200000, 0x0000000083200000|100%| O|  |TAMS 0x0000000083100000| PB 0x0000000083100000| Untracked 
|  50|0x0000000083200000, 0x0000000083300000, 0x0000000083300000|100%| O|  |TAMS 0x0000000083200000| PB 0x0000000083200000| Untracked 
|  51|0x0000000083300000, 0x0000000083400000, 0x0000000083400000|100%| O|  |TAMS 0x0000000083300000| PB 0x0000000083300000| Untracked 
|  52|0x0000000083400000, 0x0000000083500000, 0x0000000083500000|100%| O|  |TAMS 0x0000000083400000| PB 0x0000000083400000| Untracked 
|  53|0x0000000083500000, 0x0000000083600000, 0x0000000083600000|100%| O|Cm|TAMS 0x0000000083500000| PB 0x0000000083500000| Complete 
|  54|0x0000000083600000, 0x0000000083700000, 0x0000000083700000|100%| O|  |TAMS 0x0000000083600000| PB 0x0000000083600000| Untracked 
|  55|0x0000000083700000, 0x0000000083800000, 0x0000000083800000|100%| O|  |TAMS 0x0000000083700000| PB 0x0000000083700000| Untracked 
|  56|0x0000000083800000, 0x0000000083900000, 0x0000000083900000|100%|HS|  |TAMS 0x0000000083800000| PB 0x0000000083800000| Complete 
|  57|0x0000000083900000, 0x0000000083a00000, 0x0000000083a00000|100%| O|  |TAMS 0x0000000083900000| PB 0x0000000083900000| Untracked 
|  58|0x0000000083a00000, 0x0000000083b00000, 0x0000000083b00000|100%|HS|  |TAMS 0x0000000083a00000| PB 0x0000000083a00000| Complete 
|  59|0x0000000083b00000, 0x0000000083c00000, 0x0000000083c00000|100%|HC|  |TAMS 0x0000000083b00000| PB 0x0000000083b00000| Complete 
|  60|0x0000000083c00000, 0x0000000083d00000, 0x0000000083d00000|100%|HS|  |TAMS 0x0000000083c00000| PB 0x0000000083c00000| Complete 
|  61|0x0000000083d00000, 0x0000000083e00000, 0x0000000083e00000|100%|HC|  |TAMS 0x0000000083d00000| PB 0x0000000083d00000| Complete 
|  62|0x0000000083e00000, 0x0000000083f00000, 0x0000000083f00000|100%| O|  |TAMS 0x0000000083e00000| PB 0x0000000083e00000| Untracked 
|  63|0x0000000083f00000, 0x0000000084000000, 0x0000000084000000|100%| O|  |TAMS 0x0000000083f00000| PB 0x0000000083f00000| Untracked 
|  64|0x0000000084000000, 0x0000000084100000, 0x0000000084100000|100%|HS|  |TAMS 0x0000000084000000| PB 0x0000000084000000| Complete 
|  65|0x0000000084100000, 0x0000000084200000, 0x0000000084200000|100%|HC|  |TAMS 0x0000000084100000| PB 0x0000000084100000| Complete 
|  66|0x0000000084200000, 0x0000000084300000, 0x0000000084300000|100%|HC|  |TAMS 0x0000000084200000| PB 0x0000000084200000| Complete 
|  67|0x0000000084300000, 0x0000000084400000, 0x0000000084400000|100%| O|  |TAMS 0x0000000084300000| PB 0x0000000084300000| Untracked 
|  68|0x0000000084400000, 0x0000000084500000, 0x0000000084500000|100%| O|  |TAMS 0x0000000084400000| PB 0x0000000084400000| Untracked 
|  69|0x0000000084500000, 0x0000000084600000, 0x0000000084600000|100%| O|  |TAMS 0x0000000084500000| PB 0x0000000084500000| Untracked 
|  70|0x0000000084600000, 0x0000000084700000, 0x0000000084700000|100%| O|  |TAMS 0x0000000084600000| PB 0x0000000084600000| Untracked 
|  71|0x0000000084700000, 0x0000000084800000, 0x0000000084800000|100%|HS|  |TAMS 0x0000000084700000| PB 0x0000000084700000| Complete 
|  72|0x0000000084800000, 0x0000000084900000, 0x0000000084900000|100%|HS|  |TAMS 0x0000000084800000| PB 0x0000000084800000| Complete 
|  73|0x0000000084900000, 0x0000000084a00000, 0x0000000084a00000|100%| O|  |TAMS 0x0000000084900000| PB 0x0000000084900000| Untracked 
|  74|0x0000000084a00000, 0x0000000084b00000, 0x0000000084b00000|100%| O|  |TAMS 0x0000000084a00000| PB 0x0000000084a00000| Untracked 
|  75|0x0000000084b00000, 0x0000000084c00000, 0x0000000084c00000|100%| O|  |TAMS 0x0000000084b00000| PB 0x0000000084b00000| Untracked 
|  76|0x0000000084c00000, 0x0000000084d00000, 0x0000000084d00000|100%| O|  |TAMS 0x0000000084c00000| PB 0x0000000084c00000| Untracked 
|  77|0x0000000084d00000, 0x0000000084e00000, 0x0000000084e00000|100%| O|  |TAMS 0x0000000084d00000| PB 0x0000000084d00000| Untracked 
|  78|0x0000000084e00000, 0x0000000084f00000, 0x0000000084f00000|100%|HS|  |TAMS 0x0000000084e00000| PB 0x0000000084e00000| Complete 
|  79|0x0000000084f00000, 0x0000000085000000, 0x0000000085000000|100%|HS|  |TAMS 0x0000000084f00000| PB 0x0000000084f00000| Complete 
|  80|0x0000000085000000, 0x0000000085100000, 0x0000000085100000|100%|HC|  |TAMS 0x0000000085000000| PB 0x0000000085000000| Complete 
|  81|0x0000000085100000, 0x0000000085200000, 0x0000000085200000|100%|HC|  |TAMS 0x0000000085100000| PB 0x0000000085100000| Complete 
|  82|0x0000000085200000, 0x0000000085300000, 0x0000000085300000|100%| O|  |TAMS 0x0000000085200000| PB 0x0000000085200000| Untracked 
|  83|0x0000000085300000, 0x0000000085400000, 0x0000000085400000|100%| O|  |TAMS 0x0000000085300000| PB 0x0000000085300000| Untracked 
|  84|0x0000000085400000, 0x0000000085500000, 0x0000000085500000|100%|HS|  |TAMS 0x0000000085400000| PB 0x0000000085400000| Complete 
|  85|0x0000000085500000, 0x0000000085600000, 0x0000000085600000|100%| O|  |TAMS 0x0000000085500000| PB 0x0000000085500000| Untracked 
|  86|0x0000000085600000, 0x0000000085700000, 0x0000000085700000|100%| O|  |TAMS 0x0000000085600000| PB 0x0000000085600000| Untracked 
|  87|0x0000000085700000, 0x0000000085800000, 0x0000000085800000|100%| O|  |TAMS 0x0000000085700000| PB 0x0000000085700000| Untracked 
|  88|0x0000000085800000, 0x0000000085900000, 0x0000000085900000|100%| O|  |TAMS 0x0000000085800000| PB 0x0000000085800000| Untracked 
|  89|0x0000000085900000, 0x0000000085a00000, 0x0000000085a00000|100%| O|  |TAMS 0x0000000085900000| PB 0x0000000085900000| Untracked 
|  90|0x0000000085a00000, 0x0000000085b00000, 0x0000000085b00000|100%| O|  |TAMS 0x0000000085a00000| PB 0x0000000085a00000| Untracked 
|  91|0x0000000085b00000, 0x0000000085c00000, 0x0000000085c00000|100%| O|  |TAMS 0x0000000085b00000| PB 0x0000000085b00000| Untracked 
|  92|0x0000000085c00000, 0x0000000085d00000, 0x0000000085d00000|100%| O|  |TAMS 0x0000000085c00000| PB 0x0000000085c00000| Untracked 
|  93|0x0000000085d00000, 0x0000000085e00000, 0x0000000085e00000|100%| O|  |TAMS 0x0000000085d00000| PB 0x0000000085d00000| Untracked 
|  94|0x0000000085e00000, 0x0000000085f00000, 0x0000000085f00000|100%| O|  |TAMS 0x0000000085e00000| PB 0x0000000085e00000| Untracked 
|  95|0x0000000085f00000, 0x0000000086000000, 0x0000000086000000|100%| O|  |TAMS 0x0000000085f00000| PB 0x0000000085f00000| Untracked 
|  96|0x0000000086000000, 0x0000000086100000, 0x0000000086100000|100%| O|  |TAMS 0x0000000086000000| PB 0x0000000086000000| Untracked 
|  97|0x0000000086100000, 0x0000000086200000, 0x0000000086200000|100%| O|  |TAMS 0x0000000086100000| PB 0x0000000086100000| Untracked 
|  98|0x0000000086200000, 0x0000000086300000, 0x0000000086300000|100%| O|  |TAMS 0x0000000086200000| PB 0x0000000086200000| Untracked 
|  99|0x0000000086300000, 0x0000000086400000, 0x0000000086400000|100%| O|Cm|TAMS 0x0000000086300000| PB 0x0000000086300000| Complete 
| 100|0x0000000086400000, 0x0000000086500000, 0x0000000086500000|100%| O|  |TAMS 0x0000000086400000| PB 0x0000000086400000| Untracked 
| 101|0x0000000086500000, 0x0000000086600000, 0x0000000086600000|100%| O|  |TAMS 0x0000000086500000| PB 0x0000000086500000| Untracked 
| 102|0x0000000086600000, 0x0000000086700000, 0x0000000086700000|100%| O|  |TAMS 0x0000000086600000| PB 0x0000000086600000| Untracked 
| 103|0x0000000086700000, 0x0000000086800000, 0x0000000086800000|100%| O|  |TAMS 0x0000000086700000| PB 0x0000000086700000| Untracked 
| 104|0x0000000086800000, 0x0000000086900000, 0x0000000086900000|100%| O|  |TAMS 0x0000000086800000| PB 0x0000000086800000| Untracked 
| 105|0x0000000086900000, 0x0000000086a00000, 0x0000000086a00000|100%| O|  |TAMS 0x0000000086900000| PB 0x0000000086900000| Untracked 
| 106|0x0000000086a00000, 0x0000000086b00000, 0x0000000086b00000|100%| O|  |TAMS 0x0000000086a00000| PB 0x0000000086a00000| Untracked 
| 107|0x0000000086b00000, 0x0000000086c00000, 0x0000000086c00000|100%| O|  |TAMS 0x0000000086b00000| PB 0x0000000086b00000| Untracked 
| 108|0x0000000086c00000, 0x0000000086d00000, 0x0000000086d00000|100%| O|  |TAMS 0x0000000086c00000| PB 0x0000000086c00000| Untracked 
| 109|0x0000000086d00000, 0x0000000086e00000, 0x0000000086e00000|100%| O|  |TAMS 0x0000000086d00000| PB 0x0000000086d00000| Untracked 
| 110|0x0000000086e00000, 0x0000000086f00000, 0x0000000086f00000|100%|HS|  |TAMS 0x0000000086e00000| PB 0x0000000086e00000| Complete 
| 111|0x0000000086f00000, 0x0000000087000000, 0x0000000087000000|100%|HC|  |TAMS 0x0000000086f00000| PB 0x0000000086f00000| Complete 
| 112|0x0000000087000000, 0x0000000087100000, 0x0000000087100000|100%|HS|  |TAMS 0x0000000087000000| PB 0x0000000087000000| Complete 
| 113|0x0000000087100000, 0x0000000087200000, 0x0000000087200000|100%|HS|  |TAMS 0x0000000087100000| PB 0x0000000087100000| Complete 
| 114|0x0000000087200000, 0x0000000087300000, 0x0000000087300000|100%|HS|  |TAMS 0x0000000087200000| PB 0x0000000087200000| Complete 
| 115|0x0000000087300000, 0x0000000087400000, 0x0000000087400000|100%| O|  |TAMS 0x0000000087300000| PB 0x0000000087300000| Untracked 
| 116|0x0000000087400000, 0x0000000087500000, 0x0000000087500000|100%| O|  |TAMS 0x0000000087400000| PB 0x0000000087400000| Untracked 
| 117|0x0000000087500000, 0x0000000087600000, 0x0000000087600000|100%| O|  |TAMS 0x0000000087500000| PB 0x0000000087500000| Untracked 
| 118|0x0000000087600000, 0x0000000087700000, 0x0000000087700000|100%| O|  |TAMS 0x0000000087600000| PB 0x0000000087600000| Untracked 
| 119|0x0000000087700000, 0x0000000087800000, 0x0000000087800000|100%| O|Cm|TAMS 0x0000000087700000| PB 0x0000000087700000| Complete 
| 120|0x0000000087800000, 0x0000000087900000, 0x0000000087900000|100%| O|  |TAMS 0x0000000087800000| PB 0x0000000087800000| Untracked 
| 121|0x0000000087900000, 0x0000000087a00000, 0x0000000087a00000|100%|HS|  |TAMS 0x0000000087900000| PB 0x0000000087900000| Complete 
| 122|0x0000000087a00000, 0x0000000087b00000, 0x0000000087b00000|100%|HC|  |TAMS 0x0000000087a00000| PB 0x0000000087a00000| Complete 
| 123|0x0000000087b00000, 0x0000000087c00000, 0x0000000087c00000|100%|HS|  |TAMS 0x0000000087b00000| PB 0x0000000087b00000| Complete 
| 124|0x0000000087c00000, 0x0000000087d00000, 0x0000000087d00000|100%|HC|  |TAMS 0x0000000087c00000| PB 0x0000000087c00000| Complete 
| 125|0x0000000087d00000, 0x0000000087e00000, 0x0000000087e00000|100%|HC|  |TAMS 0x0000000087d00000| PB 0x0000000087d00000| Complete 
| 126|0x0000000087e00000, 0x0000000087f00000, 0x0000000087f00000|100%| O|Cm|TAMS 0x0000000087e00000| PB 0x0000000087e00000| Complete 
| 127|0x0000000087f00000, 0x0000000088000000, 0x0000000088000000|100%| O|  |TAMS 0x0000000087f00000| PB 0x0000000087f00000| Untracked 
| 128|0x0000000088000000, 0x0000000088100000, 0x0000000088100000|100%| O|  |TAMS 0x0000000088000000| PB 0x0000000088000000| Untracked 
| 129|0x0000000088100000, 0x0000000088200000, 0x0000000088200000|100%| O|  |TAMS 0x0000000088100000| PB 0x0000000088100000| Untracked 
| 130|0x0000000088200000, 0x0000000088300000, 0x0000000088300000|100%| O|  |TAMS 0x0000000088200000| PB 0x0000000088200000| Untracked 
| 131|0x0000000088300000, 0x0000000088400000, 0x0000000088400000|100%| O|  |TAMS 0x0000000088300000| PB 0x0000000088300000| Untracked 
| 132|0x0000000088400000, 0x0000000088500000, 0x0000000088500000|100%| O|  |TAMS 0x0000000088400000| PB 0x0000000088400000| Untracked 
| 133|0x0000000088500000, 0x0000000088600000, 0x0000000088600000|100%| O|  |TAMS 0x0000000088500000| PB 0x0000000088500000| Untracked 
| 134|0x0000000088600000, 0x0000000088700000, 0x0000000088700000|100%|HS|  |TAMS 0x0000000088600000| PB 0x0000000088600000| Complete 
| 135|0x0000000088700000, 0x0000000088800000, 0x0000000088800000|100%|HC|  |TAMS 0x0000000088700000| PB 0x0000000088700000| Complete 
| 136|0x0000000088800000, 0x0000000088900000, 0x0000000088900000|100%|HC|  |TAMS 0x0000000088800000| PB 0x0000000088800000| Complete 
| 137|0x0000000088900000, 0x0000000088a00000, 0x0000000088a00000|100%|HC|  |TAMS 0x0000000088900000| PB 0x0000000088900000| Complete 
| 138|0x0000000088a00000, 0x0000000088b00000, 0x0000000088b00000|100%| O|Cm|TAMS 0x0000000088a00000| PB 0x0000000088a00000| Complete 
| 139|0x0000000088b00000, 0x0000000088c00000, 0x0000000088c00000|100%| O|Cm|TAMS 0x0000000088b00000| PB 0x0000000088b00000| Complete 
| 140|0x0000000088c00000, 0x0000000088d00000, 0x0000000088d00000|100%|HS|  |TAMS 0x0000000088c00000| PB 0x0000000088c00000| Complete 
| 141|0x0000000088d00000, 0x0000000088e00000, 0x0000000088e00000|100%|HC|  |TAMS 0x0000000088d00000| PB 0x0000000088d00000| Complete 
| 142|0x0000000088e00000, 0x0000000088f00000, 0x0000000088f00000|100%| O|Cm|TAMS 0x0000000088e00000| PB 0x0000000088e00000| Complete 
| 143|0x0000000088f00000, 0x0000000089000000, 0x0000000089000000|100%| O|  |TAMS 0x0000000088f00000| PB 0x0000000088f00000| Untracked 
| 144|0x0000000089000000, 0x0000000089100000, 0x0000000089100000|100%|HS|  |TAMS 0x0000000089000000| PB 0x0000000089000000| Complete 
| 145|0x0000000089100000, 0x0000000089200000, 0x0000000089200000|100%|HC|  |TAMS 0x0000000089100000| PB 0x0000000089100000| Complete 
| 146|0x0000000089200000, 0x0000000089300000, 0x0000000089300000|100%|HC|  |TAMS 0x0000000089200000| PB 0x0000000089200000| Complete 
| 147|0x0000000089300000, 0x0000000089400000, 0x0000000089400000|100%|HC|  |TAMS 0x0000000089300000| PB 0x0000000089300000| Complete 
| 148|0x0000000089400000, 0x0000000089500000, 0x0000000089500000|100%|HC|  |TAMS 0x0000000089400000| PB 0x0000000089400000| Complete 
| 149|0x0000000089500000, 0x0000000089600000, 0x0000000089600000|100%|HC|  |TAMS 0x0000000089500000| PB 0x0000000089500000| Complete 
| 150|0x0000000089600000, 0x0000000089700000, 0x0000000089700000|100%| O|  |TAMS 0x0000000089600000| PB 0x0000000089600000| Untracked 
| 151|0x0000000089700000, 0x0000000089800000, 0x0000000089800000|100%|HS|  |TAMS 0x0000000089700000| PB 0x0000000089700000| Complete 
| 152|0x0000000089800000, 0x0000000089900000, 0x0000000089900000|100%|HC|  |TAMS 0x0000000089800000| PB 0x0000000089800000| Complete 
| 153|0x0000000089900000, 0x0000000089a00000, 0x0000000089a00000|100%|HC|  |TAMS 0x0000000089900000| PB 0x0000000089900000| Complete 
| 154|0x0000000089a00000, 0x0000000089b00000, 0x0000000089b00000|100%|HC|  |TAMS 0x0000000089a00000| PB 0x0000000089a00000| Complete 
| 155|0x0000000089b00000, 0x0000000089c00000, 0x0000000089c00000|100%| O|Cm|TAMS 0x0000000089b00000| PB 0x0000000089b00000| Complete 
| 156|0x0000000089c00000, 0x0000000089d00000, 0x0000000089d00000|100%| O|Cm|TAMS 0x0000000089c00000| PB 0x0000000089c00000| Complete 
| 157|0x0000000089d00000, 0x0000000089e00000, 0x0000000089e00000|100%| O|  |TAMS 0x0000000089d00000| PB 0x0000000089d00000| Untracked 
| 158|0x0000000089e00000, 0x0000000089f00000, 0x0000000089f00000|100%| O|  |TAMS 0x0000000089e00000| PB 0x0000000089e00000| Untracked 
| 159|0x0000000089f00000, 0x000000008a000000, 0x000000008a000000|100%|HS|  |TAMS 0x0000000089f00000| PB 0x0000000089f00000| Complete 
| 160|0x000000008a000000, 0x000000008a100000, 0x000000008a100000|100%|HC|  |TAMS 0x000000008a000000| PB 0x000000008a000000| Complete 
| 161|0x000000008a100000, 0x000000008a200000, 0x000000008a200000|100%|HC|  |TAMS 0x000000008a100000| PB 0x000000008a100000| Complete 
| 162|0x000000008a200000, 0x000000008a300000, 0x000000008a300000|100%|HC|  |TAMS 0x000000008a200000| PB 0x000000008a200000| Complete 
| 163|0x000000008a300000, 0x000000008a400000, 0x000000008a400000|100%|HC|  |TAMS 0x000000008a300000| PB 0x000000008a300000| Complete 
| 164|0x000000008a400000, 0x000000008a500000, 0x000000008a500000|100%|HC|  |TAMS 0x000000008a400000| PB 0x000000008a400000| Complete 
| 165|0x000000008a500000, 0x000000008a600000, 0x000000008a600000|100%| O|  |TAMS 0x000000008a500000| PB 0x000000008a500000| Untracked 
| 166|0x000000008a600000, 0x000000008a700000, 0x000000008a700000|100%| O|  |TAMS 0x000000008a600000| PB 0x000000008a600000| Untracked 
| 167|0x000000008a700000, 0x000000008a800000, 0x000000008a800000|100%| O|  |TAMS 0x000000008a700000| PB 0x000000008a700000| Untracked 
| 168|0x000000008a800000, 0x000000008a900000, 0x000000008a900000|100%| O|  |TAMS 0x000000008a800000| PB 0x000000008a800000| Untracked 
| 169|0x000000008a900000, 0x000000008aa00000, 0x000000008aa00000|100%| O|  |TAMS 0x000000008a900000| PB 0x000000008a900000| Untracked 
| 170|0x000000008aa00000, 0x000000008ab00000, 0x000000008ab00000|100%| O|Cm|TAMS 0x000000008aa00000| PB 0x000000008aa00000| Complete 
| 171|0x000000008ab00000, 0x000000008ac00000, 0x000000008ac00000|100%| O|Cm|TAMS 0x000000008ab00000| PB 0x000000008ab00000| Complete 
| 172|0x000000008ac00000, 0x000000008ad00000, 0x000000008ad00000|100%| O|  |TAMS 0x000000008ac00000| PB 0x000000008ac00000| Untracked 
| 173|0x000000008ad00000, 0x000000008ae00000, 0x000000008ae00000|100%| O|  |TAMS 0x000000008ad00000| PB 0x000000008ad00000| Untracked 
| 174|0x000000008ae00000, 0x000000008af00000, 0x000000008af00000|100%| O|  |TAMS 0x000000008ae00000| PB 0x000000008ae00000| Untracked 
| 175|0x000000008af00000, 0x000000008b000000, 0x000000008b000000|100%| O|Cm|TAMS 0x000000008af00000| PB 0x000000008af00000| Complete 
| 176|0x000000008b000000, 0x000000008b100000, 0x000000008b100000|100%| O|Cm|TAMS 0x000000008b000000| PB 0x000000008b000000| Complete 
| 177|0x000000008b100000, 0x000000008b200000, 0x000000008b200000|100%| O|  |TAMS 0x000000008b100000| PB 0x000000008b100000| Untracked 
| 178|0x000000008b200000, 0x000000008b300000, 0x000000008b300000|100%| O|Cm|TAMS 0x000000008b200000| PB 0x000000008b200000| Complete 
| 179|0x000000008b300000, 0x000000008b400000, 0x000000008b400000|100%| O|  |TAMS 0x000000008b300000| PB 0x000000008b300000| Untracked 
| 180|0x000000008b400000, 0x000000008b500000, 0x000000008b500000|100%| O|  |TAMS 0x000000008b400000| PB 0x000000008b400000| Untracked 
| 181|0x000000008b500000, 0x000000008b600000, 0x000000008b600000|100%| O|  |TAMS 0x000000008b500000| PB 0x000000008b500000| Untracked 
| 182|0x000000008b600000, 0x000000008b700000, 0x000000008b700000|100%| O|  |TAMS 0x000000008b600000| PB 0x000000008b600000| Untracked 
| 183|0x000000008b700000, 0x000000008b800000, 0x000000008b800000|100%| O|  |TAMS 0x000000008b700000| PB 0x000000008b700000| Untracked 
| 184|0x000000008b800000, 0x000000008b900000, 0x000000008b900000|100%| O|Cm|TAMS 0x000000008b800000| PB 0x000000008b800000| Complete 
| 185|0x000000008b900000, 0x000000008ba00000, 0x000000008ba00000|100%| O|  |TAMS 0x000000008b900000| PB 0x000000008b900000| Untracked 
| 186|0x000000008ba00000, 0x000000008bb00000, 0x000000008bb00000|100%| O|  |TAMS 0x000000008ba00000| PB 0x000000008ba00000| Untracked 
| 187|0x000000008bb00000, 0x000000008bc00000, 0x000000008bc00000|100%|HS|  |TAMS 0x000000008bb00000| PB 0x000000008bb00000| Complete 
| 188|0x000000008bc00000, 0x000000008bd00000, 0x000000008bd00000|100%|HC|  |TAMS 0x000000008bc00000| PB 0x000000008bc00000| Complete 
| 189|0x000000008bd00000, 0x000000008be00000, 0x000000008be00000|100%|HC|  |TAMS 0x000000008bd00000| PB 0x000000008bd00000| Complete 
| 190|0x000000008be00000, 0x000000008bf00000, 0x000000008bf00000|100%|HC|  |TAMS 0x000000008be00000| PB 0x000000008be00000| Complete 
| 191|0x000000008bf00000, 0x000000008c000000, 0x000000008c000000|100%|HC|  |TAMS 0x000000008bf00000| PB 0x000000008bf00000| Complete 
| 192|0x000000008c000000, 0x000000008c100000, 0x000000008c100000|100%|HC|  |TAMS 0x000000008c000000| PB 0x000000008c000000| Complete 
| 193|0x000000008c100000, 0x000000008c200000, 0x000000008c200000|100%|HS|  |TAMS 0x000000008c100000| PB 0x000000008c100000| Complete 
| 194|0x000000008c200000, 0x000000008c300000, 0x000000008c300000|100%|HC|  |TAMS 0x000000008c200000| PB 0x000000008c200000| Complete 
| 195|0x000000008c300000, 0x000000008c400000, 0x000000008c400000|100%|HC|  |TAMS 0x000000008c300000| PB 0x000000008c300000| Complete 
| 196|0x000000008c400000, 0x000000008c500000, 0x000000008c500000|100%|HC|  |TAMS 0x000000008c400000| PB 0x000000008c400000| Complete 
| 197|0x000000008c500000, 0x000000008c600000, 0x000000008c600000|100%|HC|  |TAMS 0x000000008c500000| PB 0x000000008c500000| Complete 
| 198|0x000000008c600000, 0x000000008c700000, 0x000000008c700000|100%|HC|  |TAMS 0x000000008c600000| PB 0x000000008c600000| Complete 
| 199|0x000000008c700000, 0x000000008c800000, 0x000000008c800000|100%| O|  |TAMS 0x000000008c700000| PB 0x000000008c700000| Untracked 
| 200|0x000000008c800000, 0x000000008c900000, 0x000000008c900000|100%| O|  |TAMS 0x000000008c800000| PB 0x000000008c800000| Untracked 
| 201|0x000000008c900000, 0x000000008ca00000, 0x000000008ca00000|100%| O|  |TAMS 0x000000008c900000| PB 0x000000008c900000| Untracked 
| 202|0x000000008ca00000, 0x000000008cb00000, 0x000000008cb00000|100%| O|  |TAMS 0x000000008ca00000| PB 0x000000008ca00000| Untracked 
| 203|0x000000008cb00000, 0x000000008cc00000, 0x000000008cc00000|100%| O|  |TAMS 0x000000008cb00000| PB 0x000000008cb00000| Untracked 
| 204|0x000000008cc00000, 0x000000008cd00000, 0x000000008cd00000|100%| O|  |TAMS 0x000000008cc00000| PB 0x000000008cc00000| Untracked 
| 205|0x000000008cd00000, 0x000000008ce00000, 0x000000008ce00000|100%| O|  |TAMS 0x000000008cd00000| PB 0x000000008cd00000| Untracked 
| 206|0x000000008ce00000, 0x000000008cf00000, 0x000000008cf00000|100%| O|Cm|TAMS 0x000000008ce00000| PB 0x000000008ce00000| Complete 
| 207|0x000000008cf00000, 0x000000008d000000, 0x000000008d000000|100%| O|Cm|TAMS 0x000000008cf00000| PB 0x000000008cf00000| Complete 
| 208|0x000000008d000000, 0x000000008d100000, 0x000000008d100000|100%| O|  |TAMS 0x000000008d000000| PB 0x000000008d000000| Untracked 
| 209|0x000000008d100000, 0x000000008d200000, 0x000000008d200000|100%| O|Cm|TAMS 0x000000008d100000| PB 0x000000008d100000| Complete 
| 210|0x000000008d200000, 0x000000008d300000, 0x000000008d300000|100%| O|Cm|TAMS 0x000000008d200000| PB 0x000000008d200000| Complete 
| 211|0x000000008d300000, 0x000000008d400000, 0x000000008d400000|100%| O|Cm|TAMS 0x000000008d300000| PB 0x000000008d300000| Complete 
| 212|0x000000008d400000, 0x000000008d500000, 0x000000008d500000|100%| O|Cm|TAMS 0x000000008d400000| PB 0x000000008d400000| Complete 
| 213|0x000000008d500000, 0x000000008d600000, 0x000000008d600000|100%| O|Cm|TAMS 0x000000008d500000| PB 0x000000008d500000| Complete 
| 214|0x000000008d600000, 0x000000008d700000, 0x000000008d700000|100%| O|  |TAMS 0x000000008d600000| PB 0x000000008d600000| Untracked 
| 215|0x000000008d700000, 0x000000008d800000, 0x000000008d800000|100%| O|  |TAMS 0x000000008d700000| PB 0x000000008d700000| Untracked 
| 216|0x000000008d800000, 0x000000008d900000, 0x000000008d900000|100%| O|Cm|TAMS 0x000000008d800000| PB 0x000000008d800000| Complete 
| 217|0x000000008d900000, 0x000000008da00000, 0x000000008da00000|100%| O|Cm|TAMS 0x000000008d900000| PB 0x000000008d900000| Complete 
| 218|0x000000008da00000, 0x000000008db00000, 0x000000008db00000|100%| O|Cm|TAMS 0x000000008da00000| PB 0x000000008da00000| Complete 
| 219|0x000000008db00000, 0x000000008dc00000, 0x000000008dc00000|100%| O|Cm|TAMS 0x000000008db00000| PB 0x000000008db00000| Complete 
| 220|0x000000008dc00000, 0x000000008dd00000, 0x000000008dd00000|100%| O|Cm|TAMS 0x000000008dc00000| PB 0x000000008dc00000| Complete 
| 221|0x000000008dd00000, 0x000000008de00000, 0x000000008de00000|100%| O|Cm|TAMS 0x000000008dd00000| PB 0x000000008dd00000| Complete 
| 222|0x000000008de00000, 0x000000008df00000, 0x000000008df00000|100%| O|  |TAMS 0x000000008de00000| PB 0x000000008de00000| Untracked 
| 223|0x000000008df00000, 0x000000008e000000, 0x000000008e000000|100%| O|  |TAMS 0x000000008df00000| PB 0x000000008df00000| Untracked 
| 224|0x000000008e000000, 0x000000008e100000, 0x000000008e100000|100%| O|  |TAMS 0x000000008e000000| PB 0x000000008e000000| Untracked 
| 225|0x000000008e100000, 0x000000008e200000, 0x000000008e200000|100%| O|Cm|TAMS 0x000000008e100000| PB 0x000000008e100000| Complete 
| 226|0x000000008e200000, 0x000000008e300000, 0x000000008e300000|100%| O|Cm|TAMS 0x000000008e200000| PB 0x000000008e200000| Complete 
| 227|0x000000008e300000, 0x000000008e400000, 0x000000008e400000|100%| O|  |TAMS 0x000000008e300000| PB 0x000000008e300000| Untracked 
| 228|0x000000008e400000, 0x000000008e500000, 0x000000008e500000|100%| O|  |TAMS 0x000000008e400000| PB 0x000000008e400000| Untracked 
| 229|0x000000008e500000, 0x000000008e600000, 0x000000008e600000|100%| O|Cm|TAMS 0x000000008e500000| PB 0x000000008e500000| Complete 
| 230|0x000000008e600000, 0x000000008e700000, 0x000000008e700000|100%| O|  |TAMS 0x000000008e600000| PB 0x000000008e600000| Untracked 
| 231|0x000000008e700000, 0x000000008e800000, 0x000000008e800000|100%| O|  |TAMS 0x000000008e700000| PB 0x000000008e700000| Untracked 
| 232|0x000000008e800000, 0x000000008e900000, 0x000000008e900000|100%| O|  |TAMS 0x000000008e800000| PB 0x000000008e800000| Untracked 
| 233|0x000000008e900000, 0x000000008ea00000, 0x000000008ea00000|100%| O|Cm|TAMS 0x000000008e900000| PB 0x000000008e900000| Complete 
| 234|0x000000008ea00000, 0x000000008eb00000, 0x000000008eb00000|100%| O|Cm|TAMS 0x000000008ea00000| PB 0x000000008ea00000| Complete 
| 235|0x000000008eb00000, 0x000000008ec00000, 0x000000008ec00000|100%| O|Cm|TAMS 0x000000008eb00000| PB 0x000000008eb00000| Complete 
| 236|0x000000008ec00000, 0x000000008ed00000, 0x000000008ed00000|100%| O|Cm|TAMS 0x000000008ec00000| PB 0x000000008ec00000| Complete 
| 237|0x000000008ed00000, 0x000000008ee00000, 0x000000008ee00000|100%| O|  |TAMS 0x000000008ed00000| PB 0x000000008ed00000| Untracked 
| 238|0x000000008ee00000, 0x000000008ef00000, 0x000000008ef00000|100%| O|  |TAMS 0x000000008ee00000| PB 0x000000008ee00000| Untracked 
| 239|0x000000008ef00000, 0x000000008f000000, 0x000000008f000000|100%| O|Cm|TAMS 0x000000008ef00000| PB 0x000000008ef00000| Complete 
| 240|0x000000008f000000, 0x000000008f100000, 0x000000008f100000|100%| O|  |TAMS 0x000000008f000000| PB 0x000000008f000000| Untracked 
| 241|0x000000008f100000, 0x000000008f200000, 0x000000008f200000|100%| O|Cm|TAMS 0x000000008f100000| PB 0x000000008f100000| Complete 
| 242|0x000000008f200000, 0x000000008f300000, 0x000000008f300000|100%| O|  |TAMS 0x000000008f200000| PB 0x000000008f200000| Untracked 
| 243|0x000000008f300000, 0x000000008f400000, 0x000000008f400000|100%| O|  |TAMS 0x000000008f300000| PB 0x000000008f300000| Untracked 
| 244|0x000000008f400000, 0x000000008f500000, 0x000000008f500000|100%| O|  |TAMS 0x000000008f400000| PB 0x000000008f400000| Untracked 
| 245|0x000000008f500000, 0x000000008f600000, 0x000000008f600000|100%| O|Cm|TAMS 0x000000008f500000| PB 0x000000008f500000| Complete 
| 246|0x000000008f600000, 0x000000008f700000, 0x000000008f700000|100%| O|Cm|TAMS 0x000000008f600000| PB 0x000000008f600000| Complete 
| 247|0x000000008f700000, 0x000000008f800000, 0x000000008f800000|100%| O|Cm|TAMS 0x000000008f700000| PB 0x000000008f700000| Complete 
| 248|0x000000008f800000, 0x000000008f900000, 0x000000008f900000|100%| O|Cm|TAMS 0x000000008f800000| PB 0x000000008f800000| Complete 
| 249|0x000000008f900000, 0x000000008fa00000, 0x000000008fa00000|100%|HS|  |TAMS 0x000000008f900000| PB 0x000000008f900000| Complete 
| 250|0x000000008fa00000, 0x000000008fb00000, 0x000000008fb00000|100%| O|  |TAMS 0x000000008fa00000| PB 0x000000008fa00000| Untracked 
| 251|0x000000008fb00000, 0x000000008fc00000, 0x000000008fc00000|100%| O|  |TAMS 0x000000008fb00000| PB 0x000000008fb00000| Untracked 
| 252|0x000000008fc00000, 0x000000008fd00000, 0x000000008fd00000|100%| O|  |TAMS 0x000000008fc00000| PB 0x000000008fc00000| Untracked 
| 253|0x000000008fd00000, 0x000000008fe00000, 0x000000008fe00000|100%| O|  |TAMS 0x000000008fd00000| PB 0x000000008fd00000| Untracked 
| 254|0x000000008fe00000, 0x000000008ff00000, 0x000000008ff00000|100%| O|Cm|TAMS 0x000000008fe00000| PB 0x000000008fe00000| Complete 
| 255|0x000000008ff00000, 0x0000000090000000, 0x0000000090000000|100%|HS|  |TAMS 0x000000008ff00000| PB 0x000000008ff00000| Complete 
| 256|0x0000000090000000, 0x0000000090100000, 0x0000000090100000|100%|HS|  |TAMS 0x0000000090000000| PB 0x0000000090000000| Complete 
| 257|0x0000000090100000, 0x0000000090200000, 0x0000000090200000|100%|HS|  |TAMS 0x0000000090100000| PB 0x0000000090100000| Complete 
| 258|0x0000000090200000, 0x0000000090300000, 0x0000000090300000|100%|HC|  |TAMS 0x0000000090200000| PB 0x0000000090200000| Complete 
| 259|0x0000000090300000, 0x0000000090400000, 0x0000000090400000|100%|HS|  |TAMS 0x0000000090300000| PB 0x0000000090300000| Complete 
| 260|0x0000000090400000, 0x0000000090500000, 0x0000000090500000|100%|HS|  |TAMS 0x0000000090400000| PB 0x0000000090400000| Complete 
| 261|0x0000000090500000, 0x0000000090600000, 0x0000000090600000|100%|HC|  |TAMS 0x0000000090500000| PB 0x0000000090500000| Complete 
| 262|0x0000000090600000, 0x0000000090600000, 0x0000000090700000|  0%| F|  |TAMS 0x0000000090600000| PB 0x0000000090600000| Untracked 
| 263|0x0000000090700000, 0x0000000090700000, 0x0000000090800000|  0%| F|  |TAMS 0x0000000090700000| PB 0x0000000090700000| Untracked 
| 264|0x0000000090800000, 0x0000000090800000, 0x0000000090900000|  0%| F|  |TAMS 0x0000000090800000| PB 0x0000000090800000| Untracked 
| 265|0x0000000090900000, 0x0000000090a00000, 0x0000000090a00000|100%| O|  |TAMS 0x0000000090900000| PB 0x0000000090900000| Untracked 
| 266|0x0000000090a00000, 0x0000000090b00000, 0x0000000090b00000|100%| O|Cm|TAMS 0x0000000090a00000| PB 0x0000000090a00000| Complete 
| 267|0x0000000090b00000, 0x0000000090c00000, 0x0000000090c00000|100%| O|Cm|TAMS 0x0000000090b00000| PB 0x0000000090b00000| Complete 
| 268|0x0000000090c00000, 0x0000000090d00000, 0x0000000090d00000|100%| O|Cm|TAMS 0x0000000090c00000| PB 0x0000000090c00000| Complete 
| 269|0x0000000090d00000, 0x0000000090e00000, 0x0000000090e00000|100%| O|  |TAMS 0x0000000090d00000| PB 0x0000000090d00000| Untracked 
| 270|0x0000000090e00000, 0x0000000090f00000, 0x0000000090f00000|100%| O|  |TAMS 0x0000000090e00000| PB 0x0000000090e00000| Untracked 
| 271|0x0000000090f00000, 0x0000000091000000, 0x0000000091000000|100%| O|  |TAMS 0x0000000090f00000| PB 0x0000000090f00000| Untracked 
| 272|0x0000000091000000, 0x0000000091100000, 0x0000000091100000|100%| O|  |TAMS 0x0000000091000000| PB 0x0000000091000000| Untracked 
| 273|0x0000000091100000, 0x0000000091200000, 0x0000000091200000|100%| O|  |TAMS 0x0000000091100000| PB 0x0000000091100000| Untracked 
| 274|0x0000000091200000, 0x0000000091300000, 0x0000000091300000|100%| O|  |TAMS 0x0000000091200000| PB 0x0000000091200000| Untracked 
| 275|0x0000000091300000, 0x0000000091400000, 0x0000000091400000|100%| O|Cm|TAMS 0x0000000091300000| PB 0x0000000091300000| Complete 
| 276|0x0000000091400000, 0x0000000091500000, 0x0000000091500000|100%| O|  |TAMS 0x0000000091400000| PB 0x0000000091400000| Untracked 
| 277|0x0000000091500000, 0x0000000091600000, 0x0000000091600000|100%| O|  |TAMS 0x0000000091500000| PB 0x0000000091500000| Untracked 
| 278|0x0000000091600000, 0x0000000091600000, 0x0000000091700000|  0%| F|  |TAMS 0x0000000091600000| PB 0x0000000091600000| Untracked 
| 279|0x0000000091700000, 0x0000000091800000, 0x0000000091800000|100%| O|  |TAMS 0x0000000091700000| PB 0x0000000091700000| Untracked 
| 280|0x0000000091800000, 0x0000000091800000, 0x0000000091900000|  0%| F|  |TAMS 0x0000000091800000| PB 0x0000000091800000| Untracked 
| 281|0x0000000091900000, 0x0000000091a00000, 0x0000000091a00000|100%| O|Cm|TAMS 0x0000000091900000| PB 0x0000000091900000| Complete 
| 282|0x0000000091a00000, 0x0000000091b00000, 0x0000000091b00000|100%| O|  |TAMS 0x0000000091a00000| PB 0x0000000091a00000| Untracked 
| 283|0x0000000091b00000, 0x0000000091c00000, 0x0000000091c00000|100%| O|Cm|TAMS 0x0000000091b00000| PB 0x0000000091b00000| Complete 
| 284|0x0000000091c00000, 0x0000000091d00000, 0x0000000091d00000|100%| O|Cm|TAMS 0x0000000091c00000| PB 0x0000000091c00000| Complete 
| 285|0x0000000091d00000, 0x0000000091e00000, 0x0000000091e00000|100%| O|Cm|TAMS 0x0000000091d00000| PB 0x0000000091d00000| Complete 
| 286|0x0000000091e00000, 0x0000000091f00000, 0x0000000091f00000|100%| O|  |TAMS 0x0000000091e00000| PB 0x0000000091e00000| Untracked 
| 287|0x0000000091f00000, 0x0000000092000000, 0x0000000092000000|100%| O|  |TAMS 0x0000000091f00000| PB 0x0000000091f00000| Untracked 
| 288|0x0000000092000000, 0x0000000092100000, 0x0000000092100000|100%| O|Cm|TAMS 0x0000000092000000| PB 0x0000000092000000| Complete 
| 289|0x0000000092100000, 0x0000000092200000, 0x0000000092200000|100%| O|Cm|TAMS 0x0000000092100000| PB 0x0000000092100000| Complete 
| 290|0x0000000092200000, 0x0000000092300000, 0x0000000092300000|100%| O|Cm|TAMS 0x0000000092200000| PB 0x0000000092200000| Complete 
| 291|0x0000000092300000, 0x0000000092400000, 0x0000000092400000|100%| O|Cm|TAMS 0x0000000092300000| PB 0x0000000092300000| Complete 
| 292|0x0000000092400000, 0x0000000092500000, 0x0000000092500000|100%| O|Cm|TAMS 0x0000000092400000| PB 0x0000000092400000| Complete 
| 293|0x0000000092500000, 0x0000000092600000, 0x0000000092600000|100%| O|Cm|TAMS 0x0000000092500000| PB 0x0000000092500000| Complete 
| 294|0x0000000092600000, 0x0000000092700000, 0x0000000092700000|100%| O|Cm|TAMS 0x0000000092600000| PB 0x0000000092600000| Complete 
| 295|0x0000000092700000, 0x0000000092800000, 0x0000000092800000|100%| O|Cm|TAMS 0x0000000092700000| PB 0x0000000092700000| Complete 
| 296|0x0000000092800000, 0x0000000092900000, 0x0000000092900000|100%| O|  |TAMS 0x0000000092800000| PB 0x0000000092800000| Untracked 
| 297|0x0000000092900000, 0x0000000092a00000, 0x0000000092a00000|100%| O|Cm|TAMS 0x0000000092900000| PB 0x0000000092900000| Complete 
| 298|0x0000000092a00000, 0x0000000092b00000, 0x0000000092b00000|100%| O|  |TAMS 0x0000000092a00000| PB 0x0000000092a00000| Untracked 
| 299|0x0000000092b00000, 0x0000000092c00000, 0x0000000092c00000|100%| O|  |TAMS 0x0000000092b00000| PB 0x0000000092b00000| Untracked 
| 300|0x0000000092c00000, 0x0000000092d00000, 0x0000000092d00000|100%| O|Cm|TAMS 0x0000000092c00000| PB 0x0000000092c00000| Complete 
| 301|0x0000000092d00000, 0x0000000092e00000, 0x0000000092e00000|100%| O|Cm|TAMS 0x0000000092d00000| PB 0x0000000092d00000| Complete 
| 302|0x0000000092e00000, 0x0000000092f00000, 0x0000000092f00000|100%| O|Cm|TAMS 0x0000000092e00000| PB 0x0000000092e00000| Complete 
| 303|0x0000000092f00000, 0x0000000093000000, 0x0000000093000000|100%| O|  |TAMS 0x0000000092f00000| PB 0x0000000092f00000| Untracked 
| 304|0x0000000093000000, 0x0000000093100000, 0x0000000093100000|100%| O|Cm|TAMS 0x0000000093000000| PB 0x0000000093000000| Complete 
| 305|0x0000000093100000, 0x0000000093200000, 0x0000000093200000|100%| O|Cm|TAMS 0x0000000093100000| PB 0x0000000093100000| Complete 
| 306|0x0000000093200000, 0x0000000093300000, 0x0000000093300000|100%| O|  |TAMS 0x0000000093200000| PB 0x0000000093200000| Untracked 
| 307|0x0000000093300000, 0x0000000093400000, 0x0000000093400000|100%| O|  |TAMS 0x0000000093300000| PB 0x0000000093300000| Untracked 
| 308|0x0000000093400000, 0x0000000093400000, 0x0000000093500000|  0%| F|  |TAMS 0x0000000093400000| PB 0x0000000093400000| Untracked 
| 309|0x0000000093500000, 0x0000000093600000, 0x0000000093600000|100%| O|  |TAMS 0x0000000093500000| PB 0x0000000093500000| Untracked 
| 310|0x0000000093600000, 0x0000000093700000, 0x0000000093700000|100%| O|  |TAMS 0x0000000093600000| PB 0x0000000093600000| Untracked 
| 311|0x0000000093700000, 0x0000000093800000, 0x0000000093800000|100%| O|  |TAMS 0x0000000093700000| PB 0x0000000093700000| Untracked 
| 312|0x0000000093800000, 0x0000000093900000, 0x0000000093900000|100%| O|Cm|TAMS 0x0000000093800000| PB 0x0000000093800000| Complete 
| 313|0x0000000093900000, 0x0000000093a00000, 0x0000000093a00000|100%| O|Cm|TAMS 0x0000000093900000| PB 0x0000000093900000| Complete 
| 314|0x0000000093a00000, 0x0000000093b00000, 0x0000000093b00000|100%| O|Cm|TAMS 0x0000000093a00000| PB 0x0000000093a00000| Complete 
| 315|0x0000000093b00000, 0x0000000093c00000, 0x0000000093c00000|100%| O|Cm|TAMS 0x0000000093b00000| PB 0x0000000093b00000| Complete 
| 316|0x0000000093c00000, 0x0000000093d00000, 0x0000000093d00000|100%| O|  |TAMS 0x0000000093c00000| PB 0x0000000093c00000| Untracked 
| 317|0x0000000093d00000, 0x0000000093e00000, 0x0000000093e00000|100%| O|  |TAMS 0x0000000093d00000| PB 0x0000000093d00000| Untracked 
| 318|0x0000000093e00000, 0x0000000093f00000, 0x0000000093f00000|100%| O|  |TAMS 0x0000000093e00000| PB 0x0000000093e00000| Untracked 
| 319|0x0000000093f00000, 0x0000000094000000, 0x0000000094000000|100%| O|Cm|TAMS 0x0000000093f00000| PB 0x0000000093f00000| Complete 
| 320|0x0000000094000000, 0x0000000094100000, 0x0000000094100000|100%| O|Cm|TAMS 0x0000000094000000| PB 0x0000000094000000| Complete 
| 321|0x0000000094100000, 0x0000000094200000, 0x0000000094200000|100%| O|  |TAMS 0x0000000094100000| PB 0x0000000094100000| Untracked 
| 322|0x0000000094200000, 0x0000000094300000, 0x0000000094300000|100%| O|  |TAMS 0x0000000094200000| PB 0x0000000094200000| Untracked 
| 323|0x0000000094300000, 0x0000000094400000, 0x0000000094400000|100%| O|  |TAMS 0x0000000094300000| PB 0x0000000094300000| Untracked 
| 324|0x0000000094400000, 0x0000000094500000, 0x0000000094500000|100%| O|Cm|TAMS 0x0000000094400000| PB 0x0000000094400000| Complete 
| 325|0x0000000094500000, 0x0000000094600000, 0x0000000094600000|100%| O|  |TAMS 0x0000000094500000| PB 0x0000000094500000| Untracked 
| 326|0x0000000094600000, 0x0000000094700000, 0x0000000094700000|100%| O|  |TAMS 0x0000000094600000| PB 0x0000000094600000| Untracked 
| 327|0x0000000094700000, 0x0000000094800000, 0x0000000094800000|100%| O|  |TAMS 0x0000000094700000| PB 0x0000000094700000| Untracked 
| 328|0x0000000094800000, 0x0000000094900000, 0x0000000094900000|100%| O|  |TAMS 0x0000000094800000| PB 0x0000000094800000| Untracked 
| 329|0x0000000094900000, 0x0000000094a00000, 0x0000000094a00000|100%| O|  |TAMS 0x0000000094900000| PB 0x0000000094900000| Untracked 
| 330|0x0000000094a00000, 0x0000000094b00000, 0x0000000094b00000|100%| O|  |TAMS 0x0000000094a00000| PB 0x0000000094a00000| Untracked 
| 331|0x0000000094b00000, 0x0000000094c00000, 0x0000000094c00000|100%| O|  |TAMS 0x0000000094b00000| PB 0x0000000094b00000| Untracked 
| 332|0x0000000094c00000, 0x0000000094d00000, 0x0000000094d00000|100%| O|  |TAMS 0x0000000094c00000| PB 0x0000000094c00000| Untracked 
| 333|0x0000000094d00000, 0x0000000094e00000, 0x0000000094e00000|100%| O|Cm|TAMS 0x0000000094d00000| PB 0x0000000094d00000| Complete 
| 334|0x0000000094e00000, 0x0000000094e00000, 0x0000000094f00000|  0%| F|  |TAMS 0x0000000094e00000| PB 0x0000000094e00000| Untracked 
| 335|0x0000000094f00000, 0x0000000094f00000, 0x0000000095000000|  0%| F|  |TAMS 0x0000000094f00000| PB 0x0000000094f00000| Untracked 
| 336|0x0000000095000000, 0x0000000095000000, 0x0000000095100000|  0%| F|  |TAMS 0x0000000095000000| PB 0x0000000095000000| Untracked 
| 337|0x0000000095100000, 0x0000000095200000, 0x0000000095200000|100%| O|  |TAMS 0x0000000095100000| PB 0x0000000095100000| Untracked 
| 338|0x0000000095200000, 0x0000000095300000, 0x0000000095300000|100%| O|  |TAMS 0x0000000095200000| PB 0x0000000095200000| Untracked 
| 339|0x0000000095300000, 0x0000000095400000, 0x0000000095400000|100%| O|  |TAMS 0x0000000095300000| PB 0x0000000095300000| Untracked 
| 340|0x0000000095400000, 0x0000000095500000, 0x0000000095500000|100%| O|  |TAMS 0x0000000095400000| PB 0x0000000095400000| Untracked 
| 341|0x0000000095500000, 0x0000000095600000, 0x0000000095600000|100%| O|  |TAMS 0x0000000095500000| PB 0x0000000095500000| Untracked 
| 342|0x0000000095600000, 0x0000000095700000, 0x0000000095700000|100%| O|  |TAMS 0x0000000095600000| PB 0x0000000095600000| Untracked 
| 343|0x0000000095700000, 0x0000000095800000, 0x0000000095800000|100%| O|  |TAMS 0x0000000095700000| PB 0x0000000095700000| Untracked 
| 344|0x0000000095800000, 0x0000000095900000, 0x0000000095900000|100%| O|  |TAMS 0x0000000095800000| PB 0x0000000095800000| Untracked 
| 345|0x0000000095900000, 0x0000000095a00000, 0x0000000095a00000|100%| O|  |TAMS 0x0000000095900000| PB 0x0000000095900000| Untracked 
| 346|0x0000000095a00000, 0x0000000095b00000, 0x0000000095b00000|100%| O|  |TAMS 0x0000000095a00000| PB 0x0000000095a00000| Untracked 
| 347|0x0000000095b00000, 0x0000000095c00000, 0x0000000095c00000|100%| O|  |TAMS 0x0000000095b00000| PB 0x0000000095b00000| Untracked 
| 348|0x0000000095c00000, 0x0000000095d00000, 0x0000000095d00000|100%| O|  |TAMS 0x0000000095c00000| PB 0x0000000095c00000| Untracked 
| 349|0x0000000095d00000, 0x0000000095e00000, 0x0000000095e00000|100%| O|  |TAMS 0x0000000095d00000| PB 0x0000000095d00000| Untracked 
| 350|0x0000000095e00000, 0x0000000095f00000, 0x0000000095f00000|100%| O|  |TAMS 0x0000000095e00000| PB 0x0000000095e00000| Untracked 
| 351|0x0000000095f00000, 0x0000000096000000, 0x0000000096000000|100%| O|  |TAMS 0x0000000095f00000| PB 0x0000000095f00000| Untracked 
| 352|0x0000000096000000, 0x0000000096100000, 0x0000000096100000|100%| O|  |TAMS 0x0000000096000000| PB 0x0000000096000000| Untracked 
| 353|0x0000000096100000, 0x0000000096200000, 0x0000000096200000|100%| O|  |TAMS 0x0000000096100000| PB 0x0000000096100000| Untracked 
| 354|0x0000000096200000, 0x0000000096300000, 0x0000000096300000|100%| O|  |TAMS 0x0000000096200000| PB 0x0000000096200000| Untracked 
| 355|0x0000000096300000, 0x0000000096400000, 0x0000000096400000|100%| O|  |TAMS 0x0000000096300000| PB 0x0000000096300000| Untracked 
| 356|0x0000000096400000, 0x0000000096500000, 0x0000000096500000|100%| O|Cm|TAMS 0x0000000096400000| PB 0x0000000096400000| Complete 
| 357|0x0000000096500000, 0x0000000096600000, 0x0000000096600000|100%| O|Cm|TAMS 0x0000000096500000| PB 0x0000000096500000| Complete 
| 358|0x0000000096600000, 0x0000000096700000, 0x0000000096700000|100%| O|Cm|TAMS 0x0000000096600000| PB 0x0000000096600000| Complete 
| 359|0x0000000096700000, 0x0000000096800000, 0x0000000096800000|100%| O|  |TAMS 0x0000000096700000| PB 0x0000000096700000| Untracked 
| 360|0x0000000096800000, 0x0000000096900000, 0x0000000096900000|100%| O|  |TAMS 0x0000000096800000| PB 0x0000000096800000| Untracked 
| 361|0x0000000096900000, 0x0000000096a00000, 0x0000000096a00000|100%| O|  |TAMS 0x0000000096900000| PB 0x0000000096900000| Untracked 
| 362|0x0000000096a00000, 0x0000000096b00000, 0x0000000096b00000|100%| O|  |TAMS 0x0000000096a00000| PB 0x0000000096a00000| Untracked 
| 363|0x0000000096b00000, 0x0000000096c00000, 0x0000000096c00000|100%| O|  |TAMS 0x0000000096b00000| PB 0x0000000096b00000| Untracked 
| 364|0x0000000096c00000, 0x0000000096d00000, 0x0000000096d00000|100%| O|  |TAMS 0x0000000096c00000| PB 0x0000000096c00000| Untracked 
| 365|0x0000000096d00000, 0x0000000096e00000, 0x0000000096e00000|100%|HS|  |TAMS 0x0000000096d00000| PB 0x0000000096d00000| Complete 
| 366|0x0000000096e00000, 0x0000000096f00000, 0x0000000096f00000|100%|HC|  |TAMS 0x0000000096e00000| PB 0x0000000096e00000| Complete 
| 367|0x0000000096f00000, 0x0000000097000000, 0x0000000097000000|100%|HC|  |TAMS 0x0000000096f00000| PB 0x0000000096f00000| Complete 
| 368|0x0000000097000000, 0x0000000097100000, 0x0000000097100000|100%|HC|  |TAMS 0x0000000097000000| PB 0x0000000097000000| Complete 
| 369|0x0000000097100000, 0x0000000097200000, 0x0000000097200000|100%|HS|  |TAMS 0x0000000097100000| PB 0x0000000097100000| Complete 
| 370|0x0000000097200000, 0x0000000097300000, 0x0000000097300000|100%|HC|  |TAMS 0x0000000097200000| PB 0x0000000097200000| Complete 
| 371|0x0000000097300000, 0x0000000097400000, 0x0000000097400000|100%|HC|  |TAMS 0x0000000097300000| PB 0x0000000097300000| Complete 
| 372|0x0000000097400000, 0x0000000097500000, 0x0000000097500000|100%|HC|  |TAMS 0x0000000097400000| PB 0x0000000097400000| Complete 
| 373|0x0000000097500000, 0x0000000097600000, 0x0000000097600000|100%|HS|  |TAMS 0x0000000097500000| PB 0x0000000097500000| Complete 
| 374|0x0000000097600000, 0x0000000097700000, 0x0000000097700000|100%|HC|  |TAMS 0x0000000097600000| PB 0x0000000097600000| Complete 
| 375|0x0000000097700000, 0x0000000097800000, 0x0000000097800000|100%|HC|  |TAMS 0x0000000097700000| PB 0x0000000097700000| Complete 
| 376|0x0000000097800000, 0x0000000097900000, 0x0000000097900000|100%|HC|  |TAMS 0x0000000097800000| PB 0x0000000097800000| Complete 
| 377|0x0000000097900000, 0x0000000097900000, 0x0000000097a00000|  0%| F|  |TAMS 0x0000000097900000| PB 0x0000000097900000| Untracked 
| 378|0x0000000097a00000, 0x0000000097a00000, 0x0000000097b00000|  0%| F|  |TAMS 0x0000000097a00000| PB 0x0000000097a00000| Untracked 
| 379|0x0000000097b00000, 0x0000000097b00000, 0x0000000097c00000|  0%| F|  |TAMS 0x0000000097b00000| PB 0x0000000097b00000| Untracked 
| 380|0x0000000097c00000, 0x0000000097c00000, 0x0000000097d00000|  0%| F|  |TAMS 0x0000000097c00000| PB 0x0000000097c00000| Untracked 
| 381|0x0000000097d00000, 0x0000000097d00000, 0x0000000097e00000|  0%| F|  |TAMS 0x0000000097d00000| PB 0x0000000097d00000| Untracked 
| 382|0x0000000097e00000, 0x0000000097e00000, 0x0000000097f00000|  0%| F|  |TAMS 0x0000000097e00000| PB 0x0000000097e00000| Untracked 
| 383|0x0000000097f00000, 0x0000000097f00000, 0x0000000098000000|  0%| F|  |TAMS 0x0000000097f00000| PB 0x0000000097f00000| Untracked 
| 384|0x0000000098000000, 0x0000000098000000, 0x0000000098100000|  0%| F|  |TAMS 0x0000000098000000| PB 0x0000000098000000| Untracked 
| 385|0x0000000098100000, 0x0000000098100000, 0x0000000098200000|  0%| F|  |TAMS 0x0000000098100000| PB 0x0000000098100000| Untracked 
| 386|0x0000000098200000, 0x0000000098200000, 0x0000000098300000|  0%| F|  |TAMS 0x0000000098200000| PB 0x0000000098200000| Untracked 
| 387|0x0000000098300000, 0x0000000098300000, 0x0000000098400000|  0%| F|  |TAMS 0x0000000098300000| PB 0x0000000098300000| Untracked 
| 388|0x0000000098400000, 0x0000000098400000, 0x0000000098500000|  0%| F|  |TAMS 0x0000000098400000| PB 0x0000000098400000| Untracked 
| 389|0x0000000098500000, 0x0000000098500000, 0x0000000098600000|  0%| F|  |TAMS 0x0000000098500000| PB 0x0000000098500000| Untracked 
| 390|0x0000000098600000, 0x0000000098600000, 0x0000000098700000|  0%| F|  |TAMS 0x0000000098600000| PB 0x0000000098600000| Untracked 
| 391|0x0000000098700000, 0x0000000098700000, 0x0000000098800000|  0%| F|  |TAMS 0x0000000098700000| PB 0x0000000098700000| Untracked 
| 392|0x0000000098800000, 0x0000000098800000, 0x0000000098900000|  0%| F|  |TAMS 0x0000000098800000| PB 0x0000000098800000| Untracked 
| 393|0x0000000098900000, 0x0000000098900000, 0x0000000098a00000|  0%| F|  |TAMS 0x0000000098900000| PB 0x0000000098900000| Untracked 
| 394|0x0000000098a00000, 0x0000000098a00000, 0x0000000098b00000|  0%| F|  |TAMS 0x0000000098a00000| PB 0x0000000098a00000| Untracked 
| 395|0x0000000098b00000, 0x0000000098b00000, 0x0000000098c00000|  0%| F|  |TAMS 0x0000000098b00000| PB 0x0000000098b00000| Untracked 
| 396|0x0000000098c00000, 0x0000000098c00000, 0x0000000098d00000|  0%| F|  |TAMS 0x0000000098c00000| PB 0x0000000098c00000| Untracked 
| 397|0x0000000098d00000, 0x0000000098d00000, 0x0000000098e00000|  0%| F|  |TAMS 0x0000000098d00000| PB 0x0000000098d00000| Untracked 
| 398|0x0000000098e00000, 0x0000000098e00000, 0x0000000098f00000|  0%| F|  |TAMS 0x0000000098e00000| PB 0x0000000098e00000| Untracked 
| 399|0x0000000098f00000, 0x0000000098fe5590, 0x0000000099000000| 89%| S|CS|TAMS 0x0000000098f00000| PB 0x0000000098f00000| Complete 
| 400|0x0000000099000000, 0x0000000099100000, 0x0000000099100000|100%| S|CS|TAMS 0x0000000099000000| PB 0x0000000099000000| Complete 
| 401|0x0000000099100000, 0x0000000099200000, 0x0000000099200000|100%| S|CS|TAMS 0x0000000099100000| PB 0x0000000099100000| Complete 
| 402|0x0000000099200000, 0x0000000099300000, 0x0000000099300000|100%| S|CS|TAMS 0x0000000099200000| PB 0x0000000099200000| Complete 
| 403|0x0000000099300000, 0x0000000099400000, 0x0000000099400000|100%| S|CS|TAMS 0x0000000099300000| PB 0x0000000099300000| Complete 
| 404|0x0000000099400000, 0x0000000099500000, 0x0000000099500000|100%| S|CS|TAMS 0x0000000099400000| PB 0x0000000099400000| Complete 
| 405|0x0000000099500000, 0x0000000099600000, 0x0000000099600000|100%| S|CS|TAMS 0x0000000099500000| PB 0x0000000099500000| Complete 
| 406|0x0000000099600000, 0x0000000099700000, 0x0000000099700000|100%| S|CS|TAMS 0x0000000099600000| PB 0x0000000099600000| Complete 
| 407|0x0000000099700000, 0x0000000099800000, 0x0000000099800000|100%| S|CS|TAMS 0x0000000099700000| PB 0x0000000099700000| Complete 
| 408|0x0000000099800000, 0x0000000099900000, 0x0000000099900000|100%| S|CS|TAMS 0x0000000099800000| PB 0x0000000099800000| Complete 
| 409|0x0000000099900000, 0x0000000099a00000, 0x0000000099a00000|100%| S|CS|TAMS 0x0000000099900000| PB 0x0000000099900000| Complete 
| 410|0x0000000099a00000, 0x0000000099b00000, 0x0000000099b00000|100%| S|CS|TAMS 0x0000000099a00000| PB 0x0000000099a00000| Complete 
| 411|0x0000000099b00000, 0x0000000099c00000, 0x0000000099c00000|100%| S|CS|TAMS 0x0000000099b00000| PB 0x0000000099b00000| Complete 
| 412|0x0000000099c00000, 0x0000000099d00000, 0x0000000099d00000|100%| O|  |TAMS 0x0000000099c00000| PB 0x0000000099c00000| Untracked 
| 413|0x0000000099d00000, 0x0000000099e00000, 0x0000000099e00000|100%| O|  |TAMS 0x0000000099d00000| PB 0x0000000099d00000| Untracked 
| 414|0x0000000099e00000, 0x0000000099f00000, 0x0000000099f00000|100%| O|  |TAMS 0x0000000099e00000| PB 0x0000000099e00000| Untracked 
| 415|0x0000000099f00000, 0x000000009a000000, 0x000000009a000000|100%| O|  |TAMS 0x0000000099f00000| PB 0x0000000099f00000| Untracked 
| 416|0x000000009a000000, 0x000000009a100000, 0x000000009a100000|100%| O|  |TAMS 0x000000009a000000| PB 0x000000009a000000| Untracked 
| 417|0x000000009a100000, 0x000000009a200000, 0x000000009a200000|100%| O|  |TAMS 0x000000009a100000| PB 0x000000009a100000| Untracked 
| 418|0x000000009a200000, 0x000000009a300000, 0x000000009a300000|100%| O|  |TAMS 0x000000009a200000| PB 0x000000009a200000| Untracked 
| 419|0x000000009a300000, 0x000000009a400000, 0x000000009a400000|100%| O|  |TAMS 0x000000009a300000| PB 0x000000009a300000| Untracked 
| 420|0x000000009a400000, 0x000000009a500000, 0x000000009a500000|100%| O|  |TAMS 0x000000009a400000| PB 0x000000009a400000| Untracked 
| 421|0x000000009a500000, 0x000000009a600000, 0x000000009a600000|100%| O|  |TAMS 0x000000009a500000| PB 0x000000009a500000| Untracked 
| 422|0x000000009a600000, 0x000000009a700000, 0x000000009a700000|100%| O|  |TAMS 0x000000009a600000| PB 0x000000009a600000| Untracked 
| 423|0x000000009a700000, 0x000000009a800000, 0x000000009a800000|100%| O|  |TAMS 0x000000009a700000| PB 0x000000009a700000| Untracked 
| 424|0x000000009a800000, 0x000000009a900000, 0x000000009a900000|100%| O|  |TAMS 0x000000009a800000| PB 0x000000009a800000| Untracked 
| 425|0x000000009a900000, 0x000000009aa00000, 0x000000009aa00000|100%| O|  |TAMS 0x000000009a900000| PB 0x000000009a900000| Untracked 
| 426|0x000000009aa00000, 0x000000009ab00000, 0x000000009ab00000|100%| O|  |TAMS 0x000000009aa00000| PB 0x000000009aa00000| Untracked 
| 427|0x000000009ab00000, 0x000000009ac00000, 0x000000009ac00000|100%| O|  |TAMS 0x000000009ab00000| PB 0x000000009ab00000| Untracked 
| 428|0x000000009ac00000, 0x000000009ad00000, 0x000000009ad00000|100%| O|  |TAMS 0x000000009ac00000| PB 0x000000009ac00000| Untracked 
| 429|0x000000009ad00000, 0x000000009ae00000, 0x000000009ae00000|100%| O|  |TAMS 0x000000009ad00000| PB 0x000000009ad00000| Untracked 
| 430|0x000000009ae00000, 0x000000009af00000, 0x000000009af00000|100%| O|  |TAMS 0x000000009ae00000| PB 0x000000009ae00000| Untracked 
| 431|0x000000009af00000, 0x000000009b000000, 0x000000009b000000|100%| O|  |TAMS 0x000000009af00000| PB 0x000000009af00000| Untracked 
| 432|0x000000009b000000, 0x000000009b100000, 0x000000009b100000|100%| O|  |TAMS 0x000000009b000000| PB 0x000000009b000000| Untracked 
| 433|0x000000009b100000, 0x000000009b200000, 0x000000009b200000|100%| O|  |TAMS 0x000000009b100000| PB 0x000000009b100000| Untracked 
| 434|0x000000009b200000, 0x000000009b300000, 0x000000009b300000|100%| O|  |TAMS 0x000000009b200000| PB 0x000000009b200000| Untracked 
| 435|0x000000009b300000, 0x000000009b400000, 0x000000009b400000|100%| O|  |TAMS 0x000000009b300000| PB 0x000000009b300000| Untracked 
| 436|0x000000009b400000, 0x000000009b500000, 0x000000009b500000|100%| O|  |TAMS 0x000000009b400000| PB 0x000000009b400000| Untracked 
| 437|0x000000009b500000, 0x000000009b600000, 0x000000009b600000|100%| O|  |TAMS 0x000000009b500000| PB 0x000000009b500000| Untracked 
| 438|0x000000009b600000, 0x000000009b700000, 0x000000009b700000|100%| O|  |TAMS 0x000000009b600000| PB 0x000000009b600000| Untracked 
| 439|0x000000009b700000, 0x000000009b800000, 0x000000009b800000|100%| O|  |TAMS 0x000000009b700000| PB 0x000000009b700000| Untracked 
| 440|0x000000009b800000, 0x000000009b900000, 0x000000009b900000|100%| O|  |TAMS 0x000000009b800000| PB 0x000000009b800000| Untracked 
| 441|0x000000009b900000, 0x000000009ba00000, 0x000000009ba00000|100%| O|  |TAMS 0x000000009b900000| PB 0x000000009b900000| Untracked 
| 442|0x000000009ba00000, 0x000000009bb00000, 0x000000009bb00000|100%| S|CS|TAMS 0x000000009ba00000| PB 0x000000009ba00000| Complete 
| 443|0x000000009bb00000, 0x000000009bc00000, 0x000000009bc00000|100%| S|CS|TAMS 0x000000009bb00000| PB 0x000000009bb00000| Complete 
| 444|0x000000009bc00000, 0x000000009bd00000, 0x000000009bd00000|100%| S|CS|TAMS 0x000000009bc00000| PB 0x000000009bc00000| Complete 
| 445|0x000000009bd00000, 0x000000009be00000, 0x000000009be00000|100%| S|CS|TAMS 0x000000009bd00000| PB 0x000000009bd00000| Complete 
| 446|0x000000009be00000, 0x000000009bf00000, 0x000000009bf00000|100%| S|CS|TAMS 0x000000009be00000| PB 0x000000009be00000| Complete 
| 447|0x000000009bf00000, 0x000000009c000000, 0x000000009c000000|100%| S|CS|TAMS 0x000000009bf00000| PB 0x000000009bf00000| Complete 
| 448|0x000000009c000000, 0x000000009c100000, 0x000000009c100000|100%| S|CS|TAMS 0x000000009c000000| PB 0x000000009c000000| Complete 
| 449|0x000000009c100000, 0x000000009c200000, 0x000000009c200000|100%| S|CS|TAMS 0x000000009c100000| PB 0x000000009c100000| Complete 
| 450|0x000000009c200000, 0x000000009c300000, 0x000000009c300000|100%| S|CS|TAMS 0x000000009c200000| PB 0x000000009c200000| Complete 
| 451|0x000000009c300000, 0x000000009c400000, 0x000000009c400000|100%| S|CS|TAMS 0x000000009c300000| PB 0x000000009c300000| Complete 
| 452|0x000000009c400000, 0x000000009c500000, 0x000000009c500000|100%| S|CS|TAMS 0x000000009c400000| PB 0x000000009c400000| Complete 
| 453|0x000000009c500000, 0x000000009c600000, 0x000000009c600000|100%| S|CS|TAMS 0x000000009c500000| PB 0x000000009c500000| Complete 
| 454|0x000000009c600000, 0x000000009c700000, 0x000000009c700000|100%| S|CS|TAMS 0x000000009c600000| PB 0x000000009c600000| Complete 
| 455|0x000000009c700000, 0x000000009c800000, 0x000000009c800000|100%| S|CS|TAMS 0x000000009c700000| PB 0x000000009c700000| Complete 
| 456|0x000000009c800000, 0x000000009c900000, 0x000000009c900000|100%| S|CS|TAMS 0x000000009c800000| PB 0x000000009c800000| Complete 
| 457|0x000000009c900000, 0x000000009ca00000, 0x000000009ca00000|100%| S|CS|TAMS 0x000000009c900000| PB 0x000000009c900000| Complete 
| 458|0x000000009ca00000, 0x000000009cb00000, 0x000000009cb00000|100%| S|CS|TAMS 0x000000009ca00000| PB 0x000000009ca00000| Complete 
| 459|0x000000009cb00000, 0x000000009cb00000, 0x000000009cc00000|  0%| F|  |TAMS 0x000000009cb00000| PB 0x000000009cb00000| Untracked 
| 460|0x000000009cc00000, 0x000000009cc00000, 0x000000009cd00000|  0%| F|  |TAMS 0x000000009cc00000| PB 0x000000009cc00000| Untracked 
| 461|0x000000009cd00000, 0x000000009cd00000, 0x000000009ce00000|  0%| F|  |TAMS 0x000000009cd00000| PB 0x000000009cd00000| Untracked 
| 462|0x000000009ce00000, 0x000000009ce00000, 0x000000009cf00000|  0%| F|  |TAMS 0x000000009ce00000| PB 0x000000009ce00000| Untracked 
| 463|0x000000009cf00000, 0x000000009cf00000, 0x000000009d000000|  0%| F|  |TAMS 0x000000009cf00000| PB 0x000000009cf00000| Untracked 
| 464|0x000000009d000000, 0x000000009d000000, 0x000000009d100000|  0%| F|  |TAMS 0x000000009d000000| PB 0x000000009d000000| Untracked 
| 465|0x000000009d100000, 0x000000009d100000, 0x000000009d200000|  0%| F|  |TAMS 0x000000009d100000| PB 0x000000009d100000| Untracked 
| 466|0x000000009d200000, 0x000000009d200000, 0x000000009d300000|  0%| F|  |TAMS 0x000000009d200000| PB 0x000000009d200000| Untracked 
| 467|0x000000009d300000, 0x000000009d300000, 0x000000009d400000|  0%| F|  |TAMS 0x000000009d300000| PB 0x000000009d300000| Untracked 
| 468|0x000000009d400000, 0x000000009d400000, 0x000000009d500000|  0%| F|  |TAMS 0x000000009d400000| PB 0x000000009d400000| Untracked 
| 469|0x000000009d500000, 0x000000009d500000, 0x000000009d600000|  0%| F|  |TAMS 0x000000009d500000| PB 0x000000009d500000| Untracked 
| 470|0x000000009d600000, 0x000000009d600000, 0x000000009d700000|  0%| F|  |TAMS 0x000000009d600000| PB 0x000000009d600000| Untracked 
| 471|0x000000009d700000, 0x000000009d700000, 0x000000009d800000|  0%| F|  |TAMS 0x000000009d700000| PB 0x000000009d700000| Untracked 
| 472|0x000000009d800000, 0x000000009d800000, 0x000000009d900000|  0%| F|  |TAMS 0x000000009d800000| PB 0x000000009d800000| Untracked 
| 473|0x000000009d900000, 0x000000009d900000, 0x000000009da00000|  0%| F|  |TAMS 0x000000009d900000| PB 0x000000009d900000| Untracked 
| 474|0x000000009da00000, 0x000000009da00000, 0x000000009db00000|  0%| F|  |TAMS 0x000000009da00000| PB 0x000000009da00000| Untracked 
| 475|0x000000009db00000, 0x000000009db00000, 0x000000009dc00000|  0%| F|  |TAMS 0x000000009db00000| PB 0x000000009db00000| Untracked 
| 476|0x000000009dc00000, 0x000000009dc00000, 0x000000009dd00000|  0%| F|  |TAMS 0x000000009dc00000| PB 0x000000009dc00000| Untracked 
| 477|0x000000009dd00000, 0x000000009dd00000, 0x000000009de00000|  0%| F|  |TAMS 0x000000009dd00000| PB 0x000000009dd00000| Untracked 
| 478|0x000000009de00000, 0x000000009de00000, 0x000000009df00000|  0%| F|  |TAMS 0x000000009de00000| PB 0x000000009de00000| Untracked 
| 479|0x000000009df00000, 0x000000009df00000, 0x000000009e000000|  0%| F|  |TAMS 0x000000009df00000| PB 0x000000009df00000| Untracked 
| 480|0x000000009e000000, 0x000000009e000000, 0x000000009e100000|  0%| F|  |TAMS 0x000000009e000000| PB 0x000000009e000000| Untracked 
| 481|0x000000009e100000, 0x000000009e100000, 0x000000009e200000|  0%| F|  |TAMS 0x000000009e100000| PB 0x000000009e100000| Untracked 
| 482|0x000000009e200000, 0x000000009e200000, 0x000000009e300000|  0%| F|  |TAMS 0x000000009e200000| PB 0x000000009e200000| Untracked 
| 483|0x000000009e300000, 0x000000009e300000, 0x000000009e400000|  0%| F|  |TAMS 0x000000009e300000| PB 0x000000009e300000| Untracked 
| 484|0x000000009e400000, 0x000000009e400000, 0x000000009e500000|  0%| F|  |TAMS 0x000000009e400000| PB 0x000000009e400000| Untracked 
| 485|0x000000009e500000, 0x000000009e500000, 0x000000009e600000|  0%| F|  |TAMS 0x000000009e500000| PB 0x000000009e500000| Untracked 
| 486|0x000000009e600000, 0x000000009e600000, 0x000000009e700000|  0%| F|  |TAMS 0x000000009e600000| PB 0x000000009e600000| Untracked 
| 487|0x000000009e700000, 0x000000009e700000, 0x000000009e800000|  0%| F|  |TAMS 0x000000009e700000| PB 0x000000009e700000| Untracked 
| 488|0x000000009e800000, 0x000000009e800000, 0x000000009e900000|  0%| F|  |TAMS 0x000000009e800000| PB 0x000000009e800000| Untracked 
| 489|0x000000009e900000, 0x000000009e900000, 0x000000009ea00000|  0%| F|  |TAMS 0x000000009e900000| PB 0x000000009e900000| Untracked 
| 490|0x000000009ea00000, 0x000000009ea00000, 0x000000009eb00000|  0%| F|  |TAMS 0x000000009ea00000| PB 0x000000009ea00000| Untracked 
| 491|0x000000009eb00000, 0x000000009eb00000, 0x000000009ec00000|  0%| F|  |TAMS 0x000000009eb00000| PB 0x000000009eb00000| Untracked 
| 492|0x000000009ec00000, 0x000000009ec00000, 0x000000009ed00000|  0%| F|  |TAMS 0x000000009ec00000| PB 0x000000009ec00000| Untracked 
| 493|0x000000009ed00000, 0x000000009ed00000, 0x000000009ee00000|  0%| F|  |TAMS 0x000000009ed00000| PB 0x000000009ed00000| Untracked 
| 494|0x000000009ee00000, 0x000000009ee00000, 0x000000009ef00000|  0%| F|  |TAMS 0x000000009ee00000| PB 0x000000009ee00000| Untracked 
| 495|0x000000009ef00000, 0x000000009ef00000, 0x000000009f000000|  0%| F|  |TAMS 0x000000009ef00000| PB 0x000000009ef00000| Untracked 
| 496|0x000000009f000000, 0x000000009f000000, 0x000000009f100000|  0%| F|  |TAMS 0x000000009f000000| PB 0x000000009f000000| Untracked 
| 497|0x000000009f100000, 0x000000009f100000, 0x000000009f200000|  0%| F|  |TAMS 0x000000009f100000| PB 0x000000009f100000| Untracked 
| 498|0x000000009f200000, 0x000000009f200000, 0x000000009f300000|  0%| F|  |TAMS 0x000000009f200000| PB 0x000000009f200000| Untracked 
| 499|0x000000009f300000, 0x000000009f300000, 0x000000009f400000|  0%| F|  |TAMS 0x000000009f300000| PB 0x000000009f300000| Untracked 
| 500|0x000000009f400000, 0x000000009f400000, 0x000000009f500000|  0%| F|  |TAMS 0x000000009f400000| PB 0x000000009f400000| Untracked 
| 501|0x000000009f500000, 0x000000009f500000, 0x000000009f600000|  0%| F|  |TAMS 0x000000009f500000| PB 0x000000009f500000| Untracked 
| 502|0x000000009f600000, 0x000000009f600000, 0x000000009f700000|  0%| F|  |TAMS 0x000000009f600000| PB 0x000000009f600000| Untracked 
| 503|0x000000009f700000, 0x000000009f700000, 0x000000009f800000|  0%| F|  |TAMS 0x000000009f700000| PB 0x000000009f700000| Untracked 
| 504|0x000000009f800000, 0x000000009f800000, 0x000000009f900000|  0%| F|  |TAMS 0x000000009f800000| PB 0x000000009f800000| Untracked 
| 505|0x000000009f900000, 0x000000009f900000, 0x000000009fa00000|  0%| F|  |TAMS 0x000000009f900000| PB 0x000000009f900000| Untracked 
| 506|0x000000009fa00000, 0x000000009fa00000, 0x000000009fb00000|  0%| F|  |TAMS 0x000000009fa00000| PB 0x000000009fa00000| Untracked 
| 507|0x000000009fb00000, 0x000000009fb00000, 0x000000009fc00000|  0%| F|  |TAMS 0x000000009fb00000| PB 0x000000009fb00000| Untracked 
| 508|0x000000009fc00000, 0x000000009fc00000, 0x000000009fd00000|  0%| F|  |TAMS 0x000000009fc00000| PB 0x000000009fc00000| Untracked 
| 509|0x000000009fd00000, 0x000000009fd00000, 0x000000009fe00000|  0%| F|  |TAMS 0x000000009fd00000| PB 0x000000009fd00000| Untracked 
| 510|0x000000009fe00000, 0x000000009fe00000, 0x000000009ff00000|  0%| F|  |TAMS 0x000000009fe00000| PB 0x000000009fe00000| Untracked 
| 511|0x000000009ff00000, 0x000000009ff00000, 0x00000000a0000000|  0%| F|  |TAMS 0x000000009ff00000| PB 0x000000009ff00000| Untracked 
| 512|0x00000000a0000000, 0x00000000a0000000, 0x00000000a0100000|  0%| F|  |TAMS 0x00000000a0000000| PB 0x00000000a0000000| Untracked 
| 513|0x00000000a0100000, 0x00000000a0100000, 0x00000000a0200000|  0%| F|  |TAMS 0x00000000a0100000| PB 0x00000000a0100000| Untracked 
| 514|0x00000000a0200000, 0x00000000a0200000, 0x00000000a0300000|  0%| F|  |TAMS 0x00000000a0200000| PB 0x00000000a0200000| Untracked 
| 515|0x00000000a0300000, 0x00000000a0300000, 0x00000000a0400000|  0%| F|  |TAMS 0x00000000a0300000| PB 0x00000000a0300000| Untracked 
| 516|0x00000000a0400000, 0x00000000a0400000, 0x00000000a0500000|  0%| F|  |TAMS 0x00000000a0400000| PB 0x00000000a0400000| Untracked 
| 517|0x00000000a0500000, 0x00000000a0500000, 0x00000000a0600000|  0%| F|  |TAMS 0x00000000a0500000| PB 0x00000000a0500000| Untracked 
| 518|0x00000000a0600000, 0x00000000a0600000, 0x00000000a0700000|  0%| F|  |TAMS 0x00000000a0600000| PB 0x00000000a0600000| Untracked 
| 519|0x00000000a0700000, 0x00000000a0700000, 0x00000000a0800000|  0%| F|  |TAMS 0x00000000a0700000| PB 0x00000000a0700000| Untracked 
| 520|0x00000000a0800000, 0x00000000a0800000, 0x00000000a0900000|  0%| F|  |TAMS 0x00000000a0800000| PB 0x00000000a0800000| Untracked 
| 521|0x00000000a0900000, 0x00000000a0900000, 0x00000000a0a00000|  0%| F|  |TAMS 0x00000000a0900000| PB 0x00000000a0900000| Untracked 
| 522|0x00000000a0a00000, 0x00000000a0a00000, 0x00000000a0b00000|  0%| F|  |TAMS 0x00000000a0a00000| PB 0x00000000a0a00000| Untracked 
| 523|0x00000000a0b00000, 0x00000000a0b00000, 0x00000000a0c00000|  0%| F|  |TAMS 0x00000000a0b00000| PB 0x00000000a0b00000| Untracked 
| 524|0x00000000a0c00000, 0x00000000a0c00000, 0x00000000a0d00000|  0%| F|  |TAMS 0x00000000a0c00000| PB 0x00000000a0c00000| Untracked 
| 525|0x00000000a0d00000, 0x00000000a0d00000, 0x00000000a0e00000|  0%| F|  |TAMS 0x00000000a0d00000| PB 0x00000000a0d00000| Untracked 
| 526|0x00000000a0e00000, 0x00000000a0e00000, 0x00000000a0f00000|  0%| F|  |TAMS 0x00000000a0e00000| PB 0x00000000a0e00000| Untracked 
| 527|0x00000000a0f00000, 0x00000000a0f00000, 0x00000000a1000000|  0%| F|  |TAMS 0x00000000a0f00000| PB 0x00000000a0f00000| Untracked 
| 528|0x00000000a1000000, 0x00000000a1000000, 0x00000000a1100000|  0%| F|  |TAMS 0x00000000a1000000| PB 0x00000000a1000000| Untracked 
| 529|0x00000000a1100000, 0x00000000a1100000, 0x00000000a1200000|  0%| F|  |TAMS 0x00000000a1100000| PB 0x00000000a1100000| Untracked 
| 530|0x00000000a1200000, 0x00000000a1200000, 0x00000000a1300000|  0%| F|  |TAMS 0x00000000a1200000| PB 0x00000000a1200000| Untracked 
| 531|0x00000000a1300000, 0x00000000a1300000, 0x00000000a1400000|  0%| F|  |TAMS 0x00000000a1300000| PB 0x00000000a1300000| Untracked 
| 532|0x00000000a1400000, 0x00000000a1400000, 0x00000000a1500000|  0%| F|  |TAMS 0x00000000a1400000| PB 0x00000000a1400000| Untracked 
| 533|0x00000000a1500000, 0x00000000a1500000, 0x00000000a1600000|  0%| F|  |TAMS 0x00000000a1500000| PB 0x00000000a1500000| Untracked 
| 534|0x00000000a1600000, 0x00000000a1600000, 0x00000000a1700000|  0%| F|  |TAMS 0x00000000a1600000| PB 0x00000000a1600000| Untracked 
| 535|0x00000000a1700000, 0x00000000a1700000, 0x00000000a1800000|  0%| F|  |TAMS 0x00000000a1700000| PB 0x00000000a1700000| Untracked 
| 536|0x00000000a1800000, 0x00000000a1800000, 0x00000000a1900000|  0%| F|  |TAMS 0x00000000a1800000| PB 0x00000000a1800000| Untracked 
| 537|0x00000000a1900000, 0x00000000a1900000, 0x00000000a1a00000|  0%| F|  |TAMS 0x00000000a1900000| PB 0x00000000a1900000| Untracked 
| 538|0x00000000a1a00000, 0x00000000a1a00000, 0x00000000a1b00000|  0%| F|  |TAMS 0x00000000a1a00000| PB 0x00000000a1a00000| Untracked 
| 539|0x00000000a1b00000, 0x00000000a1b00000, 0x00000000a1c00000|  0%| F|  |TAMS 0x00000000a1b00000| PB 0x00000000a1b00000| Untracked 
| 540|0x00000000a1c00000, 0x00000000a1c00000, 0x00000000a1d00000|  0%| F|  |TAMS 0x00000000a1c00000| PB 0x00000000a1c00000| Untracked 
| 541|0x00000000a1d00000, 0x00000000a1d00000, 0x00000000a1e00000|  0%| F|  |TAMS 0x00000000a1d00000| PB 0x00000000a1d00000| Untracked 
| 542|0x00000000a1e00000, 0x00000000a1e00000, 0x00000000a1f00000|  0%| F|  |TAMS 0x00000000a1e00000| PB 0x00000000a1e00000| Untracked 
| 543|0x00000000a1f00000, 0x00000000a1f00000, 0x00000000a2000000|  0%| F|  |TAMS 0x00000000a1f00000| PB 0x00000000a1f00000| Untracked 
| 544|0x00000000a2000000, 0x00000000a2000000, 0x00000000a2100000|  0%| F|  |TAMS 0x00000000a2000000| PB 0x00000000a2000000| Untracked 
| 545|0x00000000a2100000, 0x00000000a2100000, 0x00000000a2200000|  0%| F|  |TAMS 0x00000000a2100000| PB 0x00000000a2100000| Untracked 
| 546|0x00000000a2200000, 0x00000000a2200000, 0x00000000a2300000|  0%| F|  |TAMS 0x00000000a2200000| PB 0x00000000a2200000| Untracked 
| 547|0x00000000a2300000, 0x00000000a2300000, 0x00000000a2400000|  0%| F|  |TAMS 0x00000000a2300000| PB 0x00000000a2300000| Untracked 
| 548|0x00000000a2400000, 0x00000000a2400000, 0x00000000a2500000|  0%| F|  |TAMS 0x00000000a2400000| PB 0x00000000a2400000| Untracked 
| 549|0x00000000a2500000, 0x00000000a2500000, 0x00000000a2600000|  0%| F|  |TAMS 0x00000000a2500000| PB 0x00000000a2500000| Untracked 
| 550|0x00000000a2600000, 0x00000000a2600000, 0x00000000a2700000|  0%| F|  |TAMS 0x00000000a2600000| PB 0x00000000a2600000| Untracked 
| 551|0x00000000a2700000, 0x00000000a2700000, 0x00000000a2800000|  0%| F|  |TAMS 0x00000000a2700000| PB 0x00000000a2700000| Untracked 
| 552|0x00000000a2800000, 0x00000000a2800000, 0x00000000a2900000|  0%| F|  |TAMS 0x00000000a2800000| PB 0x00000000a2800000| Untracked 
| 553|0x00000000a2900000, 0x00000000a2900000, 0x00000000a2a00000|  0%| F|  |TAMS 0x00000000a2900000| PB 0x00000000a2900000| Untracked 
| 554|0x00000000a2a00000, 0x00000000a2a00000, 0x00000000a2b00000|  0%| F|  |TAMS 0x00000000a2a00000| PB 0x00000000a2a00000| Untracked 
| 555|0x00000000a2b00000, 0x00000000a2b00000, 0x00000000a2c00000|  0%| F|  |TAMS 0x00000000a2b00000| PB 0x00000000a2b00000| Untracked 
| 556|0x00000000a2c00000, 0x00000000a2c00000, 0x00000000a2d00000|  0%| F|  |TAMS 0x00000000a2c00000| PB 0x00000000a2c00000| Untracked 
| 557|0x00000000a2d00000, 0x00000000a2d00000, 0x00000000a2e00000|  0%| F|  |TAMS 0x00000000a2d00000| PB 0x00000000a2d00000| Untracked 
| 558|0x00000000a2e00000, 0x00000000a2e00000, 0x00000000a2f00000|  0%| F|  |TAMS 0x00000000a2e00000| PB 0x00000000a2e00000| Untracked 
| 559|0x00000000a2f00000, 0x00000000a2f00000, 0x00000000a3000000|  0%| F|  |TAMS 0x00000000a2f00000| PB 0x00000000a2f00000| Untracked 
| 560|0x00000000a3000000, 0x00000000a3000000, 0x00000000a3100000|  0%| F|  |TAMS 0x00000000a3000000| PB 0x00000000a3000000| Untracked 
| 561|0x00000000a3100000, 0x00000000a3100000, 0x00000000a3200000|  0%| F|  |TAMS 0x00000000a3100000| PB 0x00000000a3100000| Untracked 
| 562|0x00000000a3200000, 0x00000000a3200000, 0x00000000a3300000|  0%| F|  |TAMS 0x00000000a3200000| PB 0x00000000a3200000| Untracked 
| 563|0x00000000a3300000, 0x00000000a3300000, 0x00000000a3400000|  0%| F|  |TAMS 0x00000000a3300000| PB 0x00000000a3300000| Untracked 
| 564|0x00000000a3400000, 0x00000000a3400000, 0x00000000a3500000|  0%| F|  |TAMS 0x00000000a3400000| PB 0x00000000a3400000| Untracked 
| 565|0x00000000a3500000, 0x00000000a3500000, 0x00000000a3600000|  0%| F|  |TAMS 0x00000000a3500000| PB 0x00000000a3500000| Untracked 
| 566|0x00000000a3600000, 0x00000000a3600000, 0x00000000a3700000|  0%| F|  |TAMS 0x00000000a3600000| PB 0x00000000a3600000| Untracked 
| 567|0x00000000a3700000, 0x00000000a3700000, 0x00000000a3800000|  0%| F|  |TAMS 0x00000000a3700000| PB 0x00000000a3700000| Untracked 
| 568|0x00000000a3800000, 0x00000000a3800000, 0x00000000a3900000|  0%| F|  |TAMS 0x00000000a3800000| PB 0x00000000a3800000| Untracked 
| 569|0x00000000a3900000, 0x00000000a3900000, 0x00000000a3a00000|  0%| F|  |TAMS 0x00000000a3900000| PB 0x00000000a3900000| Untracked 
| 570|0x00000000a3a00000, 0x00000000a3a00000, 0x00000000a3b00000|  0%| F|  |TAMS 0x00000000a3a00000| PB 0x00000000a3a00000| Untracked 
| 571|0x00000000a3b00000, 0x00000000a3b00000, 0x00000000a3c00000|  0%| F|  |TAMS 0x00000000a3b00000| PB 0x00000000a3b00000| Untracked 
| 572|0x00000000a3c00000, 0x00000000a3c00000, 0x00000000a3d00000|  0%| F|  |TAMS 0x00000000a3c00000| PB 0x00000000a3c00000| Untracked 
| 573|0x00000000a3d00000, 0x00000000a3d00000, 0x00000000a3e00000|  0%| F|  |TAMS 0x00000000a3d00000| PB 0x00000000a3d00000| Untracked 
| 574|0x00000000a3e00000, 0x00000000a3e00000, 0x00000000a3f00000|  0%| F|  |TAMS 0x00000000a3e00000| PB 0x00000000a3e00000| Untracked 
| 575|0x00000000a3f00000, 0x00000000a3f00000, 0x00000000a4000000|  0%| F|  |TAMS 0x00000000a3f00000| PB 0x00000000a3f00000| Untracked 
| 576|0x00000000a4000000, 0x00000000a4000000, 0x00000000a4100000|  0%| F|  |TAMS 0x00000000a4000000| PB 0x00000000a4000000| Untracked 
| 577|0x00000000a4100000, 0x00000000a4100000, 0x00000000a4200000|  0%| F|  |TAMS 0x00000000a4100000| PB 0x00000000a4100000| Untracked 
| 578|0x00000000a4200000, 0x00000000a4200000, 0x00000000a4300000|  0%| F|  |TAMS 0x00000000a4200000| PB 0x00000000a4200000| Untracked 
| 579|0x00000000a4300000, 0x00000000a4300000, 0x00000000a4400000|  0%| F|  |TAMS 0x00000000a4300000| PB 0x00000000a4300000| Untracked 
| 580|0x00000000a4400000, 0x00000000a4400000, 0x00000000a4500000|  0%| F|  |TAMS 0x00000000a4400000| PB 0x00000000a4400000| Untracked 
| 581|0x00000000a4500000, 0x00000000a4500000, 0x00000000a4600000|  0%| F|  |TAMS 0x00000000a4500000| PB 0x00000000a4500000| Untracked 
| 582|0x00000000a4600000, 0x00000000a4600000, 0x00000000a4700000|  0%| F|  |TAMS 0x00000000a4600000| PB 0x00000000a4600000| Untracked 
| 583|0x00000000a4700000, 0x00000000a4700000, 0x00000000a4800000|  0%| F|  |TAMS 0x00000000a4700000| PB 0x00000000a4700000| Untracked 
| 584|0x00000000a4800000, 0x00000000a4800000, 0x00000000a4900000|  0%| F|  |TAMS 0x00000000a4800000| PB 0x00000000a4800000| Untracked 
| 585|0x00000000a4900000, 0x00000000a4900000, 0x00000000a4a00000|  0%| F|  |TAMS 0x00000000a4900000| PB 0x00000000a4900000| Untracked 
| 586|0x00000000a4a00000, 0x00000000a4a00000, 0x00000000a4b00000|  0%| F|  |TAMS 0x00000000a4a00000| PB 0x00000000a4a00000| Untracked 
| 587|0x00000000a4b00000, 0x00000000a4b00000, 0x00000000a4c00000|  0%| F|  |TAMS 0x00000000a4b00000| PB 0x00000000a4b00000| Untracked 
| 588|0x00000000a4c00000, 0x00000000a4c00000, 0x00000000a4d00000|  0%| F|  |TAMS 0x00000000a4c00000| PB 0x00000000a4c00000| Untracked 
| 589|0x00000000a4d00000, 0x00000000a4d00000, 0x00000000a4e00000|  0%| F|  |TAMS 0x00000000a4d00000| PB 0x00000000a4d00000| Untracked 
| 590|0x00000000a4e00000, 0x00000000a4e00000, 0x00000000a4f00000|  0%| F|  |TAMS 0x00000000a4e00000| PB 0x00000000a4e00000| Untracked 
| 591|0x00000000a4f00000, 0x00000000a4f00000, 0x00000000a5000000|  0%| F|  |TAMS 0x00000000a4f00000| PB 0x00000000a4f00000| Untracked 
| 592|0x00000000a5000000, 0x00000000a5000000, 0x00000000a5100000|  0%| F|  |TAMS 0x00000000a5000000| PB 0x00000000a5000000| Untracked 
| 593|0x00000000a5100000, 0x00000000a5100000, 0x00000000a5200000|  0%| F|  |TAMS 0x00000000a5100000| PB 0x00000000a5100000| Untracked 
| 594|0x00000000a5200000, 0x00000000a5200000, 0x00000000a5300000|  0%| F|  |TAMS 0x00000000a5200000| PB 0x00000000a5200000| Untracked 
| 595|0x00000000a5300000, 0x00000000a5300000, 0x00000000a5400000|  0%| F|  |TAMS 0x00000000a5300000| PB 0x00000000a5300000| Untracked 
| 596|0x00000000a5400000, 0x00000000a5400000, 0x00000000a5500000|  0%| F|  |TAMS 0x00000000a5400000| PB 0x00000000a5400000| Untracked 
| 597|0x00000000a5500000, 0x00000000a5500000, 0x00000000a5600000|  0%| F|  |TAMS 0x00000000a5500000| PB 0x00000000a5500000| Untracked 
| 598|0x00000000a5600000, 0x00000000a5600000, 0x00000000a5700000|  0%| F|  |TAMS 0x00000000a5600000| PB 0x00000000a5600000| Untracked 
| 599|0x00000000a5700000, 0x00000000a5700000, 0x00000000a5800000|  0%| F|  |TAMS 0x00000000a5700000| PB 0x00000000a5700000| Untracked 
| 600|0x00000000a5800000, 0x00000000a5800000, 0x00000000a5900000|  0%| F|  |TAMS 0x00000000a5800000| PB 0x00000000a5800000| Untracked 
| 601|0x00000000a5900000, 0x00000000a5900000, 0x00000000a5a00000|  0%| F|  |TAMS 0x00000000a5900000| PB 0x00000000a5900000| Untracked 
| 602|0x00000000a5a00000, 0x00000000a5a00000, 0x00000000a5b00000|  0%| F|  |TAMS 0x00000000a5a00000| PB 0x00000000a5a00000| Untracked 
| 603|0x00000000a5b00000, 0x00000000a5b00000, 0x00000000a5c00000|  0%| F|  |TAMS 0x00000000a5b00000| PB 0x00000000a5b00000| Untracked 
| 604|0x00000000a5c00000, 0x00000000a5c00000, 0x00000000a5d00000|  0%| F|  |TAMS 0x00000000a5c00000| PB 0x00000000a5c00000| Untracked 
| 605|0x00000000a5d00000, 0x00000000a5d00000, 0x00000000a5e00000|  0%| F|  |TAMS 0x00000000a5d00000| PB 0x00000000a5d00000| Untracked 
| 606|0x00000000a5e00000, 0x00000000a5e00000, 0x00000000a5f00000|  0%| F|  |TAMS 0x00000000a5e00000| PB 0x00000000a5e00000| Untracked 
| 607|0x00000000a5f00000, 0x00000000a5f00000, 0x00000000a6000000|  0%| F|  |TAMS 0x00000000a5f00000| PB 0x00000000a5f00000| Untracked 
| 608|0x00000000a6000000, 0x00000000a6000000, 0x00000000a6100000|  0%| F|  |TAMS 0x00000000a6000000| PB 0x00000000a6000000| Untracked 
| 609|0x00000000a6100000, 0x00000000a6100000, 0x00000000a6200000|  0%| F|  |TAMS 0x00000000a6100000| PB 0x00000000a6100000| Untracked 
| 610|0x00000000a6200000, 0x00000000a6280268, 0x00000000a6300000| 50%| E|  |TAMS 0x00000000a6200000| PB 0x00000000a6200000| Complete 
| 611|0x00000000a6300000, 0x00000000a6400000, 0x00000000a6400000|100%| E|CS|TAMS 0x00000000a6300000| PB 0x00000000a6300000| Complete 
| 612|0x00000000a6400000, 0x00000000a6500000, 0x00000000a6500000|100%| E|CS|TAMS 0x00000000a6400000| PB 0x00000000a6400000| Complete 
| 613|0x00000000a6500000, 0x00000000a6600000, 0x00000000a6600000|100%| E|CS|TAMS 0x00000000a6500000| PB 0x00000000a6500000| Complete 
| 614|0x00000000a6600000, 0x00000000a6700000, 0x00000000a6700000|100%| E|  |TAMS 0x00000000a6600000| PB 0x00000000a6600000| Complete 
| 615|0x00000000a6700000, 0x00000000a6800000, 0x00000000a6800000|100%| E|CS|TAMS 0x00000000a6700000| PB 0x00000000a6700000| Complete 
| 616|0x00000000a6800000, 0x00000000a6900000, 0x00000000a6900000|100%| E|CS|TAMS 0x00000000a6800000| PB 0x00000000a6800000| Complete 
| 617|0x00000000a6900000, 0x00000000a6a00000, 0x00000000a6a00000|100%| E|CS|TAMS 0x00000000a6900000| PB 0x00000000a6900000| Complete 
| 618|0x00000000a6a00000, 0x00000000a6b00000, 0x00000000a6b00000|100%| E|CS|TAMS 0x00000000a6a00000| PB 0x00000000a6a00000| Complete 
| 619|0x00000000a6b00000, 0x00000000a6c00000, 0x00000000a6c00000|100%| E|CS|TAMS 0x00000000a6b00000| PB 0x00000000a6b00000| Complete 
| 620|0x00000000a6c00000, 0x00000000a6d00000, 0x00000000a6d00000|100%| E|CS|TAMS 0x00000000a6c00000| PB 0x00000000a6c00000| Complete 
| 621|0x00000000a6d00000, 0x00000000a6e00000, 0x00000000a6e00000|100%| E|CS|TAMS 0x00000000a6d00000| PB 0x00000000a6d00000| Complete 
| 622|0x00000000a6e00000, 0x00000000a6f00000, 0x00000000a6f00000|100%| E|CS|TAMS 0x00000000a6e00000| PB 0x00000000a6e00000| Complete 
| 623|0x00000000a6f00000, 0x00000000a7000000, 0x00000000a7000000|100%| E|CS|TAMS 0x00000000a6f00000| PB 0x00000000a6f00000| Complete 
| 624|0x00000000a7000000, 0x00000000a7100000, 0x00000000a7100000|100%| E|CS|TAMS 0x00000000a7000000| PB 0x00000000a7000000| Complete 
| 625|0x00000000a7100000, 0x00000000a7200000, 0x00000000a7200000|100%| E|CS|TAMS 0x00000000a7100000| PB 0x00000000a7100000| Complete 
| 626|0x00000000a7200000, 0x00000000a7300000, 0x00000000a7300000|100%| E|CS|TAMS 0x00000000a7200000| PB 0x00000000a7200000| Complete 
| 627|0x00000000a7300000, 0x00000000a7400000, 0x00000000a7400000|100%| E|CS|TAMS 0x00000000a7300000| PB 0x00000000a7300000| Complete 
| 628|0x00000000a7400000, 0x00000000a7500000, 0x00000000a7500000|100%| E|CS|TAMS 0x00000000a7400000| PB 0x00000000a7400000| Complete 
| 629|0x00000000a7500000, 0x00000000a7600000, 0x00000000a7600000|100%| E|CS|TAMS 0x00000000a7500000| PB 0x00000000a7500000| Complete 
| 630|0x00000000a7600000, 0x00000000a7700000, 0x00000000a7700000|100%| E|CS|TAMS 0x00000000a7600000| PB 0x00000000a7600000| Complete 
| 631|0x00000000a7700000, 0x00000000a7800000, 0x00000000a7800000|100%| E|CS|TAMS 0x00000000a7700000| PB 0x00000000a7700000| Complete 
| 632|0x00000000a7800000, 0x00000000a7900000, 0x00000000a7900000|100%| E|CS|TAMS 0x00000000a7800000| PB 0x00000000a7800000| Complete 
| 633|0x00000000a7900000, 0x00000000a7a00000, 0x00000000a7a00000|100%| E|CS|TAMS 0x00000000a7900000| PB 0x00000000a7900000| Complete 
| 634|0x00000000a7a00000, 0x00000000a7b00000, 0x00000000a7b00000|100%| E|CS|TAMS 0x00000000a7a00000| PB 0x00000000a7a00000| Complete 
| 635|0x00000000a7b00000, 0x00000000a7c00000, 0x00000000a7c00000|100%| E|CS|TAMS 0x00000000a7b00000| PB 0x00000000a7b00000| Complete 
| 636|0x00000000a7c00000, 0x00000000a7d00000, 0x00000000a7d00000|100%| E|CS|TAMS 0x00000000a7c00000| PB 0x00000000a7c00000| Complete 
| 637|0x00000000a7d00000, 0x00000000a7e00000, 0x00000000a7e00000|100%| E|CS|TAMS 0x00000000a7d00000| PB 0x00000000a7d00000| Complete 
| 638|0x00000000a7e00000, 0x00000000a7f00000, 0x00000000a7f00000|100%| E|CS|TAMS 0x00000000a7e00000| PB 0x00000000a7e00000| Complete 
| 639|0x00000000a7f00000, 0x00000000a8000000, 0x00000000a8000000|100%| E|CS|TAMS 0x00000000a7f00000| PB 0x00000000a7f00000| Complete 
| 640|0x00000000a8000000, 0x00000000a8100000, 0x00000000a8100000|100%| E|CS|TAMS 0x00000000a8000000| PB 0x00000000a8000000| Complete 
| 641|0x00000000a8100000, 0x00000000a8200000, 0x00000000a8200000|100%| E|CS|TAMS 0x00000000a8100000| PB 0x00000000a8100000| Complete 
| 642|0x00000000a8200000, 0x00000000a8300000, 0x00000000a8300000|100%| E|CS|TAMS 0x00000000a8200000| PB 0x00000000a8200000| Complete 
| 643|0x00000000a8300000, 0x00000000a8400000, 0x00000000a8400000|100%| E|CS|TAMS 0x00000000a8300000| PB 0x00000000a8300000| Complete 
| 644|0x00000000a8400000, 0x00000000a8500000, 0x00000000a8500000|100%| E|CS|TAMS 0x00000000a8400000| PB 0x00000000a8400000| Complete 
| 645|0x00000000a8500000, 0x00000000a8600000, 0x00000000a8600000|100%| E|CS|TAMS 0x00000000a8500000| PB 0x00000000a8500000| Complete 
| 646|0x00000000a8600000, 0x00000000a8700000, 0x00000000a8700000|100%| E|CS|TAMS 0x00000000a8600000| PB 0x00000000a8600000| Complete 
| 647|0x00000000a8700000, 0x00000000a8800000, 0x00000000a8800000|100%| E|CS|TAMS 0x00000000a8700000| PB 0x00000000a8700000| Complete 
| 648|0x00000000a8800000, 0x00000000a8900000, 0x00000000a8900000|100%| E|CS|TAMS 0x00000000a8800000| PB 0x00000000a8800000| Complete 
| 649|0x00000000a8900000, 0x00000000a8a00000, 0x00000000a8a00000|100%| E|CS|TAMS 0x00000000a8900000| PB 0x00000000a8900000| Complete 
| 650|0x00000000a8a00000, 0x00000000a8b00000, 0x00000000a8b00000|100%| E|CS|TAMS 0x00000000a8a00000| PB 0x00000000a8a00000| Complete 
| 651|0x00000000a8b00000, 0x00000000a8c00000, 0x00000000a8c00000|100%| E|CS|TAMS 0x00000000a8b00000| PB 0x00000000a8b00000| Complete 
| 652|0x00000000a8c00000, 0x00000000a8d00000, 0x00000000a8d00000|100%| E|CS|TAMS 0x00000000a8c00000| PB 0x00000000a8c00000| Complete 
| 653|0x00000000a8d00000, 0x00000000a8e00000, 0x00000000a8e00000|100%| E|CS|TAMS 0x00000000a8d00000| PB 0x00000000a8d00000| Complete 
| 654|0x00000000a8e00000, 0x00000000a8f00000, 0x00000000a8f00000|100%| E|CS|TAMS 0x00000000a8e00000| PB 0x00000000a8e00000| Complete 
| 655|0x00000000a8f00000, 0x00000000a9000000, 0x00000000a9000000|100%| E|CS|TAMS 0x00000000a8f00000| PB 0x00000000a8f00000| Complete 
| 656|0x00000000a9000000, 0x00000000a9100000, 0x00000000a9100000|100%| E|CS|TAMS 0x00000000a9000000| PB 0x00000000a9000000| Complete 
| 657|0x00000000a9100000, 0x00000000a9200000, 0x00000000a9200000|100%| E|CS|TAMS 0x00000000a9100000| PB 0x00000000a9100000| Complete 
| 658|0x00000000a9200000, 0x00000000a9300000, 0x00000000a9300000|100%| E|CS|TAMS 0x00000000a9200000| PB 0x00000000a9200000| Complete 
| 659|0x00000000a9300000, 0x00000000a9400000, 0x00000000a9400000|100%| E|CS|TAMS 0x00000000a9300000| PB 0x00000000a9300000| Complete 
| 660|0x00000000a9400000, 0x00000000a9500000, 0x00000000a9500000|100%| E|CS|TAMS 0x00000000a9400000| PB 0x00000000a9400000| Complete 
| 661|0x00000000a9500000, 0x00000000a9600000, 0x00000000a9600000|100%| E|CS|TAMS 0x00000000a9500000| PB 0x00000000a9500000| Complete 
| 662|0x00000000a9600000, 0x00000000a9700000, 0x00000000a9700000|100%| E|CS|TAMS 0x00000000a9600000| PB 0x00000000a9600000| Complete 
| 663|0x00000000a9700000, 0x00000000a9800000, 0x00000000a9800000|100%| E|CS|TAMS 0x00000000a9700000| PB 0x00000000a9700000| Complete 
| 664|0x00000000a9800000, 0x00000000a9900000, 0x00000000a9900000|100%| E|CS|TAMS 0x00000000a9800000| PB 0x00000000a9800000| Complete 
| 665|0x00000000a9900000, 0x00000000a9a00000, 0x00000000a9a00000|100%| E|CS|TAMS 0x00000000a9900000| PB 0x00000000a9900000| Complete 
| 666|0x00000000a9a00000, 0x00000000a9b00000, 0x00000000a9b00000|100%| E|CS|TAMS 0x00000000a9a00000| PB 0x00000000a9a00000| Complete 
|1851|0x00000000f3b00000, 0x00000000f3c00000, 0x00000000f3c00000|100%| E|CS|TAMS 0x00000000f3b00000| PB 0x00000000f3b00000| Complete 
|1852|0x00000000f3c00000, 0x00000000f3d00000, 0x00000000f3d00000|100%| E|CS|TAMS 0x00000000f3c00000| PB 0x00000000f3c00000| Complete 
|1853|0x00000000f3d00000, 0x00000000f3e00000, 0x00000000f3e00000|100%| O|  |TAMS 0x00000000f3d00000| PB 0x00000000f3d00000| Untracked 
|1854|0x00000000f3e00000, 0x00000000f3f00000, 0x00000000f3f00000|100%| O|Cm|TAMS 0x00000000f3e00000| PB 0x00000000f3e00000| Complete 
|1855|0x00000000f3f00000, 0x00000000f4000000, 0x00000000f4000000|100%| O|Cm|TAMS 0x00000000f3f00000| PB 0x00000000f3f00000| Complete 
|1856|0x00000000f4000000, 0x00000000f4100000, 0x00000000f4100000|100%| O|Cm|TAMS 0x00000000f4000000| PB 0x00000000f4000000| Complete 
|1857|0x00000000f4100000, 0x00000000f4200000, 0x00000000f4200000|100%| O|Cm|TAMS 0x00000000f4100000| PB 0x00000000f4100000| Complete 
|1858|0x00000000f4200000, 0x00000000f4300000, 0x00000000f4300000|100%| O|Cm|TAMS 0x00000000f4200000| PB 0x00000000f4200000| Complete 
|1859|0x00000000f4300000, 0x00000000f4400000, 0x00000000f4400000|100%| O|Cm|TAMS 0x00000000f4300000| PB 0x00000000f4300000| Complete 
|1860|0x00000000f4400000, 0x00000000f4500000, 0x00000000f4500000|100%| E|CS|TAMS 0x00000000f4400000| PB 0x00000000f4400000| Complete 
|1861|0x00000000f4500000, 0x00000000f4600000, 0x00000000f4600000|100%| O|Cm|TAMS 0x00000000f4500000| PB 0x00000000f4500000| Complete 
|1862|0x00000000f4600000, 0x00000000f4700000, 0x00000000f4700000|100%| O|Cm|TAMS 0x00000000f4600000| PB 0x00000000f4600000| Complete 
|1863|0x00000000f4700000, 0x00000000f4800000, 0x00000000f4800000|100%| O|Cm|TAMS 0x00000000f4700000| PB 0x00000000f4700000| Complete 
|1864|0x00000000f4800000, 0x00000000f4900000, 0x00000000f4900000|100%| O|Cm|TAMS 0x00000000f4800000| PB 0x00000000f4800000| Complete 
|1865|0x00000000f4900000, 0x00000000f4a00000, 0x00000000f4a00000|100%| O|Cm|TAMS 0x00000000f4900000| PB 0x00000000f4900000| Complete 
|1866|0x00000000f4a00000, 0x00000000f4b00000, 0x00000000f4b00000|100%| O|Cm|TAMS 0x00000000f4a00000| PB 0x00000000f4a00000| Complete 
|1867|0x00000000f4b00000, 0x00000000f4c00000, 0x00000000f4c00000|100%| O|Cm|TAMS 0x00000000f4b00000| PB 0x00000000f4b00000| Complete 
|1868|0x00000000f4c00000, 0x00000000f4d00000, 0x00000000f4d00000|100%| O|Cm|TAMS 0x00000000f4c00000| PB 0x00000000f4c00000| Complete 
|1869|0x00000000f4d00000, 0x00000000f4e00000, 0x00000000f4e00000|100%| O|Cm|TAMS 0x00000000f4d00000| PB 0x00000000f4d00000| Complete 
|1870|0x00000000f4e00000, 0x00000000f4f00000, 0x00000000f4f00000|100%| O|Cm|TAMS 0x00000000f4e00000| PB 0x00000000f4e00000| Complete 
|1871|0x00000000f4f00000, 0x00000000f5000000, 0x00000000f5000000|100%| O|Cm|TAMS 0x00000000f4f00000| PB 0x00000000f4f00000| Complete 
|1872|0x00000000f5000000, 0x00000000f5100000, 0x00000000f5100000|100%| O|Cm|TAMS 0x00000000f5000000| PB 0x00000000f5000000| Complete 
|1873|0x00000000f5100000, 0x00000000f5200000, 0x00000000f5200000|100%| O|Cm|TAMS 0x00000000f5100000| PB 0x00000000f5100000| Complete 
|1874|0x00000000f5200000, 0x00000000f5300000, 0x00000000f5300000|100%| O|Cm|TAMS 0x00000000f5200000| PB 0x00000000f5200000| Complete 
|1875|0x00000000f5300000, 0x00000000f5400000, 0x00000000f5400000|100%| O|Cm|TAMS 0x00000000f5300000| PB 0x00000000f5300000| Complete 
|1876|0x00000000f5400000, 0x00000000f5500000, 0x00000000f5500000|100%| O|Cm|TAMS 0x00000000f5400000| PB 0x00000000f5400000| Complete 
|1877|0x00000000f5500000, 0x00000000f5600000, 0x00000000f5600000|100%| O|Cm|TAMS 0x00000000f5500000| PB 0x00000000f5500000| Complete 
|1878|0x00000000f5600000, 0x00000000f5700000, 0x00000000f5700000|100%| E|CS|TAMS 0x00000000f5600000| PB 0x00000000f5600000| Complete 
|1879|0x00000000f5700000, 0x00000000f5800000, 0x00000000f5800000|100%| E|CS|TAMS 0x00000000f5700000| PB 0x00000000f5700000| Complete 
|1880|0x00000000f5800000, 0x00000000f5900000, 0x00000000f5900000|100%| E|CS|TAMS 0x00000000f5800000| PB 0x00000000f5800000| Complete 
|1881|0x00000000f5900000, 0x00000000f5a00000, 0x00000000f5a00000|100%| E|CS|TAMS 0x00000000f5900000| PB 0x00000000f5900000| Complete 
|1882|0x00000000f5a00000, 0x00000000f5b00000, 0x00000000f5b00000|100%| E|CS|TAMS 0x00000000f5a00000| PB 0x00000000f5a00000| Complete 
|1883|0x00000000f5b00000, 0x00000000f5c00000, 0x00000000f5c00000|100%| E|CS|TAMS 0x00000000f5b00000| PB 0x00000000f5b00000| Complete 
|1884|0x00000000f5c00000, 0x00000000f5d00000, 0x00000000f5d00000|100%| E|CS|TAMS 0x00000000f5c00000| PB 0x00000000f5c00000| Complete 
|1885|0x00000000f5d00000, 0x00000000f5e00000, 0x00000000f5e00000|100%| E|CS|TAMS 0x00000000f5d00000| PB 0x00000000f5d00000| Complete 
|1886|0x00000000f5e00000, 0x00000000f5f00000, 0x00000000f5f00000|100%| E|CS|TAMS 0x00000000f5e00000| PB 0x00000000f5e00000| Complete 
|1887|0x00000000f5f00000, 0x00000000f6000000, 0x00000000f6000000|100%| E|CS|TAMS 0x00000000f5f00000| PB 0x00000000f5f00000| Complete 
|1888|0x00000000f6000000, 0x00000000f6100000, 0x00000000f6100000|100%| E|CS|TAMS 0x00000000f6000000| PB 0x00000000f6000000| Complete 
|1889|0x00000000f6100000, 0x00000000f6200000, 0x00000000f6200000|100%| E|CS|TAMS 0x00000000f6100000| PB 0x00000000f6100000| Complete 
|1890|0x00000000f6200000, 0x00000000f6300000, 0x00000000f6300000|100%| E|CS|TAMS 0x00000000f6200000| PB 0x00000000f6200000| Complete 
|1891|0x00000000f6300000, 0x00000000f6400000, 0x00000000f6400000|100%| E|CS|TAMS 0x00000000f6300000| PB 0x00000000f6300000| Complete 
|1892|0x00000000f6400000, 0x00000000f6500000, 0x00000000f6500000|100%| E|CS|TAMS 0x00000000f6400000| PB 0x00000000f6400000| Complete 
|1893|0x00000000f6500000, 0x00000000f6600000, 0x00000000f6600000|100%| E|CS|TAMS 0x00000000f6500000| PB 0x00000000f6500000| Complete 
|1894|0x00000000f6600000, 0x00000000f6700000, 0x00000000f6700000|100%| E|CS|TAMS 0x00000000f6600000| PB 0x00000000f6600000| Complete 
|1895|0x00000000f6700000, 0x00000000f6800000, 0x00000000f6800000|100%| E|CS|TAMS 0x00000000f6700000| PB 0x00000000f6700000| Complete 
|1896|0x00000000f6800000, 0x00000000f6900000, 0x00000000f6900000|100%| E|CS|TAMS 0x00000000f6800000| PB 0x00000000f6800000| Complete 
|1897|0x00000000f6900000, 0x00000000f6a00000, 0x00000000f6a00000|100%| E|CS|TAMS 0x00000000f6900000| PB 0x00000000f6900000| Complete 
|1898|0x00000000f6a00000, 0x00000000f6b00000, 0x00000000f6b00000|100%| E|CS|TAMS 0x00000000f6a00000| PB 0x00000000f6a00000| Complete 
|1899|0x00000000f6b00000, 0x00000000f6c00000, 0x00000000f6c00000|100%| E|CS|TAMS 0x00000000f6b00000| PB 0x00000000f6b00000| Complete 
|1900|0x00000000f6c00000, 0x00000000f6d00000, 0x00000000f6d00000|100%| E|CS|TAMS 0x00000000f6c00000| PB 0x00000000f6c00000| Complete 
|1901|0x00000000f6d00000, 0x00000000f6e00000, 0x00000000f6e00000|100%| E|CS|TAMS 0x00000000f6d00000| PB 0x00000000f6d00000| Complete 
|1902|0x00000000f6e00000, 0x00000000f6f00000, 0x00000000f6f00000|100%| E|CS|TAMS 0x00000000f6e00000| PB 0x00000000f6e00000| Complete 
|1903|0x00000000f6f00000, 0x00000000f7000000, 0x00000000f7000000|100%| E|CS|TAMS 0x00000000f6f00000| PB 0x00000000f6f00000| Complete 
|1904|0x00000000f7000000, 0x00000000f7100000, 0x00000000f7100000|100%| E|CS|TAMS 0x00000000f7000000| PB 0x00000000f7000000| Complete 
|1905|0x00000000f7100000, 0x00000000f7200000, 0x00000000f7200000|100%| E|CS|TAMS 0x00000000f7100000| PB 0x00000000f7100000| Complete 
|1906|0x00000000f7200000, 0x00000000f7300000, 0x00000000f7300000|100%| E|CS|TAMS 0x00000000f7200000| PB 0x00000000f7200000| Complete 
|1907|0x00000000f7300000, 0x00000000f7400000, 0x00000000f7400000|100%| E|CS|TAMS 0x00000000f7300000| PB 0x00000000f7300000| Complete 
|1908|0x00000000f7400000, 0x00000000f7500000, 0x00000000f7500000|100%| E|CS|TAMS 0x00000000f7400000| PB 0x00000000f7400000| Complete 
|1909|0x00000000f7500000, 0x00000000f7600000, 0x00000000f7600000|100%| E|CS|TAMS 0x00000000f7500000| PB 0x00000000f7500000| Complete 
|1910|0x00000000f7600000, 0x00000000f7700000, 0x00000000f7700000|100%| E|CS|TAMS 0x00000000f7600000| PB 0x00000000f7600000| Complete 
|1911|0x00000000f7700000, 0x00000000f7800000, 0x00000000f7800000|100%| E|CS|TAMS 0x00000000f7700000| PB 0x00000000f7700000| Complete 
|1912|0x00000000f7800000, 0x00000000f7900000, 0x00000000f7900000|100%| E|CS|TAMS 0x00000000f7800000| PB 0x00000000f7800000| Complete 
|1913|0x00000000f7900000, 0x00000000f7a00000, 0x00000000f7a00000|100%| E|CS|TAMS 0x00000000f7900000| PB 0x00000000f7900000| Complete 
|1914|0x00000000f7a00000, 0x00000000f7b00000, 0x00000000f7b00000|100%| E|CS|TAMS 0x00000000f7a00000| PB 0x00000000f7a00000| Complete 
|1915|0x00000000f7b00000, 0x00000000f7c00000, 0x00000000f7c00000|100%| E|CS|TAMS 0x00000000f7b00000| PB 0x00000000f7b00000| Complete 
|1916|0x00000000f7c00000, 0x00000000f7d00000, 0x00000000f7d00000|100%| E|CS|TAMS 0x00000000f7c00000| PB 0x00000000f7c00000| Complete 
|1917|0x00000000f7d00000, 0x00000000f7e00000, 0x00000000f7e00000|100%| E|CS|TAMS 0x00000000f7d00000| PB 0x00000000f7d00000| Complete 
|1918|0x00000000f7e00000, 0x00000000f7f00000, 0x00000000f7f00000|100%| E|CS|TAMS 0x00000000f7e00000| PB 0x00000000f7e00000| Complete 
|1919|0x00000000f7f00000, 0x00000000f8000000, 0x00000000f8000000|100%| E|CS|TAMS 0x00000000f7f00000| PB 0x00000000f7f00000| Complete 
|1920|0x00000000f8000000, 0x00000000f8100000, 0x00000000f8100000|100%| E|CS|TAMS 0x00000000f8000000| PB 0x00000000f8000000| Complete 
|1921|0x00000000f8100000, 0x00000000f8200000, 0x00000000f8200000|100%| E|CS|TAMS 0x00000000f8100000| PB 0x00000000f8100000| Complete 
|1922|0x00000000f8200000, 0x00000000f8300000, 0x00000000f8300000|100%| E|CS|TAMS 0x00000000f8200000| PB 0x00000000f8200000| Complete 
|1923|0x00000000f8300000, 0x00000000f8400000, 0x00000000f8400000|100%| E|CS|TAMS 0x00000000f8300000| PB 0x00000000f8300000| Complete 
|1924|0x00000000f8400000, 0x00000000f8500000, 0x00000000f8500000|100%| O|Cm|TAMS 0x00000000f8400000| PB 0x00000000f8400000| Complete 
|1925|0x00000000f8500000, 0x00000000f8600000, 0x00000000f8600000|100%| O|Cm|TAMS 0x00000000f8500000| PB 0x00000000f8500000| Complete 
|1926|0x00000000f8600000, 0x00000000f8700000, 0x00000000f8700000|100%| O|Cm|TAMS 0x00000000f8600000| PB 0x00000000f8600000| Complete 
|1927|0x00000000f8700000, 0x00000000f8800000, 0x00000000f8800000|100%| E|CS|TAMS 0x00000000f8700000| PB 0x00000000f8700000| Complete 
|1928|0x00000000f8800000, 0x00000000f8900000, 0x00000000f8900000|100%| O|Cm|TAMS 0x00000000f8800000| PB 0x00000000f8800000| Complete 
|1929|0x00000000f8900000, 0x00000000f8a00000, 0x00000000f8a00000|100%| E|CS|TAMS 0x00000000f8900000| PB 0x00000000f8900000| Complete 
|1930|0x00000000f8a00000, 0x00000000f8b00000, 0x00000000f8b00000|100%| E|CS|TAMS 0x00000000f8a00000| PB 0x00000000f8a00000| Complete 
|1931|0x00000000f8b00000, 0x00000000f8c00000, 0x00000000f8c00000|100%| E|CS|TAMS 0x00000000f8b00000| PB 0x00000000f8b00000| Complete 
|1932|0x00000000f8c00000, 0x00000000f8d00000, 0x00000000f8d00000|100%| E|CS|TAMS 0x00000000f8c00000| PB 0x00000000f8c00000| Complete 
|1933|0x00000000f8d00000, 0x00000000f8e00000, 0x00000000f8e00000|100%| O|Cm|TAMS 0x00000000f8d00000| PB 0x00000000f8d00000| Complete 
|1934|0x00000000f8e00000, 0x00000000f8f00000, 0x00000000f8f00000|100%| E|CS|TAMS 0x00000000f8e00000| PB 0x00000000f8e00000| Complete 
|1935|0x00000000f8f00000, 0x00000000f9000000, 0x00000000f9000000|100%| E|CS|TAMS 0x00000000f8f00000| PB 0x00000000f8f00000| Complete 
|1936|0x00000000f9000000, 0x00000000f9100000, 0x00000000f9100000|100%| E|CS|TAMS 0x00000000f9000000| PB 0x00000000f9000000| Complete 
|1937|0x00000000f9100000, 0x00000000f9200000, 0x00000000f9200000|100%| E|CS|TAMS 0x00000000f9100000| PB 0x00000000f9100000| Complete 
|1938|0x00000000f9200000, 0x00000000f9300000, 0x00000000f9300000|100%| E|CS|TAMS 0x00000000f9200000| PB 0x00000000f9200000| Complete 
|1939|0x00000000f9300000, 0x00000000f9400000, 0x00000000f9400000|100%| E|CS|TAMS 0x00000000f9300000| PB 0x00000000f9300000| Complete 
|1940|0x00000000f9400000, 0x00000000f9500000, 0x00000000f9500000|100%| E|CS|TAMS 0x00000000f9400000| PB 0x00000000f9400000| Complete 
|1941|0x00000000f9500000, 0x00000000f9600000, 0x00000000f9600000|100%| E|CS|TAMS 0x00000000f9500000| PB 0x00000000f9500000| Complete 
|1942|0x00000000f9600000, 0x00000000f9700000, 0x00000000f9700000|100%| E|CS|TAMS 0x00000000f9600000| PB 0x00000000f9600000| Complete 
|1943|0x00000000f9700000, 0x00000000f9800000, 0x00000000f9800000|100%| E|CS|TAMS 0x00000000f9700000| PB 0x00000000f9700000| Complete 
|1944|0x00000000f9800000, 0x00000000f9900000, 0x00000000f9900000|100%| E|CS|TAMS 0x00000000f9800000| PB 0x00000000f9800000| Complete 
|1945|0x00000000f9900000, 0x00000000f9a00000, 0x00000000f9a00000|100%| E|CS|TAMS 0x00000000f9900000| PB 0x00000000f9900000| Complete 
|1946|0x00000000f9a00000, 0x00000000f9b00000, 0x00000000f9b00000|100%| E|CS|TAMS 0x00000000f9a00000| PB 0x00000000f9a00000| Complete 
|1947|0x00000000f9b00000, 0x00000000f9c00000, 0x00000000f9c00000|100%| E|CS|TAMS 0x00000000f9b00000| PB 0x00000000f9b00000| Complete 
|1948|0x00000000f9c00000, 0x00000000f9d00000, 0x00000000f9d00000|100%| E|CS|TAMS 0x00000000f9c00000| PB 0x00000000f9c00000| Complete 
|1949|0x00000000f9d00000, 0x00000000f9e00000, 0x00000000f9e00000|100%| E|CS|TAMS 0x00000000f9d00000| PB 0x00000000f9d00000| Complete 
|1950|0x00000000f9e00000, 0x00000000f9f00000, 0x00000000f9f00000|100%| E|CS|TAMS 0x00000000f9e00000| PB 0x00000000f9e00000| Complete 
|1951|0x00000000f9f00000, 0x00000000fa000000, 0x00000000fa000000|100%| E|CS|TAMS 0x00000000f9f00000| PB 0x00000000f9f00000| Complete 
|1952|0x00000000fa000000, 0x00000000fa100000, 0x00000000fa100000|100%| E|CS|TAMS 0x00000000fa000000| PB 0x00000000fa000000| Complete 
|1953|0x00000000fa100000, 0x00000000fa200000, 0x00000000fa200000|100%| E|CS|TAMS 0x00000000fa100000| PB 0x00000000fa100000| Complete 
|1954|0x00000000fa200000, 0x00000000fa300000, 0x00000000fa300000|100%| E|CS|TAMS 0x00000000fa200000| PB 0x00000000fa200000| Complete 
|1955|0x00000000fa300000, 0x00000000fa400000, 0x00000000fa400000|100%| E|CS|TAMS 0x00000000fa300000| PB 0x00000000fa300000| Complete 
|1956|0x00000000fa400000, 0x00000000fa500000, 0x00000000fa500000|100%| E|CS|TAMS 0x00000000fa400000| PB 0x00000000fa400000| Complete 
|1957|0x00000000fa500000, 0x00000000fa600000, 0x00000000fa600000|100%| E|CS|TAMS 0x00000000fa500000| PB 0x00000000fa500000| Complete 
|1958|0x00000000fa600000, 0x00000000fa700000, 0x00000000fa700000|100%| E|CS|TAMS 0x00000000fa600000| PB 0x00000000fa600000| Complete 
|1959|0x00000000fa700000, 0x00000000fa800000, 0x00000000fa800000|100%| E|CS|TAMS 0x00000000fa700000| PB 0x00000000fa700000| Complete 
|1960|0x00000000fa800000, 0x00000000fa900000, 0x00000000fa900000|100%| E|CS|TAMS 0x00000000fa800000| PB 0x00000000fa800000| Complete 
|1961|0x00000000fa900000, 0x00000000faa00000, 0x00000000faa00000|100%| E|CS|TAMS 0x00000000fa900000| PB 0x00000000fa900000| Complete 
|1962|0x00000000faa00000, 0x00000000fab00000, 0x00000000fab00000|100%| E|CS|TAMS 0x00000000faa00000| PB 0x00000000faa00000| Complete 
|1963|0x00000000fab00000, 0x00000000fac00000, 0x00000000fac00000|100%| E|CS|TAMS 0x00000000fab00000| PB 0x00000000fab00000| Complete 
|1964|0x00000000fac00000, 0x00000000fad00000, 0x00000000fad00000|100%| E|CS|TAMS 0x00000000fac00000| PB 0x00000000fac00000| Complete 
|1965|0x00000000fad00000, 0x00000000fae00000, 0x00000000fae00000|100%| E|CS|TAMS 0x00000000fad00000| PB 0x00000000fad00000| Complete 
|1966|0x00000000fae00000, 0x00000000faf00000, 0x00000000faf00000|100%| E|CS|TAMS 0x00000000fae00000| PB 0x00000000fae00000| Complete 
|1967|0x00000000faf00000, 0x00000000fb000000, 0x00000000fb000000|100%| E|CS|TAMS 0x00000000faf00000| PB 0x00000000faf00000| Complete 
|1968|0x00000000fb000000, 0x00000000fb100000, 0x00000000fb100000|100%| E|CS|TAMS 0x00000000fb000000| PB 0x00000000fb000000| Complete 
|1969|0x00000000fb100000, 0x00000000fb200000, 0x00000000fb200000|100%| E|CS|TAMS 0x00000000fb100000| PB 0x00000000fb100000| Complete 
|1970|0x00000000fb200000, 0x00000000fb300000, 0x00000000fb300000|100%| E|CS|TAMS 0x00000000fb200000| PB 0x00000000fb200000| Complete 
|1971|0x00000000fb300000, 0x00000000fb400000, 0x00000000fb400000|100%| E|CS|TAMS 0x00000000fb300000| PB 0x00000000fb300000| Complete 
|1972|0x00000000fb400000, 0x00000000fb500000, 0x00000000fb500000|100%| E|CS|TAMS 0x00000000fb400000| PB 0x00000000fb400000| Complete 
|1973|0x00000000fb500000, 0x00000000fb600000, 0x00000000fb600000|100%| E|CS|TAMS 0x00000000fb500000| PB 0x00000000fb500000| Complete 
|1974|0x00000000fb600000, 0x00000000fb700000, 0x00000000fb700000|100%| E|CS|TAMS 0x00000000fb600000| PB 0x00000000fb600000| Complete 
|1975|0x00000000fb700000, 0x00000000fb800000, 0x00000000fb800000|100%| E|CS|TAMS 0x00000000fb700000| PB 0x00000000fb700000| Complete 
|1976|0x00000000fb800000, 0x00000000fb900000, 0x00000000fb900000|100%| E|CS|TAMS 0x00000000fb800000| PB 0x00000000fb800000| Complete 
|1977|0x00000000fb900000, 0x00000000fba00000, 0x00000000fba00000|100%| E|CS|TAMS 0x00000000fb900000| PB 0x00000000fb900000| Complete 
|1978|0x00000000fba00000, 0x00000000fbb00000, 0x00000000fbb00000|100%| E|CS|TAMS 0x00000000fba00000| PB 0x00000000fba00000| Complete 
|1979|0x00000000fbb00000, 0x00000000fbc00000, 0x00000000fbc00000|100%| E|CS|TAMS 0x00000000fbb00000| PB 0x00000000fbb00000| Complete 
|1980|0x00000000fbc00000, 0x00000000fbd00000, 0x00000000fbd00000|100%| E|CS|TAMS 0x00000000fbc00000| PB 0x00000000fbc00000| Complete 
|1981|0x00000000fbd00000, 0x00000000fbe00000, 0x00000000fbe00000|100%| E|CS|TAMS 0x00000000fbd00000| PB 0x00000000fbd00000| Complete 
|1982|0x00000000fbe00000, 0x00000000fbf00000, 0x00000000fbf00000|100%| E|CS|TAMS 0x00000000fbe00000| PB 0x00000000fbe00000| Complete 
|1983|0x00000000fbf00000, 0x00000000fc000000, 0x00000000fc000000|100%| E|CS|TAMS 0x00000000fbf00000| PB 0x00000000fbf00000| Complete 
|1984|0x00000000fc000000, 0x00000000fc100000, 0x00000000fc100000|100%| E|CS|TAMS 0x00000000fc000000| PB 0x00000000fc000000| Complete 
|1985|0x00000000fc100000, 0x00000000fc200000, 0x00000000fc200000|100%| E|CS|TAMS 0x00000000fc100000| PB 0x00000000fc100000| Complete 
|1986|0x00000000fc200000, 0x00000000fc300000, 0x00000000fc300000|100%| E|CS|TAMS 0x00000000fc200000| PB 0x00000000fc200000| Complete 
|1987|0x00000000fc300000, 0x00000000fc400000, 0x00000000fc400000|100%| E|CS|TAMS 0x00000000fc300000| PB 0x00000000fc300000| Complete 
|1988|0x00000000fc400000, 0x00000000fc500000, 0x00000000fc500000|100%| E|CS|TAMS 0x00000000fc400000| PB 0x00000000fc400000| Complete 
|1989|0x00000000fc500000, 0x00000000fc600000, 0x00000000fc600000|100%| E|CS|TAMS 0x00000000fc500000| PB 0x00000000fc500000| Complete 
|1990|0x00000000fc600000, 0x00000000fc700000, 0x00000000fc700000|100%| E|CS|TAMS 0x00000000fc600000| PB 0x00000000fc600000| Complete 
|1991|0x00000000fc700000, 0x00000000fc800000, 0x00000000fc800000|100%| E|CS|TAMS 0x00000000fc700000| PB 0x00000000fc700000| Complete 
|1992|0x00000000fc800000, 0x00000000fc900000, 0x00000000fc900000|100%| E|CS|TAMS 0x00000000fc800000| PB 0x00000000fc800000| Complete 
|1993|0x00000000fc900000, 0x00000000fca00000, 0x00000000fca00000|100%| E|CS|TAMS 0x00000000fc900000| PB 0x00000000fc900000| Complete 
|1994|0x00000000fca00000, 0x00000000fcb00000, 0x00000000fcb00000|100%| E|CS|TAMS 0x00000000fca00000| PB 0x00000000fca00000| Complete 
|1995|0x00000000fcb00000, 0x00000000fcc00000, 0x00000000fcc00000|100%| E|CS|TAMS 0x00000000fcb00000| PB 0x00000000fcb00000| Complete 
|1996|0x00000000fcc00000, 0x00000000fcd00000, 0x00000000fcd00000|100%| E|CS|TAMS 0x00000000fcc00000| PB 0x00000000fcc00000| Complete 
|1997|0x00000000fcd00000, 0x00000000fce00000, 0x00000000fce00000|100%| E|CS|TAMS 0x00000000fcd00000| PB 0x00000000fcd00000| Complete 
|1998|0x00000000fce00000, 0x00000000fcf00000, 0x00000000fcf00000|100%| E|CS|TAMS 0x00000000fce00000| PB 0x00000000fce00000| Complete 
|1999|0x00000000fcf00000, 0x00000000fd000000, 0x00000000fd000000|100%| E|CS|TAMS 0x00000000fcf00000| PB 0x00000000fcf00000| Complete 
|2000|0x00000000fd000000, 0x00000000fd100000, 0x00000000fd100000|100%| E|CS|TAMS 0x00000000fd000000| PB 0x00000000fd000000| Complete 
|2001|0x00000000fd100000, 0x00000000fd200000, 0x00000000fd200000|100%| E|CS|TAMS 0x00000000fd100000| PB 0x00000000fd100000| Complete 
|2002|0x00000000fd200000, 0x00000000fd300000, 0x00000000fd300000|100%| E|CS|TAMS 0x00000000fd200000| PB 0x00000000fd200000| Complete 
|2003|0x00000000fd300000, 0x00000000fd400000, 0x00000000fd400000|100%| E|CS|TAMS 0x00000000fd300000| PB 0x00000000fd300000| Complete 
|2004|0x00000000fd400000, 0x00000000fd500000, 0x00000000fd500000|100%| E|CS|TAMS 0x00000000fd400000| PB 0x00000000fd400000| Complete 
|2005|0x00000000fd500000, 0x00000000fd600000, 0x00000000fd600000|100%| E|CS|TAMS 0x00000000fd500000| PB 0x00000000fd500000| Complete 
|2006|0x00000000fd600000, 0x00000000fd700000, 0x00000000fd700000|100%| E|CS|TAMS 0x00000000fd600000| PB 0x00000000fd600000| Complete 
|2007|0x00000000fd700000, 0x00000000fd800000, 0x00000000fd800000|100%| E|CS|TAMS 0x00000000fd700000| PB 0x00000000fd700000| Complete 
|2008|0x00000000fd800000, 0x00000000fd900000, 0x00000000fd900000|100%| E|CS|TAMS 0x00000000fd800000| PB 0x00000000fd800000| Complete 
|2009|0x00000000fd900000, 0x00000000fda00000, 0x00000000fda00000|100%| E|CS|TAMS 0x00000000fd900000| PB 0x00000000fd900000| Complete 
|2010|0x00000000fda00000, 0x00000000fdb00000, 0x00000000fdb00000|100%| E|CS|TAMS 0x00000000fda00000| PB 0x00000000fda00000| Complete 
|2011|0x00000000fdb00000, 0x00000000fdc00000, 0x00000000fdc00000|100%| E|CS|TAMS 0x00000000fdb00000| PB 0x00000000fdb00000| Complete 
|2012|0x00000000fdc00000, 0x00000000fdd00000, 0x00000000fdd00000|100%| E|CS|TAMS 0x00000000fdc00000| PB 0x00000000fdc00000| Complete 
|2013|0x00000000fdd00000, 0x00000000fde00000, 0x00000000fde00000|100%| E|CS|TAMS 0x00000000fdd00000| PB 0x00000000fdd00000| Complete 
|2014|0x00000000fde00000, 0x00000000fdf00000, 0x00000000fdf00000|100%| E|CS|TAMS 0x00000000fde00000| PB 0x00000000fde00000| Complete 
|2015|0x00000000fdf00000, 0x00000000fe000000, 0x00000000fe000000|100%| E|CS|TAMS 0x00000000fdf00000| PB 0x00000000fdf00000| Complete 
|2016|0x00000000fe000000, 0x00000000fe100000, 0x00000000fe100000|100%| E|CS|TAMS 0x00000000fe000000| PB 0x00000000fe000000| Complete 
|2017|0x00000000fe100000, 0x00000000fe200000, 0x00000000fe200000|100%| E|CS|TAMS 0x00000000fe100000| PB 0x00000000fe100000| Complete 
|2018|0x00000000fe200000, 0x00000000fe300000, 0x00000000fe300000|100%| E|CS|TAMS 0x00000000fe200000| PB 0x00000000fe200000| Complete 
|2019|0x00000000fe300000, 0x00000000fe400000, 0x00000000fe400000|100%| O|  |TAMS 0x00000000fe300000| PB 0x00000000fe300000| Untracked 
|2020|0x00000000fe400000, 0x00000000fe500000, 0x00000000fe500000|100%| O|  |TAMS 0x00000000fe400000| PB 0x00000000fe400000| Untracked 
|2021|0x00000000fe500000, 0x00000000fe600000, 0x00000000fe600000|100%| O|  |TAMS 0x00000000fe500000| PB 0x00000000fe500000| Untracked 
|2022|0x00000000fe600000, 0x00000000fe700000, 0x00000000fe700000|100%| O|  |TAMS 0x00000000fe600000| PB 0x00000000fe600000| Untracked 
|2023|0x00000000fe700000, 0x00000000fe800000, 0x00000000fe800000|100%| E|CS|TAMS 0x00000000fe700000| PB 0x00000000fe700000| Complete 
|2024|0x00000000fe800000, 0x00000000fe900000, 0x00000000fe900000|100%| E|CS|TAMS 0x00000000fe800000| PB 0x00000000fe800000| Complete 
|2025|0x00000000fe900000, 0x00000000fea00000, 0x00000000fea00000|100%| E|CS|TAMS 0x00000000fe900000| PB 0x00000000fe900000| Complete 
|2026|0x00000000fea00000, 0x00000000feb00000, 0x00000000feb00000|100%| E|CS|TAMS 0x00000000fea00000| PB 0x00000000fea00000| Complete 
|2027|0x00000000feb00000, 0x00000000fec00000, 0x00000000fec00000|100%| E|CS|TAMS 0x00000000feb00000| PB 0x00000000feb00000| Complete 
|2028|0x00000000fec00000, 0x00000000fed00000, 0x00000000fed00000|100%| E|CS|TAMS 0x00000000fec00000| PB 0x00000000fec00000| Complete 
|2029|0x00000000fed00000, 0x00000000fee00000, 0x00000000fee00000|100%| E|CS|TAMS 0x00000000fed00000| PB 0x00000000fed00000| Complete 
|2030|0x00000000fee00000, 0x00000000fef00000, 0x00000000fef00000|100%| E|CS|TAMS 0x00000000fee00000| PB 0x00000000fee00000| Complete 
|2031|0x00000000fef00000, 0x00000000ff000000, 0x00000000ff000000|100%| E|CS|TAMS 0x00000000fef00000| PB 0x00000000fef00000| Complete 
|2032|0x00000000ff000000, 0x00000000ff100000, 0x00000000ff100000|100%| E|CS|TAMS 0x00000000ff000000| PB 0x00000000ff000000| Complete 
|2033|0x00000000ff100000, 0x00000000ff200000, 0x00000000ff200000|100%| E|CS|TAMS 0x00000000ff100000| PB 0x00000000ff100000| Complete 
|2034|0x00000000ff200000, 0x00000000ff300000, 0x00000000ff300000|100%| E|CS|TAMS 0x00000000ff200000| PB 0x00000000ff200000| Complete 
|2035|0x00000000ff300000, 0x00000000ff400000, 0x00000000ff400000|100%| E|CS|TAMS 0x00000000ff300000| PB 0x00000000ff300000| Complete 
|2036|0x00000000ff400000, 0x00000000ff500000, 0x00000000ff500000|100%| E|CS|TAMS 0x00000000ff400000| PB 0x00000000ff400000| Complete 
|2037|0x00000000ff500000, 0x00000000ff600000, 0x00000000ff600000|100%| E|CS|TAMS 0x00000000ff500000| PB 0x00000000ff500000| Complete 
|2038|0x00000000ff600000, 0x00000000ff700000, 0x00000000ff700000|100%| E|CS|TAMS 0x00000000ff600000| PB 0x00000000ff600000| Complete 
|2039|0x00000000ff700000, 0x00000000ff800000, 0x00000000ff800000|100%| E|CS|TAMS 0x00000000ff700000| PB 0x00000000ff700000| Complete 
|2040|0x00000000ff800000, 0x00000000ff900000, 0x00000000ff900000|100%| E|CS|TAMS 0x00000000ff800000| PB 0x00000000ff800000| Complete 
|2041|0x00000000ff900000, 0x00000000ffa00000, 0x00000000ffa00000|100%| E|CS|TAMS 0x00000000ff900000| PB 0x00000000ff900000| Complete 
|2042|0x00000000ffa00000, 0x00000000ffb00000, 0x00000000ffb00000|100%| E|CS|TAMS 0x00000000ffa00000| PB 0x00000000ffa00000| Complete 
|2043|0x00000000ffb00000, 0x00000000ffc00000, 0x00000000ffc00000|100%| E|CS|TAMS 0x00000000ffb00000| PB 0x00000000ffb00000| Complete 
|2044|0x00000000ffc00000, 0x00000000ffd00000, 0x00000000ffd00000|100%| E|CS|TAMS 0x00000000ffc00000| PB 0x00000000ffc00000| Complete 
|2045|0x00000000ffd00000, 0x00000000ffe00000, 0x00000000ffe00000|100%| E|CS|TAMS 0x00000000ffd00000| PB 0x00000000ffd00000| Complete 
|2046|0x00000000ffe00000, 0x00000000fff00000, 0x00000000fff00000|100%| E|CS|TAMS 0x00000000ffe00000| PB 0x00000000ffe00000| Complete 
|2047|0x00000000fff00000, 0x0000000100000000, 0x0000000100000000|100%| O|  |TAMS 0x00000000fff00000| PB 0x00000000fff00000| Untracked 

Card table byte_map: [0x0000024f5b320000,0x0000024f5b720000] _byte_map_base: 0x0000024f5af20000

Marking Bits: (CMBitMap*) 0x0000024f4596e7a0
 Bits: [0x0000024f5b720000, 0x0000024f5d720000)

Polling page: 0x0000024f45cb0000

Metaspace:

Usage:
  Non-class:    251.04 MB used.
      Class:     37.60 MB used.
       Both:    288.64 MB used.

Virtual space:
  Non-class space:      256.00 MB reserved,     252.94 MB ( 99%) committed,  4 nodes.
      Class space:        1.00 GB reserved,      39.44 MB (  4%) committed,  1 nodes.
             Both:        1.25 GB reserved,     292.38 MB ( 23%) committed. 

Chunk freelists:
   Non-Class:  2.86 MB
       Class:  8.59 MB
        Both:  11.45 MB

MaxMetaspaceSize: unlimited
CompressedClassSpaceSize: 1.00 GB
Initial GC threshold: 21.00 MB
Current GC threshold: 459.38 MB
CDS: off
 - commit_granule_bytes: 65536.
 - commit_granule_words: 8192.
 - virtual_space_node_default_size: 8388608.
 - enlarge_chunks_in_place: 1.
 - use_allocation_guard: 0.


Internal statistics:

num_allocs_failed_limit: 9.
num_arena_births: 7384.
num_arena_deaths: 110.
num_vsnodes_births: 5.
num_vsnodes_deaths: 0.
num_space_committed: 4668.
num_space_uncommitted: 0.
num_chunks_returned_to_freelist: 176.
num_chunks_taken_from_freelist: 20397.
num_chunk_merges: 68.
num_chunk_splits: 13656.
num_chunks_enlarged: 9072.
num_inconsistent_stats: 0.

CodeHeap 'non-profiled nmethods': size=119168Kb used=31574Kb max_used=31807Kb free=87594Kb
 bounds [0x0000024f52aa0000, 0x0000024f549b0000, 0x0000024f59f00000]
CodeHeap 'profiled nmethods': size=119104Kb used=61183Kb max_used=63017Kb free=57920Kb
 bounds [0x0000024f4af00000, 0x0000024f4ec90000, 0x0000024f52350000]
CodeHeap 'non-nmethods': size=7488Kb used=3480Kb max_used=5225Kb free=4007Kb
 bounds [0x0000024f52350000, 0x0000024f52980000, 0x0000024f52aa0000]
CodeCache: size=245760Kb, used=96237Kb, max_used=100049Kb, free=149521Kb
 total_blobs=30072, nmethods=28650, adapters=1322, full_count=0
Compilation: enabled, stopped_count=0, restarted_count=0

Compilation events (20 events):
Event: 2492.021 Thread 0x0000024f68eb4f20 nmethod 54442 0x0000024f53bcea10 code [0x0000024f53bced20, 0x0000024f53bcfa50]
Event: 2492.022 Thread 0x0000024f611a1ef0 54443       4       com.sun.org.apache.xerces.internal.dom.DeferredElementNSImpl::synchronizeData (232 bytes)
Event: 2492.022 Thread 0x0000024f79e10ac0 54444       1       com.sun.org.apache.xerces.internal.dom.CoreDocumentImpl::isXML11Version (5 bytes)
Event: 2492.022 Thread 0x0000024f79e10ac0 nmethod 54444 0x0000024f53bce710 code [0x0000024f53bce8a0, 0x0000024f53bce970]
Event: 2492.023 Thread 0x0000024f68eb4f20 54445       4       com.sun.org.apache.xerces.internal.dom.DeferredDocumentImpl::getTypeInfo (99 bytes)
Event: 2492.023 Thread 0x0000024f68eb4f20 nmethod 54445 0x0000024f53bce310 code [0x0000024f53bce4a0, 0x0000024f53bce5e0]
Event: 2492.032 Thread 0x0000024f79e0ef80 54446       3       com.sun.org.apache.xerces.internal.dom.AttrNSImpl::setPrefix (279 bytes)
Event: 2492.033 Thread 0x0000024f79e10ac0 54447       3       com.sun.org.apache.xerces.internal.dom.DeferredDocumentImpl::getChunkValue (19 bytes)
Event: 2492.033 Thread 0x0000024f79e10ac0 nmethod 54447 0x0000024f4ba51090 code [0x0000024f4ba51240, 0x0000024f4ba514f0]
Event: 2492.033 Thread 0x0000024f79e0ef80 nmethod 54446 0x0000024f4d32ce10 code [0x0000024f4d32d460, 0x0000024f4d330988]
Event: 2492.034 Thread 0x0000024f611a1ef0 nmethod 54443 0x0000024f54621e90 code [0x0000024f546221c0, 0x0000024f54623b40]
Event: 2492.036 Thread 0x0000024f611a1ef0 54448 %     4       com.android.utils.XmlUtils::toXmlAttributeValue @ 7 (89 bytes)
Event: 2492.036 Thread 0x0000024f68eb4f20 54449       4       com.android.utils.XmlUtils::toXmlTextValue (65 bytes)
Event: 2492.039 Thread 0x0000024f68eb4f20 nmethod 54449 0x0000024f54621810 code [0x0000024f546219a0, 0x0000024f54621cc8]
Event: 2492.039 Thread 0x0000024f68eb4f20 54450       4       com.android.utils.XmlUtils::append (597 bytes)
Event: 2492.040 Thread 0x0000024f611a1ef0 nmethod 54448% 0x0000024f54620a10 code [0x0000024f54620c00, 0x0000024f54621430]
Event: 2492.040 Thread 0x0000024f611a1ef0 54451       4       com.android.utils.XmlUtils$PositionAwareStringBuilder::getOffset (8 bytes)
Event: 2492.040 Thread 0x0000024f611a1ef0 nmethod 54451 0x0000024f53bce010 code [0x0000024f53bce1a0, 0x0000024f53bce240]
Event: 2492.040 Thread 0x0000024f611a1ef0 54452       4       com.android.utils.XmlUtils::toXmlAttributeValue (89 bytes)
Event: 2492.045 Thread 0x0000024f611a1ef0 nmethod 54452 0x0000024f5461fd90 code [0x0000024f5461ff80, 0x0000024f54620698]

GC Heap History (20 events):
Event: 231.523 GC heap before
{Heap before GC invocations=87 (full 0):
 garbage-first heap   total 771072K, used 545169K [0x0000000080000000, 0x0000000100000000)
  region size 1024K, 250 young (256000K), 9 survivors (9216K)
 Metaspace       used 199959K, committed 202944K, reserved 1245184K
  class space    used 27058K, committed 28544K, reserved 1048576K
}
Event: 231.531 GC heap after
{Heap after GC invocations=88 (full 0):
 garbage-first heap   total 771072K, used 316059K [0x0000000080000000, 0x0000000100000000)
  region size 1024K, 24 young (24576K), 24 survivors (24576K)
 Metaspace       used 199959K, committed 202944K, reserved 1245184K
  class space    used 27058K, committed 28544K, reserved 1048576K
}
Event: 231.968 GC heap before
{Heap before GC invocations=89 (full 0):
 garbage-first heap   total 771072K, used 769691K [0x0000000080000000, 0x0000000100000000)
  region size 1024K, 393 young (402432K), 24 survivors (24576K)
 Metaspace       used 200090K, committed 203072K, reserved 1245184K
  class space    used 27058K, committed 28544K, reserved 1048576K
}
Event: 231.983 GC heap after
{Heap after GC invocations=90 (full 0):
 garbage-first heap   total 823296K, used 367449K [0x0000000080000000, 0x0000000100000000)
  region size 1024K, 50 young (51200K), 50 survivors (51200K)
 Metaspace       used 200090K, committed 203072K, reserved 1245184K
  class space    used 27058K, committed 28544K, reserved 1048576K
}
Event: 232.474 GC heap before
{Heap before GC invocations=90 (full 0):
 garbage-first heap   total 823296K, used 760665K [0x0000000080000000, 0x0000000100000000)
  region size 1024K, 404 young (413696K), 50 survivors (51200K)
 Metaspace       used 200131K, committed 203136K, reserved 1245184K
  class space    used 27058K, committed 28544K, reserved 1048576K
}
Event: 232.505 GC heap after
{Heap after GC invocations=91 (full 0):
 garbage-first heap   total 884736K, used 406528K [0x0000000080000000, 0x0000000100000000)
  region size 1024K, 51 young (52224K), 51 survivors (52224K)
 Metaspace       used 200131K, committed 203136K, reserved 1245184K
  class space    used 27058K, committed 28544K, reserved 1048576K
}
Event: 232.534 GC heap before
{Heap before GC invocations=91 (full 0):
 garbage-first heap   total 884736K, used 415744K [0x0000000080000000, 0x0000000100000000)
  region size 1024K, 61 young (62464K), 51 survivors (52224K)
 Metaspace       used 200131K, committed 203136K, reserved 1245184K
  class space    used 27058K, committed 28544K, reserved 1048576K
}
Event: 232.545 GC heap after
{Heap after GC invocations=92 (full 0):
 garbage-first heap   total 884736K, used 411620K [0x0000000080000000, 0x0000000100000000)
  region size 1024K, 1 young (1024K), 1 survivors (1024K)
 Metaspace       used 200131K, committed 203136K, reserved 1245184K
  class space    used 27058K, committed 28544K, reserved 1048576K
}
Event: 341.028 GC heap before
{Heap before GC invocations=93 (full 0):
 garbage-first heap   total 884736K, used 849892K [0x0000000080000000, 0x0000000100000000)
  region size 1024K, 359 young (367616K), 1 survivors (1024K)
 Metaspace       used 200378K, committed 203392K, reserved 1245184K
  class space    used 27065K, committed 28544K, reserved 1048576K
}
Event: 341.031 GC heap after
{Heap after GC invocations=94 (full 0):
 garbage-first heap   total 884736K, used 412644K [0x0000000080000000, 0x0000000100000000)
  region size 1024K, 5 young (5120K), 5 survivors (5120K)
 Metaspace       used 200378K, committed 203392K, reserved 1245184K
  class space    used 27065K, committed 28544K, reserved 1048576K
}
Event: 1213.027 GC heap before
{Heap before GC invocations=94 (full 0):
 garbage-first heap   total 884736K, used 799716K [0x0000000080000000, 0x0000000100000000)
  region size 1024K, 382 young (391168K), 5 survivors (5120K)
 Metaspace       used 215098K, committed 218304K, reserved 1245184K
  class space    used 28880K, committed 30464K, reserved 1048576K
}
Event: 1213.038 GC heap after
{Heap after GC invocations=95 (full 0):
 garbage-first heap   total 884736K, used 403760K [0x0000000080000000, 0x0000000100000000)
  region size 1024K, 9 young (9216K), 9 survivors (9216K)
 Metaspace       used 215098K, committed 218304K, reserved 1245184K
  class space    used 28880K, committed 30464K, reserved 1048576K
}
Event: 1214.086 GC heap before
{Heap before GC invocations=95 (full 0):
 garbage-first heap   total 884736K, used 536880K [0x0000000080000000, 0x0000000100000000)
  region size 1024K, 141 young (144384K), 9 survivors (9216K)
 Metaspace       used 230781K, committed 234048K, reserved 1310720K
  class space    used 31327K, committed 32960K, reserved 1048576K
}
Event: 1214.097 GC heap after
{Heap after GC invocations=96 (full 0):
 garbage-first heap   total 884736K, used 409944K [0x0000000080000000, 0x0000000100000000)
  region size 1024K, 15 young (15360K), 15 survivors (15360K)
 Metaspace       used 230781K, committed 234048K, reserved 1310720K
  class space    used 31327K, committed 32960K, reserved 1048576K
}
Event: 1216.125 GC heap before
{Heap before GC invocations=97 (full 0):
 garbage-first heap   total 884736K, used 803160K [0x0000000080000000, 0x0000000100000000)
  region size 1024K, 418 young (428032K), 15 survivors (15360K)
 Metaspace       used 264765K, committed 268416K, reserved 1310720K
  class space    used 35328K, committed 37120K, reserved 1048576K
}
Event: 1216.147 GC heap after
{Heap after GC invocations=98 (full 0):
 garbage-first heap   total 884736K, used 430051K [0x0000000080000000, 0x0000000100000000)
  region size 1024K, 53 young (54272K), 53 survivors (54272K)
 Metaspace       used 264765K, committed 268416K, reserved 1310720K
  class space    used 35328K, committed 37120K, reserved 1048576K
}
Event: 1218.170 GC heap before
{Heap before GC invocations=98 (full 0):
 garbage-first heap   total 884736K, used 652259K [0x0000000080000000, 0x0000000100000000)
  region size 1024K, 270 young (276480K), 53 survivors (54272K)
 Metaspace       used 278039K, committed 281664K, reserved 1310720K
  class space    used 36348K, committed 38144K, reserved 1048576K
}
Event: 1218.190 GC heap after
{Heap after GC invocations=99 (full 0):
 garbage-first heap   total 884736K, used 456704K [0x0000000080000000, 0x0000000100000000)
  region size 1024K, 24 young (24576K), 24 survivors (24576K)
 Metaspace       used 278039K, committed 281664K, reserved 1310720K
  class space    used 36348K, committed 38144K, reserved 1048576K
}
Event: 1658.798 GC heap before
{Heap before GC invocations=100 (full 0):
 garbage-first heap   total 884736K, used 812032K [0x0000000080000000, 0x0000000100000000)
  region size 1024K, 371 young (379904K), 24 survivors (24576K)
 Metaspace       used 295175K, committed 298880K, reserved 1310720K
  class space    used 38470K, committed 40320K, reserved 1048576K
}
Event: 1658.809 GC heap after
{Heap after GC invocations=101 (full 0):
 garbage-first heap   total 884736K, used 454549K [0x0000000080000000, 0x0000000100000000)
  region size 1024K, 30 young (30720K), 30 survivors (30720K)
 Metaspace       used 295175K, committed 298880K, reserved 1310720K
  class space    used 38470K, committed 40320K, reserved 1048576K
}

Dll operation events (3 events):
Event: 0.008 Loaded shared library C:\Program Files\Android\Android Studio\jbr\bin\java.dll
Event: 0.011 Loaded shared library C:\Program Files\Android\Android Studio\jbr\bin\zip.dll
Event: 0.334 Loaded shared library C:\Program Files\Android\Android Studio\jbr\bin\verify.dll

Deoptimization events (20 events):
Event: 2491.804 Thread 0x0000024f73424a70 Uncommon trap: trap_request=0xffffff45 fr.pc=0x0000024f540ca318 relative=0x0000000000001f78
Event: 2491.804 Thread 0x0000024f73424a70 Uncommon trap: reason=unstable_if action=reinterpret pc=0x0000024f540ca318 method=com.android.ide.common.resources.MergedResourceWriter.addItem(Lcom/android/ide/common/resources/ResourceMergerItem;)V @ 49 c2
Event: 2491.804 Thread 0x0000024f73424a70 DEOPT PACKING pc=0x0000024f540ca318 sp=0x000000aa17afb040
Event: 2491.804 Thread 0x0000024f73424a70 DEOPT UNPACKING pc=0x0000024f523a46a2 sp=0x000000aa17afb010 mode 2
Event: 2491.993 Thread 0x0000024f73424a70 Uncommon trap: trap_request=0xffffff45 fr.pc=0x0000024f533b191c relative=0x000000000000007c
Event: 2491.993 Thread 0x0000024f73424a70 Uncommon trap: reason=unstable_if action=reinterpret pc=0x0000024f533b191c method=com.sun.org.apache.xerces.internal.dom.ElementNSImpl.getNamespaceURI()Ljava/lang/String; @ 4 c2
Event: 2491.993 Thread 0x0000024f73424a70 DEOPT PACKING pc=0x0000024f533b191c sp=0x000000aa17afad40
Event: 2491.993 Thread 0x0000024f73424a70 DEOPT UNPACKING pc=0x0000024f523a46a2 sp=0x000000aa17aface0 mode 2
Event: 2491.995 Thread 0x0000024f73424a70 Uncommon trap: trap_request=0xffffff45 fr.pc=0x0000024f53ba1048 relative=0x0000000000001d08
Event: 2491.995 Thread 0x0000024f73424a70 Uncommon trap: reason=unstable_if action=reinterpret pc=0x0000024f53ba1048 method=com.sun.org.apache.xerces.internal.dom.DeferredElementNSImpl.synchronizeData()V @ 46 c2
Event: 2491.995 Thread 0x0000024f73424a70 DEOPT PACKING pc=0x0000024f53ba1048 sp=0x000000aa17afac80
Event: 2491.995 Thread 0x0000024f73424a70 DEOPT UNPACKING pc=0x0000024f523a46a2 sp=0x000000aa17afac48 mode 2
Event: 2492.001 Thread 0x0000024f73424a70 Uncommon trap: trap_request=0xffffff45 fr.pc=0x0000024f53b5803c relative=0x000000000000011c
Event: 2492.001 Thread 0x0000024f73424a70 Uncommon trap: reason=unstable_if action=reinterpret pc=0x0000024f53b5803c method=com.sun.org.apache.xerces.internal.dom.DeferredDocumentImpl.getTypeInfo(I)Ljava/lang/Object; @ 24 c2
Event: 2492.001 Thread 0x0000024f73424a70 DEOPT PACKING pc=0x0000024f53b5803c sp=0x000000aa17afac20
Event: 2492.001 Thread 0x0000024f73424a70 DEOPT UNPACKING pc=0x0000024f523a46a2 sp=0x000000aa17afaba0 mode 2
Event: 2492.011 Thread 0x0000024f73424a70 Uncommon trap: trap_request=0xffffff45 fr.pc=0x0000024f543029b8 relative=0x00000000000008f8
Event: 2492.011 Thread 0x0000024f73424a70 Uncommon trap: reason=unstable_if action=reinterpret pc=0x0000024f543029b8 method=com.sun.org.apache.xerces.internal.dom.DeferredDocumentImpl.getChunkIndex([[III)I @ 3 c2
Event: 2492.011 Thread 0x0000024f73424a70 DEOPT PACKING pc=0x0000024f543029b8 sp=0x000000aa17aface0
Event: 2492.011 Thread 0x0000024f73424a70 DEOPT UNPACKING pc=0x0000024f523a46a2 sp=0x000000aa17afabf8 mode 2

Classes loaded (20 events):
Event: 1223.379 Loading class sun/security/ssl/PreSharedKeyExtension$PskIdentity
Event: 1223.379 Loading class sun/security/ssl/PreSharedKeyExtension$PskIdentity done
Event: 1223.379 Loading class sun/security/ssl/PreSharedKeyExtension$CHPreSharedKeySpec
Event: 1223.380 Loading class sun/security/ssl/PreSharedKeyExtension$CHPreSharedKeySpec done
Event: 1223.380 Loading class sun/security/ssl/PreSharedKeyExtension$PartialClientHelloMessage
Event: 1223.380 Loading class sun/security/ssl/PreSharedKeyExtension$PartialClientHelloMessage done
Event: 1223.380 Loading class sun/security/ssl/SSLEngineOutputRecord
Event: 1223.380 Loading class sun/security/ssl/SSLEngineOutputRecord done
Event: 1223.380 Loading class sun/security/ssl/SSLEngineOutputRecord$HandshakeFragment
Event: 1223.380 Loading class sun/security/ssl/SSLEngineOutputRecord$HandshakeFragment done
Event: 1223.380 Loading class sun/security/ssl/SSLEngineOutputRecord$HandshakeMemo
Event: 1223.380 Loading class sun/security/ssl/SSLEngineOutputRecord$RecordMemo
Event: 1223.380 Loading class sun/security/ssl/SSLEngineOutputRecord$RecordMemo done
Event: 1223.380 Loading class sun/security/ssl/SSLEngineOutputRecord$HandshakeMemo done
Event: 1223.386 Loading class sun/security/ssl/PreSharedKeyExtension$SHPreSharedKeySpec
Event: 1223.386 Loading class sun/security/ssl/PreSharedKeyExtension$SHPreSharedKeySpec done
Event: 2491.620 Loading class com/sun/org/apache/xerces/internal/dom/DeferredElementNSImpl
Event: 2491.620 Loading class com/sun/org/apache/xerces/internal/dom/DeferredElementNSImpl done
Event: 2491.630 Loading class com/sun/org/apache/xerces/internal/dom/DeferredAttrNSImpl
Event: 2491.630 Loading class com/sun/org/apache/xerces/internal/dom/DeferredAttrNSImpl done

Classes unloaded (20 events):
Event: 100.252 Thread 0x0000024f610f09f0 Unloading class 0x000000010175d800 'java/lang/invoke/LambdaForm$DMH+0x000000010175d800'
Event: 100.252 Thread 0x0000024f610f09f0 Unloading class 0x000000010175d400 'java/lang/invoke/LambdaForm$DMH+0x000000010175d400'
Event: 100.252 Thread 0x0000024f610f09f0 Unloading class 0x000000010175c800 'java/lang/invoke/LambdaForm$DMH+0x000000010175c800'
Event: 100.252 Thread 0x0000024f610f09f0 Unloading class 0x000000010175c000 'java/lang/invoke/LambdaForm$DMH+0x000000010175c000'
Event: 100.252 Thread 0x0000024f610f09f0 Unloading class 0x000000010175d000 'java/lang/invoke/LambdaForm$DMH+0x000000010175d000'
Event: 100.252 Thread 0x0000024f610f09f0 Unloading class 0x0000000101760800 'java/lang/invoke/LambdaForm$DMH+0x0000000101760800'
Event: 100.252 Thread 0x0000024f610f09f0 Unloading class 0x0000000101760400 'java/lang/invoke/LambdaForm$DMH+0x0000000101760400'
Event: 100.252 Thread 0x0000024f610f09f0 Unloading class 0x000000010175cc00 'java/lang/invoke/LambdaForm$DMH+0x000000010175cc00'
Event: 175.413 Thread 0x0000024f610f09f0 Unloading class 0x000000010194da08 '_BuildScript_$_run_closure1$_closure3'
Event: 175.413 Thread 0x0000024f610f09f0 Unloading class 0x000000010194d5e8 '_BuildScript_$_run_closure1$_closure2'
Event: 175.413 Thread 0x0000024f610f09f0 Unloading class 0x000000010194d1c8 '_BuildScript_$_run_closure1'
Event: 175.413 Thread 0x0000024f610f09f0 Unloading class 0x000000010194cc60 '_BuildScript_'
Event: 175.413 Thread 0x0000024f610f09f0 Unloading class 0x000000010194c840 'JetGradlePlugin$_apply_closure1$_closure2$_closure3'
Event: 175.413 Thread 0x0000024f610f09f0 Unloading class 0x000000010194c420 'JetGradlePlugin$_apply_closure1$_closure2'
Event: 175.413 Thread 0x0000024f610f09f0 Unloading class 0x000000010194c000 'JetGradlePlugin$_apply_closure1'
Event: 175.413 Thread 0x0000024f610f09f0 Unloading class 0x0000000101945300 'JetGradlePlugin'
Event: 175.413 Thread 0x0000024f610f09f0 Unloading class 0x0000000101945000 'RegistryProcessor'
Event: 175.413 Thread 0x0000024f610f09f0 Unloading class 0x0000000101928988 '_BuildScript_$_run_closure1$_closure2'
Event: 175.413 Thread 0x0000024f610f09f0 Unloading class 0x0000000101928568 '_BuildScript_$_run_closure1'
Event: 175.413 Thread 0x0000024f610f09f0 Unloading class 0x0000000101928000 '_BuildScript_'

Classes redefined (0 events):
No events

Internal exceptions (20 events):
Event: 2491.934 Thread 0x0000024f73424a70 Exception <a 'sun/nio/fs/WindowsException'{0x00000000a70954a0}> (0x00000000a70954a0) 
thrown [s\src\hotspot\share\prims\jni.cpp, line 537]
Event: 2491.934 Thread 0x0000024f73424a70 Exception <a 'sun/nio/fs/WindowsException'{0x00000000a7096520}> (0x00000000a7096520) 
thrown [s\src\hotspot\share\prims\jni.cpp, line 537]
Event: 2491.934 Thread 0x0000024f73424a70 Exception <a 'sun/nio/fs/WindowsException'{0x00000000a7098198}> (0x00000000a7098198) 
thrown [s\src\hotspot\share\prims\jni.cpp, line 537]
Event: 2491.934 Thread 0x0000024f73424a70 Exception <a 'sun/nio/fs/WindowsException'{0x00000000a7099218}> (0x00000000a7099218) 
thrown [s\src\hotspot\share\prims\jni.cpp, line 537]
Event: 2491.935 Thread 0x0000024f73424a70 Exception <a 'sun/nio/fs/WindowsException'{0x00000000a709ae08}> (0x00000000a709ae08) 
thrown [s\src\hotspot\share\prims\jni.cpp, line 537]
Event: 2491.935 Thread 0x0000024f73424a70 Exception <a 'sun/nio/fs/WindowsException'{0x00000000a709be78}> (0x00000000a709be78) 
thrown [s\src\hotspot\share\prims\jni.cpp, line 537]
Event: 2491.935 Thread 0x0000024f73424a70 Exception <a 'sun/nio/fs/WindowsException'{0x00000000a70a2820}> (0x00000000a70a2820) 
thrown [s\src\hotspot\share\prims\jni.cpp, line 537]
Event: 2491.935 Thread 0x0000024f73424a70 Exception <a 'sun/nio/fs/WindowsException'{0x00000000a70a3890}> (0x00000000a70a3890) 
thrown [s\src\hotspot\share\prims\jni.cpp, line 537]
Event: 2491.935 Thread 0x0000024f73424a70 Exception <a 'sun/nio/fs/WindowsException'{0x00000000a70a5480}> (0x00000000a70a5480) 
thrown [s\src\hotspot\share\prims\jni.cpp, line 537]
Event: 2491.935 Thread 0x0000024f73424a70 Exception <a 'sun/nio/fs/WindowsException'{0x00000000a70a64f0}> (0x00000000a70a64f0) 
thrown [s\src\hotspot\share\prims\jni.cpp, line 537]
Event: 2491.935 Thread 0x0000024f73424a70 Exception <a 'sun/nio/fs/WindowsException'{0x00000000a70a8070}> (0x00000000a70a8070) 
thrown [s\src\hotspot\share\prims\jni.cpp, line 537]
Event: 2491.935 Thread 0x0000024f73424a70 Exception <a 'sun/nio/fs/WindowsException'{0x00000000a70a90d0}> (0x00000000a70a90d0) 
thrown [s\src\hotspot\share\prims\jni.cpp, line 537]
Event: 2491.935 Thread 0x0000024f73424a70 Exception <a 'sun/nio/fs/WindowsException'{0x00000000a70aac50}> (0x00000000a70aac50) 
thrown [s\src\hotspot\share\prims\jni.cpp, line 537]
Event: 2491.935 Thread 0x0000024f73424a70 Exception <a 'sun/nio/fs/WindowsException'{0x00000000a70abcb0}> (0x00000000a70abcb0) 
thrown [s\src\hotspot\share\prims\jni.cpp, line 537]
Event: 2491.935 Thread 0x0000024f73424a70 Exception <a 'sun/nio/fs/WindowsException'{0x00000000a70ad830}> (0x00000000a70ad830) 
thrown [s\src\hotspot\share\prims\jni.cpp, line 537]
Event: 2491.936 Thread 0x0000024f73424a70 Exception <a 'sun/nio/fs/WindowsException'{0x00000000a70ae890}> (0x00000000a70ae890) 
thrown [s\src\hotspot\share\prims\jni.cpp, line 537]
Event: 2491.936 Thread 0x0000024f73424a70 Exception <a 'sun/nio/fs/WindowsException'{0x00000000a70b03b8}> (0x00000000a70b03b8) 
thrown [s\src\hotspot\share\prims\jni.cpp, line 537]
Event: 2491.970 Thread 0x0000024f73424a70 Exception <a 'sun/nio/fs/WindowsException'{0x00000000a70b1408}> (0x00000000a70b1408) 
thrown [s\src\hotspot\share\prims\jni.cpp, line 537]
Event: 2492.001 Thread 0x0000024f73424a70 Implicit null exception at 0x0000024f53b57f83 to 0x0000024f53b58024
Event: 2492.011 Thread 0x0000024f73424a70 Implicit null exception at 0x0000024f543021ce to 0x0000024f543029a8

ZGC Phase Switch (0 events):
No events

VM Operations (20 events):
Event: 1683.949 Executing VM operation: RendezvousGCThreads done
Event: 1731.965 Executing VM operation: Cleanup
Event: 1731.965 Executing VM operation: Cleanup done
Event: 1863.016 Executing VM operation: Cleanup
Event: 1863.016 Executing VM operation: Cleanup done
Event: 1977.054 Executing VM operation: Cleanup
Event: 1977.054 Executing VM operation: Cleanup done
Event: 2181.132 Executing VM operation: Cleanup
Event: 2181.132 Executing VM operation: Cleanup done
Event: 2490.295 Executing VM operation: Cleanup
Event: 2490.295 Executing VM operation: Cleanup done
Event: 2491.296 Executing VM operation: Cleanup
Event: 2491.296 Executing VM operation: Cleanup done
Event: 2491.625 Executing VM operation: HandshakeAllThreads (Deoptimize)
Event: 2491.626 Executing VM operation: HandshakeAllThreads (Deoptimize) done
Event: 2491.630 Executing VM operation: HandshakeAllThreads (Deoptimize)
Event: 2491.630 Executing VM operation: HandshakeAllThreads (Deoptimize) done
Event: 2491.633 Executing VM operation: HandshakeAllThreads (Deoptimize)
Event: 2491.633 Executing VM operation: HandshakeAllThreads (Deoptimize) done
Event: 2492.632 Executing VM operation: Cleanup

Memory protections (0 events):
No events

Nmethod flushes (20 events):
Event: 1218.244 Thread 0x0000024f610f09f0 flushing  nmethod 0x0000024f4d508010
Event: 1218.244 Thread 0x0000024f610f09f0 flushing  nmethod 0x0000024f4d509110
Event: 1218.244 Thread 0x0000024f610f09f0 flushing  nmethod 0x0000024f4d762f90
Event: 1218.244 Thread 0x0000024f610f09f0 flushing  nmethod 0x0000024f4d765710
Event: 1218.244 Thread 0x0000024f610f09f0 flushing  nmethod 0x0000024f4d765b90
Event: 1218.244 Thread 0x0000024f610f09f0 flushing  nmethod 0x0000024f4d76a410
Event: 1218.244 Thread 0x0000024f610f09f0 flushing  nmethod 0x0000024f4d846010
Event: 1218.244 Thread 0x0000024f610f09f0 flushing  nmethod 0x0000024f4d84a790
Event: 1218.244 Thread 0x0000024f610f09f0 flushing  nmethod 0x0000024f4d852b90
Event: 1218.244 Thread 0x0000024f610f09f0 flushing  nmethod 0x0000024f4d9a2b10
Event: 1218.244 Thread 0x0000024f610f09f0 flushing  nmethod 0x0000024f4d9a5b10
Event: 1218.244 Thread 0x0000024f610f09f0 flushing  nmethod 0x0000024f4d9a6510
Event: 1218.244 Thread 0x0000024f610f09f0 flushing  nmethod 0x0000024f4da7b510
Event: 1218.244 Thread 0x0000024f610f09f0 flushing  nmethod 0x0000024f4da84810
Event: 1218.244 Thread 0x0000024f610f09f0 flushing  nmethod 0x0000024f4db54d10
Event: 1218.244 Thread 0x0000024f610f09f0 flushing  nmethod 0x0000024f4dc0b710
Event: 1218.244 Thread 0x0000024f610f09f0 flushing  nmethod 0x0000024f4dc0e790
Event: 1218.244 Thread 0x0000024f610f09f0 flushing  nmethod 0x0000024f4dd3e690
Event: 1218.244 Thread 0x0000024f610f09f0 flushing  nmethod 0x0000024f4dd45010
Event: 1218.244 Thread 0x0000024f610f09f0 flushing  nmethod 0x0000024f4dd4ea10

Events (20 events):
Event: 2491.482 Thread 0x0000024f7479a1e0 Thread added: 0x0000024f78116600
Event: 2491.482 Thread 0x0000024f7479a1e0 Thread added: 0x0000024f78117320
Event: 2491.482 Thread 0x0000024f7479a1e0 Thread added: 0x0000024f781186d0
Event: 2491.482 Thread 0x0000024f7479a1e0 Thread added: 0x0000024f781193f0
Event: 2491.483 Thread 0x0000024f7479a1e0 Thread added: 0x0000024f78119a80
Event: 2491.483 Thread 0x0000024f7479a1e0 Thread added: 0x0000024f78ba0880
Event: 2491.483 Thread 0x0000024f7479a1e0 Thread added: 0x0000024f751ef430
Event: 2491.483 Thread 0x0000024f7479a1e0 Thread added: 0x0000024f751f1b90
Event: 2491.483 Thread 0x0000024f7479a1e0 Thread added: 0x0000024f751f2220
Event: 2491.483 Thread 0x0000024f7479a1e0 Thread added: 0x0000024f751f28b0
Event: 2491.483 Thread 0x0000024f7479a1e0 Thread added: 0x0000024f751efac0
Event: 2491.483 Thread 0x0000024f7479a1e0 Thread added: 0x0000024f751f1500
Event: 2491.483 Thread 0x0000024f7479a1e0 Thread added: 0x0000024f751f0150
Event: 2491.566 Thread 0x0000024f611a1ef0 Thread added: 0x0000024f6c41c9d0
Event: 2491.574 Thread 0x0000024f611a25a0 Thread added: 0x0000024f783342f0
Event: 2491.577 Thread 0x0000024f79e0ef80 Thread added: 0x0000024f68eb4f20
Event: 2491.577 Thread 0x0000024f79e0ef80 Thread added: 0x0000024f68eb6390
Event: 2491.650 Thread 0x0000024f68eb4f20 Thread added: 0x0000024f744201d0
Event: 2491.972 Thread 0x0000024f744201d0 Thread exited: 0x0000024f744201d0
Event: 2493.048 Thread 0x0000024f73424a70 Thread added: 0x0000024f74b10590


Dynamic libraries:
0x00007ff7ef910000 - 0x00007ff7ef91a000 	C:\Program Files\Android\Android Studio\jbr\bin\java.exe
0x00007ffd993a0000 - 0x00007ffd99607000 	C:\Windows\SYSTEM32\ntdll.dll
0x00007ffd985e0000 - 0x00007ffd986a9000 	C:\Windows\System32\KERNEL32.DLL
0x00007ffd96850000 - 0x00007ffd96c40000 	C:\Windows\System32\KERNELBASE.dll
0x00007ffd96fe0000 - 0x00007ffd9712b000 	C:\Windows\System32\ucrtbase.dll
0x00007ffd93540000 - 0x00007ffd9355b000 	C:\Program Files\Android\Android Studio\jbr\bin\VCRUNTIME140.dll
0x00007ffd68550000 - 0x00007ffd68568000 	C:\Program Files\Android\Android Studio\jbr\bin\jli.dll
0x00007ffd980c0000 - 0x00007ffd98285000 	C:\Windows\System32\USER32.dll
0x00007ffd81bb0000 - 0x00007ffd81e4a000 	C:\Windows\WinSxS\amd64_microsoft.windows.common-controls_6595b64144ccf1df_6.0.26100.4768_none_3e0c112ce331287c\COMCTL32.dll
0x00007ffd96820000 - 0x00007ffd96847000 	C:\Windows\System32\win32u.dll
0x00007ffd98010000 - 0x00007ffd980b9000 	C:\Windows\System32\msvcrt.dll
0x00007ffd98d40000 - 0x00007ffd98d6b000 	C:\Windows\System32\GDI32.dll
0x00007ffd96640000 - 0x00007ffd96778000 	C:\Windows\System32\gdi32full.dll
0x00007ffd96590000 - 0x00007ffd96633000 	C:\Windows\System32\msvcp_win.dll
0x00007ffd98a80000 - 0x00007ffd98aaf000 	C:\Windows\System32\IMM32.DLL
0x00007ffd93530000 - 0x00007ffd9353c000 	C:\Program Files\Android\Android Studio\jbr\bin\vcruntime140_1.dll
0x00007ffd50e50000 - 0x00007ffd50edd000 	C:\Program Files\Android\Android Studio\jbr\bin\msvcp140.dll
0x00007ffd320c0000 - 0x00007ffd32d56000 	C:\Program Files\Android\Android Studio\jbr\bin\server\jvm.dll
0x00007ffd974f0000 - 0x00007ffd975a4000 	C:\Windows\System32\ADVAPI32.dll
0x00007ffd98e10000 - 0x00007ffd98eb6000 	C:\Windows\System32\sechost.dll
0x00007ffd98300000 - 0x00007ffd98418000 	C:\Windows\System32\RPCRT4.dll
0x00007ffd97d90000 - 0x00007ffd97e04000 	C:\Windows\System32\WS2_32.dll
0x00007ffd96330000 - 0x00007ffd9638e000 	C:\Windows\SYSTEM32\POWRPROF.dll
0x00007ffd8e1a0000 - 0x00007ffd8e1d5000 	C:\Windows\SYSTEM32\WINMM.dll
0x00007ffd839d0000 - 0x00007ffd839db000 	C:\Windows\SYSTEM32\VERSION.dll
0x00007ffd96310000 - 0x00007ffd96324000 	C:\Windows\SYSTEM32\UMPDC.dll
0x00007ffd95210000 - 0x00007ffd9522b000 	C:\Windows\SYSTEM32\kernel.appcore.dll
0x00007ffd912a0000 - 0x00007ffd912aa000 	C:\Program Files\Android\Android Studio\jbr\bin\jimage.dll
0x00007ffd81e90000 - 0x00007ffd820d1000 	C:\Windows\SYSTEM32\DBGHELP.DLL
0x00007ffd97160000 - 0x00007ffd974e5000 	C:\Windows\System32\combase.dll
0x00007ffd98440000 - 0x00007ffd98520000 	C:\Windows\System32\OLEAUT32.dll
0x00007ffd7d3f0000 - 0x00007ffd7d433000 	C:\Windows\SYSTEM32\dbgcore.DLL
0x00007ffd96780000 - 0x00007ffd96819000 	C:\Windows\System32\bcryptPrimitives.dll
0x00007ffd68f30000 - 0x00007ffd68f3e000 	C:\Program Files\Android\Android Studio\jbr\bin\instrument.dll
0x00007ffd91280000 - 0x00007ffd912a0000 	C:\Program Files\Android\Android Studio\jbr\bin\java.dll
0x00007ffd83830000 - 0x00007ffd83848000 	C:\Program Files\Android\Android Studio\jbr\bin\zip.dll
0x00007ffd97640000 - 0x00007ffd97d8d000 	C:\Windows\System32\SHELL32.dll
0x00007ffd96c50000 - 0x00007ffd96dc3000 	C:\Windows\System32\wintypes.dll
0x00007ffd94090000 - 0x00007ffd948f0000 	C:\Windows\SYSTEM32\windows.storage.dll
0x00007ffd98730000 - 0x00007ffd98825000 	C:\Windows\System32\SHCORE.dll
0x00007ffd98290000 - 0x00007ffd982fa000 	C:\Windows\System32\shlwapi.dll
0x00007ffd963f0000 - 0x00007ffd96419000 	C:\Windows\SYSTEM32\profapi.dll
0x00007ffd85430000 - 0x00007ffd85440000 	C:\Program Files\Android\Android Studio\jbr\bin\net.dll
0x00007ffd883a0000 - 0x00007ffd884be000 	C:\Windows\SYSTEM32\WINHTTP.dll
0x00007ffd95780000 - 0x00007ffd957eb000 	C:\Windows\system32\mswsock.dll
0x00007ffd83810000 - 0x00007ffd83826000 	C:\Program Files\Android\Android Studio\jbr\bin\nio.dll
0x00007ffd7a290000 - 0x00007ffd7a2a0000 	C:\Program Files\Android\Android Studio\jbr\bin\verify.dll
0x00007ffd6aad0000 - 0x00007ffd6aaf7000 	C:\Users\COMPUTER\.gradle\native\1def1411415f61bf3af743bc5b6707747c0891f09f0c88961ee8f79bc544acac\windows-amd64\native-platform.dll
0x00007ffd4d670000 - 0x00007ffd4d6e8000 	C:\Users\COMPUTER\.gradle\native\0.2.7\x86_64-windows-gnu\gradle-fileevents.dll
0x00007ffd83800000 - 0x00007ffd83809000 	C:\Program Files\Android\Android Studio\jbr\bin\management.dll
0x00007ffd80510000 - 0x00007ffd8051b000 	C:\Program Files\Android\Android Studio\jbr\bin\management_ext.dll
0x00007ffd98df0000 - 0x00007ffd98df8000 	C:\Windows\System32\PSAPI.DLL
0x00007ffd94c00000 - 0x00007ffd94c33000 	C:\Windows\SYSTEM32\IPHLPAPI.DLL
0x00007ffd98ec0000 - 0x00007ffd98eca000 	C:\Windows\System32\NSI.dll
0x00007ffd85370000 - 0x00007ffd85379000 	C:\Program Files\Android\Android Studio\jbr\bin\extnet.dll
0x00007ffd95b60000 - 0x00007ffd95b7b000 	C:\Windows\SYSTEM32\CRYPTSP.dll
0x00007ffd95170000 - 0x00007ffd951ab000 	C:\Windows\system32\rsaenh.dll
0x00007ffd95820000 - 0x00007ffd9584b000 	C:\Windows\SYSTEM32\USERENV.dll
0x00007ffd963c0000 - 0x00007ffd963e6000 	C:\Windows\SYSTEM32\bcrypt.dll
0x00007ffd959c0000 - 0x00007ffd959cc000 	C:\Windows\SYSTEM32\CRYPTBASE.dll
0x00007ffd6d1b0000 - 0x00007ffd6d1b8000 	C:\Windows\system32\wshunix.dll
0x00007ffd827e0000 - 0x00007ffd827f8000 	C:\Windows\system32\napinsp.dll
0x00007ffd94c40000 - 0x00007ffd94d66000 	C:\Windows\SYSTEM32\DNSAPI.dll
0x00007ffd827a0000 - 0x00007ffd827b2000 	C:\Windows\System32\winrnr.dll
0x00007ffd7fe10000 - 0x00007ffd7fe40000 	C:\Windows\system32\nlansp_c.dll
0x00007ffd63a90000 - 0x00007ffd63ab0000 	C:\Windows\system32\wshbth.dll
0x00007ffd8d940000 - 0x00007ffd8d94b000 	C:\Windows\System32\rasadhlp.dll
0x00007ffd87b70000 - 0x00007ffd87bf6000 	C:\Windows\System32\fwpuclnt.dll
0x00007ffd95340000 - 0x00007ffd95376000 	C:\Windows\SYSTEM32\ntmarta.dll
0x00007ffd68980000 - 0x00007ffd68987000 	C:\Program Files\Android\Android Studio\jbr\bin\rmi.dll

JVMTI agents:
C:\Users\COMPUTER\.gradle\wrapper\dists\gradle-8.13-bin\5xuhj0ry160q40clulazy9h7d\gradle-8.13\lib\agents\gradle-instrumentation-agent-8.13.jar path:C:\Program Files\Android\Android Studio\jbr\bin\instrument.dll, loaded, initialized, instrumentlib options:none

dbghelp: loaded successfully - version: 4.0.5 - missing functions: none
symbol engine: initialized successfully - sym options: 0x614 - pdb path: .;C:\Program Files\Android\Android Studio\jbr\bin;C:\Windows\SYSTEM32;C:\Windows\WinSxS\amd64_microsoft.windows.common-controls_6595b64144ccf1df_6.0.26100.4768_none_3e0c112ce331287c;C:\Program Files\Android\Android Studio\jbr\bin\server;C:\Users\COMPUTER\.gradle\native\1def1411415f61bf3af743bc5b6707747c0891f09f0c88961ee8f79bc544acac\windows-amd64;C:\Users\COMPUTER\.gradle\native\0.2.7\x86_64-windows-gnu

VM Arguments:
jvm_args: --add-opens=java.base/java.lang=ALL-UNNAMED --add-opens=java.base/java.lang.invoke=ALL-UNNAMED --add-opens=java.base/java.util=ALL-UNNAMED --add-opens=java.prefs/java.util.prefs=ALL-UNNAMED --add-exports=jdk.compiler/com.sun.tools.javac.api=ALL-UNNAMED --add-exports=jdk.compiler/com.sun.tools.javac.util=ALL-UNNAMED --add-opens=java.base/java.util=ALL-UNNAMED --add-opens=java.prefs/java.util.prefs=ALL-UNNAMED --add-opens=java.base/java.nio.charset=ALL-UNNAMED --add-opens=java.base/java.net=ALL-UNNAMED --add-opens=java.base/java.util.concurrent.atomic=ALL-UNNAMED --add-opens=java.xml/javax.xml.namespace=ALL-UNNAMED -Xmx2048m -Dfile.encoding=UTF-8 -Duser.country=KR -Duser.language=ko -Duser.variant -javaagent:C:\Users\COMPUTER\.gradle\wrapper\dists\gradle-8.13-bin\5xuhj0ry160q40clulazy9h7d\gradle-8.13\lib\agents\gradle-instrumentation-agent-8.13.jar 
java_command: org.gradle.launcher.daemon.bootstrap.GradleDaemon 8.13
java_class_path (initial): C:\Users\COMPUTER\.gradle\wrapper\dists\gradle-8.13-bin\5xuhj0ry160q40clulazy9h7d\gradle-8.13\lib\gradle-daemon-main-8.13.jar
Launcher Type: SUN_STANDARD

[Global flags]
     intx CICompilerCount                          = 12                                        {product} {ergonomic}
     uint ConcGCThreads                            = 5                                         {product} {ergonomic}
     uint G1ConcRefinementThreads                  = 20                                        {product} {ergonomic}
   size_t G1HeapRegionSize                         = 1048576                                   {product} {ergonomic}
    uintx GCDrainStackTargetSize                   = 64                                        {product} {ergonomic}
   size_t InitialHeapSize                          = 264241152                                 {product} {ergonomic}
   size_t MarkStackSize                            = 4194304                                   {product} {ergonomic}
   size_t MaxHeapSize                              = 2147483648                                {product} {command line}
   size_t MaxNewSize                               = 1287651328                                {product} {ergonomic}
   size_t MinHeapDeltaBytes                        = 1048576                                   {product} {ergonomic}
   size_t MinHeapSize                              = 8388608                                   {product} {ergonomic}
    uintx NonNMethodCodeHeapSize                   = 7602480                                {pd product} {ergonomic}
    uintx NonProfiledCodeHeapSize                  = 122027880                              {pd product} {ergonomic}
    uintx ProfiledCodeHeapSize                     = 122027880                              {pd product} {ergonomic}
    uintx ReservedCodeCacheSize                    = 251658240                              {pd product} {ergonomic}
     bool SegmentedCodeCache                       = true                                      {product} {ergonomic}
   size_t SoftMaxHeapSize                          = 2147483648                             {manageable} {ergonomic}
     bool UseCompressedOops                        = true                           {product lp64_product} {ergonomic}
     bool UseG1GC                                  = true                                      {product} {ergonomic}
     bool UseLargePagesIndividualAllocation        = false                                  {pd product} {ergonomic}

Logging:
Log output configuration:
 #0: stdout all=warning uptime,level,tags foldmultilines=false
 #1: stderr all=off uptime,level,tags foldmultilines=false

Environment Variables:
PATH=C:\Program Files\Common Files\Oracle\Java\javapath;C:\Windows\system32;C:\Windows;C:\Windows\System32\Wbem;C:\Windows\System32\WindowsPowerShell\v1.0\;C:\Windows\System32\OpenSSH\;C:\Program Files (x86)\Windows Kits\10\Windows Performance Toolkit\;C:\Users\COMPUTER\AppData\Local\Android\Sdk\tools;C:\Users\COMPUTER\AppData\Local\Android\Sdk\platform-tools;C:\Program Files\Git\cmd;C:\Program Files\Git\bin\git.exe;C:\Program Files\Git\cmd\git.exe;C:\Users\COMPUTER\anaconda3;C:\Users\COMPUTER\anaconda3\Library\mingw-w64\bin;C:\Users\COMPUTER\anaconda3\Library\usr\bin;C:\Users\COMPUTER\anaconda3\Library\bin;C:\Users\COMPUTER\anaconda3\Scripts;C:\Users\COMPUTER\AppData\Local\Programs\Python\Launcher\;C:\Users\COMPUTER\AppData\Local\Microsoft\WindowsApps;C:\Users\COMPUTER\AppData\Local\GitHubDesktop\bin;C:\Program Files\JetBrains\IntelliJ IDEA Community Edition 2025.2\bin;C:\Users\COMPUTER\AppData\Local\Programs\Microsoft VS Code\bin;C:\Users\COMPUTER\AppData\Local\Android\Sdk;
USERNAME=COMPUTER
TMPDIR=C:\Users\Public\Documents\ESTsoft\CreatorTemp
OS=Windows_NT
PROCESSOR_IDENTIFIER=Intel64 Family 6 Model 183 Stepping 1, GenuineIntel
TMP=C:\Users\COMPUTER\AppData\Local\Temp
TEMP=C:\Users\COMPUTER\AppData\Local\Temp




Periodic native trim disabled

JNI global refs:
JNI global refs: 41, weak refs: 0

JNI global refs memory usage: 1467, weak refs: 201

Process memory usage:
Resident Set Size: 1359296K (8% of 16424388K total physical memory with 3504100K free physical memory)

OOME stack traces (most recent first):
Classloader memory used:
Loader org.gradle.internal.classloader.VisitableURLClassLoader                         : 117M
Loader org.gradle.internal.classloader.VisitableURLClassLoader$InstrumentingVisitableURLClassLoader: 86594K
Loader bootstrap                                                                       : 40378K
Loader org.gradle.internal.classloader.VisitableURLClassLoader                         : 25408K
Loader org.gradle.initialization.MixInLegacyTypesClassLoader                           : 15822K
Loader java.net.URLClassLoader                                                         : 2699K
Loader jdk.internal.reflect.DelegatingClassLoader                                      : 2048K
Loader jdk.internal.loader.ClassLoaders$PlatformClassLoader                            : 858K
Loader org.gradle.groovy.scripts.internal.DefaultScriptCompilationHandler$ScriptClassLoader: 622K
Loader jdk.internal.jrtfs.JrtFileSystemProvider$JrtFsLoader                            : 342K
Loader jdk.internal.loader.ClassLoaders$AppClassLoader                                 : 235K
Loader org.codehaus.groovy.runtime.callsite.CallSiteClassLoader                        : 101K
Loader sun.reflect.misc.MethodUtil                                                     : 2984B

Classes loaded by more than one classloader:
Class com.intellij.gradle.toolingExtension.util.GradleVersionUtil                     : loaded 11 times (x 71B)
Class com.amazon.ion.impl.bin.utf8.Utf8StringEncoderPool                              : loaded 7 times (x 74B)
Class com.amazon.ion.impl._Private_IonSystem                                          : loaded 7 times (x 70B)
Class com.amazon.ion.BufferConfiguration$OversizedValueHandler                        : loaded 7 times (x 70B)
Class com.amazon.ion.BufferConfiguration$Builder                                      : loaded 7 times (x 78B)
Class com.amazon.ion.impl.bin.IonManagedBinaryWriter$UserState$1                      : loaded 7 times (x 85B)
Class org.jetbrains.plugins.gradle.tooling.serialization.internal.IdeaProjectSerializationService$ReadContext: loaded 7 times (x 72B)
Class org.jetbrains.plugins.gradle.tooling.util.ObjectCollector$Processor             : loaded 7 times (x 70B)
Class com.amazon.ion.impl.bin.AbstractIonWriter                                       : loaded 7 times (x 161B)
Class org.jetbrains.plugins.gradle.tooling.serialization.internal.IdeaProjectSerializationService$WriteContext$5: loaded 7 times (x 83B)
Class com.intellij.gradle.toolingExtension.impl.model.sourceSetDependencyModel.GradleSourceSetDependencySerialisationService$Companion: loaded 7 times (x 71B)
Class org.jetbrains.plugins.gradle.tooling.serialization.internal.IdeaProjectSerializationService$WriteContext$4: loaded 7 times (x 83B)
Class org.jetbrains.kotlin.idea.gradleTooling.AndroidAwareGradleModelProvider         : loaded 7 times (x 79B)
Class com.intellij.gradle.toolingExtension.impl.model.sourceSetDependencyModel.GradleSourceSetDependencySerialisationService$SourceSetDependencyModelWriteContext: loaded 7 times (x 72B)
Class com.amazon.ion.impl.bin.IntList                                                 : loaded 7 times (x 77B)
Class com.amazon.ion.impl._Private_RecyclingQueue$ElementIterator                     : loaded 7 times (x 82B)
Class org.jetbrains.plugins.gradle.tooling.serialization.internal.IdeaProjectSerializationService$WriteContext$3: loaded 7 times (x 83B)
Class com.amazon.ion.impl.bin.IonManagedBinaryWriter$ImportDescriptor                 : loaded 7 times (x 76B)
Class org.jetbrains.plugins.gradle.tooling.serialization.AnnotationProcessingModelSerializationService$ReadContext: loaded 7 times (x 72B)
Class com.amazon.ion.impl.bin.PooledBlockAllocatorProvider                            : loaded 7 times (x 73B)
Class com.amazon.ion.IonContainer                                                     : loaded 7 times (x 70B)
Class com.amazon.ion.impl.lite.IonValueLite                                           : loaded 7 times (x 147B)
Class com.amazon.ion.impl._Private_IonSymbol                                          : loaded 7 times (x 70B)
Class com.amazon.ion.impl.lite._Private_LiteDomTrampoline                             : loaded 7 times (x 71B)
Class com.amazon.ion.IonType                                                          : loaded 7 times (x 79B)
Class org.jetbrains.plugins.gradle.tooling.serialization.internal.IdeaProjectSerializationService$WriteContext$6: loaded 7 times (x 83B)
Class org.jetbrains.plugins.gradle.tooling.util.IntObjectMap                          : loaded 7 times (x 73B)
Class org.jetbrains.plugins.gradle.tooling.serialization.internal.IdeaProjectSerializationService$WriteContext$2: loaded 7 times (x 83B)
Class com.amazon.ion.impl._Private_SymtabExtendsCache                                 : loaded 7 times (x 72B)
Class com.amazon.ion.impl.bin.IonManagedBinaryWriter$UserState$2                      : loaded 7 times (x 85B)
Class com.amazon.ion.impl._Private_IonValue                                           : loaded 7 times (x 70B)
Class com.amazon.ion.impl.bin.utf8.Pool                                               : loaded 7 times (x 74B)
Class com.intellij.gradle.toolingExtension.impl.model.sourceSetModel.GradleSourceSetSerialisationService$Companion: loaded 7 times (x 71B)
Class com.amazon.ion.IonDecimal                                                       : loaded 7 times (x 70B)
Class org.jetbrains.plugins.gradle.model.tests.ExternalTestsModel                     : loaded 7 times (x 70B)
Class com.amazon.ion.impl.lite.ValueFactoryLite                                       : loaded 7 times (x 218B)
Class com.amazon.ion.impl._Private_RecyclingQueue                                     : loaded 7 times (x 80B)
Class org.jetbrains.plugins.gradle.model.RepositoryModels                             : loaded 7 times (x 70B)
Class org.jetbrains.plugins.gradle.tooling.serialization.internal.IdeaProjectSerializationService$WriteContext$7: loaded 7 times (x 83B)
Class org.jetbrains.plugins.gradle.model.ExternalProject                              : loaded 7 times (x 70B)
Class org.jetbrains.plugins.gradle.tooling.serialization.internal.IdeaProjectSerializationService$WriteContext$1: loaded 7 times (x 83B)
Class [Lcom.amazon.ion.util.InputStreamInterceptor;                                   : loaded 7 times (x 69B)
Class com.amazon.ion.impl.bin.IonManagedBinaryWriter$SymbolState$4                    : loaded 7 times (x 80B)
Class com.amazon.ion.impl.bin.WriteBuffer                                             : loaded 7 times (x 78B)
Class com.amazon.ion.impl.bin.IonManagedBinaryWriter                                  : loaded 7 times (x 166B)
Class com.amazon.ion.IonDatagram                                                      : loaded 7 times (x 70B)
Class org.jetbrains.plugins.gradle.tooling.serialization.internal.IdeaProjectSerializationService$WriteContext$8: loaded 7 times (x 83B)
Class com.intellij.gradle.toolingExtension.impl.model.sourceSetArtifactIndex.GradleSourceSetArtifactBuildRequest: loaded 7 times (x 70B)
Class com.amazon.ion.IonBinaryWriter                                                  : loaded 7 times (x 70B)
Class com.amazon.ion.impl.bin.IonRawBinaryWriter$StreamFlushMode                      : loaded 7 times (x 79B)
Class org.jetbrains.plugins.gradle.tooling.serialization.RepositoriesModelSerializationService$WriteContext: loaded 7 times (x 72B)
Class com.amazon.ion.impl.bin.IonManagedBinaryWriter$SymbolState$3                    : loaded 7 times (x 80B)
Class com.amazon.ion.impl.bin.IonRawBinaryWriter$ContainerInfo                        : loaded 7 times (x 74B)
Class com.intellij.gradle.toolingExtension.impl.model.warmUp.GradleTaskWarmUpRequest  : loaded 7 times (x 70B)
Class com.amazon.ion.impl.bin.IonManagedBinaryWriter$UserState$3                      : loaded 7 times (x 85B)
Class com.amazon.ion.util.GzipStreamInterceptor                                       : loaded 7 times (x 85B)
Class com.amazon.ion.IonException                                                     : loaded 7 times (x 84B)
Class org.jetbrains.plugins.gradle.tooling.util.IntObjectMap$ObjectFactory            : loaded 7 times (x 70B)
Class com.amazon.ion.IonNull                                                          : loaded 7 times (x 70B)
Class com.amazon.ion.impl.bin.IonManagedBinaryWriter$SymbolState$2                    : loaded 7 times (x 80B)
Class com.amazon.ion.impl.SymbolTableAsStruct                                         : loaded 7 times (x 70B)
Class com.amazon.ion.impl._Private_Utils$1                                            : loaded 7 times (x 89B)
Class com.amazon.ion.impl.lite.IonSequenceLite                                        : loaded 7 times (x 432B)
Class org.jetbrains.plugins.gradle.model.ExternalSourceSet                            : loaded 7 times (x 70B)
Class org.jetbrains.plugins.gradle.model.ProjectImportModelProvider                   : loaded 7 times (x 70B)
Class com.amazon.ion.impl.bin.IonRawBinaryWriter$StreamCloseMode                      : loaded 7 times (x 79B)
Class com.amazon.ion.impl._Private_IonBinaryWriterBuilder$Mutable                     : loaded 7 times (x 115B)
Class com.intellij.gradle.toolingExtension.impl.model.dependencyModel.DependencyWriteContext: loaded 7 times (x 72B)
Class com.intellij.gradle.toolingExtension.impl.model.projectModel.GradleExternalProjectSerializationService$ReadContext: loaded 7 times (x 73B)
Class com.intellij.gradle.toolingExtension.impl.model.dependencyModel.DependencyReadContext: loaded 7 times (x 72B)
Class com.intellij.gradle.toolingExtension.impl.model.sourceSetDependencyModel.GradleSourceSetDependencySerialisationService$SourceSetDependencyModelReadContext: loaded 7 times (x 72B)
Class org.jetbrains.plugins.gradle.model.VersionCatalogsModel                         : loaded 7 times (x 70B)
Class com.amazon.ion.impl._Private_IonBinaryWriterBuilder                             : loaded 7 times (x 115B)
Class com.amazon.ion.BufferConfiguration$DataHandler                                  : loaded 7 times (x 70B)
Class com.amazon.ion.impl._Private_LocalSymbolTable                                   : loaded 7 times (x 70B)
Class com.amazon.ion.ReadOnlyValueException                                           : loaded 7 times (x 84B)
Class com.amazon.ion.IonSexp                                                          : loaded 7 times (x 70B)
Class com.amazon.ion.UnexpectedEofException                                           : loaded 7 times (x 84B)
Class [Lcom.amazon.ion.IonType;                                                       : loaded 7 times (x 69B)
Class org.jetbrains.plugins.gradle.model.UnresolvedExternalDependency                 : loaded 7 times (x 70B)
Class com.amazon.ion.impl.LocalSymbolTableAsStruct$Factory                            : loaded 7 times (x 79B)
Class com.amazon.ion.impl.bin.IonManagedBinaryWriter$SymbolState$1                    : loaded 7 times (x 80B)
Class com.intellij.gradle.toolingExtension.impl.model.projectModel.GradleExternalProjectSerializationService: loaded 7 times (x 77B)
Class com.amazon.ion.impl.lite.IonBlobLite                                            : loaded 7 times (x 219B)
Class com.amazon.ion.impl.LocalSymbolTable                                            : loaded 7 times (x 121B)
Class com.amazon.ion.impl.bin.IonManagedBinaryWriter$UserState$4                      : loaded 7 times (x 85B)
Class com.amazon.ion.system.IonBinaryWriterBuilder                                    : loaded 7 times (x 99B)
Class org.jetbrains.plugins.gradle.model.AnnotationProcessingModel                    : loaded 7 times (x 70B)
Class org.jetbrains.plugins.gradle.model.GradleExtensions                             : loaded 7 times (x 70B)
Class org.jetbrains.plugins.gradle.tooling.serialization.SerializationService         : loaded 7 times (x 70B)
Class com.intellij.util.containers.IntObjectHashMap                                   : loaded 7 times (x 72B)
Class org.jetbrains.plugins.gradle.model.ExternalDependency                           : loaded 7 times (x 70B)
Class com.amazon.ion.IonList                                                          : loaded 7 times (x 70B)
Class org.jetbrains.plugins.gradle.tooling.serialization.internal.adapter.Supplier    : loaded 7 times (x 70B)
Class org.jetbrains.plugins.gradle.model.IntelliJProjectSettings                      : loaded 7 times (x 70B)
Class com.amazon.ion.impl.bin.IonRawBinaryWriter$PatchPoint                           : loaded 7 times (x 73B)
Class com.amazon.ion.IonBlob                                                          : loaded 7 times (x 70B)
Class com.amazon.ion.IonLob                                                           : loaded 7 times (x 70B)
Class com.amazon.ion.IonSequence                                                      : loaded 7 times (x 70B)
Class org.jetbrains.plugins.gradle.tooling.serialization.ExternalTestsSerializationService: loaded 7 times (x 77B)
Class com.amazon.ion.impl._Private_RecyclingStack$ElementFactory                      : loaded 7 times (x 70B)
Class com.amazon.ion.UnknownSymbolException                                           : loaded 7 times (x 86B)
Class com.amazon.ion.impl.bin.IonRawBinaryWriter$ThrowingRunnable                     : loaded 7 times (x 70B)
Class com.amazon.ion.impl.bin.IonManagedBinaryWriter$LocalSymbolTableView             : loaded 7 times (x 107B)
Class com.intellij.util.ThrowableConsumer                                             : loaded 7 times (x 70B)
Class com.amazon.ion.impl._Private_RecyclingStack$Recycler                            : loaded 7 times (x 70B)
Class com.amazon.ion.IonSystem                                                        : loaded 7 times (x 70B)
Class com.amazon.ion.impl.bin.IonManagedBinaryWriter$ImportedSymbolContext            : loaded 7 times (x 72B)
Class com.amazon.ion.impl._Private_Utils                                              : loaded 7 times (x 71B)
Class org.jetbrains.plugins.gradle.tooling.serialization.ExternalTestsSerializationService$WriteContext: loaded 7 times (x 72B)
Class org.jetbrains.kotlin.idea.gradleTooling.KotlinGradleModel                       : loaded 7 times (x 70B)
Class org.jetbrains.plugins.gradle.model.GradleSourceSetModel                         : loaded 7 times (x 70B)
Class com.amazon.ion.impl.bin.IonManagedBinaryWriter$SymbolResolverBuilder            : loaded 7 times (x 70B)
Class com.intellij.gradle.toolingExtension.impl.model.sourceSetDependencyModel.GradleSourceSetDependencySerialisationService: loaded 7 times (x 77B)
Class com.amazon.ion.system.IonSystemBuilder$Mutable                                  : loaded 7 times (x 75B)
Class com.intellij.gradle.toolingExtension.impl.model.sourceSetModel.GradleSourceSetSerialisationService: loaded 7 times (x 77B)
Class org.jetbrains.plugins.gradle.tooling.serialization.internal.IdeaProjectSerializationService$WriteContext: loaded 7 times (x 72B)
Class org.jetbrains.plugins.gradle.tooling.serialization.KotlinDslScriptsModelSerializationService: loaded 7 times (x 81B)
Class org.jetbrains.plugins.gradle.model.ExternalProjectDependency                    : loaded 7 times (x 70B)
Class com.amazon.ion.impl.bin.BlockAllocatorProvider                                  : loaded 7 times (x 72B)
Class com.amazon.ion.system.IonTextWriterBuilder                                      : loaded 7 times (x 98B)
Class com.amazon.ion.impl.bin.IonManagedBinaryWriter$ImportedSymbolResolverMode$1$1$1 : loaded 7 times (x 76B)
Class com.amazon.ion.impl._Private_LocalSymbolTableFactory                            : loaded 7 times (x 70B)
Class org.jetbrains.plugins.gradle.tooling.serialization.AnnotationProcessingModelSerializationService: loaded 7 times (x 77B)
Class com.amazon.ion.impl.lite.IonIntLite                                             : loaded 7 times (x 189B)
Class org.jetbrains.plugins.gradle.tooling.serialization.GradleExtensionsSerializationService$ReadContext: loaded 7 times (x 72B)
Class [Lcom.amazon.ion.SymbolToken;                                                   : loaded 7 times (x 69B)
Class Program                                                                         : loaded 7 times (x 72B)
Class com.amazon.ion.impl._Private_IonReaderBuilder$TwoElementInputStream             : loaded 7 times (x 92B)
Class org.jetbrains.kotlin.idea.gradleTooling.AndroidAwareGradleModelProvider$Companion: loaded 7 times (x 71B)
Class com.amazon.ion.util._Private_FastAppendable                                     : loaded 7 times (x 70B)
Class [Lcom.amazon.ion.impl.bin.IonRawBinaryWriter$StreamCloseMode;                   : loaded 7 times (x 69B)
Class com.amazon.ion.impl.lite.IonSymbolLite                                          : loaded 7 times (x 246B)
Class com.amazon.ion.impl.bin.IonManagedBinaryWriter$ImportedSymbolResolverMode$1     : loaded 7 times (x 80B)
Class [Lcom.amazon.ion.impl.bin.IonRawBinaryWriter$PreallocationMode;                 : loaded 7 times (x 69B)
Class com.intellij.util.containers.IntObjectHashMap$ArrayProducer                     : loaded 7 times (x 70B)
Class com.intellij.gradle.toolingExtension.impl.model.projectModel.GradleExternalProjectSerializationService$WriteContext: loaded 7 times (x 73B)
Class com.amazon.ion.impl.bin._Private_IonManagedBinaryWriterBuilder                  : loaded 7 times (x 72B)
Class com.amazon.ion.impl._Private_IonWriter                                          : loaded 7 times (x 70B)
Class com.amazon.ion.impl.bin.IonManagedBinaryWriter$UserState                        : loaded 7 times (x 85B)
Class com.amazon.ion.impl.lite.IonNullLite                                            : loaded 7 times (x 175B)
Class org.jetbrains.plugins.gradle.model.DependencyAccessorsModel                     : loaded 7 times (x 70B)
Class com.amazon.ion.system.IonReaderBuilder                                          : loaded 7 times (x 95B)
Class com.amazon.ion.impl.lite.ContainerlessContext                                   : loaded 7 times (x 80B)
Class com.amazon.ion.impl._Private_RecyclingQueue$Recycler                            : loaded 7 times (x 70B)
Class [Lcom.intellij.openapi.externalSystem.model.project.dependencies.ResolutionState;: loaded 7 times (x 69B)
Class org.gradle.internal.impldep.gnu.trove.TObjectHash                               : loaded 7 times (x 94B)
Class com.amazon.ion.impl.lite.IonSexpLite                                            : loaded 7 times (x 490B)
Class com.amazon.ion.impl.lite.IonListLite                                            : loaded 7 times (x 490B)
Class org.jetbrains.plugins.gradle.tooling.serialization.RepositoriesModelSerializationService$ReadContext: loaded 7 times (x 72B)
Class [Lcom.amazon.ion.impl.bin.AbstractIonWriter$WriteValueOptimization;             : loaded 7 times (x 69B)
Class com.amazon.ion.IonFloat                                                         : loaded 7 times (x 70B)
Class org.jetbrains.plugins.gradle.model.GradleProperty                               : loaded 7 times (x 70B)
Class com.amazon.ion.impl.bin.IonManagedBinaryWriter$ImportedSymbolResolverMode$2     : loaded 7 times (x 80B)
Class com.amazon.ion.system.IonWriterBuilderBase                                      : loaded 7 times (x 83B)
Class com.amazon.ion.impl.LocalSymbolTable$Factory                                    : loaded 7 times (x 77B)
Class org.jetbrains.plugins.gradle.tooling.serialization.RepositoriesModelSerializationService: loaded 7 times (x 82B)
Class com.amazon.ion.impl.bin.Symbols                                                 : loaded 7 times (x 71B)
Class com.amazon.ion.IonBufferConfiguration                                           : loaded 7 times (x 73B)
Class org.jetbrains.plugins.gradle.model.AnnotationProcessingConfig                   : loaded 7 times (x 70B)
Class com.amazon.ion.impl.lite.IonClobLite                                            : loaded 7 times (x 220B)
Class com.amazon.ion.impl._Private_ValueFactory                                       : loaded 7 times (x 70B)
Class com.amazon.ion.impl.bin.IonRawBinaryWriter$PreallocationMode$1                  : loaded 7 times (x 82B)
Class [Lcom.amazon.ion.impl.bin._Private_IonManagedBinaryWriterBuilder$AllocatorMode; : loaded 7 times (x 69B)
Class org.jetbrains.kotlin.idea.gradleTooling.KotlinMPPGradleModel                    : loaded 7 times (x 70B)
Class com.intellij.gradle.toolingExtension.impl.model.dependencyDownloadPolicyModel.GradleDependencyDownloadPolicy: loaded 7 times (x 70B)
Class com.amazon.ion.impl.bin.IonManagedBinaryWriter$ImportedSymbolResolverMode       : loaded 7 times (x 80B)
Class com.intellij.gradle.toolingExtension.impl.model.buildScriptClasspathModel.GradleBuildScriptClasspathSerializationService: loaded 7 times (x 77B)
Class com.intellij.gradle.toolingExtension.model.repositoryModel.ProjectRepositoriesModel: loaded 7 times (x 70B)
Class org.jetbrains.kotlin.idea.projectModel.KotlinTaskProperties                     : loaded 7 times (x 70B)
Class com.amazon.ion.IonLoader                                                        : loaded 7 times (x 70B)
Class org.jetbrains.plugins.gradle.tooling.serialization.internal.IdeaProjectSerializationService: loaded 7 times (x 77B)
Class com.amazon.ion.impl.LocalSymbolTableAsStruct                                    : loaded 7 times (x 126B)
Class com.amazon.ion.impl.lite.IonTimestampLite                                       : loaded 7 times (x 192B)
Class org.jetbrains.plugins.gradle.model.FileCollectionDependency                     : loaded 7 times (x 70B)
Class org.gradle.internal.impldep.gnu.trove.TObjectHashingStrategy                    : loaded 7 times (x 70B)
Class org.gradle.internal.impldep.gnu.trove.TObjectIdentityHashingStrategy            : loaded 7 times (x 78B)
Class org.jetbrains.plugins.gradle.tooling.serialization.ProjectDependenciesSerializationService$ReadContext: loaded 7 times (x 72B)
Class com.intellij.openapi.externalSystem.model.project.dependencies.ProjectDependencies: loaded 7 times (x 70B)
Class com.intellij.gradle.toolingExtension.impl.model.utilDummyModel.DummyModel       : loaded 7 times (x 70B)
Class com.amazon.ion.impl.bin.AbstractIonWriter$WriteValueOptimization                : loaded 7 times (x 79B)
Class com.intellij.openapi.externalSystem.model.project.IExternalSystemSourceType     : loaded 7 times (x 70B)
Class com.amazon.ion.impl._Private_IonReaderBuilder$Mutable                           : loaded 7 times (x 97B)
Class [Lcom.amazon.ion.util.GzipStreamInterceptor;                                    : loaded 7 times (x 69B)
Class org.jetbrains.plugins.gradle.tooling.util.ObjectCollector                       : loaded 7 times (x 72B)
Class org.jetbrains.plugins.gradle.model.GradleTaskModel                              : loaded 7 times (x 70B)
Class com.amazon.ion.impl.lite.IonSystemLite                                          : loaded 7 times (x 275B)
Class com.amazon.ion.util.InputStreamInterceptor                                      : loaded 7 times (x 70B)
Class com.amazon.ion.impl.bin.IonRawBinaryWriter$PreallocationMode                    : loaded 7 times (x 82B)
Class com.amazon.ion.impl.bin._Private_IonRawWriter                                   : loaded 7 times (x 70B)
Class com.amazon.ion.IonWriter                                                        : loaded 7 times (x 70B)
Class com.amazon.ion.impl.bin._Private_IonManagedBinaryWriterBuilder$AllocatorMode    : loaded 7 times (x 80B)
Class com.amazon.ion.impl._Private_SymbolToken                                        : loaded 7 times (x 70B)
Class com.amazon.ion.impl.bin.IonManagedBinaryWriter$SymbolResolver                   : loaded 7 times (x 70B)
Class com.amazon.ion.IonReader                                                        : loaded 7 times (x 70B)
Class com.amazon.ion.IonInt                                                           : loaded 7 times (x 70B)
Class com.amazon.ion.impl.bin.IonRawBinaryWriter$PreallocationMode$2                  : loaded 7 times (x 82B)
Class org.jetbrains.kotlin.idea.gradleTooling.PrepareKotlinIdeImportTaskModel         : loaded 7 times (x 70B)
Class com.amazon.ion.IonString                                                        : loaded 7 times (x 70B)
Class org.jetbrains.plugins.gradle.model.GradleSourceSetDependencyModel               : loaded 7 times (x 70B)
Class com.amazon.ion.ValueFactory                                                     : loaded 7 times (x 70B)
Class [Lcom.amazon.ion.impl.bin.IonManagedBinaryWriter$ImportedSymbolResolverMode;    : loaded 7 times (x 69B)
Class com.amazon.ion.impl.IonWriterSystemText                                         : loaded 7 times (x 190B)
Class com.intellij.gradle.toolingExtension.impl.model.sourceSetModel.GradleSourceSetSerialisationService$SourceSetModelWriteContext: loaded 7 times (x 72B)
Class com.amazon.ion.impl.lite.IonContext                                             : loaded 7 times (x 70B)
Class com.amazon.ion.impl.lite.IonLoaderLite                                          : loaded 7 times (x 82B)
Class com.amazon.ion.impl.bin.utf8.Utf8StringEncoderPool$1                            : loaded 7 times (x 76B)
Class org.jetbrains.plugins.gradle.model.ExternalTask                                 : loaded 7 times (x 70B)
Class com.intellij.openapi.externalSystem.model.ExternalSystemException               : loaded 7 times (x 86B)
Class com.amazon.ion.impl.bin.Block                                                   : loaded 7 times (x 79B)
Class com.amazon.ion.IonBool                                                          : loaded 7 times (x 70B)
Class com.amazon.ion.BufferConfiguration                                              : loaded 7 times (x 73B)
Class com.amazon.ion.impl._Private_RecyclingQueue$ElementFactory                      : loaded 7 times (x 70B)
Class com.amazon.ion.impl._Private_IonContainer                                       : loaded 7 times (x 70B)
Class com.intellij.gradle.toolingExtension.impl.model.buildScriptClasspathModel.GradleBuildScriptClasspathSerializationService$ReadContext: loaded 7 times (x 72B)
Class org.gradle.internal.impldep.gnu.trove.TObjectIntHashMap                         : loaded 7 times (x 109B)
Class com.amazon.ion.system.SimpleCatalog                                             : loaded 7 times (x 91B)
Class com.intellij.gradle.toolingExtension.impl.model.taskModel.GradleTaskSerialisationService: loaded 7 times (x 76B)
Class com.amazon.ion.impl.lite.IonStringLite                                          : loaded 7 times (x 212B)
Class com.amazon.ion.impl.bin.PooledBlockAllocatorProvider$PooledBlockAllocator$1     : loaded 7 times (x 79B)
Class com.amazon.ion.impl.bin.IonRawBinaryWriter$PreallocationMode$3                  : loaded 7 times (x 82B)
Class com.amazon.ion.impl.bin.IonManagedBinaryWriter$ImportedSymbolResolverMode$1$1   : loaded 7 times (x 78B)
Class com.amazon.ion.impl.bin.utf8.Utf8StringEncoder                                  : loaded 7 times (x 80B)
Class org.gradle.internal.impldep.gnu.trove.TObjectCanonicalHashingStrategy           : loaded 7 times (x 80B)
Class org.jetbrains.plugins.gradle.tooling.serialization.ExternalTestsSerializationService$ReadContext: loaded 7 times (x 72B)
Class com.amazon.ion.impl.BlockedBuffer$BufferedOutputStream                          : loaded 7 times (x 90B)
Class [Lcom.amazon.ion.impl.bin.IonManagedBinaryWriter$UserState;                     : loaded 7 times (x 69B)
Class com.amazon.ion.impl.bin.IonBinaryWriterAdapter$Factory                          : loaded 7 times (x 70B)
Class [Lcom.amazon.ion.SymbolTable;                                                   : loaded 7 times (x 69B)
Class com.amazon.ion.impl.bin.IonRawBinaryWriter$1                                    : loaded 7 times (x 77B)
Class com.intellij.gradle.toolingExtension.impl.model.buildScriptClasspathModel.GradleBuildScriptClasspathSerializationService$WriteContext: loaded 7 times (x 72B)
Class com.amazon.ion.IonMutableCatalog                                                : loaded 7 times (x 70B)
Class com.amazon.ion.impl._Private_IonReaderBuilder                                   : loaded 7 times (x 97B)
Class com.amazon.ion.impl._Private_RecyclingStack                                     : loaded 7 times (x 79B)
Class org.jetbrains.plugins.gradle.ExternalDependencyId                               : loaded 7 times (x 70B)
Class com.amazon.ion.impl._Private_RecyclingStack$$Iterator                           : loaded 7 times (x 99B)
Class com.amazon.ion.impl.SharedSymbolTable                                           : loaded 7 times (x 93B)
Class com.amazon.ion.impl.bin.IonRawBinaryWriter                                      : loaded 7 times (x 169B)
Class com.amazon.ion.SymbolToken                                                      : loaded 7 times (x 70B)
Class com.amazon.ion.impl._Private_ByteTransferSink                                   : loaded 7 times (x 70B)
Class org.jetbrains.plugins.gradle.tooling.util.IntObjectMap$1                        : loaded 7 times (x 77B)
Class org.gradle.internal.impldep.com.google.common.base.Preconditions                : loaded 7 times (x 71B)
Class org.gradle.internal.impldep.gnu.trove.Equality                                  : loaded 7 times (x 70B)
Class com.amazon.ion.impl.bin._Private_IonManagedBinaryWriterBuilder$AllocatorMode$2  : loaded 7 times (x 80B)
Class com.amazon.ion.impl._Private_IonTextWriterBuilder                               : loaded 7 times (x 102B)
Class com.amazon.ion.impl.lite.IonFloatLite                                           : loaded 7 times (x 186B)
Class org.jetbrains.plugins.gradle.model.GradleExtension                              : loaded 7 times (x 70B)
Class org.jetbrains.plugins.gradle.tooling.serialization.ProjectDependenciesSerializationService: loaded 7 times (x 77B)
Class org.jetbrains.plugins.gradle.tooling.serialization.ProjectDependenciesSerializationService$WriteContext: loaded 7 times (x 72B)
Class com.amazon.ion.impl.bin._Private_IonManagedBinaryWriterBuilder$AllocatorMode$1  : loaded 7 times (x 80B)
Class com.amazon.ion.Decimal                                                          : loaded 7 times (x 133B)
Class com.amazon.ion.impl.bin.AbstractSymbolTable                                     : loaded 7 times (x 107B)
Class com.amazon.ion.impl._Private_ReaderWriter                                       : loaded 7 times (x 70B)
Class com.amazon.ion.impl.lite.IonStructLite                                          : loaded 7 times (x 298B)
Class com.intellij.compose.ide.plugin.gradleTooling.rt.ComposeResourcesModel          : loaded 7 times (x 70B)
Class com.intellij.gradle.toolingExtension.impl.model.sourceSetModel.GradleSourceSetSerialisationService$SourceSetModelReadContext: loaded 7 times (x 72B)
Class com.intellij.gradle.toolingExtension.impl.model.utilTurnOffDefaultTasksModel.TurnOffDefaultTasks: loaded 7 times (x 70B)
Class org.jetbrains.kotlin.idea.gradleTooling.KotlinGradlePluginVersion               : loaded 7 times (x 70B)
Class com.amazon.ion.IonCatalog                                                       : loaded 7 times (x 70B)
Class com.amazon.ion.system.IonSystemBuilder                                          : loaded 7 times (x 75B)
Class com.amazon.ion.impl._Private_IonWriterBase                                      : loaded 7 times (x 162B)
Class [Lcom.amazon.ion.impl.bin.IonManagedBinaryWriter$SymbolState;                   : loaded 7 times (x 69B)
Class com.amazon.ion.impl.lite.IonDecimalLite                                         : loaded 7 times (x 188B)
Class [Lcom.amazon.ion.impl.bin.IonRawBinaryWriter$StreamFlushMode;                   : loaded 7 times (x 69B)
Class com.amazon.ion.IonBufferConfiguration$Builder                                   : loaded 7 times (x 78B)
Class com.amazon.ion.impl.lite.IonBoolLite                                            : loaded 7 times (x 178B)
Class org.gradle.internal.impldep.gnu.trove.TObjectHash$NULL                          : loaded 7 times (x 71B)
Class org.gradle.internal.impldep.gnu.trove.THash                                     : loaded 7 times (x 81B)
Class org.jetbrains.plugins.gradle.tooling.serialization.AnnotationProcessingModelSerializationService$WriteContext: loaded 7 times (x 72B)
Class com.amazon.ion.IonSymbol                                                        : loaded 7 times (x 70B)
Class com.amazon.ion.impl.bin.utf8.Poolable                                           : loaded 7 times (x 79B)
Class com.amazon.ion.UnsupportedIonVersionException                                   : loaded 7 times (x 85B)
Class com.amazon.ion.facet.Faceted                                                    : loaded 7 times (x 70B)
Class org.jetbrains.plugins.gradle.tooling.serialization.ToolingStreamApiUtils        : loaded 7 times (x 71B)
Class com.amazon.ion.system.IonWriterBuilder                                          : loaded 7 times (x 74B)
Class com.amazon.ion.IonBufferConfiguration$OversizedSymbolTableHandler               : loaded 7 times (x 70B)
Class com.amazon.ion.impl.lite.IonContainerLite                                       : loaded 7 times (x 248B)
Class com.intellij.openapi.externalSystem.model.project.dependencies.ResolutionState  : loaded 7 times (x 79B)
Class com.amazon.ion.impl.bin._Private_IonManagedWriter                               : loaded 7 times (x 70B)
Class com.amazon.ion.impl.bin.Symbols$2                                               : loaded 7 times (x 107B)
Class com.amazon.ion.impl.IonWriterSystem                                             : loaded 7 times (x 171B)
Class [Lcom.amazon.ion.impl.bin.IonRawBinaryWriter$ContainerType;                     : loaded 7 times (x 69B)
Class org.jetbrains.plugins.gradle.model.GradleConfiguration                          : loaded 7 times (x 70B)
Class org.gradle.internal.impldep.gnu.trove.TObjectIntProcedure                       : loaded 7 times (x 70B)
Class com.amazon.ion.IonNumber                                                        : loaded 7 times (x 70B)
Class com.amazon.ion.impl.lite.IonTextLite                                            : loaded 7 times (x 181B)
Class com.amazon.ion.impl.lite.IonLobLite                                             : loaded 7 times (x 184B)
Class com.amazon.ion.impl.bin.IonManagedBinaryWriter$SymbolState                      : loaded 7 times (x 80B)
Class com.amazon.ion.IonStruct                                                        : loaded 7 times (x 70B)
Class org.jetbrains.plugins.gradle.model.GradleBuildScriptClasspathModel              : loaded 7 times (x 70B)
Class org.jetbrains.kotlin.idea.gradleTooling.model.kapt.KaptGradleModel              : loaded 7 times (x 70B)
Class org.gradle.internal.impldep.gnu.trove.PrimeFinder                               : loaded 7 times (x 71B)
Class org.jetbrains.plugins.gradle.model.IntelliJSettings                             : loaded 7 times (x 70B)
Class org.jetbrains.kotlin.idea.gradleTooling.KotlinDslScriptAdditionalTask           : loaded 7 times (x 70B)
Class org.jetbrains.plugins.gradle.model.ClasspathEntryModel                          : loaded 7 times (x 70B)
Class org.jetbrains.kotlin.idea.gradleTooling.KotlinSourceSetContainer                : loaded 7 times (x 70B)
Class com.amazon.ion.impl._Private_IonTextWriterBuilder$Mutable                       : loaded 7 times (x 102B)
Class com.amazon.ion.impl.bin.IonRawBinaryWriter$ContainerType                        : loaded 7 times (x 79B)
Class com.amazon.ion.impl.bin.utf8.Utf8StringEncoder$Result                           : loaded 7 times (x 74B)
Class com.amazon.ion.IonValue                                                         : loaded 7 times (x 70B)
Class com.amazon.ion.impl.bin.utf8.Pool$Allocator                                     : loaded 7 times (x 70B)
Class com.amazon.ion.IonText                                                          : loaded 7 times (x 70B)
Class com.amazon.ion.impl.SymbolTokenImpl                                             : loaded 7 times (x 81B)
Class com.amazon.ion.SubstituteSymbolTableException                                   : loaded 7 times (x 84B)
Class org.jetbrains.plugins.gradle.tooling.ModelBuilderService$Parameter              : loaded 7 times (x 70B)
Class com.intellij.gradle.toolingExtension.impl.model.taskModel.GradleTaskSerialisationService$Companion: loaded 7 times (x 71B)
Class org.jetbrains.plugins.gradle.tooling.serialization.GradleExtensionsSerializationService$WriteContext: loaded 7 times (x 72B)
Class org.jetbrains.plugins.gradle.javaModel.JavaGradleManifestModel                  : loaded 7 times (x 70B)
Class com.amazon.ion.IonClob                                                          : loaded 7 times (x 70B)
Class com.amazon.ion.IonTimestamp                                                     : loaded 7 times (x 70B)
Class com.amazon.ion.impl.bin.PooledBlockAllocatorProvider$PooledBlockAllocator       : loaded 7 times (x 81B)
Class org.jetbrains.plugins.gradle.model.ExternalLibraryDependency                    : loaded 7 times (x 70B)
Class org.jetbrains.plugins.gradle.tooling.serialization.GradleExtensionsSerializationService: loaded 7 times (x 77B)
Class com.amazon.ion.impl.IonWriterSystemTextMarkup                                   : loaded 7 times (x 192B)
Class com.amazon.ion.impl.bin.BlockAllocator                                          : loaded 7 times (x 80B)
Class com.amazon.ion.SymbolTable                                                      : loaded 7 times (x 70B)
Class com.android.ide.gradle.model.GradlePluginModel                                  : loaded 6 times (x 70B)
Class com.android.ide.gradle.model.LegacyV1AgpVersionModel                            : loaded 6 times (x 70B)
Class com.android.ide.gradle.model.artifacts.AdditionalClassifierArtifactsModel       : loaded 6 times (x 70B)
Class com.android.ide.gradle.model.composites.BuildMap                                : loaded 6 times (x 70B)
Class com.android.ide.gradle.model.LegacyAndroidGradlePluginProperties                : loaded 6 times (x 70B)
Class com.android.ide.gradle.model.dependencies.Coordinates                           : loaded 6 times (x 70B)
Class com.android.ide.gradle.model.dependencies.DeclaredDependencies                  : loaded 6 times (x 70B)
Class com.android.ide.gradle.model.GradlePropertiesModel                              : loaded 6 times (x 70B)
Class kotlin.collections.SetsKt__SetsKt                                               : loaded 5 times (x 71B)
Class kotlin.io.FilesKt__FileReadWriteKt                                              : loaded 5 times (x 71B)
Class kotlin.text.StringsKt__StringNumberConversionsKt                                : loaded 5 times (x 71B)
Class kotlin.text.StringsKt__StringsKt                                                : loaded 5 times (x 71B)
Class com.google.common.collect.ImmutableSortedSet                                    : loaded 5 times (x 300B)
Class kotlin.NotImplementedError                                                      : loaded 5 times (x 82B)
Class kotlin.KotlinNullPointerException                                               : loaded 5 times (x 83B)
Class kotlin.collections.CollectionsKt___CollectionsKt                                : loaded 5 times (x 71B)
Class com.google.common.base.CharMatcher$IsNot                                        : loaded 5 times (x 112B)
Class com.google.common.collect.ImmutableAsList                                       : loaded 5 times (x 209B)
Class com.google.common.collect.Iterators$9                                           : loaded 5 times (x 81B)
Class com.google.common.base.CharMatcher$Or                                           : loaded 5 times (x 113B)
Class kotlin.text.StringsKt                                                           : loaded 5 times (x 71B)
Class kotlin.collections.CollectionsKt__IterablesKt                                   : loaded 5 times (x 71B)
Class ijKotlinCoroutineJvmDebugInit2_ezbr0y5lgx6mgpo6abq1y1nio$_run_closure1$_closure2: loaded 5 times (x 139B)
Class com.google.common.base.CharMatcher$Negated                                      : loaded 5 times (x 114B)
Class kotlin.collections.CollectionsKt__IteratorsKt                                   : loaded 5 times (x 71B)
Class kotlin.collections.CollectionsKt___CollectionsJvmKt                             : loaded 5 times (x 71B)
Class kotlin.sequences.SequencesKt                                                    : loaded 5 times (x 71B)
Class kotlin.text.StringsKt__RegexExtensionsJVMKt                                     : loaded 5 times (x 71B)
Class com.google.common.base.CharMatcher$IsEither                                     : loaded 5 times (x 112B)
Class com.google.common.collect.ImmutableSet$CachingAsList                            : loaded 5 times (x 148B)
Class com.google.common.collect.Lists                                                 : loaded 5 times (x 71B)
Class kotlin.collections.ArraysKt___ArraysJvmKt                                       : loaded 5 times (x 71B)
Class kotlin.collections.CollectionsKt__CollectionsKt                                 : loaded 5 times (x 71B)
Class kotlin.sequences.FilteringSequence$iterator$1                                   : loaded 5 times (x 79B)
Class com.google.common.collect.RegularImmutableSortedSet                             : loaded 5 times (x 300B)
Class kotlin.collections.MapsKt___MapsJvmKt                                           : loaded 5 times (x 71B)
Class kotlin.io.FilesKt__FileTreeWalkKt                                               : loaded 5 times (x 71B)
Class kotlin.sequences.SequencesKt__SequenceBuilderKt                                 : loaded 5 times (x 71B)
Class com.google.common.base.CharMatcher$Is                                           : loaded 5 times (x 112B)
Class com.google.common.collect.ImmutableSet$SetBuilderImpl                           : loaded 5 times (x 76B)
Class kotlin.collections.MapsKt                                                       : loaded 5 times (x 71B)
Class ijKotlinCoroutineJvmDebugInit2_ezbr0y5lgx6mgpo6abq1y1nio                        : loaded 5 times (x 179B)
Class kotlin.collections.CollectionsKt__CollectionsJVMKt                              : loaded 5 times (x 71B)
Class com.google.common.collect.ImmutableCollection                                   : loaded 5 times (x 125B)
Class kotlin.collections.CollectionsKt__ReversedViewsKt                               : loaded 5 times (x 71B)
Class kotlin.io.FilesKt__UtilsKt                                                      : loaded 5 times (x 71B)
Class com.google.common.collect.AbstractRangeSet                                      : loaded 5 times (x 114B)
Class com.google.common.base.CharMatcher$AnyOf                                        : loaded 5 times (x 113B)
Class kotlin.ranges.RangesKt___RangesKt                                               : loaded 5 times (x 71B)
Class com.google.common.base.CharMatcher$ForPredicate                                 : loaded 5 times (x 113B)
Class com.google.common.base.CharMatcher$NegatedFastMatcher                           : loaded 5 times (x 114B)
Class com.google.common.collect.ImmutableList$1                                       : loaded 5 times (x 97B)
Class com.google.common.collect.Iterators$5                                           : loaded 5 times (x 82B)
Class org.gradle.api.GradleException                                                  : loaded 5 times (x 82B)
Class com.google.common.base.Preconditions                                            : loaded 5 times (x 71B)
Class kotlin.collections.ArraysKt                                                     : loaded 5 times (x 71B)
Class com.google.common.collect.SortedIterable                                        : loaded 5 times (x 70B)
Class com.google.common.collect.Iterators$4                                           : loaded 5 times (x 82B)
Class com.google.common.base.Function                                                 : loaded 5 times (x 70B)
Class kotlin.enums.EnumEntries                                                        : loaded 5 times (x 70B)
Class kotlin.jvm.internal.Intrinsics                                                  : loaded 5 times (x 71B)
Class kotlin.TuplesKt                                                                 : loaded 5 times (x 71B)
Class kotlin.jvm.functions.Function2                                                  : loaded 5 times (x 70B)
Class kotlin.UninitializedPropertyAccessException                                     : loaded 5 times (x 82B)
Class com.google.common.collect.SingletonImmutableSet                                 : loaded 5 times (x 146B)
Class com.google.common.collect.RegularImmutableList                                  : loaded 5 times (x 213B)
Class com.google.common.base.CharMatcher                                              : loaded 5 times (x 112B)
Class com.google.common.collect.Iterators$1                                           : loaded 5 times (x 81B)
Class com.google.common.collect.ImmutableSet                                          : loaded 5 times (x 145B)
Class com.google.common.base.CharMatcher$BitSetMatcher                                : loaded 5 times (x 113B)
Class com.google.common.base.Joiner$1                                                 : loaded 5 times (x 81B)
Class com.google.common.base.Predicate                                                : loaded 5 times (x 70B)
Class com.google.common.collect.PeekingIterator                                       : loaded 5 times (x 70B)
Class com.google.common.collect.ImmutableCollection$Builder                           : loaded 5 times (x 76B)
Class com.google.common.collect.Iterators$ArrayItr                                    : loaded 5 times (x 97B)
Class com.google.common.collect.ImmutableRangeSet$AsSet                               : loaded 5 times (x 300B)
Class kotlin.collections.MapsKt__MapsKt                                               : loaded 5 times (x 71B)
Class com.google.common.collect.UnmodifiableListIterator                              : loaded 5 times (x 95B)
Class com.google.common.collect.ImmutableList$ReverseImmutableList                    : loaded 5 times (x 209B)
Class ijJvmDebugger2_8g869j4xt9t70z2h08yspeiyl                                        : loaded 5 times (x 179B)
Class kotlin.io.FilesKt                                                               : loaded 5 times (x 71B)
Class kotlin.enums.EnumEntriesList                                                    : loaded 5 times (x 223B)
Class kotlin.io.FileSystemException                                                   : loaded 5 times (x 82B)
Class kotlin.collections.MapsKt___MapsKt                                              : loaded 5 times (x 71B)
Class org.gradle.api.UncheckedIOException                                             : loaded 5 times (x 82B)
Class com.google.common.collect.ForwardingObject                                      : loaded 5 times (x 72B)
Class kotlin.collections.SetsKt                                                       : loaded 5 times (x 71B)
Class com.google.common.collect.SingletonImmutableList                                : loaded 5 times (x 207B)
Class kotlin.text.StringsKt__IndentKt                                                 : loaded 5 times (x 71B)
Class ijJvmDebugger2_8g869j4xt9t70z2h08yspeiyl$_run_closure1                          : loaded 5 times (x 139B)
Class com.google.common.base.CharMatcher$NamedFastMatcher                             : loaded 5 times (x 113B)
Class com.google.common.base.CharMatcher$1                                            : loaded 5 times (x 114B)
Class com.google.common.collect.NullnessCasts                                         : loaded 5 times (x 71B)
Class kotlin.text.StringsKt__StringsJVMKt                                             : loaded 5 times (x 71B)
Class com.google.common.base.Joiner$2                                                 : loaded 5 times (x 80B)
Class kotlin.sequences.SequencesKt___SequencesJvmKt                                   : loaded 5 times (x 71B)
Class com.google.common.collect.RangeGwtSerializationDependencies                     : loaded 5 times (x 71B)
Class kotlin.collections.ArraysKt__ArraysJVMKt                                        : loaded 5 times (x 71B)
Class kotlin.jvm.internal.DefaultConstructorMarker                                    : loaded 5 times (x 71B)
Class com.google.common.collect.ImmutableRangeSet$ComplementRanges                    : loaded 5 times (x 207B)
Class com.google.common.collect.ImmutableSet$RegularSetBuilderImpl                    : loaded 5 times (x 77B)
Class kotlin.comparisons.ComparisonsKt___ComparisonsJvmKt                             : loaded 5 times (x 71B)
Class kotlin.text.StringsKt__StringBuilderKt                                          : loaded 5 times (x 71B)
Class com.google.common.base.Joiner                                                   : loaded 5 times (x 80B)
Class kotlin.comparisons.ComparisonsKt___ComparisonsKt                                : loaded 5 times (x 71B)
Class kotlin.collections.CollectionsKt__IteratorsJVMKt                                : loaded 5 times (x 71B)
Class kotlin.comparisons.ComparisonsKt                                                : loaded 5 times (x 71B)
Class com.google.common.collect.RangeSet                                              : loaded 5 times (x 70B)
Class ijJvmDebugger2_8g869j4xt9t70z2h08yspeiyl$_run_closure1$_closure2                : loaded 5 times (x 140B)
Class kotlin.sequences.FilteringSequence                                              : loaded 5 times (x 75B)
Class kotlin.sequences.SequencesKt___SequencesKt                                      : loaded 5 times (x 71B)
Class kotlin.jvm.functions.Function1                                                  : loaded 5 times (x 70B)
Class com.google.common.collect.ImmutableList                                         : loaded 5 times (x 206B)
Class kotlin.collections.AbstractList$Companion                                       : loaded 5 times (x 71B)
Class com.google.common.collect.RegularImmutableSet                                   : loaded 5 times (x 149B)
Class Build_gradle$1                                                                  : loaded 5 times (x 74B)
Class ijKotlinCoroutineJvmDebugInit2_ezbr0y5lgx6mgpo6abq1y1nio$_run_closure1          : loaded 5 times (x 139B)
Class com.google.common.base.CharMatcher$FastMatcher                                  : loaded 5 times (x 112B)
Class kotlin.NoWhenBranchMatchedException                                             : loaded 5 times (x 82B)
Class kotlin.text.StringsKt__RegexExtensionsKt                                        : loaded 5 times (x 71B)
Class kotlin.enums.EnumEntriesKt                                                      : loaded 5 times (x 71B)
Class com.google.common.collect.ImmutableList$SubList                                 : loaded 5 times (x 209B)
Class kotlin.io.FileAlreadyExistsException                                            : loaded 5 times (x 82B)
Class org.gradle.internal.IoActions                                                   : loaded 5 times (x 71B)
Class com.google.common.collect.UnmodifiableIterator                                  : loaded 5 times (x 80B)
Class kotlin.collections.CollectionsKt__MutableCollectionsJVMKt                       : loaded 5 times (x 71B)
Class kotlin.collections.ArraysKt___ArraysKt                                          : loaded 5 times (x 71B)
Class com.google.common.collect.Iterators$MergingIterator                             : loaded 5 times (x 81B)
Class kotlin.text.StringsKt___StringsKt                                               : loaded 5 times (x 71B)
Class kotlin.Function                                                                 : loaded 5 times (x 70B)
Class kotlin.collections.SetsKt__SetsJVMKt                                            : loaded 5 times (x 71B)
Class kotlin.text.StringsKt__AppendableKt                                             : loaded 5 times (x 71B)
Class com.google.common.base.CharMatcher$InRange                                      : loaded 5 times (x 112B)
Class com.google.common.collect.ImmutableRangeSet                                     : loaded 5 times (x 115B)
Class kotlin.collections.ArraysKt__ArraysKt                                           : loaded 5 times (x 71B)
Class com.google.common.collect.AbstractIndexedListIterator                           : loaded 5 times (x 96B)
Class org.gradle.api.Action                                                           : loaded 5 times (x 70B)
Class kotlin.Unit                                                                     : loaded 5 times (x 71B)
Class kotlin.collections.CollectionsKt                                                : loaded 5 times (x 71B)
Class kotlin.sequences.SequencesKt__SequencesJVMKt                                    : loaded 5 times (x 71B)
Class kotlin.collections.AbstractList                                                 : loaded 5 times (x 197B)
Class com.google.common.collect.AbstractIterator                                      : loaded 5 times (x 82B)
Class kotlin.collections.AbstractCollection                                           : loaded 5 times (x 117B)
Class org.gradle.internal.Cast                                                        : loaded 5 times (x 71B)
Class kotlin.text.StringsKt__StringBuilderJVMKt                                       : loaded 5 times (x 71B)
Class com.google.common.collect.ImmutableRangeSet$Builder                             : loaded 5 times (x 77B)
Class kotlin.sequences.SequencesKt__SequencesKt                                       : loaded 5 times (x 71B)
Class kotlin.collections.ArraysUtilJVM                                                : loaded 5 times (x 71B)
Class kotlin.jvm.functions.Function0                                                  : loaded 5 times (x 70B)
Class kotlin.collections.EmptyList                                                    : loaded 5 times (x 174B)
Class kotlin.Pair                                                                     : loaded 5 times (x 72B)
Class kotlin.collections.MapsKt__MapsJVMKt                                            : loaded 5 times (x 71B)
Class com.google.common.base.CharMatcher$And                                          : loaded 5 times (x 113B)
Class kotlin.collections.SetsKt___SetsKt                                              : loaded 5 times (x 71B)
Class kotlin.io.NoSuchFileException                                                   : loaded 5 times (x 82B)
Class com.google.common.collect.Lists$StringAsImmutableList                           : loaded 5 times (x 207B)
Class kotlin.text.StringsKt__StringNumberConversionsJVMKt                             : loaded 5 times (x 71B)
Class org.jetbrains.kotlin.tooling.core.KotlinToolingVersion                          : loaded 5 times (x 75B)
Class kotlin.ranges.RangesKt__RangesKt                                                : loaded 5 times (x 71B)
Class kotlin.jvm.internal.markers.KMappedMarker                                       : loaded 5 times (x 70B)
Class Build_gradle                                                                    : loaded 5 times (x 130B)
Class kotlin.collections.MapsKt__MapWithDefaultKt                                     : loaded 5 times (x 71B)
Class com.google.common.collect.Range                                                 : loaded 5 times (x 86B)
Class com.google.common.collect.Iterators                                             : loaded 5 times (x 71B)
Class kotlin.text.StringsKt___StringsJvmKt                                            : loaded 5 times (x 71B)
Class kotlin.sequences.Sequence                                                       : loaded 5 times (x 70B)
Class com.google.common.collect.ImmutableRangeSet$1                                   : loaded 5 times (x 210B)
Class com.google.common.collect.RegularImmutableAsList                                : loaded 5 times (x 217B)
Class kotlin.io.FilesKt__FilePathComponentsKt                                         : loaded 5 times (x 71B)
Class kotlin.io.TerminateException                                                    : loaded 5 times (x 82B)
Class kotlin.ranges.RangesKt                                                          : loaded 5 times (x 71B)
Class com.google.common.collect.ImmutableList$Builder                                 : loaded 5 times (x 77B)
Class kotlin.collections.CollectionsKt__MutableCollectionsKt                          : loaded 5 times (x 71B)
Class kotlin.comparisons.ComparisonsKt__ComparisonsKt                                 : loaded 5 times (x 71B)
Class com.android.builder.model.v2.ide.BasicVariant                                   : loaded 4 times (x 70B)
Class com.android.builder.model.v2.ide.AndroidGradlePluginProjectFlags                : loaded 4 times (x 70B)
Class [Lcom.android.builder.model.v2.ide.AndroidGradlePluginProjectFlags$BooleanFlag; : loaded 4 times (x 69B)
Class com.android.builder.model.v2.ide.SourceSetContainer                             : loaded 4 times (x 70B)
Class org.gradle.internal.time.Timer                                                  : loaded 4 times (x 70B)
Class com.intellij.gradle.toolingExtension.impl.modelBuilder.DefaultModelBuilderContext: loaded 4 times (x 77B)
Class org.jetbrains.kotlin.idea.gradleTooling.reflect.KotlinExtensionReflection$Companion: loaded 4 times (x 71B)
Class org.jetbrains.kotlin.idea.gradleTooling.reflect.KotlinExtensionReflection       : loaded 4 times (x 72B)
Class com.android.ide.common.gradle.Version$Companion$ParseState                      : loaded 4 times (x 70B)
Class [Lcom.android.builder.model.v2.ide.AaptOptions$Namespacing;                     : loaded 4 times (x 69B)
Class com.intellij.gradle.toolingExtension.impl.util.javaPluginUtil.JavaPluginAccessor: loaded 4 times (x 70B)
Class com.android.builder.model.v2.ide.BytecodeTransformation                         : loaded 4 times (x 79B)
Class org.gradle.internal.impldep.com.google.common.collect.Iterators$4               : loaded 4 times (x 82B)
Class org.gradle.internal.impldep.com.google.gson.TypeAdapterFactory                  : loaded 4 times (x 70B)
Class org.gradle.internal.impldep.com.google.gson.annotations.JsonAdapter             : loaded 4 times (x 70B)
Class com.intellij.util.ExceptionUtilRt                                               : loaded 4 times (x 71B)
Class org.gradle.internal.impldep.com.google.gson.internal.bind.TypeAdapters$12       : loaded 4 times (x 75B)
Class org.gradle.internal.impldep.com.google.gson.internal.bind.TypeAdapters$9        : loaded 4 times (x 75B)
Class com.intellij.gradle.toolingExtension.impl.model.warmUp.GradleTaskWarmUpService  : loaded 4 times (x 86B)
Class com.intellij.gradle.toolingExtension.impl.util.javaPluginUtil.JavaPluginUtil    : loaded 4 times (x 71B)
Class com.android.builder.model.v2.ide.CodeShrinker                                   : loaded 4 times (x 79B)
Class kotlin.collections.CollectionsKt___CollectionsKt$asSequence$$inlined$Sequence$1 : loaded 4 times (x 75B)
Class org.gradle.internal.impldep.com.google.gson.internal.bind.TypeAdapters$17       : loaded 4 times (x 75B)
Class kotlin.reflect.KCallable                                                        : loaded 4 times (x 70B)
Class org.gradle.internal.impldep.com.google.gson.JsonObject                          : loaded 4 times (x 93B)
Class gnu.trove.TObjectHashingStrategy                                                : loaded 4 times (x 70B)
Class org.jetbrains.kotlin.idea.gradleTooling.reflect.KotlinMultiplatformImportReflection: loaded 4 times (x 70B)
Class com.intellij.gradle.toolingExtension.impl.util.collectionUtil.GradleCollections : loaded 4 times (x 71B)
Class com.intellij.gradle.toolingExtension.impl.model.dependencyDownloadPolicyModel.DefaultGradleDependencyDownloadPolicy: loaded 4 times (x 77B)
Class [Lorg.gradle.internal.impldep.com.google.gson.ToNumberPolicy;                   : loaded 4 times (x 69B)
Class org.gradle.internal.impldep.com.google.gson.Gson$1                              : loaded 4 times (x 76B)
Class org.gradle.tooling.ToolingModelContract                                         : loaded 4 times (x 70B)
Class org.jetbrains.kotlin.idea.gradleTooling.reflect.KotlinSourceSetReflectionKt     : loaded 4 times (x 71B)
Class kotlin.sequences.SequenceScope                                                  : loaded 4 times (x 73B)
Class com.android.builder.model.v2.models.BasicAndroidProject                         : loaded 4 times (x 70B)
Class org.gradle.tooling.internal.adapter.ProtocolToModelAdapter$ViewGraphDetails$1   : loaded 4 times (x 77B)
Class kotlin.text.MatchResult                                                         : loaded 4 times (x 70B)
Class com.android.builder.model.v2.ide.ApiVersion                                     : loaded 4 times (x 70B)
Class com.google.common.collect.NaturalOrdering                                       : loaded 4 times (x 115B)
Class org.jetbrains.plugins.gradle.tooling.builder.ProjectExtensionsDataBuilderImpl   : loaded 4 times (x 78B)
Class kotlin.text.CharsKt                                                             : loaded 4 times (x 71B)
Class org.gradle.internal.impldep.com.google.gson.stream.MalformedJsonException       : loaded 4 times (x 82B)
Class org.gradle.internal.impldep.com.google.gson.internal.sql.SqlDateTypeAdapter     : loaded 4 times (x 74B)
Class org.gradle.internal.impldep.com.google.gson.internal.ObjectConstructor          : loaded 4 times (x 70B)
Class org.gradle.tooling.model.kotlin.dsl.KotlinDslScriptModel                        : loaded 4 times (x 70B)
Class org.gradle.tooling.internal.adapter.CollectionMapper                            : loaded 4 times (x 73B)
Class org.gradle.internal.impldep.com.google.gson.internal.bind.DefaultDateTypeAdapter: loaded 4 times (x 74B)
Class org.gradle.internal.impldep.com.google.gson.internal.bind.ReflectiveTypeAdapterFactory$RecordAdapter: loaded 4 times (x 77B)
Class [Lorg.gradle.internal.impldep.com.google.gson.ReflectionAccessFilter$FilterResult;: loaded 4 times (x 69B)
Class com.android.builder.model.v2.ide.AndroidLibraryData                             : loaded 4 times (x 70B)
Class com.intellij.gradle.toolingExtension.impl.initScript.util.GradleJvmForkedDebuggerHelper: loaded 4 times (x 71B)
Class org.gradle.tooling.internal.adapter.ProtocolToModelAdapter$ReflectionMethodInvoker: loaded 4 times (x 76B)
Class com.intellij.compose.ide.plugin.gradleTooling.rt.ComposeResourcesExtension      : loaded 4 times (x 72B)
Class org.gradle.tooling.model.internal.ImmutableDomainObjectSet                      : loaded 4 times (x 155B)
Class org.gradle.internal.impldep.com.google.gson.internal.bind.TreeTypeAdapter       : loaded 4 times (x 75B)
Class org.jetbrains.kotlin.idea.gradleTooling.reflect.ParameterList$Companion         : loaded 4 times (x 71B)
Class org.gradle.internal.impldep.com.google.gson.Gson$2                              : loaded 4 times (x 76B)
Class org.gradle.internal.impldep.com.google.gson.internal.bind.DefaultDateTypeAdapter$DateType$1: loaded 4 times (x 73B)
Class org.gradle.internal.impldep.com.google.gson.internal.bind.TypeAdapters$18       : loaded 4 times (x 75B)
Class org.gradle.internal.impldep.com.google.gson.stream.JsonReader                   : loaded 4 times (x 97B)
Class org.gradle.internal.impldep.com.google.gson.FieldNamingPolicy$1                 : loaded 4 times (x 83B)
Class [Lcom.android.builder.model.v2.ide.LibraryType;                                 : loaded 4 times (x 69B)
Class com.android.builder.model.v2.ide.LibraryType                                    : loaded 4 times (x 79B)
Class com.intellij.gradle.toolingExtension.impl.model.utilTurnOffDefaultTasksModel.TurnOffDefaultTasksModelBuilder: loaded 4 times (x 86B)
Class [Lorg.gradle.internal.impldep.com.google.gson.FieldNamingStrategy;              : loaded 4 times (x 69B)
Class com.google.common.collect.ExplicitOrdering                                      : loaded 4 times (x 115B)
Class org.jetbrains.kotlin.idea.gradleTooling.KotlinMPPGradleModelBuilder             : loaded 4 times (x 86B)
Class [Lorg.jetbrains.plugins.gradle.tooling.Message$Kind;                            : loaded 4 times (x 69B)
Class org.gradle.internal.impldep.com.google.gson.internal.bind.TypeAdapters$11       : loaded 4 times (x 75B)
Class org.gradle.internal.impldep.com.google.gson.internal.bind.TypeAdapters$8        : loaded 4 times (x 75B)
Class org.jetbrains.plugins.gradle.tooling.serialization.internal.adapter.InternalProjectIdentifier: loaded 4 times (x 76B)
Class org.gradle.internal.impldep.com.google.gson.ReflectionAccessFilter$FilterResult : loaded 4 times (x 79B)
Class org.gradle.tooling.model.build.JavaEnvironment                                  : loaded 4 times (x 70B)
Class com.android.builder.model.v2.models.VariantDependenciesFlatList                 : loaded 4 times (x 70B)
Class com.google.common.collect.ReverseOrdering                                       : loaded 4 times (x 115B)
Class com.intellij.util.ExceptionUtilRt$1                                             : loaded 4 times (x 129B)
Class org.jetbrains.kotlin.idea.gradleTooling.reflect.ReflectionReceiver$Static       : loaded 4 times (x 77B)
Class org.gradle.internal.impldep.com.google.gson.Gson$3                              : loaded 4 times (x 75B)
Class org.gradle.internal.impldep.com.google.gson.LongSerializationPolicy$2           : loaded 4 times (x 80B)
Class com.intellij.gradle.toolingExtension.impl.model.dependencyModel.GradleDependencyTraverser$Itr: loaded 4 times (x 83B)
Class com.intellij.gradle.toolingExtension.impl.initScript.util.GradleTasksUtil       : loaded 4 times (x 71B)
Class com.android.utils.StringHelper                                                  : loaded 4 times (x 71B)
Class org.jetbrains.plugins.gradle.model.DefaultUnresolvedExternalDependency          : loaded 4 times (x 111B)
Class [Lorg.jetbrains.kotlin.idea.gradleTooling.reflect.Parameter;                    : loaded 4 times (x 69B)
Class org.gradle.internal.impldep.com.google.gson.internal.bind.ReflectiveTypeAdapterFactory$1: loaded 4 times (x 79B)
Class org.gradle.internal.impldep.com.google.gson.internal.bind.NumberTypeAdapter$1   : loaded 4 times (x 76B)
Class org.gradle.internal.impldep.com.google.gson.JsonIOException                     : loaded 4 times (x 82B)
Class org.gradle.tooling.internal.adapter.ProtocolToModelAdapter                      : loaded 4 times (x 80B)
Class org.gradle.internal.impldep.com.google.gson.internal.Excluder                   : loaded 4 times (x 75B)
Class org.jetbrains.kotlin.idea.gradleTooling.model.assignment.AssignmentModel        : loaded 4 times (x 70B)
Class org.gradle.internal.impldep.com.google.gson.JsonPrimitive                       : loaded 4 times (x 93B)
Class com.android.builder.model.v2.ide.Edge                                           : loaded 4 times (x 70B)
Class org.jetbrains.plugins.gradle.model.DefaultDependencyAccessorsModel              : loaded 4 times (x 76B)
Class org.gradle.internal.impldep.com.google.gson.Gson$4                              : loaded 4 times (x 76B)
Class org.jetbrains.kotlin.idea.gradleTooling.model.allopen.AllOpenModelBuilderService: loaded 4 times (x 85B)
Class org.gradle.tooling.model.UnsupportedMethodException                             : loaded 4 times (x 82B)
Class com.android.ide.common.gradle.Separator                                         : loaded 4 times (x 79B)
Class com.android.builder.model.v2.ide.AndroidGradlePluginProjectFlags$BooleanFlag    : loaded 4 times (x 79B)
Class org.gradle.tooling.internal.adapter.ProtocolToModelAdapter$SupportedPropertyInvoker: loaded 4 times (x 76B)
Class kotlin.sequences.TransformingSequence$iterator$1                                : loaded 4 times (x 79B)
Class com.google.common.collect.ComparatorOrdering                                    : loaded 4 times (x 115B)
Class org.jetbrains.kotlin.tooling.core.Extras                                        : loaded 4 times (x 70B)
Class kotlin.Triple                                                                   : loaded 4 times (x 72B)
Class org.gradle.internal.time.DefaultTimer                                           : loaded 4 times (x 80B)
Class kotlin.sequences.SequencesKt__SequenceBuilderKt$sequence$$inlined$Sequence$1    : loaded 4 times (x 75B)
Class com.android.ide.common.repository.AgpVersion$Companion                          : loaded 4 times (x 71B)
Class org.jetbrains.kotlin.idea.gradleTooling.AbstractKotlinGradleModelBuilder$Companion: loaded 4 times (x 71B)
Class com.intellij.gradle.toolingExtension.impl.model.sourceSetDependencyModel.DefaultGradleSourceSetDependencyModel: loaded 4 times (x 77B)
Class kotlin.sequences.FlatteningSequence$iterator$1                                  : loaded 4 times (x 79B)
Class com.intellij.gradle.toolingExtension.impl.model.dependencyModel.GradleDependencyTraverser: loaded 4 times (x 80B)
Class org.jetbrains.kotlin.idea.gradleTooling.reflect.KotlinAndroidSourceSetInfoReflection: loaded 4 times (x 70B)
Class org.gradle.internal.impldep.com.google.gson.Gson$5                              : loaded 4 times (x 76B)
Class org.gradle.internal.impldep.com.google.gson.internal.bind.TypeAdapters$31       : loaded 4 times (x 76B)
Class com.google.common.collect.Iterators$SingletonIterator                           : loaded 4 times (x 81B)
Class kotlin.reflect.KDeclarationContainer                                            : loaded 4 times (x 70B)
Class org.jetbrains.kotlin.idea.gradleTooling.KotlinMPPGradleModelBuilder$Companion   : loaded 4 times (x 71B)
Class com.intellij.gradle.toolingExtension.impl.model.projectModel.GradleExternalProjectModelBuilder: loaded 4 times (x 86B)
Class kotlin.text.Regex                                                               : loaded 4 times (x 72B)
Class org.gradle.internal.impldep.com.google.common.collect.Iterators                 : loaded 4 times (x 71B)
Class org.gradle.internal.impldep.com.google.gson.ToNumberPolicy                      : loaded 4 times (x 83B)
Class com.google.common.collect.Lists$ReverseList$1                                   : loaded 4 times (x 99B)
Class org.gradle.internal.impldep.com.google.gson.internal.bind.TypeAdapters$22       : loaded 4 times (x 75B)
Class com.android.ide.common.gradle.Numeric                                           : loaded 4 times (x 77B)
Class org.jetbrains.kotlin.idea.gradleTooling.model.allopen.AllOpenModel              : loaded 4 times (x 70B)
Class org.gradle.tooling.internal.adapter.ProtocolToModelAdapter$ViewKey              : loaded 4 times (x 72B)
Class org.gradle.internal.impldep.com.google.gson.internal.bind.TypeAdapters$7        : loaded 4 times (x 75B)
Class org.gradle.internal.impldep.com.google.gson.internal.bind.TypeAdapters$10       : loaded 4 times (x 75B)
Class org.jetbrains.kotlin.idea.gradleTooling.reflect.KotlinMultiplatformImportReflectionImpl$Companion: loaded 4 times (x 71B)
Class org.jetbrains.plugins.gradle.tooling.Message$FilePosition                       : loaded 4 times (x 75B)
Class com.intellij.openapi.externalSystem.model.project.dependencies.ComponentDependencies: loaded 4 times (x 70B)
Class org.jetbrains.plugins.gradle.tooling.ModelBuilderService$Ex                     : loaded 4 times (x 70B)
Class [Lcom.android.ide.common.gradle.Separator;                                      : loaded 4 times (x 69B)
Class org.jetbrains.plugins.gradle.model.DefaultGradleExtensions                      : loaded 4 times (x 88B)
Class org.jetbrains.kotlin.idea.gradleTooling.reflect.ReflectionReceiver$Instance     : loaded 4 times (x 77B)
Class org.jetbrains.kotlin.idea.gradleTooling.reflect.KotlinMultiplatformImportReflectionImpl: loaded 4 times (x 76B)
Class org.jetbrains.kotlin.idea.gradleTooling.ResolveCompilerArgumentsKt              : loaded 4 times (x 71B)
Class org.gradle.internal.impldep.com.google.gson.internal.bind.TypeAdapters$32       : loaded 4 times (x 76B)
Class org.jetbrains.plugins.gradle.tooling.internal.DefaultRepositoryModels           : loaded 4 times (x 76B)
Class org.jetbrains.kotlin.idea.gradleTooling.model.lombok.LombokModel                : loaded 4 times (x 70B)
Class org.jetbrains.kotlin.idea.gradleTooling.reflect.ReflectionLogger                : loaded 4 times (x 70B)
Class org.gradle.internal.impldep.com.google.gson.LongSerializationPolicy$1           : loaded 4 times (x 80B)
Class org.gradle.internal.impldep.com.google.common.collect.Iterators$ArrayItr        : loaded 4 times (x 97B)
Class com.android.builder.model.v2.CustomSourceDirectory                              : loaded 4 times (x 70B)
Class org.jetbrains.kotlin.tooling.core.InternerImpl$Store$Strong                     : loaded 4 times (x 76B)
Class com.google.common.collect.NullsFirstOrdering                                    : loaded 4 times (x 115B)
Class com.android.ide.common.repository.AgpVersion                                    : loaded 4 times (x 75B)
Class org.jetbrains.kotlin.idea.gradleTooling.reflect.KotlinCompilerArgumentsResolverReflection: loaded 4 times (x 70B)
Class kotlin.ResultKt                                                                 : loaded 4 times (x 71B)
Class org.gradle.tooling.model.Element                                                : loaded 4 times (x 70B)
Class org.gradle.tooling.internal.adapter.ProtocolToModelAdapter$PropertyCachingMethodInvoker: loaded 4 times (x 76B)
Class org.gradle.tooling.internal.adapter.ProtocolToModelAdapter$NoOpDecoration       : loaded 4 times (x 79B)
Class org.gradle.tooling.internal.adapter.TypeInspector                               : loaded 4 times (x 73B)
Class kotlin.coroutines.jvm.internal.RestrictedSuspendLambda                          : loaded 4 times (x 91B)
Class org.jetbrains.plugins.gradle.tooling.serialization.ExternalTestsSerializationService$1: loaded 4 times (x 76B)
Class com.google.common.collect.CompoundOrdering                                      : loaded 4 times (x 115B)
Class com.android.builder.model.v2.ide.VectorDrawablesOptions                         : loaded 4 times (x 70B)
Class com.android.builder.model.v2.dsl.ProductFlavor                                  : loaded 4 times (x 70B)
Class org.gradle.internal.impldep.com.google.gson.internal.bind.TypeAdapters$EnumTypeAdapter: loaded 4 times (x 74B)
Class org.gradle.internal.impldep.com.google.gson.internal.bind.TypeAdapters$33       : loaded 4 times (x 76B)
Class kotlin.annotation.Retention                                                     : loaded 4 times (x 70B)
Class kotlin.coroutines.Continuation                                                  : loaded 4 times (x 70B)
Class org.jetbrains.kotlin.idea.gradleTooling.reflect.KotlinSourceSetReflectionImpl   : loaded 4 times (x 82B)
Class org.gradle.internal.impldep.com.google.gson.internal.bind.TypeAdapters$23       : loaded 4 times (x 75B)
Class com.intellij.gradle.toolingExtension.impl.model.sourceSetModel.DefaultGradleSourceSetModel: loaded 4 times (x 80B)
Class org.gradle.tooling.model.idea.IdeaDependency                                    : loaded 4 times (x 70B)
Class org.gradle.tooling.internal.gradle.DefaultProjectIdentifier                     : loaded 4 times (x 86B)
Class com.android.ide.common.gradle.Version                                           : loaded 4 times (x 75B)
Class org.jetbrains.kotlin.idea.gradleTooling.MultiplatformModelImportingChecker      : loaded 4 times (x 70B)
Class kotlin.io.FilePathComponents                                                    : loaded 4 times (x 72B)
Class org.gradle.tooling.internal.adapter.ProtocolToModelAdapter$MethodInvocationCache$MethodInvocationKey: loaded 4 times (x 73B)
Class com.android.builder.model.v2.models.ProjectSyncIssues                           : loaded 4 times (x 70B)
Class kotlin.Result$Failure                                                           : loaded 4 times (x 72B)
Class com.android.builder.model.v2.ide.LintOptions                                    : loaded 4 times (x 70B)
Class [Lcom.android.builder.model.v2.ide.TestInfo$Execution;                          : loaded 4 times (x 69B)
Class org.gradle.internal.impldep.com.google.common.collect.ImmutableCollection       : loaded 4 times (x 125B)
Class org.gradle.internal.time.DefaultCountdownTimer                                  : loaded 4 times (x 88B)
Class com.android.builder.model.v2.models.AndroidDsl                                  : loaded 4 times (x 70B)
Class [Lcom.intellij.openapi.externalSystem.model.project.IExternalSystemSourceType;  : loaded 4 times (x 69B)
Class org.jetbrains.plugins.gradle.tooling.serialization.RepositoriesModelSerializationService$1: loaded 4 times (x 76B)
Class org.gradle.internal.impldep.com.google.gson.JsonParseException                  : loaded 4 times (x 82B)
Class kotlin.coroutines.jvm.internal.CoroutineStackFrame                              : loaded 4 times (x 70B)
Class kotlin.coroutines.intrinsics.IntrinsicsKt__IntrinsicsJvmKt                      : loaded 4 times (x 71B)
Class gnu.trove.Equality                                                              : loaded 4 times (x 70B)
Class com.intellij.gradle.toolingExtension.impl.model.dependencyGraphModel.GradleDependencyReportGenerator: loaded 4 times (x 73B)
Class org.gradle.internal.impldep.com.google.gson.internal.bind.TypeAdapters$34       : loaded 4 times (x 76B)
Class com.intellij.gradle.toolingExtension.impl.model.dependencyModel.GradleDependencyResolver$1: loaded 4 times (x 77B)
Class org.gradle.internal.impldep.com.google.common.collect.Iterators$1               : loaded 4 times (x 81B)
Class com.intellij.gradle.toolingExtension.impl.model.sourceSetArtifactIndex.GradleSourceSetArtifactModel: loaded 4 times (x 76B)
Class com.intellij.openapi.externalSystem.model.project.dependencies.DependencyNode   : loaded 4 times (x 70B)
Class kotlin.ranges.IntProgressionIterator                                            : loaded 4 times (x 82B)
Class com.android.builder.model.v2.dsl.BuildType                                      : loaded 4 times (x 70B)
Class org.jetbrains.plugins.gradle.tooling.builder.ProjectRepositoriesModelBuilder    : loaded 4 times (x 78B)
Class org.gradle.internal.impldep.com.google.gson.internal.bind.TypeAdapters$6        : loaded 4 times (x 75B)
Class org.jetbrains.kotlin.idea.gradleTooling.KotlinGradlePluginVersionImpl           : loaded 4 times (x 78B)
Class org.gradle.tooling.internal.adapter.ProtocolToModelAdapter$DefaultViewBuilder   : loaded 4 times (x 80B)
Class org.gradle.tooling.internal.adapter.ProtocolToModelAdapter$AdaptingMethodInvoker: loaded 4 times (x 76B)
Class org.gradle.tooling.internal.gradle.DefaultBuildIdentifier                       : loaded 4 times (x 79B)
Class org.gradle.internal.impldep.com.google.gson.internal.bind.MapTypeAdapterFactory$Adapter: loaded 4 times (x 74B)
Class org.jetbrains.kotlin.idea.gradleTooling.reflect.GradleReflectionLogger          : loaded 4 times (x 75B)
Class org.jetbrains.kotlin.tooling.core.KotlinToolingVersion$Maturity                 : loaded 4 times (x 79B)
Class org.gradle.tooling.model.BuildIdentifier                                        : loaded 4 times (x 70B)
Class org.jetbrains.kotlin.idea.gradleTooling.KotlinGradleModelImpl                   : loaded 4 times (x 84B)
Class org.gradle.internal.impldep.com.google.gson.internal.bind.TypeAdapters$19       : loaded 4 times (x 75B)
Class kotlin.Result                                                                   : loaded 4 times (x 72B)
Class org.gradle.internal.impldep.com.google.gson.FieldNamingPolicy$2                 : loaded 4 times (x 83B)
Class com.intellij.gradle.toolingExtension.impl.util.GradleObjectUtil                 : loaded 4 times (x 71B)
Class com.intellij.openapi.externalSystem.model.project.dependencies.ArtifactDependencyNodeImpl: loaded 4 times (x 95B)
Class com.google.common.collect.NullsLastOrdering                                     : loaded 4 times (x 115B)
Class org.jetbrains.plugins.gradle.tooling.util.BooleanBiFunction                     : loaded 4 times (x 70B)
Class org.gradle.internal.impldep.com.google.gson.internal.bind.TypeAdapters$13       : loaded 4 times (x 75B)
Class com.android.builder.model.v2.ide.TestInfo$Execution                             : loaded 4 times (x 79B)
Class kotlin.internal.ProgressionUtilKt                                               : loaded 4 times (x 71B)
Class com.intellij.compose.ide.plugin.gradleTooling.rt.ComposeResourcesExtension$Companion: loaded 4 times (x 71B)
Class org.jetbrains.kotlin.tooling.core.HasMutableExtras                              : loaded 4 times (x 70B)
Class org.gradle.internal.time.Clock                                                  : loaded 4 times (x 70B)
Class kotlin.collections.EmptyIterator                                                : loaded 4 times (x 89B)
Class com.intellij.gradle.toolingExtension.impl.model.sourceSetArtifactIndex.GradleSourceSetArtifactIndex: loaded 4 times (x 78B)
Class org.jetbrains.kotlin.idea.gradleTooling.KotlinMPPGradleModelBinary              : loaded 4 times (x 70B)
Class org.jetbrains.kotlin.idea.gradleTooling.PrepareKotlinIdeaImportTaskModelBuilder : loaded 4 times (x 86B)
Class org.gradle.internal.impldep.com.google.common.collect.Lists$StringAsImmutableList: loaded 4 times (x 207B)
Class kotlin.sequences.SequencesKt___SequencesKt$flatMap$2                            : loaded 4 times (x 125B)
Class [Lcom.android.ide.common.repository.AgpVersion$PreviewKind;                     : loaded 4 times (x 69B)
Class org.jetbrains.plugins.gradle.tooling.builder.IntelliJSettingsBuilder            : loaded 4 times (x 78B)
Class org.gradle.internal.impldep.com.google.common.collect.PeekingIterator           : loaded 4 times (x 70B)
Class com.intellij.gradle.toolingExtension.impl.model.buildScriptClasspathModel.GradleBuildScriptClasspathModelBuilder: loaded 4 times (x 86B)
Class com.google.common.collect.Ordering                                              : loaded 4 times (x 114B)
Class org.jetbrains.kotlin.idea.gradleTooling.PrepareKotlinIdeaImportTaskModelBuilder$KotlinNativePlatformDependenciesKt: loaded 4 times (x 71B)
Class [Lorg.gradle.internal.impldep.com.google.gson.LongSerializationPolicy;          : loaded 4 times (x 69B)
Class com.android.ide.common.gradle.Version$Companion                                 : loaded 4 times (x 71B)
Class [Lcom.android.builder.model.v2.ide.BytecodeTransformation;                      : loaded 4 times (x 69B)
Class org.gradle.internal.impldep.com.google.gson.internal.bind.TypeAdapters$5        : loaded 4 times (x 75B)
Class org.jetbrains.kotlin.idea.gradleTooling.reflect.Parameter                       : loaded 4 times (x 72B)
Class org.gradle.internal.impldep.com.google.common.collect.AbstractIterator          : loaded 4 times (x 82B)
Class com.intellij.gradle.toolingExtension.impl.model.sourceSetModel.GradleSourceSetResolutionContext: loaded 4 times (x 73B)
Class org.jetbrains.kotlin.tooling.core.Interner                                      : loaded 4 times (x 70B)
Class com.intellij.openapi.externalSystem.model.project.dependencies.UnknownDependencyNode: loaded 4 times (x 87B)
Class com.intellij.gradle.toolingExtension.impl.modelBuilder.ExtraModelBuilder        : loaded 4 times (x 85B)
Class org.jetbrains.plugins.gradle.tooling.builder.WarModelBuilderImpl                : loaded 4 times (x 86B)
Class kotlin.coroutines.CoroutineContext                                              : loaded 4 times (x 70B)
Class kotlin.coroutines.jvm.internal.DebugProbesKt                                    : loaded 4 times (x 71B)
Class com.android.builder.model.v2.ide.AaptOptions                                    : loaded 4 times (x 70B)
Class org.jetbrains.kotlin.idea.gradleTooling.model.lombok.LombokModelBuilderService  : loaded 4 times (x 87B)
Class kotlin.collections.AbstractMutableList                                          : loaded 4 times (x 206B)
Class org.gradle.tooling.internal.adapter.WeakIdentityHashMap                         : loaded 4 times (x 76B)
Class org.gradle.tooling.GradleConnectionException                                    : loaded 4 times (x 83B)
Class org.gradle.internal.impldep.com.google.gson.internal.bind.ArrayTypeAdapter      : loaded 4 times (x 74B)
Class com.intellij.openapi.externalSystem.model.project.dependencies.ArtifactDependencyNode: loaded 4 times (x 70B)
Class org.gradle.internal.impldep.com.google.gson.internal.bind.JsonAdapterAnnotationTypeAdapterFactory: loaded 4 times (x 75B)
Class org.gradle.internal.impldep.com.google.gson.internal.bind.ObjectTypeAdapter$1   : loaded 4 times (x 76B)
Class org.gradle.internal.impldep.com.google.gson.internal.sql.SqlTimeTypeAdapter     : loaded 4 times (x 74B)
Class org.gradle.internal.impldep.com.google.common.collect.Iterators$MergingIterator : loaded 4 times (x 81B)
Class kotlin.text.MatcherMatchResult$groupValues$1                                    : loaded 4 times (x 198B)
Class com.google.common.collect.ReverseNaturalOrdering                                : loaded 4 times (x 114B)
Class org.jetbrains.kotlin.idea.gradleTooling.PrepareKotlinIdeaImportTaskModelBuilder$Messages: loaded 4 times (x 71B)
Class org.jetbrains.plugins.gradle.tooling.builder.ExternalTestsModelBuilderImpl      : loaded 4 times (x 78B)
Class org.gradle.internal.impldep.com.google.gson.internal.bind.DefaultDateTypeAdapter$DateType: loaded 4 times (x 73B)
Class org.gradle.internal.impldep.com.google.gson.internal.bind.TypeAdapters$4        : loaded 4 times (x 75B)
Class org.gradle.tooling.internal.gradle.GradleProjectIdentity                        : loaded 4 times (x 70B)
Class org.gradle.internal.impldep.com.google.gson.internal.bind.ReflectiveTypeAdapterFactory$Adapter: loaded 4 times (x 77B)
Class org.gradle.internal.impldep.com.google.common.base.Objects                      : loaded 4 times (x 71B)
Class kotlin.text.CharsKt__CharJVMKt                                                  : loaded 4 times (x 71B)
Class kotlin.jvm.internal.CallableReference$NoReceiver                                : loaded 4 times (x 71B)
Class org.gradle.tooling.internal.adapter.ProtocolToModelAdapter$ViewGraphDetails     : loaded 4 times (x 72B)
Class org.jetbrains.plugins.gradle.model.web.WebConfiguration                         : loaded 4 times (x 70B)
Class org.jetbrains.plugins.gradle.tooling.DefaultMessageBuilder                      : loaded 4 times (x 84B)
Class com.android.builder.model.v2.ide.BundleInfo                                     : loaded 4 times (x 70B)
Class org.gradle.internal.impldep.com.google.gson.internal.bind.DateTypeAdapter$1     : loaded 4 times (x 75B)
Class org.jetbrains.kotlin.idea.gradleTooling.OrphanSourceSetImportingChecker         : loaded 4 times (x 74B)
Class [Lorg.gradle.internal.impldep.com.google.gson.FieldNamingPolicy;                : loaded 4 times (x 69B)
Class org.gradle.internal.impldep.com.google.gson.internal.reflect.ReflectionHelper$RecordHelper: loaded 4 times (x 75B)
Class org.gradle.tooling.internal.adapter.ProtocolToModelAdapter$1                    : loaded 4 times (x 75B)
Class com.intellij.gradle.toolingExtension.impl.model.dependencyDownloadPolicyModel.GradleDependencyDownloadPolicyBuilder: loaded 4 times (x 86B)
Class org.gradle.tooling.internal.adapter.ProtocolToModelAdapter$ViewDecoration       : loaded 4 times (x 70B)
Class org.jetbrains.plugins.gradle.model.DefaultFileCollectionDependency              : loaded 4 times (x 110B)
Class org.jetbrains.kotlin.tooling.core.InternerImpl                                  : loaded 4 times (x 76B)
Class kotlin.ranges.ClosedRange                                                       : loaded 4 times (x 70B)
Class com.android.builder.model.v2.ide.JavaArtifact                                   : loaded 4 times (x 70B)
Class org.gradle.internal.impldep.com.google.gson.internal.ConstructorConstructor     : loaded 4 times (x 72B)
Class org.gradle.internal.impldep.com.google.gson.internal.bind.TypeAdapters$3        : loaded 4 times (x 75B)
Class com.android.builder.model.v2.ide.SourceProvider                                 : loaded 4 times (x 70B)
Class kotlin.coroutines.jvm.internal.BaseContinuationImpl                             : loaded 4 times (x 87B)
Class com.intellij.gradle.toolingExtension.impl.model.sourceSetModel.GradleSourceSetModelBuilder: loaded 4 times (x 86B)
Class org.gradle.internal.impldep.com.google.gson.internal.bind.TypeAdapters$24       : loaded 4 times (x 75B)
Class com.intellij.util.ExceptionUtilRt$RethrownStack                                 : loaded 4 times (x 82B)
Class org.jetbrains.kotlin.idea.gradleTooling.model.kapt.KaptGradleModelImpl          : loaded 4 times (x 77B)
Class org.gradle.internal.impldep.com.google.gson.LongSerializationPolicy             : loaded 4 times (x 80B)
Class org.gradle.internal.time.TimeSource$1                                           : loaded 4 times (x 77B)
Class org.jetbrains.kotlin.idea.gradleTooling.model.samWithReceiver.SamWithReceiverModelBuilderService: loaded 4 times (x 85B)
Class com.android.builder.model.v2.models.ProjectGraph                                : loaded 4 times (x 70B)
Class com.android.ide.common.repository.AgpVersion$PreviewKind                        : loaded 4 times (x 79B)
Class org.gradle.internal.impldep.com.google.common.collect.Iterators$5               : loaded 4 times (x 82B)
Class org.jetbrains.kotlin.idea.gradleTooling.ModelBuilderUtilsKt                     : loaded 4 times (x 71B)
Class com.android.builder.model.v2.dsl.BaseConfig                                     : loaded 4 times (x 70B)
Class org.gradle.internal.impldep.com.google.common.collect.ImmutableList             : loaded 4 times (x 206B)
Class com.intellij.gradle.toolingExtension.impl.model.dependencyModel.auxiliary.AuxiliaryArtifactResolver: loaded 4 times (x 70B)
Class org.gradle.internal.impldep.com.google.gson.FieldNamingPolicy$6                 : loaded 4 times (x 83B)
Class org.gradle.internal.impldep.com.google.gson.ToNumberPolicy$4                    : loaded 4 times (x 83B)
Class org.jetbrains.plugins.gradle.tooling.serialization.internal.adapter.InternalBuildIdentifier: loaded 4 times (x 75B)
Class org.jetbrains.plugins.gradle.model.DefaultExternalTask                          : loaded 4 times (x 83B)
Class org.jetbrains.plugins.gradle.tooling.builder.EarModelBuilderImplKt              : loaded 4 times (x 71B)
Class org.jetbrains.kotlin.idea.gradleTooling.KotlinMPPGradleModelBinaryBuilder       : loaded 4 times (x 86B)
Class org.jetbrains.plugins.gradle.tooling.builder.MavenRepositoriesModelBuilder      : loaded 4 times (x 81B)
Class org.jetbrains.plugins.gradle.tooling.AbstractModelBuilderService                : loaded 4 times (x 86B)
Class org.gradle.internal.impldep.com.google.gson.internal.bind.CollectionTypeAdapterFactory: loaded 4 times (x 75B)
Class kotlin.collections.IntIterator                                                  : loaded 4 times (x 82B)
Class org.gradle.tooling.model.idea.IdeaProject                                       : loaded 4 times (x 70B)
Class [Lcom.intellij.openapi.externalSystem.model.project.ExternalSystemSourceType;   : loaded 4 times (x 69B)
Class org.jetbrains.kotlin.idea.gradleTooling.model.noarg.NoArgModel                  : loaded 4 times (x 70B)
Class org.gradle.internal.impldep.com.google.gson.ToNumberStrategy                    : loaded 4 times (x 70B)
Class com.android.ide.common.gradle.Version$Companion$ParseState$NUMERIC              : loaded 4 times (x 74B)
Class org.gradle.tooling.model.DomainObjectSet                                        : loaded 4 times (x 70B)
Class kotlin.Result$Companion                                                         : loaded 4 times (x 71B)
Class JetGradlePlugin                                                                 : loaded 4 times (x 96B)
Class org.jetbrains.kotlin.idea.gradleTooling.model.parcelize.ParcelizeModelBuilderService: loaded 4 times (x 81B)
Class org.gradle.internal.impldep.com.google.gson.internal.sql.SqlTypesSupport        : loaded 4 times (x 71B)
Class com.intellij.gradle.toolingExtension.impl.util.javaPluginUtil.ExtensionJavaPluginAccessor: loaded 4 times (x 82B)
Class org.jetbrains.kotlin.idea.gradleTooling.PrepareKotlinIdeaImportTaskModelBuilder$Companion: loaded 4 times (x 71B)
Class org.jetbrains.plugins.gradle.tooling.ModelBuilderService                        : loaded 4 times (x 70B)
Class org.gradle.internal.impldep.com.google.gson.internal.sql.SqlDateTypeAdapter$1   : loaded 4 times (x 75B)
Class org.gradle.internal.impldep.com.google.gson.internal.bind.TypeAdapters$2        : loaded 4 times (x 75B)
Class org.jetbrains.kotlin.idea.gradleTooling.KotlinGradlePluginVersion$Companion     : loaded 4 times (x 71B)
Class org.gradle.internal.impldep.com.google.gson.internal.bind.TypeAdapters$20       : loaded 4 times (x 75B)
Class com.android.builder.model.v2.dsl.SigningConfig                                  : loaded 4 times (x 70B)
Class org.gradle.internal.impldep.com.google.gson.FieldNamingPolicy                   : loaded 4 times (x 83B)
Class com.android.builder.model.v2.models.AndroidProject                              : loaded 4 times (x 70B)
Class com.android.builder.model.v2.AndroidModel                                       : loaded 4 times (x 70B)
Class com.android.builder.model.v2.models.VariantDependencies                         : loaded 4 times (x 70B)
Class org.gradle.internal.impldep.com.google.gson.JsonElement                         : loaded 4 times (x 92B)
Class org.jetbrains.kotlin.tooling.core.HasExtras                                     : loaded 4 times (x 70B)
Class com.android.builder.model.v2.ide.ProjectType                                    : loaded 4 times (x 79B)
Class org.gradle.util.internal.DefaultGradleVersion                                   : loaded 4 times (x 80B)
Class com.android.builder.model.v2.models.Versions$Version                            : loaded 4 times (x 70B)
Class org.gradle.internal.impldep.com.google.gson.ToNumberPolicy$1                    : loaded 4 times (x 83B)
Class com.google.common.collect.ForwardingCollection                                  : loaded 4 times (x 130B)
Class com.google.common.collect.LexicographicalOrdering                               : loaded 4 times (x 115B)
Class org.gradle.internal.impldep.com.google.gson.FieldNamingPolicy$3                 : loaded 4 times (x 83B)
Class org.jetbrains.kotlin.idea.gradleTooling.reflect.TypeToken$Companion             : loaded 4 times (x 71B)
Class org.jetbrains.plugins.gradle.model.tests.DefaultExternalTestsModel              : loaded 4 times (x 77B)
Class com.android.builder.model.v2.ide.ComponentInfo                                  : loaded 4 times (x 70B)
Class kotlin.jvm.internal.FunctionBase                                                : loaded 4 times (x 70B)
Class org.gradle.internal.operations.MultipleBuildOperationFailures                   : loaded 4 times (x 95B)
Class org.jetbrains.kotlin.idea.gradleTooling.reflect.KotlinSourceSetReflection       : loaded 4 times (x 70B)
Class com.intellij.gradle.toolingExtension.impl.javaModel.manifestModel.DefaultJavaGradleManifestModel: loaded 4 times (x 76B)
Class com.intellij.openapi.externalSystem.model.project.ExternalSystemSourceType      : loaded 4 times (x 85B)
Class org.jetbrains.plugins.gradle.tooling.builder.WarModelBuilderImplKt              : loaded 4 times (x 71B)
Class org.jetbrains.kotlin.idea.gradleTooling.model.kapt.KaptModelBuilderService      : loaded 4 times (x 86B)
Class com.intellij.gradle.toolingExtension.impl.model.sourceSetArtifactIndex.GradleSourceSetArtifactIndexBuilder: loaded 4 times (x 86B)
Class com.intellij.gradle.toolingExtension.impl.model.sourceSetDependencyModel.GradleSourceSetDependencyModelBuilder: loaded 4 times (x 86B)
Class org.gradle.tooling.internal.adapter.MethodInvocation                            : loaded 4 times (x 85B)
Class [Lkotlin.coroutines.intrinsics.CoroutineSingletons;                             : loaded 4 times (x 69B)
Class kotlin.reflect.KFunction                                                        : loaded 4 times (x 70B)
Class kotlin.collections.ArrayDeque                                                   : loaded 4 times (x 207B)
Class org.jetbrains.plugins.gradle.model.DefaultExternalProject                       : loaded 4 times (x 95B)
Class com.intellij.gradle.toolingExtension.impl.model.sourceSetDependencyModel.GradleSourceSetDependencyResolver: loaded 4 times (x 72B)
Class org.gradle.internal.impldep.com.google.gson.internal.bind.TypeAdapters$1        : loaded 4 times (x 75B)
Class org.gradle.internal.time.Time                                                   : loaded 4 times (x 71B)
Class org.jetbrains.kotlin.idea.gradleTooling.reflect.KotlinSourceSetReflectionImpl$Companion: loaded 4 times (x 71B)
Class kotlin.coroutines.EmptyCoroutineContext                                         : loaded 4 times (x 77B)
Class org.gradle.internal.impldep.com.google.gson.internal.bind.CollectionTypeAdapterFactory$Adapter: loaded 4 times (x 74B)
Class com.intellij.gradle.toolingExtension.impl.model.buildScriptClasspathModel.DefaultGradleBuildScriptClasspathModel: loaded 4 times (x 83B)
Class org.gradle.internal.impldep.com.google.gson.internal.bind.TypeAdapters$34$1     : loaded 4 times (x 74B)
Class org.gradle.internal.impldep.com.google.gson.GsonBuilder                         : loaded 4 times (x 72B)
Class kotlin.sequences.TransformingSequence                                           : loaded 4 times (x 75B)
Class org.gradle.internal.impldep.com.google.gson.internal.bind.TypeAdapters$14       : loaded 4 times (x 75B)
Class com.android.utils.FileUtils                                                     : loaded 4 times (x 71B)
Class com.android.builder.model.v2.ide.AaptOptions$Namespacing                        : loaded 4 times (x 79B)
Class org.jetbrains.plugins.gradle.tooling.internal.VersionCatalogsModelImpl          : loaded 4 times (x 76B)
Class org.gradle.internal.impldep.com.google.gson.JsonNull                            : loaded 4 times (x 92B)
Class com.android.builder.model.v2.models.ndk.NativeModelBuilderParameter             : loaded 4 times (x 70B)
Class com.intellij.gradle.toolingExtension.impl.model.taskModel.DefaultGradleTaskModel: loaded 4 times (x 75B)
Class kotlin.jvm.internal.FunctionReference                                           : loaded 4 times (x 122B)
Class org.gradle.tooling.model.ProjectIdentifier                                      : loaded 4 times (x 70B)
Class org.gradle.tooling.model.idea.IdeaCompilerOutput                                : loaded 4 times (x 70B)
Class kotlin.text.MatchResult$DefaultImpls                                            : loaded 4 times (x 71B)
Class kotlin.KotlinNothingValueException                                              : loaded 4 times (x 82B)
Class com.google.common.collect.ByFunctionOrdering                                    : loaded 4 times (x 115B)
Class org.jetbrains.kotlin.idea.gradleTooling.UtilsKt                                 : loaded 4 times (x 71B)
Class org.jetbrains.kotlin.idea.gradleTooling.KotlinDslScriptTaskModelBuilder         : loaded 4 times (x 86B)
Class org.jetbrains.kotlin.idea.gradleTooling.reflect.ReflectionKt                    : loaded 4 times (x 71B)
Class org.gradle.internal.impldep.com.google.common.collect.Lists                     : loaded 4 times (x 71B)
Class com.intellij.gradle.toolingExtension.impl.initScript.util.GradleJvmForkedDebuggerHelper$getTasksToDebug: loaded 4 times (x 146B)
Class com.intellij.gradle.toolingExtension.impl.util.collectionUtil.GradleCollectionUtil: loaded 4 times (x 71B)
Class com.android.builder.model.v2.dsl.DependenciesInfo                               : loaded 4 times (x 70B)
Class org.jetbrains.plugins.gradle.DefaultExternalDependencyId                        : loaded 4 times (x 80B)
Class org.jetbrains.kotlin.idea.gradleTooling.reflect.KotlinLanguageSettingsReflection: loaded 4 times (x 70B)
Class org.jetbrains.plugins.gradle.model.ear.EarConfiguration                         : loaded 4 times (x 70B)
Class org.gradle.internal.impldep.com.google.gson.internal.bind.ReflectiveTypeAdapterFactory$FieldReflectionAdapter: loaded 4 times (x 77B)
Class org.jetbrains.kotlin.idea.gradleTooling.reflect.KotlinCompilerArgumentsResolverReflectionKt: loaded 4 times (x 71B)
Class org.jetbrains.kotlin.idea.gradleTooling.model.noarg.NoArgModelBuilderService    : loaded 4 times (x 85B)
Class org.gradle.internal.impldep.com.google.common.collect.UnmodifiableListIterator  : loaded 4 times (x 95B)
Class org.jetbrains.kotlin.idea.gradleTooling.AndroidAwareGradleModelProvider$Result  : loaded 4 times (x 72B)
Class org.gradle.internal.impldep.com.google.gson.reflect.TypeToken                   : loaded 4 times (x 75B)
Class JetGradlePlugin$findJetModelBuilder$0                                           : loaded 4 times (x 146B)
Class com.android.builder.model.v2.ide.Variant                                        : loaded 4 times (x 70B)
Class org.gradle.internal.impldep.com.google.common.collect.Iterators$9               : loaded 4 times (x 81B)
Class kotlin.ranges.IntRange$Companion                                                : loaded 4 times (x 71B)
Class com.android.builder.model.v2.ide.TestedTargetVariant                            : loaded 4 times (x 70B)
Class kotlin.text.MatcherMatchResult$groups$1                                         : loaded 4 times (x 151B)
Class kotlin.collections.EmptyMap                                                     : loaded 4 times (x 108B)
Class org.gradle.tooling.model.Model                                                  : loaded 4 times (x 70B)
Class kotlin.reflect.KAnnotatedElement                                                : loaded 4 times (x 70B)
Class kotlin.jvm.internal.markers.KMutableCollection                                  : loaded 4 times (x 70B)
Class org.gradle.internal.exceptions.ResolutionProvider                               : loaded 4 times (x 70B)
Class kotlin.jvm.internal.StringCompanionObject                                       : loaded 4 times (x 71B)
Class org.gradle.internal.impldep.com.google.gson.internal.ReflectionAccessFilterHelper: loaded 4 times (x 71B)
Class org.gradle.tooling.internal.adapter.MethodInvoker                               : loaded 4 times (x 70B)
Class org.gradle.tooling.internal.adapter.ProtocolToModelAdapter$MixInMappingAction   : loaded 4 times (x 80B)
Class org.jetbrains.kotlin.idea.gradleTooling.KotlinTaskPropertiesImpl                : loaded 4 times (x 78B)
Class com.android.builder.model.v2.ide.JavaCompileOptions                             : loaded 4 times (x 70B)
Class org.jetbrains.plugins.gradle.tooling.serialization.GradleExtensionsSerializationService$3: loaded 4 times (x 76B)
Class kotlin.text.MatchResult$Destructured                                            : loaded 4 times (x 72B)
Class com.intellij.gradle.toolingExtension.impl.javaModel.manifestModel.JavaGradleManifestModelBuilder: loaded 4 times (x 86B)
Class org.jetbrains.plugins.gradle.tooling.util.GradleContainerUtil                   : loaded 4 times (x 71B)
Class kotlin.Metadata                                                                 : loaded 4 times (x 70B)
Class kotlin.jvm.internal.markers.KMutableIterable                                    : loaded 4 times (x 70B)
Class org.jetbrains.kotlin.idea.gradleTooling.KotlinDslScriptTaskModelBuilder$Companion: loaded 4 times (x 71B)
Class org.jetbrains.plugins.gradle.model.DefaultGradleExtension                       : loaded 4 times (x 80B)
Class org.jetbrains.kotlin.idea.gradleTooling.reflect.KotlinCompilerArgumentsResolverReflectionImpl: loaded 4 times (x 75B)
Class org.gradle.tooling.internal.adapter.TargetTypeProvider                          : loaded 4 times (x 70B)
Class kotlin.jvm.internal.Ref$BooleanRef                                              : loaded 4 times (x 71B)
Class org.jetbrains.plugins.gradle.model.AbstractExternalDependency                   : loaded 4 times (x 106B)
Class org.gradle.internal.impldep.com.google.gson.internal.bind.TypeAdapters$EnumTypeAdapter$1: loaded 4 times (x 77B)
Class org.gradle.internal.impldep.com.google.gson.internal.$Gson$Types                : loaded 4 times (x 71B)
Class org.jetbrains.kotlin.idea.gradleTooling.model.annotation.AnnotationBasedPluginModel: loaded 4 times (x 70B)
Class org.gradle.internal.impldep.com.google.common.collect.Multimap                  : loaded 4 times (x 70B)
Class com.intellij.gradle.toolingExtension.impl.model.dependencyDownloadPolicyModel.GradleDependencyDownloadPolicyCache: loaded 4 times (x 75B)
Class com.android.builder.model.v2.ide.AndroidArtifact                                : loaded 4 times (x 70B)
Class org.jetbrains.plugins.gradle.tooling.MessageReporter                            : loaded 4 times (x 70B)
Class com.intellij.compose.ide.plugin.gradleTooling.rt.ComposeResourcesModelBuilder   : loaded 4 times (x 78B)
Class org.jetbrains.kotlin.idea.gradleTooling.model.assignment.AssignmentModelBuilderService: loaded 4 times (x 85B)
Class com.android.builder.model.v2.ide.Library                                        : loaded 4 times (x 70B)
Class com.android.builder.model.v2.ide.ArtifactDependenciesAdjacencyList              : loaded 4 times (x 70B)
Class org.jetbrains.plugins.gradle.tooling.util.BiFunction                            : loaded 4 times (x 70B)
Class kotlin.ranges.IntProgression$Companion                                          : loaded 4 times (x 71B)
Class org.jetbrains.kotlin.idea.gradleTooling.reflect.TypeToken                       : loaded 4 times (x 72B)
Class com.android.builder.model.v2.models.Versions                                    : loaded 4 times (x 70B)
Class kotlin.coroutines.intrinsics.IntrinsicsKt                                       : loaded 4 times (x 71B)
Class org.gradle.internal.exceptions.MultiCauseException                              : loaded 4 times (x 70B)
Class org.gradle.internal.time.CountdownTimer                                         : loaded 4 times (x 70B)
Class org.gradle.tooling.internal.adapter.ProtocolToModelAdapter$MethodInvocationCache: loaded 4 times (x 73B)
Class com.intellij.openapi.externalSystem.model.project.dependencies.ProjectDependencyNodeImpl: loaded 4 times (x 93B)
Class org.gradle.internal.impldep.com.google.gson.internal.sql.SqlTypesSupport$1      : loaded 4 times (x 74B)
Class org.jetbrains.kotlin.idea.gradleTooling.model.parcelize.ParcelizeGradleModel    : loaded 4 times (x 70B)
Class org.gradle.internal.impldep.com.google.gson.internal.bind.ReflectiveTypeAdapterFactory: loaded 4 times (x 75B)
Class org.jetbrains.plugins.gradle.model.DefaultGradleConfiguration                   : loaded 4 times (x 79B)
Class com.intellij.gradle.toolingExtension.impl.model.dependencyModel.auxiliary.AuxiliaryConfigurationArtifacts: loaded 4 times (x 74B)
Class org.gradle.tooling.model.HierarchicalElement                                    : loaded 4 times (x 70B)
Class com.intellij.gradle.toolingExtension.impl.model.sourceSetModel.GradleSourceSetModelBuilder$1: loaded 4 times (x 83B)
Class org.gradle.internal.impldep.com.google.gson.internal.bind.ReflectiveTypeAdapterFactory$BoundField: loaded 4 times (x 75B)
Class org.gradle.tooling.internal.adapter.ViewBuilder                                 : loaded 4 times (x 70B)
Class org.gradle.tooling.model.idea.IdeaModuleDependency                              : loaded 4 times (x 70B)
Class org.jetbrains.plugins.gradle.tooling.builder.VersionCatalogsModelBuilder        : loaded 4 times (x 86B)
Class com.intellij.openapi.externalSystem.model.project.dependencies.AbstractDependencyNode: loaded 4 times (x 87B)
Class com.intellij.gradle.toolingExtension.impl.model.utilDummyModel.DummyModelBuilder: loaded 4 times (x 86B)
Class org.jetbrains.plugins.gradle.tooling.builder.ScalaModelBuilderImpl              : loaded 4 times (x 81B)
Class org.gradle.tooling.internal.gradle.GradleBuildIdentity                          : loaded 4 times (x 70B)
Class org.jetbrains.plugins.gradle.tooling.ModelBuilderContext                        : loaded 4 times (x 70B)
Class com.android.builder.model.v2.ide.TestInfo                                       : loaded 4 times (x 70B)
Class org.jetbrains.plugins.gradle.tooling.builder.EarModelBuilderImpl                : loaded 4 times (x 86B)
Class org.jetbrains.plugins.gradle.model.scala.ScalaModel                             : loaded 4 times (x 70B)
Class com.android.builder.model.v2.ide.BasicArtifact                                  : loaded 4 times (x 70B)
Class org.jetbrains.plugins.gradle.tooling.ModelBuilderService$ParameterizedModelBuilderService: loaded 4 times (x 70B)
Class com.android.builder.model.v2.models.ndk.NativeModule                            : loaded 4 times (x 70B)
Class com.intellij.openapi.externalSystem.model.project.dependencies.ProjectDependencyNode: loaded 4 times (x 70B)
Class org.gradle.internal.impldep.com.google.common.collect.AbstractIndexedListIterator: loaded 4 times (x 96B)
Class kotlin.collections.ArrayDeque$Companion                                         : loaded 4 times (x 71B)
Class org.jetbrains.plugins.gradle.tooling.ModelBuilderContext$DataProvider           : loaded 4 times (x 70B)
Class kotlin.text.CharsKt__CharKt                                                     : loaded 4 times (x 71B)
Class com.intellij.gradle.toolingExtension.impl.modelBuilder.DefaultMessageReportBuilder: loaded 4 times (x 94B)
Class com.android.builder.model.v2.ide.ProjectInfo                                    : loaded 4 times (x 70B)
Class org.gradle.internal.impldep.com.google.gson.FieldNamingStrategy                 : loaded 4 times (x 70B)
Class org.gradle.internal.impldep.com.google.gson.internal.sql.SqlTimeTypeAdapter$1   : loaded 4 times (x 75B)
Class org.gradle.internal.impldep.com.google.gson.stream.JsonWriter                   : loaded 4 times (x 98B)
Class org.gradle.internal.impldep.com.google.gson.annotations.SerializedName          : loaded 4 times (x 70B)
Class org.gradle.internal.impldep.com.google.gson.Gson$FutureTypeAdapter              : loaded 4 times (x 76B)
Class org.jetbrains.plugins.gradle.tooling.MessageBuilder                             : loaded 4 times (x 70B)
Class org.gradle.internal.impldep.com.google.gson.internal.bind.TypeAdapters$29       : loaded 4 times (x 75B)
Class com.intellij.gradle.toolingExtension.impl.model.dependencyModel.GradleDependencyResolver: loaded 4 times (x 72B)
Class org.gradle.internal.impldep.com.google.gson.internal.bind.TypeAdapters$25       : loaded 4 times (x 75B)
Class org.gradle.internal.exceptions.NonGradleCauseExceptionsHolder                   : loaded 4 times (x 70B)
Class org.gradle.internal.impldep.com.google.gson.internal.reflect.ReflectionHelper   : loaded 4 times (x 71B)
Class org.gradle.tooling.internal.adapter.ProtocolToModelAdapter$InvocationHandlerImpl: loaded 4 times (x 77B)
Class org.gradle.tooling.model.build.GradleEnvironment                                : loaded 4 times (x 70B)
Class org.jetbrains.plugins.gradle.tooling.internal.ClasspathEntryModelImpl           : loaded 4 times (x 80B)
Class com.android.builder.model.v2.ide.PrivacySandboxSdkInfo                          : loaded 4 times (x 70B)
Class kotlin.text.Regex$Companion                                                     : loaded 4 times (x 71B)
Class com.android.ide.common.repository.AgpVersion$PreviewKind$Companion              : loaded 4 times (x 71B)
Class org.jetbrains.plugins.gradle.tooling.builder.AnnotationProcessingModelBuilder   : loaded 4 times (x 86B)
Class org.gradle.tooling.model.kotlin.dsl.KotlinDslScriptsModel                       : loaded 4 times (x 70B)
Class org.gradle.tooling.internal.adapter.ObjectGraphAdapter                          : loaded 4 times (x 70B)
Class com.android.builder.model.v2.models.VariantDependenciesAdjacencyList            : loaded 4 times (x 70B)
Class org.jetbrains.plugins.gradle.tooling.serialization.ToolingStreamApiUtilsKt      : loaded 4 times (x 71B)
Class ijKotlinCoroutineJvmDebugInit2_ezbr0y5lgx6mgpo6abq1y1nio$_run_closure1$_closure3: loaded 4 times (x 139B)
Class org.gradle.internal.time.TimeSource                                             : loaded 4 times (x 70B)
Class org.gradle.internal.exceptions.DefaultMultiCauseException                       : loaded 4 times (x 95B)
Class org.gradle.internal.impldep.com.google.gson.internal.reflect.ReflectionHelper$RecordSupportedHelper: loaded 4 times (x 78B)
Class org.gradle.internal.impldep.com.google.gson.ToNumberPolicy$2                    : loaded 4 times (x 83B)
Class org.gradle.internal.impldep.com.google.gson.FieldNamingPolicy$4                 : loaded 4 times (x 83B)
Class org.gradle.internal.impldep.com.google.gson.FieldNamingPolicy$7                 : loaded 4 times (x 83B)
Class com.intellij.gradle.toolingExtension.impl.model.utilDummyModel.DefaultDummyModel: loaded 4 times (x 73B)
Class org.gradle.internal.impldep.com.google.gson.JsonSyntaxException                 : loaded 4 times (x 82B)
Class org.jetbrains.plugins.gradle.model.DefaultExternalProjectDependency             : loaded 4 times (x 120B)
Class org.gradle.tooling.model.idea.IdeaDependencyScope                               : loaded 4 times (x 70B)
Class com.android.builder.model.v2.ide.Installation                                   : loaded 4 times (x 70B)
Class kotlin.ranges.IntRange                                                          : loaded 4 times (x 93B)
Class com.google.common.collect.ImmutableSortedAsList                                 : loaded 4 times (x 221B)
Class kotlin.text.RegexKt                                                             : loaded 4 times (x 71B)
Class kotlin.coroutines.intrinsics.IntrinsicsKt__IntrinsicsKt                         : loaded 4 times (x 71B)
Class [Lorg.gradle.api.JavaVersion;                                                   : loaded 4 times (x 69B)
Class org.gradle.internal.impldep.com.google.common.collect.UnmodifiableIterator      : loaded 4 times (x 80B)
Class org.gradle.tooling.internal.adapter.WeakIdentityHashMap$WeakKey                 : loaded 4 times (x 79B)
Class org.gradle.tooling.internal.adapter.ProtocolToModelAdapter$SafeMethodInvoker    : loaded 4 times (x 76B)
Class org.gradle.tooling.model.idea.IdeaLanguageLevel                                 : loaded 4 times (x 70B)
Class org.gradle.internal.impldep.com.google.gson.internal.Streams                    : loaded 4 times (x 71B)
Class org.gradle.internal.impldep.com.google.gson.internal.bind.TypeAdapters$28       : loaded 4 times (x 75B)
Class com.intellij.gradle.toolingExtension.impl.initScript.util.GradleLifecycleUtil   : loaded 4 times (x 71B)
Class org.jetbrains.kotlin.idea.gradleTooling.AbstractKotlinGradleModelBuilder        : loaded 4 times (x 81B)
Class com.android.ide.common.gradle.Part                                              : loaded 4 times (x 77B)
Class com.google.common.collect.Lists$RandomAccessReverseList                         : loaded 4 times (x 200B)
Class org.gradle.internal.impldep.com.google.gson.internal.bind.JsonTreeReader        : loaded 4 times (x 98B)
Class com.intellij.gradle.toolingExtension.impl.modelBuilder.DefaultMessageReporter   : loaded 4 times (x 75B)
Class com.android.builder.model.v2.models.ModelBuilderParameter                       : loaded 4 times (x 70B)
Class kotlin.ranges.IntProgression                                                    : loaded 4 times (x 81B)
Class org.gradle.internal.impldep.com.google.gson.internal.Streams$AppendableWriter   : loaded 4 times (x 99B)
Class org.gradle.internal.impldep.com.google.gson.internal.Primitives                 : loaded 4 times (x 71B)
Class com.google.common.collect.Lists$TransformingRandomAccessList                    : loaded 4 times (x 199B)
Class org.jetbrains.kotlin.idea.gradleTooling.reflect.ParameterList                   : loaded 4 times (x 173B)
Class org.jetbrains.plugins.gradle.tooling.serialization.GradleExtensionsSerializationService$2: loaded 4 times (x 76B)
Class com.intellij.gradle.toolingExtension.impl.util.GradleIdeaPluginUtil             : loaded 4 times (x 71B)
Class org.gradle.internal.impldep.com.google.gson.internal.bind.SerializationDelegatingTypeAdapter: loaded 4 times (x 74B)
Class com.intellij.gradle.toolingExtension.impl.model.buildScriptClasspathModel.GradleBuildScriptClasspathSerializationService$1: loaded 4 times (x 76B)
Class org.gradle.internal.impldep.com.google.gson.internal.bind.ObjectTypeAdapter     : loaded 4 times (x 74B)
Class com.android.ide.common.repository.AgpVersion$Companion$WhenMappings             : loaded 4 times (x 71B)
Class org.gradle.internal.impldep.com.google.gson.internal.bind.TypeAdapters$15       : loaded 4 times (x 75B)
Class kotlin.coroutines.jvm.internal.SuspendFunction                                  : loaded 4 times (x 70B)
Class org.jetbrains.plugins.gradle.model.DefaultExternalLibraryDependency             : loaded 4 times (x 111B)
Class org.gradle.internal.impldep.com.google.gson.internal.Excluder$1                 : loaded 4 times (x 74B)
Class org.jetbrains.kotlin.tooling.core.InternerKt                                    : loaded 4 times (x 71B)
Class kotlin.jvm.internal.CollectionToArray                                           : loaded 4 times (x 71B)
Class org.jetbrains.plugins.gradle.tooling.builder.DependencyAccessorsModelBuilder    : loaded 4 times (x 81B)
Class kotlin.jvm.internal.CallableReference                                           : loaded 4 times (x 106B)
Class kotlin.collections.AbstractList$SubList                                         : loaded 4 times (x 198B)
Class [Lcom.android.builder.model.v2.ide.ProjectType;                                 : loaded 4 times (x 69B)
Class org.jetbrains.plugins.gradle.tooling.builder.IntelliJProjectSettingsBuilder     : loaded 4 times (x 78B)
Class com.google.common.collect.AllEqualOrdering                                      : loaded 4 times (x 114B)
Class org.gradle.internal.impldep.com.google.common.collect.Iterators$SingletonIterator: loaded 4 times (x 81B)
Class com.android.builder.model.v2.ide.AbstractArtifact                               : loaded 4 times (x 70B)
Class kotlin.jvm.internal.FunctionReferenceImpl                                       : loaded 4 times (x 122B)
Class org.gradle.internal.impldep.com.google.gson.internal.ConstructorConstructor$19  : loaded 4 times (x 76B)
Class org.gradle.tooling.internal.adapter.WeakIdentityHashMap$AbsentValueProvider     : loaded 4 times (x 70B)
Class org.jetbrains.kotlin.tooling.core.InternerImpl$Store                            : loaded 4 times (x 70B)
Class org.jetbrains.plugins.gradle.model.ModelFactory                                 : loaded 4 times (x 71B)
Class com.intellij.gradle.toolingExtension.impl.util.collectionUtil.GradleCollectionVisitor: loaded 4 times (x 70B)
Class com.intellij.gradle.toolingExtension.impl.model.sourceSetModel.GradleSourceSetModelBuilder$3: loaded 4 times (x 83B)
Class com.intellij.gradle.toolingExtension.impl.model.dependencyGraphModel.GradleDependencyGraphModelBuilder: loaded 4 times (x 82B)
Class org.jetbrains.plugins.gradle.tooling.Message$Kind                               : loaded 4 times (x 79B)
Class JetGradlePlugin$getJetModelBuilderOrRegisterIfAbsent                            : loaded 4 times (x 146B)
Class org.gradle.internal.impldep.com.google.gson.internal.bind.MapTypeAdapterFactory : loaded 4 times (x 75B)
Class org.gradle.internal.impldep.com.google.gson.JsonArray                           : loaded 4 times (x 100B)
Class org.gradle.internal.impldep.com.google.gson.internal.bind.JsonTreeWriter        : loaded 4 times (x 98B)
Class org.gradle.internal.impldep.com.google.gson.TypeAdapter                         : loaded 4 times (x 73B)
Class com.intellij.gradle.toolingExtension.impl.model.repositoryModel.DefaultProjectRepositoriesModel: loaded 4 times (x 76B)
Class com.intellij.gradle.toolingExtension.impl.model.utilTurnOffDefaultTasksModel.DefaultTurnOffDefaultTasks: loaded 4 times (x 71B)
Class org.gradle.internal.impldep.com.google.gson.internal.bind.TypeAdapters$27       : loaded 4 times (x 75B)
Class org.gradle.internal.impldep.com.google.gson.internal.reflect.ReflectionHelper$RecordNotSupportedHelper: loaded 4 times (x 78B)
Class org.jetbrains.kotlin.idea.gradleTooling.model.annotation.AnnotationBasedPluginModelBuilderService: loaded 4 times (x 85B)
Class com.intellij.gradle.toolingExtension.impl.model.taskModel.GradleTaskModelBuilder: loaded 4 times (x 86B)
Class org.jetbrains.kotlin.tooling.core.KotlinToolingVersionKt                        : loaded 4 times (x 71B)
Class kotlin.coroutines.intrinsics.CoroutineSingletons                                : loaded 4 times (x 79B)
Class org.gradle.api.JavaVersion                                                      : loaded 4 times (x 79B)
Class org.gradle.tooling.model.ProjectModel                                           : loaded 4 times (x 70B)
Class [Lcom.android.builder.model.v2.ide.CodeShrinker;                                : loaded 4 times (x 69B)
Class com.intellij.gradle.toolingExtension.impl.util.GradleProjectUtil                : loaded 4 times (x 71B)
Class com.android.builder.model.v2.ide.LibraryInfo                                    : loaded 4 times (x 70B)
Class org.jetbrains.kotlin.idea.gradleTooling.KotlinGradleModelBuilder                : loaded 4 times (x 86B)
Class com.intellij.gradle.toolingExtension.impl.model.resourceFilterModel.GradleResourceFilterModelBuilder: loaded 4 times (x 71B)
Class org.gradle.tooling.model.Dependency                                             : loaded 4 times (x 70B)
Class kotlin.jvm.KotlinReflectionNotSupportedError                                    : loaded 4 times (x 82B)
Class org.gradle.tooling.model.gradle.GradleScript                                    : loaded 4 times (x 70B)
Class org.gradle.internal.impldep.com.google.gson.internal.sql.SqlTimestampTypeAdapter: loaded 4 times (x 76B)
Class org.jetbrains.kotlin.idea.gradleTooling.reflect.ReflectionReceiver              : loaded 4 times (x 70B)
Class kotlin.sequences.SequenceBuilderIterator                                        : loaded 4 times (x 85B)
Class kotlin.annotation.Target                                                        : loaded 4 times (x 70B)
Class kotlin.collections.EmptySet                                                     : loaded 4 times (x 122B)
Class com.intellij.gradle.toolingExtension.impl.model.buildScriptClasspathModel.GradleBuildScriptClasspathCache: loaded 4 times (x 75B)
Class org.gradle.internal.impldep.com.google.gson.internal.sql.SqlTimestampTypeAdapter$1: loaded 4 times (x 75B)
Class org.gradle.internal.impldep.com.google.gson.ToNumberPolicy$3                    : loaded 4 times (x 83B)
Class org.jetbrains.plugins.gradle.tooling.serialization.GradleExtensionsSerializationService$1: loaded 4 times (x 76B)
Class kotlin.sequences.FlatteningSequence                                             : loaded 4 times (x 75B)
Class kotlin.text.MatcherMatchResult                                                  : loaded 4 times (x 80B)
Class kotlin.text.MatchGroupCollection                                                : loaded 4 times (x 70B)
Class kotlin.coroutines.jvm.internal.RestrictedContinuationImpl                       : loaded 4 times (x 87B)
Class org.gradle.internal.impldep.com.google.gson.internal.bind.ArrayTypeAdapter$1    : loaded 4 times (x 75B)
Class org.gradle.util.internal.DefaultGradleVersion$Stage                             : loaded 4 times (x 75B)
Class com.intellij.gradle.toolingExtension.impl.model.dependencyModel.auxiliary.AuxiliaryArtifactResolverImpl: loaded 4 times (x 76B)
Class kotlin.ranges.OpenEndRange                                                      : loaded 4 times (x 70B)
Class org.gradle.util.GradleVersion                                                   : loaded 4 times (x 79B)
Class com.google.common.collect.Lists$ReverseList                                     : loaded 4 times (x 200B)
Class com.android.ide.common.gradle.Version$Companion$ParseState$EMPTY                : loaded 4 times (x 74B)
Class kotlin.sequences.SequencesKt___SequencesKt$sortedWith$1                         : loaded 4 times (x 75B)
Class org.jetbrains.plugins.gradle.tooling.builder.ProjectExtensionsDataBuilderImpl$Companion: loaded 4 times (x 71B)
Class org.gradle.internal.impldep.com.google.gson.FieldNamingPolicy$5                 : loaded 4 times (x 83B)
Class org.jetbrains.plugins.gradle.tooling.MessageReportBuilder                       : loaded 4 times (x 70B)
Class com.intellij.gradle.toolingExtension.impl.model.sourceSetModel.GradleSourceSetModelBuilder$2: loaded 4 times (x 83B)
Class org.jetbrains.plugins.gradle.model.DefaultGradleProperty                        : loaded 4 times (x 78B)
Class org.jetbrains.kotlin.idea.gradleTooling.GetAdditionalVisibleSourceSetsKt        : loaded 4 times (x 71B)
Class org.gradle.internal.impldep.com.google.gson.internal.bind.DateTypeAdapter       : loaded 4 times (x 74B)
Class [Lorg.gradle.internal.impldep.com.google.gson.ToNumberStrategy;                 : loaded 4 times (x 69B)
Class org.gradle.internal.impldep.com.google.gson.Gson                                : loaded 4 times (x 72B)
Class com.android.builder.model.v2.ide.ViewBindingOptions                             : loaded 4 times (x 70B)
Class com.intellij.gradle.toolingExtension.impl.initScript.util.GradleDebuggerUtil    : loaded 4 times (x 71B)
Class com.intellij.openapi.externalSystem.model.project.dependencies.ProjectDependenciesImpl: loaded 4 times (x 77B)
Class org.jetbrains.kotlin.idea.gradleTooling.model.samWithReceiver.SamWithReceiverModel: loaded 4 times (x 70B)
Class [Lkotlin.Pair;                                                                  : loaded 4 times (x 69B)
Class org.jetbrains.kotlin.idea.gradleTooling.KotlinTasksPropertyUtilsKt              : loaded 4 times (x 71B)
Class org.gradle.internal.impldep.com.google.gson.internal.bind.TypeAdapters$21       : loaded 4 times (x 75B)
Class org.jetbrains.plugins.gradle.tooling.Message                                    : loaded 4 times (x 72B)
Class org.gradle.internal.impldep.com.google.gson.internal.LazilyParsedNumber         : loaded 4 times (x 78B)
Class com.google.common.collect.UsingToStringOrdering                                 : loaded 4 times (x 114B)
Class kotlin.text.MatchNamedGroupCollection                                           : loaded 4 times (x 70B)
Class org.gradle.internal.impldep.com.google.gson.internal.bind.NumberTypeAdapter     : loaded 4 times (x 74B)
Class kotlin.jvm.internal.markers.KMutableList                                        : loaded 4 times (x 70B)
Class [Lorg.jetbrains.kotlin.tooling.core.KotlinToolingVersion$Maturity;              : loaded 4 times (x 69B)
Class org.gradle.internal.time.MonotonicClock                                         : loaded 4 times (x 77B)
Class org.gradle.internal.impldep.com.google.common.base.ExtraObjectsMethodsForWeb    : loaded 4 times (x 71B)
Class org.gradle.internal.impldep.com.google.gson.TypeAdapter$1                       : loaded 4 times (x 74B)
Class org.gradle.internal.impldep.com.google.gson.internal.bind.TypeAdapters          : loaded 4 times (x 71B)
Class org.gradle.internal.impldep.com.google.gson.internal.bind.TypeAdapters$26       : loaded 4 times (x 75B)
Class org.gradle.internal.impldep.com.google.gson.internal.sql.SqlTypesSupport$2      : loaded 4 times (x 74B)
Class org.gradle.internal.impldep.com.google.gson.internal.bind.TypeAdapterRuntimeTypeWrapper: loaded 4 times (x 74B)
Class org.gradle.internal.impldep.com.google.gson.internal.bind.TypeAdapters$16       : loaded 4 times (x 75B)
Class kotlin.jvm.functions.Function4                                                  : loaded 4 times (x 70B)
Class org.gradle.tooling.internal.adapter.ProtocolToModelAdapter$MixInTypeMappingAction: loaded 3 times (x 81B)
Class com.android.tools.idea.gradle.model.impl.IdeCompositeBuildMapImpl               : loaded 3 times (x 76B)
Class [Lcom.android.tools.idea.gradle.project.upgrade.AndroidGradlePluginCompatibility;: loaded 3 times (x 69B)
Class com.android.tools.idea.gradle.project.sync.ModelCacheV2ImplKt$modelCacheV2Impl$1: loaded 3 times (x 80B)
Class com.android.tools.idea.gradle.project.sync.VariantDetailsKt                     : loaded 3 times (x 71B)
Class com.android.tools.idea.gradle.project.sync.DeliverableGradleModule              : loaded 3 times (x 76B)
Class com.intellij.openapi.diagnostic.LogLevel                                        : loaded 3 times (x 79B)
Class com.android.builder.model.v2.models.TestSuiteSourceDependenciesAdjacencyList    : loaded 3 times (x 70B)
Class com.android.tools.idea.gradle.model.IdeUnknownLibraryImpl                       : loaded 3 times (x 83B)
Class com.android.tools.idea.gradle.model.impl.IdeProjectPathImpl                     : loaded 3 times (x 77B)
Class com.android.tools.idea.gradle.project.sync.VariantDiscoveryKt                   : loaded 3 times (x 71B)
Class com.android.tools.idea.gradle.project.sync.GradleModule                         : loaded 3 times (x 78B)
Class com.android.tools.idea.gradle.project.sync.HasAndroidVariantResolver            : loaded 3 times (x 70B)
Class com.android.tools.idea.gradle.project.sync.BasicNonAndroidIncompleteGradleModule: loaded 3 times (x 73B)
Class io.opentelemetry.context.ContextStorage                                         : loaded 3 times (x 70B)
Class com.intellij.gradle.toolingExtension.impl.model.projectModel.GradleExternalProjectModelProvider: loaded 3 times (x 79B)
Class ijInit3_csw2uuf16cztuwxfnuytysddp                                               : loaded 3 times (x 179B)
Class org.gradle.tooling.internal.consumer.versioning.VersionDetails                  : loaded 3 times (x 80B)
Class io.opentelemetry.api.trace.Span                                                 : loaded 3 times (x 70B)
Class org.gradle.tooling.model.gradle.GradleBuild                                     : loaded 3 times (x 70B)
Class org.gradle.tooling.model.GradleProject                                          : loaded 3 times (x 70B)
Class [Lio.opentelemetry.context.Scope;                                               : loaded 3 times (x 69B)
Class com.android.tools.idea.gradle.project.sync.AndroidSyncException                 : loaded 3 times (x 82B)
Class com.android.ide.common.gradle.Module                                            : loaded 3 times (x 72B)
Class com.google.common.collect.Cut                                                   : loaded 3 times (x 88B)
Class com.android.ide.gradle.model.builder.AndroidStudioToolingPlugin                 : loaded 3 times (x 75B)
Class com.android.tools.idea.gradle.project.sync.SelectedVariant                      : loaded 3 times (x 72B)
Class org.gradle.tooling.internal.consumer.converters.BackwardsCompatibleIdeaModuleDependency: loaded 3 times (x 70B)
Class com.android.tools.idea.gradle.project.sync.ModelFetchersKt                      : loaded 3 times (x 71B)
Class com.android.tools.idea.gradle.model.IdeJavaLibrary                              : loaded 3 times (x 70B)
Class com.android.tools.idea.gradle.model.ClasspathType                               : loaded 3 times (x 79B)
Class com.google.common.collect.SortedLists$KeyAbsentBehavior                         : loaded 3 times (x 80B)
Class com.android.tools.idea.gradle.project.sync.AndroidVariantResolver               : loaded 3 times (x 70B)
Class com.android.tools.idea.gradle.model.impl.IdeDependenciesInfoImpl                : loaded 3 times (x 75B)
Class org.gradle.tooling.internal.consumer.converters.EclipseProjectHasAutoBuildMixin : loaded 3 times (x 72B)
Class org.gradle.tooling.UnknownModelException                                        : loaded 3 times (x 83B)
Class com.android.ide.gradle.model.builder.LegacyAndroidGradlePluginPropertiesModelBuilder$PluginType: loaded 3 times (x 79B)
Class org.gradle.tooling.internal.consumer.versioning.VersionDetails$R51VersionDetails: loaded 3 times (x 80B)
Class org.gradle.tooling.internal.consumer.connection.NestedActionAwareBuildControllerAdapter: loaded 3 times (x 101B)
Class com.android.tools.idea.gradle.project.sync.ModelResult                          : loaded 3 times (x 72B)
Class com.android.tools.idea.gradle.model.IdeUnresolvedAndroidLibrary                 : loaded 3 times (x 70B)
Class com.intellij.openapi.util.io.FileTooBigException                                : loaded 3 times (x 82B)
Class com.android.tools.idea.gradle.project.sync.GradleProject                        : loaded 3 times (x 75B)
Class com.android.ide.gradle.model.dependencies.DeclaredDependenciesModelBuilder$Companion: loaded 3 times (x 71B)
Class com.android.ide.gradle.model.dependencies.CoordinatesImpl                       : loaded 3 times (x 77B)
Class com.android.tools.idea.gradle.project.sync.BuildId                              : loaded 3 times (x 72B)
Class com.android.tools.idea.gradle.project.sync.AndroidProjectResult                 : loaded 3 times (x 76B)
Class com.android.tools.idea.gradle.project.sync.DependencyGraphCompat$AdjacencyList  : loaded 3 times (x 72B)
Class com.android.tools.idea.gradle.model.IdeProjectPath                              : loaded 3 times (x 70B)
Class kotlin.jvm.internal.Intrinsics$Kotlin                                           : loaded 3 times (x 71B)
Class com.android.tools.idea.gradle.model.IdeExtraSourceProvider                      : loaded 3 times (x 70B)
Class com.android.tools.idea.gradle.project.sync.NativeVariantAbiResult$V2            : loaded 3 times (x 72B)
Class org.jetbrains.plugins.gradle.tooling.util.GradleVersionComparator               : loaded 3 times (x 75B)
Class org.gradle.tooling.model.idea.IdeaModule                                        : loaded 3 times (x 70B)
Class com.google.common.collect.Range$RangeLexOrdering                                : loaded 3 times (x 115B)
Class com.android.tools.idea.gradle.project.sync.BasicV2AndroidModuleGradleProject    : loaded 3 times (x 73B)
Class com.android.tools.idea.gradle.project.sync.InternedModels                       : loaded 3 times (x 72B)
Class org.gradle.tooling.internal.consumer.versioning.ModelMapping                    : loaded 3 times (x 73B)
Class org.gradle.tooling.model.idea.BasicIdeaProject                                  : loaded 3 times (x 70B)
Class org.gradle.tooling.internal.consumer.converters.BasicGradleProjectIdentifierMixin: loaded 3 times (x 73B)
Class com.google.common.collect.SortedLists$KeyPresentBehavior                        : loaded 3 times (x 80B)
Class com.android.tools.idea.gradle.model.impl.IdeBuildTypeContainerImpl              : loaded 3 times (x 79B)
Class com.android.tools.idea.gradle.model.impl.ThrowingIdeDependencies                : loaded 3 times (x 78B)
Class com.android.tools.idea.gradle.project.sync.NativeVariantAbiResult$V1            : loaded 3 times (x 72B)
Class io.opentelemetry.api.OpenTelemetry                                              : loaded 3 times (x 70B)
Class org.jetbrains.kotlin.name.FqNameUnsafe                                          : loaded 3 times (x 72B)
Class com.android.tools.idea.gradle.project.sync.LibraryIdentity$LibraryIdentityProvider$Companion: loaded 3 times (x 71B)
Class com.android.tools.idea.gradle.project.sync.FetchedVariantResult                 : loaded 3 times (x 71B)
Class com.android.tools.idea.gradle.project.sync.VariantDetails                       : loaded 3 times (x 72B)
Class org.gradle.tooling.internal.adapter.ProtocolToModelAdapter$MixInBeanMappingAction: loaded 3 times (x 81B)
Class com.android.tools.idea.gradle.model.impl.IdeModuleWellKnownSourceSet            : loaded 3 times (x 84B)
Class com.android.tools.idea.gradle.project.sync.LibraryIdentity$Companion            : loaded 3 times (x 71B)
Class com.intellij.openapi.diagnostic.Logger$DefaultFactory                           : loaded 3 times (x 74B)
Class com.android.tools.idea.gradle.project.sync.AndroidExtraModelProviderKt          : loaded 3 times (x 71B)
Class com.android.tools.idea.gradle.model.IdeProductFlavor                            : loaded 3 times (x 70B)
Class com.android.tools.idea.gradle.project.sync.AdditionalClassifierArtifactsModelCollectorKt: loaded 3 times (x 71B)
Class org.jetbrains.plugins.gradle.model.tests.ExternalTestSourceMapping              : loaded 3 times (x 70B)
Class com.android.tools.idea.gradle.project.sync.VariantDependenciesCompat            : loaded 3 times (x 72B)
Class com.android.tools.idea.gradle.model.IdeDependenciesInfo                         : loaded 3 times (x 70B)
Class com.android.ide.gradle.model.builder.LegacyAndroidGradlePluginPropertiesModelBuilder: loaded 3 times (x 80B)
Class com.android.builder.model.NativeVariantAbi                                      : loaded 3 times (x 70B)
Class com.android.tools.idea.gradle.project.sync.AndroidProjectResult$Companion$RuntimeClasspathBehaviour: loaded 3 times (x 71B)
Class com.android.tools.idea.gradle.project.sync.IdeSyncExecutionReport               : loaded 3 times (x 71B)
Class com.android.tools.idea.gradle.project.sync.FetchedVariantResult$Finished        : loaded 3 times (x 72B)
Class com.android.tools.idea.gradle.model.IdePreResolvedModuleLibraryImpl             : loaded 3 times (x 81B)
Class com.android.tools.idea.gradle.model.IdeAndroidLibraryImpl                       : loaded 3 times (x 106B)
Class com.android.tools.idea.gradle.project.sync.ModelCacheV2ImplKt$WhenMappings      : loaded 3 times (x 71B)
Class com.android.tools.idea.gradle.model.impl.IdeMultiVariantDataImpl                : loaded 3 times (x 77B)
Class com.android.tools.idea.gradle.model.IdeUnresolvedJavaLibrary                    : loaded 3 times (x 70B)
Class org.gradle.tooling.model.idea.IdeaSourceDirectory                               : loaded 3 times (x 70B)
Class com.android.tools.idea.gradle.project.sync.NativeVariantAbiResult               : loaded 3 times (x 71B)
Class com.android.tools.idea.gradle.project.sync.StandaloneDeliverableModel           : loaded 3 times (x 75B)
Class org.jetbrains.kotlin.name.FqName                                                : loaded 3 times (x 72B)
Class io.opentelemetry.api.trace.PropagatedSpan                                       : loaded 3 times (x 112B)
Class com.android.ide.gradle.model.impl.GradlePropertiesModelImpl                     : loaded 3 times (x 78B)
Class com.intellij.gradle.toolingExtension.impl.modelSerialization.ToolingSerializerConverter: loaded 3 times (x 73B)
Class [Lcom.android.tools.idea.gradle.project.sync.SyncTestMode;                      : loaded 3 times (x 69B)
Class io.opentelemetry.context.Context                                                : loaded 3 times (x 70B)
Class io.opentelemetry.context.ContextExecutorService                                 : loaded 3 times (x 104B)
Class [Lcom.android.tools.idea.gradle.project.sync.MeasurementCheckpoint;             : loaded 3 times (x 69B)
Class [Lcom.google.common.collect.SortedLists$KeyAbsentBehavior;                      : loaded 3 times (x 69B)
Class com.android.tools.idea.gradle.project.sync.DefaultVariantsKt                    : loaded 3 times (x 71B)
Class com.android.tools.idea.gradle.model.IdeJavaArtifactCore                         : loaded 3 times (x 70B)
Class com.intellij.gradle.toolingExtension.modelAction.GradleModelFetchPhase          : loaded 3 times (x 79B)
Class com.android.tools.idea.gradle.project.sync.AndroidExtraModelProviderWorker      : loaded 3 times (x 72B)
Class com.android.tools.idea.gradle.model.CodeShrinker                                : loaded 3 times (x 79B)
Class com.android.tools.idea.gradle.project.sync.SyncVariantResultSuccess             : loaded 3 times (x 72B)
Class com.android.tools.idea.gradle.project.sync.FetchedVariant                       : loaded 3 times (x 72B)
Class com.android.tools.idea.gradle.model.impl.IdeSigningConfigImpl                   : loaded 3 times (x 78B)
Class com.android.ide.common.repository.AgpVersion$PreviewKind$WhenMappings           : loaded 3 times (x 71B)
Class com.android.builder.model.v2.models.SourceType                                  : loaded 3 times (x 79B)
Class com.android.tools.idea.gradle.project.sync.SyncProjectActionWorker              : loaded 3 times (x 72B)
Class com.android.tools.idea.gradle.model.impl.IdeTestOptionsImpl                     : loaded 3 times (x 77B)
Class org.jetbrains.plugins.gradle.model.ExternalFilter                               : loaded 3 times (x 70B)
Class com.android.builder.model.v2.ide.SyncIssue                                      : loaded 3 times (x 70B)
Class [Lcom.android.tools.idea.gradle.model.ResolverType;                             : loaded 3 times (x 69B)
Class com.android.tools.idea.gradle.project.sync.SingleVariantSyncActionOptions       : loaded 3 times (x 73B)
Class com.android.tools.idea.gradle.project.sync.LibraryIdentity                      : loaded 3 times (x 72B)
Class org.jetbrains.kotlin.name.ClassId$Companion                                     : loaded 3 times (x 71B)
Class com.android.tools.idea.gradle.model.IdeVariantCore                              : loaded 3 times (x 70B)
Class io.opentelemetry.context.ThreadLocalContextStorage                              : loaded 3 times (x 85B)
Class org.gradle.tooling.model.eclipse.EclipseClasspathEntry                          : loaded 3 times (x 70B)
Class org.gradle.internal.impldep.com.google.common.base.Optional                     : loaded 3 times (x 80B)
Class com.android.tools.idea.gradle.project.sync.ActionToRun                          : loaded 3 times (x 72B)
Class com.android.tools.idea.gradle.project.sync.AndroidArtifactRef                   : loaded 3 times (x 72B)
Class com.android.tools.idea.gradle.model.IdeSourceProviderKt                         : loaded 3 times (x 71B)
Class com.android.tools.idea.gradle.model.impl.IdeAndroidGradlePluginProjectFlagsImpl : loaded 3 times (x 84B)
Class [Lcom.intellij.openapi.diagnostic.LogLevel;                                     : loaded 3 times (x 69B)
Class com.android.tools.idea.gradle.project.upgrade.AndroidGradlePluginCompatibilityKt: loaded 3 times (x 71B)
Class com.android.tools.idea.gradle.project.sync.BasicIncompleteAndroidModule         : loaded 3 times (x 73B)
Class com.intellij.platform.diagnostic.telemetry.rt.context.TelemetryContext          : loaded 3 times (x 134B)
Class com.android.tools.idea.gradle.model.IdeDependencyCore                           : loaded 3 times (x 70B)
Class com.android.builder.model.v2.models.BaseTestSuiteSourceIdentity                 : loaded 3 times (x 70B)
Class com.android.tools.idea.gradle.project.sync.AndroidModule                        : loaded 3 times (x 88B)
Class [Lio.opentelemetry.context.ContextStorage;                                      : loaded 3 times (x 69B)
Class [Lio.opentelemetry.api.trace.TraceFlags;                                        : loaded 3 times (x 69B)
Class com.android.tools.idea.projectsystem.gradle.sync.Counter$time$1                 : loaded 3 times (x 78B)
Class org.jetbrains.plugins.gradle.model.MavenRepositoryModel                         : loaded 3 times (x 70B)
Class org.jetbrains.plugins.gradle.tooling.serialization.internal.adapter.kotlin.dsl.InternalKotlinDslScriptModel: loaded 3 times (x 84B)
Class org.jetbrains.kotlin.gradle.idea.tcs.IdeaKotlinDependency                       : loaded 3 times (x 70B)
Class com.android.builder.model.v2.ide.TestSuiteVariantTarget                         : loaded 3 times (x 70B)
Class com.android.tools.idea.gradle.model.IdeTestOptions$Execution                    : loaded 3 times (x 79B)
Class com.android.builder.model.v2.ide.UnresolvedDependency                           : loaded 3 times (x 70B)
Class com.android.tools.idea.gradle.project.sync.ActionToRun$toSafeController$1       : loaded 3 times (x 86B)
Class org.gradle.tooling.model.GradleTask                                             : loaded 3 times (x 70B)
Class io.opentelemetry.api.trace.TraceFlags                                           : loaded 3 times (x 70B)
Class com.android.tools.idea.gradle.project.sync.SwitchVariantRequest                 : loaded 3 times (x 72B)
Class org.gradle.tooling.internal.consumer.connection.StreamingAwareBuildControllerAdapter: loaded 3 times (x 101B)
Class com.android.tools.idea.projectsystem.gradle.sync.PerformanceMeasurementUtilKt   : loaded 3 times (x 71B)
Class com.android.tools.idea.gradle.project.sync.AgpVersionTooNew                     : loaded 3 times (x 82B)
Class com.android.tools.idea.gradle.model.impl.IdeDependenciesCoreDirect              : loaded 3 times (x 79B)
Class com.android.ide.gradle.model.builder.LegacyAndroidGradlePluginPropertiesModelBuilder$Companion: loaded 3 times (x 71B)
Class com.android.tools.idea.gradle.model.IdeAndroidGradlePluginProjectFlags          : loaded 3 times (x 70B)
Class io.opentelemetry.api.trace.ImmutableTraceFlags                                  : loaded 3 times (x 77B)
Class org.gradle.tooling.internal.consumer.versioning.ModelMapping$DefaultModelIdentifier: loaded 3 times (x 76B)
Class com.android.tools.idea.gradle.project.sync.AgpCompatibilityKt$WhenMappings      : loaded 3 times (x 71B)
Class com.google.common.collect.ComparisonChain                                       : loaded 3 times (x 80B)
Class com.android.tools.idea.projectsystem.gradle.sync.Counter$time$2                 : loaded 3 times (x 78B)
Class org.gradle.tooling.internal.consumer.converters.GradleProjectIdentifierMixin    : loaded 3 times (x 73B)
Class com.intellij.util.ReflectionUtilRt                                              : loaded 3 times (x 71B)
Class com.intellij.openapi.util.io.FileUtilRt$RepeatableIOOperation                   : loaded 3 times (x 70B)
Class org.jetbrains.kotlin.idea.gradleTooling.KotlinMPPGradleModel$Companion          : loaded 3 times (x 71B)
Class [Lcom.android.ide.gradle.model.builder.LegacyAndroidGradlePluginPropertiesModelBuilder$PluginType;: loaded 3 times (x 69B)
Class com.android.tools.idea.gradle.project.sync.GradleSyncStudioFlags                : loaded 3 times (x 72B)
Class io.opentelemetry.context.propagation.NoopTextMapPropagator                      : loaded 3 times (x 76B)
Class com.android.tools.idea.gradle.project.sync.SyncActionRunner                     : loaded 3 times (x 76B)
Class com.android.tools.idea.gradle.project.sync.SyncActionRunner$Companion           : loaded 3 times (x 71B)
Class com.android.tools.idea.gradle.project.sync.BasicIncompleteGradleModule          : loaded 3 times (x 73B)
Class [Lcom.android.tools.idea.gradle.model.impl.IdeModuleWellKnownSourceSet;         : loaded 3 times (x 69B)
Class com.android.tools.idea.gradle.project.sync.ModelCacheV1ImplKt                   : loaded 3 times (x 71B)
Class com.android.tools.idea.gradle.model.ndk.v2.IdeNativeModule                      : loaded 3 times (x 70B)
Class com.intellij.gradle.toolingExtension.impl.model.warmUp.GradleTaskWarmUpModelProvider: loaded 3 times (x 77B)
Class org.gradle.tooling.model.cpp.CppComponent                                       : loaded 3 times (x 70B)
Class org.gradle.tooling.model.Launchable                                             : loaded 3 times (x 70B)
Class com.android.tools.idea.gradle.model.impl.IdeBasicVariantImpl                    : loaded 3 times (x 79B)
Class com.android.tools.idea.gradle.project.sync.VariantNameResolutionKt$buildVariantNameResolver$1: loaded 3 times (x 75B)
Class com.android.tools.idea.gradle.project.sync.FetchedVariantResult$InProgress      : loaded 3 times (x 71B)
Class com.android.tools.idea.gradle.model.impl.IdeVariantBuildInformationImpl         : loaded 3 times (x 76B)
Class [Lorg.gradle.tooling.internal.adapter.MethodInvoker;                            : loaded 3 times (x 69B)
Class io.opentelemetry.context.propagation.TextMapGetter                              : loaded 3 times (x 70B)
Class com.intellij.gradle.toolingExtension.impl.util.GradleModelProviderUtil          : loaded 3 times (x 71B)
Class org.gradle.tooling.internal.consumer.connection.UnparameterizedBuildController  : loaded 3 times (x 101B)
Class com.android.tools.idea.gradle.project.sync.SyncActionOptions                    : loaded 3 times (x 72B)
Class io.opentelemetry.api.internal.AutoValue_ImmutableSpanContext                    : loaded 3 times (x 92B)
Class com.intellij.gradle.toolingExtension.impl.modelSerialization.SerializationServiceNotFoundException: loaded 3 times (x 82B)
Class com.android.tools.idea.gradle.project.sync.IdeModelFactoryV2                    : loaded 3 times (x 72B)
Class com.android.tools.idea.gradle.project.sync.BuildTypeDef                         : loaded 3 times (x 72B)
Class com.android.tools.idea.gradle.model.IdeMultiVariantData                         : loaded 3 times (x 70B)
Class com.android.tools.idea.projectsystem.gradle.sync.Counter                        : loaded 3 times (x 72B)
Class com.android.builder.model.ProjectSyncIssues                                     : loaded 3 times (x 70B)
Class com.android.tools.idea.gradle.project.sync.ArtifactDependenciesCompat$AdjacencyList: loaded 3 times (x 72B)
Class com.android.tools.idea.gradle.project.sync.ModelCacheV2ImplKt$modelCacheV2Impl$createFromDependencies$1$LibrariesByType: loaded 3 times (x 72B)
Class org.jetbrains.plugins.gradle.tooling.serialization.internal.IdeaProjectSerializationService$JavaHomePathGetter: loaded 3 times (x 75B)
Class com.android.tools.idea.gradle.project.sync.SyncVariantResult                    : loaded 3 times (x 72B)
Class io.opentelemetry.context.ThreadLocalContextStorage$ScopeImpl                    : loaded 3 times (x 79B)
Class org.jetbrains.kotlin.name.Name                                                  : loaded 3 times (x 75B)
Class com.android.tools.idea.gradle.model.impl.IdeBuildTasksAndOutputInformationImpl  : loaded 3 times (x 80B)
Class gnu.trove.TObjectCanonicalHashingStrategy                                       : loaded 3 times (x 78B)
Class com.android.tools.idea.gradle.model.impl.IdeVectorDrawablesOptionsImpl          : loaded 3 times (x 75B)
Class org.jetbrains.kotlin.idea.gradleTooling.model.kapt.KaptSourceSetModel           : loaded 3 times (x 70B)
Class org.gradle.tooling.internal.consumer.versioning.VersionDetails$R28VersionDetails: loaded 3 times (x 80B)
Class com.android.tools.idea.gradle.project.sync.SyncActionRunnerKt                   : loaded 3 times (x 71B)
Class com.android.builder.model.Variant                                               : loaded 3 times (x 70B)
Class com.android.tools.idea.gradle.project.sync.ModelCacheKt                         : loaded 3 times (x 71B)
Class org.gradle.tooling.internal.adapter.ProtocolToModelAdapter$BeanMixInMethodInvoker: loaded 3 times (x 76B)
Class com.intellij.gradle.toolingExtension.impl.modelAction.GradleModelId             : loaded 3 times (x 72B)
Class com.android.builder.model.v2.ide.JUnitEngineInfo                                : loaded 3 times (x 70B)
Class com.android.tools.idea.gradle.project.sync.AndroidModule$V2                     : loaded 3 times (x 88B)
Class com.android.tools.idea.gradle.model.IdeUnresolvedLibrary                        : loaded 3 times (x 70B)
Class com.android.tools.idea.gradle.project.sync.ModelCacheV2ImplKt$modelCacheV2Impl$variantCoreFrom$6: loaded 3 times (x 125B)
Class com.android.tools.idea.gradle.model.impl.BuildFolderPaths                       : loaded 3 times (x 72B)
Class com.intellij.gradle.toolingExtension.impl.modelAction.GradleModelHolderState    : loaded 3 times (x 77B)
Class com.android.ide.common.gradle.Component$Companion                               : loaded 3 times (x 71B)
Class com.android.tools.idea.gradle.model.IdeLintOptions                              : loaded 3 times (x 70B)
Class com.android.tools.idea.gradle.project.sync.DefaultVariantsKt$getDefaultVariant$$inlined$compareBy$1: loaded 3 times (x 90B)
Class com.android.builder.model.v2.dsl.ClassField                                     : loaded 3 times (x 70B)
Class com.google.common.collect.Cut$BelowAll                                          : loaded 3 times (x 88B)
Class io.opentelemetry.api.trace.TraceStateBuilder                                    : loaded 3 times (x 70B)
Class org.jetbrains.plugins.gradle.model.GradleLightBuild                             : loaded 3 times (x 70B)
Class org.jetbrains.plugins.gradle.model.DefaultGradleLightProject                    : loaded 3 times (x 82B)
Class com.android.tools.idea.gradle.project.sync.AndroidModule$V1                     : loaded 3 times (x 88B)
Class com.intellij.openapi.util.SystemInfoRt                                          : loaded 3 times (x 71B)
Class com.intellij.openapi.diagnostic.Logger                                          : loaded 3 times (x 99B)
Class com.android.tools.idea.gradle.project.sync.DeliverableAndroidModule             : loaded 3 times (x 76B)
Class com.android.tools.idea.gradle.project.sync.AndroidExtraModelProviderWorkerKt    : loaded 3 times (x 71B)
Class org.jetbrains.plugins.gradle.tooling.util.ClassMap                              : loaded 3 times (x 72B)
Class com.android.tools.idea.gradle.project.sync.AndroidExtraModelProvider            : loaded 3 times (x 79B)
Class com.intellij.gradle.toolingExtension.impl.modelSerialization.DefaultSerializationService: loaded 3 times (x 76B)
Class io.opentelemetry.api.trace.SpanBuilder                                          : loaded 3 times (x 70B)
Class io.opentelemetry.api.DefaultOpenTelemetry                                       : loaded 3 times (x 89B)
Class org.gradle.tooling.internal.consumer.versioning.VersionDetails$R48VersionDetails: loaded 3 times (x 80B)
Class org.gradle.tooling.model.BuildModel                                             : loaded 3 times (x 70B)
Class org.jetbrains.kotlin.idea.projectModel.ExtraFeatures                            : loaded 3 times (x 70B)
Class com.android.tools.idea.gradle.project.sync.BuildModelsAndMap                    : loaded 3 times (x 72B)
Class com.android.builder.model.v2.models.BasicTestSuite                              : loaded 3 times (x 70B)
Class [Lcom.android.tools.idea.gradle.model.IdeAaptOptions$Namespacing;               : loaded 3 times (x 69B)
Class com.android.tools.idea.gradle.model.impl.IdeDependencyCoreImpl                  : loaded 3 times (x 76B)
Class org.gradle.tooling.model.Task                                                   : loaded 3 times (x 70B)
Class com.intellij.openapi.util.Comparing                                             : loaded 3 times (x 71B)
Class io.opentelemetry.context.propagation.ContextPropagators                         : loaded 3 times (x 70B)
Class com.android.tools.idea.gradle.model.impl.IdeModuleSourceSet                     : loaded 3 times (x 70B)
Class org.gradle.tooling.model.java.InstalledJdk                                      : loaded 3 times (x 70B)
Class com.intellij.openapi.diagnostic.Logger$Factory                                  : loaded 3 times (x 70B)
Class com.android.tools.idea.gradle.model.IdeAndroidLibraryImpl$Companion             : loaded 3 times (x 71B)
Class com.android.tools.idea.gradle.model.IdeAndroidArtifactCore                      : loaded 3 times (x 70B)
Class com.android.tools.idea.gradle.model.impl.IdeApiVersionImpl                      : loaded 3 times (x 77B)
Class org.jetbrains.kotlin.idea.projectModel.KotlinTarget                             : loaded 3 times (x 70B)
Class io.opentelemetry.api.GlobalOpenTelemetry$ObfuscatedOpenTelemetry                : loaded 3 times (x 92B)
Class com.android.tools.idea.gradle.project.sync.ResolvedAndroidProjectPath           : loaded 3 times (x 70B)
Class com.android.tools.idea.gradle.model.IdeDependenciesCore                         : loaded 3 times (x 70B)
Class com.android.tools.idea.gradle.model.impl.IdeDependenciesImplKt                  : loaded 3 times (x 71B)
Class io.opentelemetry.api.internal.IncubatingUtil                                    : loaded 3 times (x 71B)
Class com.android.tools.idea.gradle.model.ResolverType                                : loaded 3 times (x 79B)
Class com.android.tools.idea.gradle.project.sync.AndroidProjectResult$Companion       : loaded 3 times (x 71B)
Class com.android.tools.idea.gradle.project.sync.AgpVersionIncompatible               : loaded 3 times (x 82B)
Class com.google.common.collect.SortedLists$KeyPresentBehavior$1                      : loaded 3 times (x 80B)
Class com.android.tools.idea.gradle.project.sync.ModelVersion                         : loaded 3 times (x 75B)
Class org.gradle.tooling.model.kotlin.dsl.EditorReportSeverity                        : loaded 3 times (x 79B)
Class org.jetbrains.kotlin.name.ClassId                                               : loaded 3 times (x 72B)
Class io.opentelemetry.context.propagation.TextMapPropagator                          : loaded 3 times (x 70B)
Class org.gradle.tooling.internal.consumer.connection.InternalPhasedActionAdapter     : loaded 3 times (x 78B)
Class io.opentelemetry.context.DefaultContextKey                                      : loaded 3 times (x 72B)
Class com.intellij.gradle.toolingExtension.impl.util.GradleTreeTraverserUtil          : loaded 3 times (x 71B)
Class com.android.tools.idea.gradle.model.impl.FileImplKt                             : loaded 3 times (x 71B)
Class com.intellij.gradle.toolingExtension.impl.modelAction.GradleDaemonModelHolder$ConvertedModel: loaded 3 times (x 72B)
Class org.gradle.tooling.internal.consumer.converters.EclipseExternalDependencyUnresolvedMixin: loaded 3 times (x 73B)
Class org.gradle.tooling.model.BuildableElement                                       : loaded 3 times (x 70B)
Class org.gradle.tooling.model.HasGradleProject                                       : loaded 3 times (x 70B)
Class org.gradle.tooling.internal.consumer.versioning.VersionDetails$R44VersionDetails: loaded 3 times (x 80B)
Class org.jetbrains.kotlin.idea.projectModel.KotlinPlatform                           : loaded 3 times (x 79B)
Class [Lcom.intellij.gradle.toolingExtension.modelAction.GradleModelFetchPhase;       : loaded 3 times (x 69B)
Class io.opentelemetry.context.ImplicitContextKeyed                                   : loaded 3 times (x 70B)
Class com.android.tools.idea.gradle.project.sync.ModuleId                             : loaded 3 times (x 72B)
Class com.android.tools.idea.gradle.model.IdeBuildType                                : loaded 3 times (x 70B)
Class com.android.tools.idea.gradle.project.sync.ArtifactRef                          : loaded 3 times (x 71B)
Class com.intellij.openapi.util.io.FileUtilRt$SymlinkResolver                         : loaded 3 times (x 70B)
Class com.android.tools.idea.gradle.model.IdeJavaLibraryImpl                          : loaded 3 times (x 92B)
Class com.android.tools.idea.gradle.model.IdeJavaCompileOptions                       : loaded 3 times (x 70B)
Class com.android.tools.idea.gradle.project.sync.ModelCacheV2ImplKt$modelCacheV2Impl$variantCoreFrom$9: loaded 3 times (x 125B)
Class com.android.tools.idea.gradle.project.sync.VariantSelectionChange               : loaded 3 times (x 72B)
Class com.android.tools.idea.gradle.model.IdeArtifactName$Companion                   : loaded 3 times (x 71B)
Class com.android.tools.idea.gradle.project.sync.InternedModels$nameLibraries$IdeModelAndReferenceAndIdentity: loaded 3 times (x 75B)
Class com.android.tools.idea.gradle.project.sync.GradleModulesKt                      : loaded 3 times (x 71B)
Class org.jetbrains.plugins.gradle.tooling.serialization.internal.IdeaProjectSerializationService$WriteContext$FilePathComparator: loaded 3 times (x 91B)
Class com.android.tools.idea.gradle.model.IdeAndroidLibraryImplKt                     : loaded 3 times (x 71B)
Class com.android.tools.idea.gradle.model.IdeArtifactLibrary                          : loaded 3 times (x 70B)
Class io.opentelemetry.context.ThreadLocalContextStorage$NoopScope                    : loaded 3 times (x 85B)
Class io.opentelemetry.context.ArrayBasedContext                                      : loaded 3 times (x 100B)
Class [Lio.opentelemetry.context.ThreadLocalContextStorage$NoopScope;                 : loaded 3 times (x 69B)
Class com.android.ide.gradle.model.builder.GradlePropertiesModelBuilder               : loaded 3 times (x 75B)
Class com.android.tools.idea.gradle.project.sync.MeasurementCheckpoint                : loaded 3 times (x 79B)
Class com.android.tools.idea.gradle.model.impl.IdeLintOptionsImpl                     : loaded 3 times (x 103B)
Class com.android.tools.idea.gradle.model.IdeSourceProviderContainer                  : loaded 3 times (x 70B)
Class com.google.common.collect.SortedLists$KeyPresentBehavior$2                      : loaded 3 times (x 80B)
Class org.jetbrains.plugins.gradle.model.DefaultGradleLightBuild                      : loaded 3 times (x 82B)
Class com.android.tools.idea.gradle.project.sync.Modules                              : loaded 3 times (x 71B)
Class com.android.builder.model.v2.ide.BasicTestSuiteArtifact                         : loaded 3 times (x 70B)
Class com.android.builder.model.v2.ide.TestSuiteTestInfo                              : loaded 3 times (x 70B)
Class com.android.tools.idea.gradle.model.impl.IdeUnresolvedLibraryTableImpl          : loaded 3 times (x 75B)
Class org.gradle.tooling.internal.consumer.connection.NestedActionAwareBuildControllerAdapter$1: loaded 3 times (x 76B)
Class org.gradle.tooling.model.build.BuildEnvironment                                 : loaded 3 times (x 70B)
Class io.opentelemetry.api.trace.DefaultTracerProvider                                : loaded 3 times (x 79B)
Class org.gradle.tooling.internal.consumer.converters.FixedBuildIdentifierProvider    : loaded 3 times (x 75B)
Class io.opentelemetry.context.ForwardingExecutorService                              : loaded 3 times (x 104B)
Class com.android.tools.idea.gradle.project.sync.HasBasicGradleProject                : loaded 3 times (x 70B)
Class org.jetbrains.plugins.gradle.tooling.serialization.internal.IdeaProjectSerializationService$1: loaded 3 times (x 76B)
Class org.jetbrains.plugins.gradle.model.GradleConvention                             : loaded 3 times (x 70B)
Class com.android.tools.idea.gradle.project.sync.LibraryIdentity$LibraryIdentityProvider: loaded 3 times (x 72B)
Class org.gradle.tooling.model.SourceDirectory                                        : loaded 3 times (x 70B)
Class com.intellij.openapi.util.io.FileUtilRt                                         : loaded 3 times (x 71B)
Class com.intellij.gradle.toolingExtension.impl.model.sourceSetModel.GradleSourceSetModelProvider: loaded 3 times (x 79B)
Class org.gradle.tooling.model.idea.IdeaSingleEntryLibraryDependency                  : loaded 3 times (x 70B)
Class org.gradle.tooling.model.ExternalDependency                                     : loaded 3 times (x 70B)
Class com.android.tools.idea.gradle.project.sync.ModelConsumerVersion                 : loaded 3 times (x 75B)
Class org.jetbrains.kotlin.idea.gradleTooling.KotlinDslScriptModelProvider            : loaded 3 times (x 79B)
Class org.gradle.kotlin.dsl.VersionCatalogAccessorsKt                                 : loaded 3 times (x 71B)
Class com.android.tools.idea.gradle.model.impl.IdeBuildImpl                           : loaded 3 times (x 76B)
Class [Lcom.android.tools.idea.gradle.model.IdeAndroidProjectType;                    : loaded 3 times (x 69B)
Class com.android.tools.idea.gradle.model.IdeBuildTasksAndOutputInformation           : loaded 3 times (x 70B)
Class com.android.tools.idea.gradle.model.IdeUnresolvedArtifactLibrary                : loaded 3 times (x 70B)
Class io.opentelemetry.api.trace.DefaultTracer$NoopSpanBuilder                        : loaded 3 times (x 91B)
Class com.android.tools.idea.gradle.project.sync.SyncProjectActionWorker$populateAndroidModels$3$1: loaded 3 times (x 125B)
Class com.android.tools.idea.gradle.project.sync.IdeAndroidModels                     : loaded 3 times (x 72B)
Class io.opentelemetry.api.trace.SpanContext                                          : loaded 3 times (x 70B)
Class com.android.tools.idea.gradle.model.IdeBasicVariant                             : loaded 3 times (x 70B)
Class com.android.tools.idea.gradle.model.impl.IdeJavaCompileOptionsImpl              : loaded 3 times (x 78B)
Class com.android.ide.common.gradle.Component                                         : loaded 3 times (x 72B)
Class org.jetbrains.plugins.gradle.tooling.serialization.internal.IdeaProjectSerializationService$TestResourceDirectoriesGetter: loaded 3 times (x 75B)
Class org.jetbrains.plugins.gradle.tooling.serialization.internal.IdeaProjectSerializationService$TargetBytecodeVersionGetter: loaded 3 times (x 75B)
Class org.jetbrains.plugins.gradle.tooling.serialization.internal.IdeaProjectSerializationService$2: loaded 3 times (x 77B)
Class com.android.tools.idea.gradle.project.sync.AllVariantsSyncActionOptions         : loaded 3 times (x 73B)
Class com.android.tools.idea.gradle.model.impl.IdeProductFlavorImpl                   : loaded 3 times (x 99B)
Class [Lcom.android.tools.idea.gradle.model.IdeTestOptions$Execution;                 : loaded 3 times (x 69B)
Class com.google.common.collect.SortedLists$KeyPresentBehavior$3                      : loaded 3 times (x 80B)
Class org.gradle.internal.impldep.com.google.common.base.Present                      : loaded 3 times (x 81B)
Class org.gradle.tooling.internal.consumer.connection.HasCompatibilityMapping         : loaded 3 times (x 73B)
Class org.gradle.tooling.internal.consumer.connection.InternalBuildActionAdapter      : loaded 3 times (x 80B)
Class com.intellij.gradle.toolingExtension.impl.util.GradleExecutorServiceUtil        : loaded 3 times (x 71B)
Class com.android.tools.idea.gradle.project.sync.VariantDependenciesCompat$AdjacencyList: loaded 3 times (x 72B)
Class com.android.tools.idea.gradle.model.impl.IdePrivacySandboxSdkInfoImpl           : loaded 3 times (x 80B)
Class io.opentelemetry.api.trace.SpanId                                               : loaded 3 times (x 71B)
Class com.intellij.gradle.toolingExtension.impl.model.taskModel.GradleTaskModelProvider: loaded 3 times (x 78B)
Class com.android.tools.idea.gradle.project.sync.AllKotlinModels                      : loaded 3 times (x 72B)
Class com.google.common.collect.SortedLists                                           : loaded 3 times (x 71B)
Class [Lcom.google.common.collect.SortedLists$KeyPresentBehavior;                     : loaded 3 times (x 69B)
Class com.google.common.collect.SortedLists$KeyPresentBehavior$4                      : loaded 3 times (x 80B)
Class org.gradle.tooling.internal.consumer.connection.ParameterAwareBuildControllerAdapter: loaded 3 times (x 101B)
Class io.opentelemetry.context.propagation.DefaultContextPropagators                  : loaded 3 times (x 75B)
Class io.opentelemetry.context.ContextStorageWrappers                                 : loaded 3 times (x 71B)
Class io.opentelemetry.context.LazyStorage                                            : loaded 3 times (x 71B)
Class com.android.tools.idea.gradle.project.sync.ModelConverter                       : loaded 3 times (x 71B)
Class com.android.tools.idea.gradle.project.sync.SyncActionRunnerKt$toMeasuringController$1: loaded 3 times (x 86B)
Class com.google.common.collect.TreeRangeSet$AsRanges                                 : loaded 3 times (x 149B)
Class com.android.tools.idea.gradle.project.sync.AndroidModule$NativeModelVersion     : loaded 3 times (x 79B)
Class com.android.tools.idea.gradle.project.sync.IdeModelWithPostProcessor            : loaded 3 times (x 72B)
Class com.android.tools.idea.gradle.model.impl.IdeModuleWellKnownSourceSet$Companion  : loaded 3 times (x 71B)
Class com.android.tools.idea.gradle.project.sync.NativeVariantAbiResult$None          : loaded 3 times (x 71B)
Class com.android.tools.idea.gradle.project.sync.VariantSelectionChange$Companion     : loaded 3 times (x 71B)
Class com.android.builder.model.NativeAndroidProject                                  : loaded 3 times (x 70B)
Class org.gradle.tooling.model.idea.IdeaJavaLanguageSettings                          : loaded 3 times (x 70B)
Class org.jetbrains.plugins.gradle.tooling.serialization.internal.IdeaProjectSerializationService$3: loaded 3 times (x 77B)
Class com.android.tools.idea.gradle.model.IdeAndroidLibrary                           : loaded 3 times (x 70B)
Class org.jetbrains.plugins.gradle.tooling.serialization.internal.adapter.kotlin.dsl.InternalKotlinDslScriptsModel: loaded 3 times (x 76B)
Class [Lcom.android.tools.idea.gradle.project.sync.AndroidModule$NativeModelVersion;  : loaded 3 times (x 69B)
Class com.android.tools.idea.gradle.model.impl.IdeAaptOptionsImpl                     : loaded 3 times (x 75B)
Class org.gradle.tooling.internal.adapter.ProtocolToModelAdapter$ChainedMethodInvoker : loaded 3 times (x 76B)
Class org.gradle.tooling.internal.consumer.converters.IdeaProjectJavaLanguageSettingsMixin: loaded 3 times (x 73B)
Class com.android.tools.idea.gradle.project.sync.BuildInfo                            : loaded 3 times (x 72B)
Class com.android.tools.idea.gradle.project.sync.ModelCacheV2ImplKt                   : loaded 3 times (x 71B)
Class com.android.tools.idea.gradle.model.IdeSigningConfig                            : loaded 3 times (x 70B)
Class com.android.tools.idea.gradle.model.IdeLibrary                                  : loaded 3 times (x 70B)
Class com.android.ide.gradle.model.impl.GradlePluginModelImpl                         : loaded 3 times (x 76B)
Class com.android.ide.gradle.model.dependencies.DeclaredDependenciesImpl              : loaded 3 times (x 76B)
Class org.gradle.tooling.internal.consumer.versioning.VersionDetails$R26VersionDetails: loaded 3 times (x 80B)
Class com.android.ide.gradle.model.composites.BuildMapImpl                            : loaded 3 times (x 75B)
Class com.android.tools.idea.gradle.project.sync.SelectedVariants                     : loaded 3 times (x 72B)
Class com.intellij.gradle.toolingExtension.impl.modelSerialization.ToolingSerializer$1: loaded 3 times (x 76B)
Class com.android.tools.idea.gradle.project.sync.IdeModelFactoryV2Kt                  : loaded 3 times (x 71B)
Class com.android.tools.idea.gradle.model.IdeBuild                                    : loaded 3 times (x 70B)
Class com.android.tools.idea.gradle.project.sync.ModelCache                           : loaded 3 times (x 70B)
Class com.android.tools.idea.gradle.model.impl.IdeDependenciesCoreImpl                : loaded 3 times (x 70B)
Class com.android.tools.idea.gradle.project.sync.AndroidProjectPathResolver           : loaded 3 times (x 70B)
Class com.android.tools.idea.gradle.project.sync.VariantDiscovery$prepareRequestedOrDefaultModuleConfigurations$$inlined$sortedBy$1: loaded 3 times (x 89B)
Class com.android.tools.idea.gradle.model.impl.IdeVariantCoreSerializable             : loaded 3 times (x 70B)
Class com.android.builder.model.v2.models.ndk.NativeBuildSystem                       : loaded 3 times (x 79B)
Class com.android.tools.idea.gradle.model.IdeArtifactName$Companion$WhenMappings      : loaded 3 times (x 71B)
Class com.android.tools.idea.gradle.model.IdeCompositeBuildMap                        : loaded 3 times (x 70B)
Class org.gradle.tooling.model.cpp.CppBinary                                          : loaded 3 times (x 70B)
Class [Lio.opentelemetry.context.ThreadLocalContextStorage;                           : loaded 3 times (x 69B)
Class com.android.tools.idea.gradle.project.sync.VariantNameResolutionKt              : loaded 3 times (x 71B)
Class com.android.ide.gradle.model.artifacts.builder.AdditionalClassifierArtifactsModelBuilder: loaded 3 times (x 79B)
Class kotlin.coroutines.jvm.internal.CoroutineDumpState                               : loaded 3 times (x 71B)
Class org.gradle.tooling.model.idea.IdeaContentRoot                                   : loaded 3 times (x 70B)
Class com.android.tools.idea.gradle.model.IdeArtifactName                             : loaded 3 times (x 79B)
Class [Lcom.android.builder.model.v2.models.SourceType;                               : loaded 3 times (x 69B)
Class org.jetbrains.plugins.gradle.tooling.serialization.internal.IdeaProjectSerializationService$JdkGetter: loaded 3 times (x 75B)
Class org.jetbrains.plugins.gradle.tooling.serialization.internal.IdeaProjectSerializationService$ResourceDirectoriesGetter: loaded 3 times (x 75B)
Class com.google.common.collect.SortedLists$KeyPresentBehavior$5                      : loaded 3 times (x 80B)
Class com.google.common.collect.ComparisonChain$InactiveComparisonChain               : loaded 3 times (x 80B)
Class org.jetbrains.plugins.gradle.model.FilePatternSet                               : loaded 3 times (x 70B)
Class org.jetbrains.plugins.gradle.model.GradleLightProject                           : loaded 3 times (x 70B)
Class io.opentelemetry.api.trace.SpanContextKey                                       : loaded 3 times (x 71B)
Class com.android.tools.idea.gradle.project.sync.AdditionalClassifierArtifactsActionOptions: loaded 3 times (x 72B)
Class com.intellij.openapi.util.Pair                                                  : loaded 3 times (x 72B)
Class com.google.common.collect.ComparisonChain$1                                     : loaded 3 times (x 81B)
Class com.android.tools.idea.gradle.model.LibraryReference                            : loaded 3 times (x 72B)
Class com.android.tools.idea.gradle.model.IdeAaptOptions                              : loaded 3 times (x 70B)
Class com.android.builder.model.v2.ide.TestSuite                                      : loaded 3 times (x 70B)
Class com.google.common.collect.SortedLists$KeyAbsentBehavior$1                       : loaded 3 times (x 80B)
Class com.android.tools.idea.gradle.model.IdeAndroidProjectType                       : loaded 3 times (x 79B)
Class com.android.tools.idea.gradle.project.sync.ModelCacheV2ImplKt$modelCacheV2Impl$variantCoreFrom$15: loaded 3 times (x 125B)
Class org.jetbrains.kotlin.idea.gradleTooling.IdeaKpmProjectProvider                  : loaded 3 times (x 78B)
Class com.android.tools.idea.gradle.project.sync.ModelResult$Context                  : loaded 3 times (x 70B)
Class com.android.tools.idea.gradle.project.sync.DeliverableGradleModule$ModelConsumer: loaded 3 times (x 72B)
Class com.android.ide.gradle.model.dependencies.DeclaredDependenciesModelBuilder      : loaded 3 times (x 75B)
Class org.gradle.tooling.internal.consumer.versioning.VersionDetails$R35VersionDetails: loaded 3 times (x 80B)
Class com.android.ide.gradle.model.impl.GradlePluginModelImpl$Companion               : loaded 3 times (x 71B)
Class org.jetbrains.kotlin.idea.gradleTooling.IdeaKotlinDependenciesContainer         : loaded 3 times (x 70B)
Class com.intellij.gradle.toolingExtension.impl.util.GradleExecutorServiceUtil$SimpleThreadFactory: loaded 3 times (x 75B)
Class com.intellij.platform.diagnostic.telemetry.rt.context.TelemetryContextGetter    : loaded 3 times (x 75B)
Class org.jetbrains.plugins.gradle.model.ProjectImportModelProvider$GradleModelConsumer$1: loaded 3 times (x 77B)
Class org.jetbrains.plugins.gradle.tooling.serialization.internal.IdeaProjectSerializationService$6: loaded 3 times (x 76B)
Class com.android.tools.idea.gradle.project.sync.AndroidExtraModelProviderKt$flattenDag$2: loaded 3 times (x 95B)
Class [Lcom.android.tools.idea.gradle.model.ClasspathType;                            : loaded 3 times (x 69B)
Class [Lcom.android.builder.model.v2.models.ndk.NativeBuildSystem;                    : loaded 3 times (x 69B)
Class com.android.tools.idea.gradle.model.IdeVariantBuildInformation                  : loaded 3 times (x 70B)
Class [Lcom.android.tools.idea.gradle.model.IdeArtifactName;                          : loaded 3 times (x 69B)
Class com.google.common.collect.SortedLists$KeyAbsentBehavior$2                       : loaded 3 times (x 80B)
Class com.google.common.collect.Cut$AboveAll                                          : loaded 3 times (x 88B)
Class com.android.tools.idea.gradle.model.IdeUnknownLibrary                           : loaded 3 times (x 70B)
Class com.android.tools.idea.gradle.project.sync.LibraryIdentity$LibraryIdentityProvider$special$$inlined$compareBy$1: loaded 3 times (x 90B)
Class com.android.tools.idea.gradle.model.IdeVariantHeader                            : loaded 3 times (x 70B)
Class com.android.tools.idea.gradle.project.sync.SyncCounters                         : loaded 3 times (x 72B)
Class org.jetbrains.plugins.gradle.model.DefaultBuildController                       : loaded 3 times (x 98B)
Class com.android.tools.idea.gradle.project.sync.GradleInjectedSyncActionRunner       : loaded 3 times (x 70B)
Class io.opentelemetry.api.trace.Tracer                                               : loaded 3 times (x 70B)
Class org.gradle.tooling.model.gradle.ProjectPublications                             : loaded 3 times (x 70B)
Class com.intellij.gradle.toolingExtension.modelProvider.GradleClassBuildModelProvider: loaded 3 times (x 80B)
Class org.gradle.tooling.model.eclipse.HierarchicalEclipseProject                     : loaded 3 times (x 70B)
Class io.opentelemetry.api.trace.TraceState                                           : loaded 3 times (x 70B)
Class org.gradle.tooling.internal.adapter.ProtocolToModelAdapter$TypeSpecificMappingAction: loaded 3 times (x 81B)
Class org.gradle.tooling.model.eclipse.EclipseExternalDependency                      : loaded 3 times (x 70B)
Class org.jetbrains.kotlin.idea.projectModel.KotlinTargetJar                          : loaded 3 times (x 70B)
Class com.android.ide.gradle.model.builder.LegacyV1AgpVersionModelBuilder             : loaded 3 times (x 75B)
Class com.android.tools.idea.gradle.project.sync.ModelProviderCachedData              : loaded 3 times (x 72B)
Class com.android.tools.idea.gradle.model.IdeApiVersion                               : loaded 3 times (x 70B)
Class com.android.tools.idea.gradle.project.sync.SyncTestMode                         : loaded 3 times (x 79B)
Class org.jetbrains.plugins.gradle.model.ExternalSourceDirectorySet                   : loaded 3 times (x 70B)
Class com.android.tools.idea.gradle.project.sync.ModelCacheV2ImplKt$modelCacheV2Impl$variantCoreFrom$12: loaded 3 times (x 125B)
Class com.android.tools.idea.gradle.project.sync.ModelResult$Companion                : loaded 3 times (x 71B)
Class org.jetbrains.plugins.gradle.tooling.serialization.internal.IdeaProjectSerializationService$7: loaded 3 times (x 76B)
Class com.android.tools.idea.gradle.project.sync.DeliverableJavaModule                : loaded 3 times (x 76B)
Class com.intellij.openapi.util.io.FileUtil                                           : loaded 3 times (x 71B)
Class com.android.tools.idea.gradle.project.sync.AndroidProjectResultKt               : loaded 3 times (x 71B)
Class com.android.tools.idea.gradle.project.sync.ModuleConfiguration                  : loaded 3 times (x 72B)
Class com.android.builder.model.v2.ide.TestSuiteArtifact                              : loaded 3 times (x 70B)
Class com.google.common.collect.SortedLists$KeyAbsentBehavior$3                       : loaded 3 times (x 80B)
Class com.android.tools.idea.gradle.model.IdePrivacySandboxSdkInfo                    : loaded 3 times (x 70B)
Class com.intellij.gradle.toolingExtension.impl.modelAction.GradleDaemonModelHolder$1 : loaded 3 times (x 78B)
Class com.android.builder.model.AndroidProject                                        : loaded 3 times (x 70B)
Class io.opentelemetry.api.trace.ArrayBasedTraceState                                 : loaded 3 times (x 86B)
Class io.opentelemetry.context.ContextKey                                             : loaded 3 times (x 70B)
Class io.opentelemetry.context.propagation.TextMapSetter                              : loaded 3 times (x 70B)
Class com.android.tools.idea.gradle.project.sync.AndroidExtraModelProviderImpl        : loaded 3 times (x 72B)
Class com.android.ide.gradle.model.composites.BuildMapModelBuilder                    : loaded 3 times (x 75B)
Class com.google.common.collect.TreeRangeSet                                          : loaded 3 times (x 115B)
Class com.android.tools.idea.gradle.model.IdeAaptOptions$Namespacing                  : loaded 3 times (x 79B)
Class com.android.tools.idea.gradle.project.sync.DefaultVariantsKt$getDefaultVariant$$inlined$thenBy$2: loaded 3 times (x 90B)
Class com.android.tools.idea.gradle.model.impl.IdeAndroidProjectImpl                  : loaded 3 times (x 107B)
Class com.android.tools.idea.gradle.project.sync.VariantDiscovery                     : loaded 3 times (x 72B)
Class com.android.tools.idea.gradle.project.sync.DependencyGraphCompat                : loaded 3 times (x 71B)
Class com.android.tools.idea.gradle.project.sync.AndroidSdkBootClasspathUtilKt        : loaded 3 times (x 71B)
Class com.android.tools.idea.gradle.model.impl.IdeVariantCoreImpl                     : loaded 3 times (x 108B)
Class com.android.tools.idea.gradle.model.impl.IdeExtraSourceProviderImpl             : loaded 3 times (x 76B)
Class com.android.tools.idea.gradle.project.sync.AgpVersionTooOld                     : loaded 3 times (x 82B)
Class org.gradle.tooling.internal.consumer.converters.ConsumerTargetTypeProvider      : loaded 3 times (x 76B)
Class com.google.common.collect.Cut$BelowValue                                        : loaded 3 times (x 88B)
Class org.jetbrains.plugins.gradle.tooling.serialization.internal.IdeaProjectSerializationService$8: loaded 3 times (x 76B)
Class com.intellij.openapi.util.io.FileUtil$1                                         : loaded 3 times (x 77B)
Class com.google.common.collect.Iterators$PeekingImpl                                 : loaded 3 times (x 89B)
Class com.android.tools.idea.gradle.project.sync.JavaModule                           : loaded 3 times (x 78B)
Class com.android.tools.idea.gradle.project.sync.DefaultVariantsKt$getDefaultVariant$$inlined$thenBy$1: loaded 3 times (x 90B)
Class com.android.builder.model.v2.models.TestSuiteDependenciesAdjacencyList          : loaded 3 times (x 70B)
Class com.intellij.gradle.toolingExtension.impl.modelSerialization.ToolingSerializer  : loaded 3 times (x 72B)
Class [Lcom.android.tools.idea.gradle.model.impl.IdeModuleSourceSet;                  : loaded 3 times (x 69B)
Class io.opentelemetry.api.trace.TraceId                                              : loaded 3 times (x 71B)
Class org.gradle.tooling.model.eclipse.EclipseProject                                 : loaded 3 times (x 70B)
Class org.jetbrains.kotlin.idea.projectModel.KotlinTarget$Companion                   : loaded 3 times (x 71B)
Class com.android.ide.gradle.model.dependencies.DeclaredDependenciesModelBuilderKt    : loaded 3 times (x 71B)
Class org.gradle.tooling.internal.adapter.ProtocolToModelAdapter$ClassMixInMethodInvoker: loaded 3 times (x 76B)
Class com.android.tools.idea.gradle.model.IdeBaseArtifactCore                         : loaded 3 times (x 70B)
Class com.android.tools.idea.gradle.model.IdeViewBindingOptions                       : loaded 3 times (x 70B)
Class com.android.tools.idea.gradle.project.sync.SyncProjectActionWorker$populateAndroidModels$2$variantDiscovery$1: loaded 3 times (x 78B)
Class com.android.tools.idea.gradle.model.impl.IdeUnresolvedLibraryTable              : loaded 3 times (x 70B)
Class com.android.builder.model.v2.ide.TestSuiteTarget                                : loaded 3 times (x 70B)
Class com.android.ide.gradle.model.builder.GradlePluginModelBuilder                   : loaded 3 times (x 75B)
Class org.jetbrains.kotlin.gradle.idea.tcs.IdeaKotlinDependencyCoordinates            : loaded 3 times (x 70B)
Class com.intellij.gradle.toolingExtension.impl.model.sourceSetDependencyModel.GradleSourceSetDependencyModelProvider: loaded 3 times (x 79B)
Class com.intellij.gradle.toolingExtension.model.repositoryModel.RepositoryModel      : loaded 3 times (x 70B)
Class org.jetbrains.kotlin.gradle.idea.kpm.IdeaKpmProjectContainer                    : loaded 3 times (x 70B)
Class com.android.tools.idea.gradle.project.sync.IndexedModels                        : loaded 3 times (x 72B)
Class com.android.builder.model.v2.models.TestSuiteSource                             : loaded 3 times (x 70B)
Class com.intellij.openapi.util.io.FileUtil$2                                         : loaded 3 times (x 82B)
Class com.android.tools.idea.gradle.model.IdeUnresolvedUnknownLibrary                 : loaded 3 times (x 70B)
Class com.android.tools.idea.gradle.model.IdeBuildTypeContainer                       : loaded 3 times (x 70B)
Class com.android.tools.idea.gradle.model.IdeAndroidProject                           : loaded 3 times (x 70B)
Class com.android.tools.idea.gradle.model.impl.IdeJavaArtifactCoreImpl                : loaded 3 times (x 91B)
Class org.gradle.tooling.internal.consumer.converters.IncludedBuildsMixin             : loaded 3 times (x 74B)
Class io.opentelemetry.api.internal.ImmutableSpanContext                              : loaded 3 times (x 91B)
Class io.opentelemetry.context.Scope                                                  : loaded 3 times (x 70B)
Class org.gradle.tooling.model.kotlin.dsl.EditorPosition                              : loaded 3 times (x 70B)
Class com.android.tools.idea.gradle.model.IdePreResolvedModuleLibrary                 : loaded 3 times (x 70B)
Class org.jetbrains.kotlin.name.FqNameUnsafe$1                                        : loaded 3 times (x 74B)
Class com.intellij.gradle.toolingExtension.impl.modelAction.GradleDaemonModelHolder   : loaded 3 times (x 76B)
Class io.opentelemetry.api.GlobalOpenTelemetry                                        : loaded 3 times (x 71B)
Class org.gradle.tooling.model.kotlin.dsl.EditorReport                                : loaded 3 times (x 70B)
Class com.android.tools.idea.gradle.model.IdeBaseConfig                               : loaded 3 times (x 70B)
Class com.android.tools.idea.gradle.project.sync.GradleModelCollection                : loaded 3 times (x 70B)
Class com.android.tools.idea.gradle.project.sync.StandaloneDeliverableModel$Companion : loaded 3 times (x 71B)
Class com.android.tools.idea.gradle.project.sync.AgpCompatibilityKt                   : loaded 3 times (x 71B)
Class io.opentelemetry.api.trace.DefaultTracer                                        : loaded 3 times (x 74B)
Class org.gradle.tooling.internal.adapter.ProtocolToModelAdapter$2                    : loaded 3 times (x 78B)
Class io.opentelemetry.api.internal.OtelEncodingUtils                                 : loaded 3 times (x 71B)
Class org.gradle.tooling.internal.consumer.converters.IdeaModuleDependencyTargetNameMixin: loaded 3 times (x 73B)
Class com.android.tools.idea.gradle.project.sync.AgpVersionsMismatch                  : loaded 3 times (x 82B)
Class [Lcom.android.tools.idea.gradle.project.sync.ModelFeature;                      : loaded 3 times (x 69B)
Class com.android.tools.idea.gradle.project.sync.ModelCache$V2                        : loaded 3 times (x 70B)
Class kotlin.jvm.internal.FunctionAdapter                                             : loaded 3 times (x 70B)
Class com.android.tools.idea.gradle.model.impl.IdeSourceProviderContainerImpl         : loaded 3 times (x 76B)
Class com.android.tools.idea.gradle.project.sync.BasicModulesKt                       : loaded 3 times (x 71B)
Class com.android.tools.idea.gradle.project.upgrade.AndroidGradlePluginCompatibility  : loaded 3 times (x 79B)
Class com.google.common.collect.Cut$AboveValue                                        : loaded 3 times (x 88B)
Class com.android.ide.common.gradle.Module$Companion                                  : loaded 3 times (x 71B)
Class com.android.tools.idea.gradle.project.sync.ModelVersions                        : loaded 3 times (x 72B)
Class io.opentelemetry.context.ContextStorageProvider                                 : loaded 3 times (x 70B)
Class io.opentelemetry.api.trace.ArrayBasedTraceStateBuilder                          : loaded 3 times (x 77B)
Class com.android.tools.idea.gradle.project.sync.SyncProjectActionOptions             : loaded 3 times (x 73B)
Class org.gradle.tooling.BuildController                                              : loaded 3 times (x 70B)
Class org.gradle.tooling.internal.consumer.connection.ToolingParameterProxy           : loaded 3 times (x 76B)
Class com.android.tools.idea.gradle.project.sync.VariantDef                           : loaded 3 times (x 72B)
Class com.android.tools.idea.gradle.project.sync.ClasspathIdentifier                  : loaded 3 times (x 72B)
Class com.android.tools.idea.gradle.project.sync.VariantDiscovery$toTraverseAction$1$1$moduleDependencies$1: loaded 3 times (x 125B)
Class com.intellij.gradle.toolingExtension.modelProvider.GradleClassProjectModelProvider: loaded 3 times (x 80B)
Class [Lio.opentelemetry.api.trace.ImmutableTraceFlags;                               : loaded 3 times (x 69B)
Class io.opentelemetry.api.trace.AutoValue_ArrayBasedTraceState                       : loaded 3 times (x 87B)
Class com.android.tools.idea.gradle.model.impl.FileImpl                               : loaded 3 times (x 121B)
Class com.android.tools.idea.gradle.model.IdeVectorDrawablesOptions                   : loaded 3 times (x 70B)
Class com.android.tools.idea.gradle.model.IdeSourceProvider                           : loaded 3 times (x 72B)
Class com.android.tools.idea.gradle.model.IdeTestOptions                              : loaded 3 times (x 70B)
Class com.intellij.openapi.diagnostic.DefaultLogger                                   : loaded 3 times (x 101B)
Class com.intellij.openapi.diagnostic.Attachment                                      : loaded 3 times (x 72B)
Class com.android.tools.idea.gradle.model.ndk.v1.IdeNativeVariantAbi                  : loaded 3 times (x 70B)
Class com.android.tools.idea.gradle.project.sync.GradleProject$ModelConsumer          : loaded 3 times (x 72B)
Class com.android.tools.idea.gradle.project.sync.ModelCacheV2ImplKt$modelCacheV2Impl$createFromDependencies$1$LibraryWithDependencies: loaded 3 times (x 72B)
Class com.android.tools.idea.gradle.model.impl.IdeViewBindingOptionsImpl              : loaded 3 times (x 74B)
Class org.gradle.tooling.model.gradle.BasicGradleProject                              : loaded 3 times (x 70B)
Class com.android.tools.idea.gradle.project.sync.HasLintJar                           : loaded 3 times (x 70B)
Class org.jetbrains.plugins.gradle.tooling.serialization.internal.IdeaProjectSerializationService$11: loaded 3 times (x 76B)
Class io.opentelemetry.api.trace.TracerProvider                                       : loaded 3 times (x 70B)
Class com.android.tools.idea.gradle.model.ndk.v1.IdeNativeAndroidProject              : loaded 3 times (x 70B)
Class org.gradle.tooling.model.internal.Exceptions                                    : loaded 3 times (x 71B)
Class org.gradle.tooling.UnsupportedVersionException                                  : loaded 3 times (x 83B)
Class com.android.tools.idea.gradle.project.sync.LibraryIdentity$LibraryIdentityProvider$special$$inlined$thenBy$1: loaded 3 times (x 90B)
Class com.intellij.gradle.toolingExtension.impl.model.buildScriptClasspathModel.GradleBuildScriptClasspathModelProvider: loaded 3 times (x 79B)
Class com.android.tools.idea.gradle.project.sync.AndroidProjectResult$V2Project       : loaded 3 times (x 77B)
Class com.intellij.gradle.toolingExtension.impl.modelAction.GradleModelFetchAction    : loaded 3 times (x 86B)
Class com.android.ide.gradle.model.builder.AndroidStudioToolingPluginKt               : loaded 3 times (x 71B)
Class org.jetbrains.plugins.gradle.model.ProjectImportModelProvider$GradleModelConsumer: loaded 3 times (x 70B)
Class com.android.tools.idea.gradle.project.sync.ModelFeature                         : loaded 3 times (x 79B)
Class com.android.tools.idea.gradle.model.impl.IdeBuildTypeImpl                       : loaded 3 times (x 92B)
Class com.android.tools.idea.gradle.model.impl.IdeAndroidArtifactCoreImpl             : loaded 3 times (x 104B)
Class com.android.tools.idea.gradle.project.sync.ArtifactDependenciesCompat           : loaded 3 times (x 72B)
Class org.jetbrains.plugins.gradle.tooling.serialization.internal.IdeaProjectSerializationService$10: loaded 3 times (x 76B)
Class com.android.tools.idea.gradle.project.sync.VariantSelectionKt                   : loaded 3 times (x 71B)
Class com.intellij.gradle.toolingExtension.impl.telemetry.GradleOpenTelemetry         : loaded 3 times (x 72B)
Class org.gradle.tooling.BuildAction                                                  : loaded 3 times (x 70B)
Class com.google.common.cache.LocalCache                                              : loaded 2 times (x 187B)
Class com.google.common.collect.MapMakerInternalMap$WeakValueReference                : loaded 2 times (x 70B)
Class com.google.common.cache.RemovalCause$2                                          : loaded 2 times (x 80B)
Class kotlin.jvm.functions.Function3                                                  : loaded 2 times (x 70B)
Class org.gradle.internal.classpath.DefaultClassPath$ImmutableUniqueList$Builder      : loaded 2 times (x 75B)
Class com.google.common.collect.ImmutableMap                                          : loaded 2 times (x 120B)
Class com.google.common.cache.CacheBuilder$1                                          : loaded 2 times (x 85B)
Class [Lcom.google.common.cache.LocalCache$Strength;                                  : loaded 2 times (x 69B)
Class [Lcom.google.common.cache.LocalCache$Segment;                                   : loaded 2 times (x 69B)
Class org.jetbrains.org.objectweb.asm.tree.IincInsnNode                               : loaded 2 times (x 78B)
Class org.jetbrains.org.objectweb.asm.tree.MultiANewArrayInsnNode                     : loaded 2 times (x 79B)
Class com.google.common.cache.RemovalCause$3                                          : loaded 2 times (x 80B)
Class org.jetbrains.kotlin.config.LanguageVersion                                     : loaded 2 times (x 91B)
Class org.jetbrains.kotlin.cli.common.arguments.K2JVMCompilerArguments                : loaded 2 times (x 81B)
Class com.google.common.collect.ArrayListMultimap                                     : loaded 2 times (x 172B)
Class com.google.common.cache.CacheBuilder$3                                          : loaded 2 times (x 72B)
Class [Lcom.google.common.collect.AbstractMapEntry;                                   : loaded 2 times (x 69B)
Class com.google.common.collect.ImmutableEntry                                        : loaded 2 times (x 82B)
Class jdk.internal.jimage.ImageStrings                                                : loaded 2 times (x 70B)
Class com.google.common.cache.RemovalCause$1                                          : loaded 2 times (x 80B)
Class [Lorg.jetbrains.kotlin.load.kotlin.header.KotlinClassHeader$Kind;               : loaded 2 times (x 69B)
Class com.google.common.base.Ticker                                                   : loaded 2 times (x 72B)
Class org.objectweb.asm.Handler                                                       : loaded 2 times (x 72B)
Class com.google.common.collect.Sets                                                  : loaded 2 times (x 71B)
Class com.google.common.base.Strings                                                  : loaded 2 times (x 71B)
Class com.google.common.collect.MapMakerInternalMap                                   : loaded 2 times (x 161B)
Class org.jetbrains.org.objectweb.asm.tree.TypeInsnNode                               : loaded 2 times (x 78B)
Class sync_studio_tooling8_64hrzdhqhiqe237gnvzc3swfe                                  : loaded 2 times (x 179B)
Class jdk.internal.jimage.decompressor.ZipDecompressor                                : loaded 2 times (x 75B)
Class Settings_gradle                                                                 : loaded 2 times (x 128B)
Class com.google.common.util.concurrent.AbstractFuture$Waiter                         : loaded 2 times (x 72B)
Class com.google.common.collect.ImmutableList$SerializedForm                          : loaded 2 times (x 73B)
Class org.gradle.internal.classloader.VisitableURLClassLoader                         : loaded 2 times (x 117B)
Class com.google.common.base.Supplier                                                 : loaded 2 times (x 70B)
Class org.objectweb.asm.Attribute                                                     : loaded 2 times (x 77B)
Class Settings_gradle$1$1                                                             : loaded 2 times (x 74B)
Class com.google.common.util.concurrent.AbstractFuture$Listener                       : loaded 2 times (x 72B)
Class org.objectweb.asm.RecordComponentWriter                                         : loaded 2 times (x 78B)
Class com.google.common.io.LineProcessor                                              : loaded 2 times (x 70B)
Class com.google.common.io.Closer$Suppressor                                          : loaded 2 times (x 70B)
Class com.google.common.collect.Interners                                             : loaded 2 times (x 71B)
Class com.google.common.collect.ImmutableMultisetGwtSerializationDependencies         : loaded 2 times (x 125B)
Class org.jetbrains.kotlin.load.kotlin.header.KotlinClassHeader$Kind$Companion        : loaded 2 times (x 71B)
Class com.google.common.cache.CacheStats                                              : loaded 2 times (x 71B)
Class org.jetbrains.org.objectweb.asm.tree.LocalVariableAnnotationNode                : loaded 2 times (x 81B)
Class org.jetbrains.org.objectweb.asm.SymbolTable$Entry                               : loaded 2 times (x 74B)
Class org.jetbrains.kotlin.metadata.deserialization.BinaryVersion                     : loaded 2 times (x 74B)
Class com.google.common.cache.RemovalCause$4                                          : loaded 2 times (x 80B)
Class org.apache.commons.io.StandardLineSeparator                                     : loaded 2 times (x 79B)
Class com.google.common.base.Suppliers$MemoizingSupplier                              : loaded 2 times (x 79B)
Class com.google.common.collect.CollectPreconditions                                  : loaded 2 times (x 71B)
Class org.objectweb.asm.AnnotationWriter                                              : loaded 2 times (x 79B)
Class com.google.common.io.ByteSource$EmptyByteSource                                 : loaded 2 times (x 85B)
Class org.jetbrains.org.objectweb.asm.tree.AbstractInsnNode                           : loaded 2 times (x 78B)
Class org.gradle.internal.classloader.ClassLoaderSpec                                 : loaded 2 times (x 71B)
Class com.google.common.collect.RegularImmutableMap$Values                            : loaded 2 times (x 207B)
Class com.google.common.base.CharMatcher$Ascii                                        : loaded 2 times (x 112B)
Class com.google.common.io.Closer                                                     : loaded 2 times (x 78B)
Class com.google.common.io.Java8Compatibility                                         : loaded 2 times (x 71B)
Class com.google.common.collect.Sets$FilteredSet                                      : loaded 2 times (x 137B)
Class org.objectweb.asm.Symbol                                                        : loaded 2 times (x 73B)
Class com.google.common.base.AbstractIterator                                         : loaded 2 times (x 80B)
Class com.google.common.reflect.Types$ClassOwnership                                  : loaded 2 times (x 80B)
Class [Lorg.jetbrains.kotlin.build.report.metrics.GradleBuildTime;                    : loaded 2 times (x 69B)
Class jdk.internal.jimage.decompressor.ZipDecompressorFactory                         : loaded 2 times (x 74B)
Class org.gradle.internal.classpath.DefaultClassPath                                  : loaded 2 times (x 90B)
Class org.jetbrains.org.objectweb.asm.tree.InvokeDynamicInsnNode                      : loaded 2 times (x 78B)
Class com.google.common.cache.RemovalCause$5                                          : loaded 2 times (x 80B)
Class com.google.common.collect.Maps$AbstractFilteredMap                              : loaded 2 times (x 127B)
Class [Lcom.google.common.collect.MapMakerInternalMap$Strength;                       : loaded 2 times (x 69B)
Class [Lcom.google.common.io.FileWriteMode;                                           : loaded 2 times (x 69B)
Class com.google.common.collect.SortedMapDifference                                   : loaded 2 times (x 70B)
Class Build_gradle$1$1                                                                : loaded 2 times (x 78B)
Class org.gradle.internal.classloader.VisitableURLClassLoader$Spec                    : loaded 2 times (x 74B)
Class com.google.common.math.IntMath$1                                                : loaded 2 times (x 71B)
Class [Lcom.google.common.cache.CacheBuilder$NullListener;                            : loaded 2 times (x 69B)
Class org.objectweb.asm.ByteVector                                                    : loaded 2 times (x 79B)
Class com.google.common.io.Files$FileByteSink                                         : loaded 2 times (x 77B)
Class com.google.common.collect.MapMakerInternalMap$StrongKeyDummyValueEntry$Helper   : loaded 2 times (x 79B)
Class org.apache.commons.io.FileUtils                                                 : loaded 2 times (x 71B)
Class org.gradle.kotlin.dsl.Accessors6ijptz36i787i38pli2t3331aKt                      : loaded 2 times (x 71B)
Class org.gradle.kotlin.dsl.AndroidTestImplementationConfigurationAccessorsKt         : loaded 2 times (x 71B)
Class org.gradle.internal.classloader.VisitableURLClassLoader$InstrumentingVisitableURLClassLoader: loaded 2 times (x 123B)
Class org.objectweb.asm.Type                                                          : loaded 2 times (x 72B)
Class com.google.common.graph.SuccessorsFunction                                      : loaded 2 times (x 70B)
Class org.jetbrains.kotlin.config.JVMAssertionsMode                                   : loaded 2 times (x 79B)
Class [Lorg.jetbrains.kotlin.config.JVMAssertionsMode;                                : loaded 2 times (x 69B)
Class kotlin.UNINITIALIZED_VALUE                                                      : loaded 2 times (x 71B)
Class org.jetbrains.kotlin.metadata.deserialization.BinaryVersion$Companion           : loaded 2 times (x 71B)
Class [Lorg.jetbrains.org.objectweb.asm.Symbol;                                       : loaded 2 times (x 69B)
Class com.google.common.collect.Iterables$4                                           : loaded 2 times (x 81B)
Class com.google.common.collect.MapMakerInternalMap$StrongKeyDummyValueSegment        : loaded 2 times (x 142B)
Class com.google.common.cache.LocalCache$WriteThroughEntry                            : loaded 2 times (x 79B)
Class com.google.common.cache.LocalCache$HashIterator                                 : loaded 2 times (x 86B)
Class com.google.common.io.Files                                                      : loaded 2 times (x 71B)
Class org.jetbrains.kotlin.cli.common.arguments.CommonCompilerArguments               : loaded 2 times (x 80B)
Class com.google.common.cache.LocalCache$EntryFactory                                 : loaded 2 times (x 83B)
Class Build_gradle$1$2                                                                : loaded 2 times (x 78B)
Class com.google.common.util.concurrent.AbstractFuture$SynchronizedHelper             : loaded 2 times (x 78B)
Class com.google.common.cache.LocalCache$StrongValueReference                         : loaded 2 times (x 90B)
Class com.google.common.collect.Sets$SetView                                          : loaded 2 times (x 138B)
Class [Lcom.google.common.collect.Iterators$EmptyModifiableIterator;                  : loaded 2 times (x 69B)
Class com.google.common.base.Predicates$CompositionPredicate                          : loaded 2 times (x 88B)
Class kotlin.LazyKt__LazyKt                                                           : loaded 2 times (x 71B)
Class org.jetbrains.kotlin.utils.StringsKt                                            : loaded 2 times (x 71B)
Class org.jetbrains.org.objectweb.asm.tree.LineNumberNode                             : loaded 2 times (x 79B)
Class com.google.common.collect.Maps$8                                                : loaded 2 times (x 82B)
Class [Lorg.objectweb.asm.AnnotationWriter;                                           : loaded 2 times (x 69B)
Class com.google.common.collect.AbstractMapBasedMultimap$WrappedList                  : loaded 2 times (x 205B)
Class org.jetbrains.kotlin.load.kotlin.header.ReadKotlinClassHeaderAnnotationVisitor  : loaded 2 times (x 80B)
Class jdk.internal.jimage.ImageReader$Directory                                       : loaded 2 times (x 84B)
Class Build_gradle$2                                                                  : loaded 2 times (x 79B)
Class com.google.common.base.Platform                                                 : loaded 2 times (x 71B)
Class com.google.common.collect.MapMakerInternalMap$StrongKeyDummyValueEntry          : loaded 2 times (x 82B)
Class com.google.common.collect.AbstractMapBasedMultimap$AsMap                        : loaded 2 times (x 128B)
Class com.google.common.collect.CollectSpliterators                                   : loaded 2 times (x 71B)
Class com.google.common.io.LineReader$1                                               : loaded 2 times (x 75B)
Class com.google.common.reflect.Invokable$MethodInvokable                             : loaded 2 times (x 107B)
Class kotlin.SynchronizedLazyImpl                                                     : loaded 2 times (x 76B)
Class com.google.common.collect.Iterables$5                                           : loaded 2 times (x 81B)
Class com.google.common.reflect.Types$NativeTypeVariableEquals                        : loaded 2 times (x 71B)
Class com.google.common.reflect.TypeParameter                                         : loaded 2 times (x 72B)
Class [Lcom.google.common.collect.MapMaker$Dummy;                                     : loaded 2 times (x 69B)
Class com.google.common.base.CharMatcher$Whitespace                                   : loaded 2 times (x 112B)
Class com.google.common.base.Splitter$1$1                                             : loaded 2 times (x 86B)
Class com.google.common.cache.LocalCache$AbstractReferenceEntry                       : loaded 2 times (x 107B)
Class Build_gradle$1$3                                                                : loaded 2 times (x 79B)
Class jdk.internal.jimage.decompressor.ResourceDecompressorRepository                 : loaded 2 times (x 71B)
Class com.google.common.cache.LocalCache$LoadingValueReference                        : loaded 2 times (x 96B)
Class org.jetbrains.org.objectweb.asm.Symbol                                          : loaded 2 times (x 73B)
Class [Lcom.google.common.collect.ImmutableEntry;                                     : loaded 2 times (x 69B)
Class com.google.common.collect.MapMaker                                              : loaded 2 times (x 72B)
Class com.google.common.reflect.Types$JavaVersion                                     : loaded 2 times (x 83B)
Class org.apache.commons.io.file.PathFilter                                           : loaded 2 times (x 70B)
Class jdk.internal.jimage.ImageReader$SharedImageReader$LocationVisitor               : loaded 2 times (x 70B)
Class org.gradle.api.specs.Spec                                                       : loaded 2 times (x 70B)
Class com.google.common.collect.Maps                                                  : loaded 2 times (x 71B)
Class com.google.common.io.CharSource                                                 : loaded 2 times (x 85B)
Class org.jetbrains.org.objectweb.asm.ModuleVisitor                                   : loaded 2 times (x 80B)
Class com.google.common.util.concurrent.Uninterruptibles                              : loaded 2 times (x 71B)
Class com.google.common.base.Charsets                                                 : loaded 2 times (x 71B)
Class org.jetbrains.kotlin.load.kotlin.KotlinJvmBinaryClass$AnnotationArgumentVisitor : loaded 2 times (x 70B)
Class org.jetbrains.kotlin.load.kotlin.header.KotlinClassHeader$Kind                  : loaded 2 times (x 79B)
Class org.jetbrains.kotlin.metadata.jvm.deserialization.JvmMemberSignature            : loaded 2 times (x 74B)
Class org.jetbrains.org.objectweb.asm.Attribute                                       : loaded 2 times (x 75B)
Class org.jetbrains.org.objectweb.asm.Label                                           : loaded 2 times (x 72B)
Class com.google.common.collect.ImmutableMapKeySet                                    : loaded 2 times (x 152B)
Class org.objectweb.asm.SymbolTable                                                   : loaded 2 times (x 72B)
Class com.google.common.cache.CacheLoader$InvalidCacheLoadException                   : loaded 2 times (x 82B)
Class org.gradle.internal.classloader.SystemClassLoaderSpec                           : loaded 2 times (x 71B)
Class Build_gradle$1$4                                                                : loaded 2 times (x 78B)
Class org.gradle.internal.classloader.ClasspathUtil                                   : loaded 2 times (x 71B)
Class com.google.common.reflect.Types$ClassOwnership$1LocalClass                      : loaded 2 times (x 71B)
Class com.google.common.collect.Maps$EntryFunction                                    : loaded 2 times (x 91B)
Class org.jetbrains.kotlin.load.kotlin.FileBasedKotlinClass                           : loaded 2 times (x 88B)
Class jdk.internal.jrtfs.JrtPath                                                      : loaded 2 times (x 118B)
Class jdk.internal.jimage.ImageBufferCache                                            : loaded 2 times (x 71B)
Class org.gradle.kotlin.dsl.TestImplementationConfigurationAccessorsKt                : loaded 2 times (x 71B)
Class com.google.common.cache.CacheBuilder$OneWeigher                                 : loaded 2 times (x 82B)
Class org.apache.commons.io.output.AbstractByteArrayOutputStream                      : loaded 2 times (x 102B)
Class com.google.common.collect.IndexedImmutableSet$1                                 : loaded 2 times (x 213B)
Class [Lorg.jetbrains.kotlin.cli.common.CompilerSystemProperties;                     : loaded 2 times (x 69B)
Class ijInit6_2rc890q4z6dur4hrbedfdhil9                                               : loaded 2 times (x 179B)
Class org.gradle.kotlin.dsl.Accessors377twfxlhpj2n65rquy9ybeqsKt                      : loaded 2 times (x 71B)
Class com.google.common.collect.ImmutableMapEntry$NonTerminalImmutableMapEntry        : loaded 2 times (x 85B)
Class com.google.common.base.Equivalence                                              : loaded 2 times (x 82B)
Class com.google.common.collect.ImmutableMultimap                                     : loaded 2 times (x 147B)
Class sync_studio_tooling2_9zs8ybnjsltcqy5rz1jni9tx2                                  : loaded 2 times (x 179B)
Class org.jetbrains.org.objectweb.asm.Frame                                           : loaded 2 times (x 73B)
Class com.google.common.collect.FluentIterable                                        : loaded 2 times (x 81B)
Class com.google.common.cache.LocalCache$StrongEntry                                  : loaded 2 times (x 108B)
Class com.google.common.util.concurrent.AbstractFuture$TrustedFuture                  : loaded 2 times (x 114B)
Class com.google.common.cache.LoadingCache                                            : loaded 2 times (x 70B)
Class org.gradle.kotlin.dsl.ImplementationConfigurationAccessorsKt                    : loaded 2 times (x 71B)
Class Build_gradle$1$5                                                                : loaded 2 times (x 74B)
Class jdk.internal.jrtfs.JrtFileSystem                                                : loaded 2 times (x 102B)
Class org.jetbrains.kotlin.cli.common.arguments.CommonCompilerArguments$Companion     : loaded 2 times (x 71B)
Class com.google.common.base.Predicates                                               : loaded 2 times (x 71B)
Class org.jetbrains.kotlin.build.report.metrics.DoNothingBuildMetricsReporter         : loaded 2 times (x 86B)
Class com.google.common.collect.ImmutableMapEntry                                     : loaded 2 times (x 85B)
Class org.objectweb.asm.commons.InstructionAdapter                                    : loaded 2 times (x 188B)
Class com.google.common.collect.MapMakerInternalMap$InternalEntry                     : loaded 2 times (x 70B)
Class com.google.common.reflect.Types$TypeVariableInvocationHandler                   : loaded 2 times (x 75B)
Class org.jetbrains.kotlin.build.report.metrics.BuildTime                             : loaded 2 times (x 70B)
Class org.jetbrains.org.objectweb.asm.tree.AnnotationNode                             : loaded 2 times (x 79B)
Class com.google.common.math.IntMath                                                  : loaded 2 times (x 71B)
Class com.google.common.collect.AbstractMapBasedMultimap$KeySet                       : loaded 2 times (x 137B)
Class com.google.common.collect.Streams                                               : loaded 2 times (x 71B)
Class org.gradle.internal.service.CachingServiceLocator                               : loaded 2 times (x 82B)
Class com.google.common.cache.LocalCache$LocalManualCache                             : loaded 2 times (x 99B)
Class com.google.common.base.CommonPattern                                            : loaded 2 times (x 74B)
Class com.google.common.collect.ImmutableMap$SerializedForm                           : loaded 2 times (x 73B)
Class org.apache.commons.io.CloseableURLConnection                                    : loaded 2 times (x 116B)
Class org.gradle.internal.classloader.ClassLoaderFactory                              : loaded 2 times (x 70B)
Class [Lcom.google.common.cache.LocalCache$EntryFactory;                              : loaded 2 times (x 69B)
Class com.google.common.base.CharMatcher$JavaLetter                                   : loaded 2 times (x 111B)
Class org.jetbrains.kotlin.load.kotlin.FileBasedKotlinClass$InnerClassesInfo          : loaded 2 times (x 74B)
Class com.google.common.io.ByteStreams$LimitedInputStream                             : loaded 2 times (x 92B)
Class com.google.common.base.Suppliers$NonSerializableMemoizingSupplier               : loaded 2 times (x 79B)
Class org.objectweb.asm.MethodWriter                                                  : loaded 2 times (x 106B)
Class [Lcom.google.common.cache.Weigher;                                              : loaded 2 times (x 69B)
Class com.google.common.collect.RegularImmutableMap$BucketOverflowException           : loaded 2 times (x 82B)
Class jdk.internal.jimage.decompressor.CompressedResourceHeader                       : loaded 2 times (x 71B)
Class jdk.internal.jrtfs.JrtFileAttributes                                            : loaded 2 times (x 83B)
Class org.gradle.internal.service.ServiceLookupException                              : loaded 2 times (x 82B)
Class com.google.common.collect.Maps$EntryTransformer                                 : loaded 2 times (x 70B)
Class com.google.common.reflect.TypeResolver$TypeTable$1                              : loaded 2 times (x 73B)
Class org.jetbrains.kotlin.cli.common.CompilerSystemProperties$value$1                : loaded 2 times (x 125B)
Class jdk.internal.jimage.ImageReader$Resource                                        : loaded 2 times (x 84B)
Class jdk.internal.jimage.decompressor.Decompressor                                   : loaded 2 times (x 72B)
Class com.google.common.cache.CacheLoader$SupplierToCacheLoader                       : loaded 2 times (x 75B)
Class org.objectweb.asm.RecordComponentVisitor                                        : loaded 2 times (x 77B)
Class com.google.common.collect.ImmutableMultiset                                     : loaded 2 times (x 163B)
Class com.google.common.io.CharStreams                                                : loaded 2 times (x 71B)
Class com.google.common.reflect.TypeResolver$TypeTable                                : loaded 2 times (x 73B)
Class org.jetbrains.kotlin.config.ExplicitApiMode                                     : loaded 2 times (x 79B)
Class kotlin.LazyKt__LazyJVMKt                                                        : loaded 2 times (x 71B)
Class com.google.common.base.FunctionalEquivalence                                    : loaded 2 times (x 83B)
Class com.google.common.util.concurrent.AbstractFuture                                : loaded 2 times (x 106B)
Class com.google.common.collect.AbstractMapBasedMultimap                              : loaded 2 times (x 139B)
Class org.jetbrains.org.objectweb.asm.tree.TypeAnnotationNode                         : loaded 2 times (x 80B)
Class org.jetbrains.kotlin.cli.common.CompilerSystemProperties$Companion              : loaded 2 times (x 71B)
Class com.google.common.collect.ImmutableMultimap$1                                   : loaded 2 times (x 82B)
Class com.google.common.collect.AbstractMapBasedMultimap$RandomAccessWrappedList      : loaded 2 times (x 205B)
Class com.google.common.base.Converter                                                : loaded 2 times (x 90B)
Class com.google.common.cache.ReferenceEntry                                          : loaded 2 times (x 70B)
Class com.google.common.util.concurrent.ListenableFuture                              : loaded 2 times (x 70B)
Class org.jetbrains.kotlin.build.report.metrics.GradleBuildTime$Companion             : loaded 2 times (x 71B)
Class org.jetbrains.kotlin.load.kotlin.KotlinJvmBinaryClass$AnnotationVisitor         : loaded 2 times (x 70B)
Class org.jetbrains.org.objectweb.asm.AnnotationWriter                                : loaded 2 times (x 78B)
Class jdk.internal.jimage.BasicImageReader$1                                          : loaded 2 times (x 77B)
Class org.gradle.api.internal.classpath.DefaultModuleRegistry                         : loaded 2 times (x 86B)
Class org.jetbrains.kotlin.config.AnalysisFlag                                        : loaded 2 times (x 72B)
Class jdk.internal.jimage.ImageReader$Node                                            : loaded 2 times (x 84B)
Class com.google.common.cache.LocalCache$LocalManualCache$1                           : loaded 2 times (x 75B)
Class com.google.common.util.concurrent.AbstractFuture$UnsafeAtomicHelper             : loaded 2 times (x 78B)
Class com.google.common.collect.ImmutableMultimap$Values                              : loaded 2 times (x 126B)
Class com.google.common.collect.Iterators$6                                           : loaded 2 times (x 81B)
Class com.google.common.collect.ImmutableSet$JdkBackedSetBuilderImpl                  : loaded 2 times (x 76B)
Class com.google.common.util.concurrent.internal.InternalFutureFailureAccess          : loaded 2 times (x 72B)
Class [Lorg.jetbrains.kotlin.config.ExplicitApiMode;                                  : loaded 2 times (x 69B)
Class com.google.common.collect.AbstractIterator$State                                : loaded 2 times (x 79B)
Class com.google.common.reflect.Types$JavaVersion$1                                   : loaded 2 times (x 83B)
Class com.google.common.collect.ImmutableMultimap$2                                   : loaded 2 times (x 81B)
Class com.google.common.collect.RegularImmutableBiMap                                 : loaded 2 times (x 149B)
Class com.google.common.cache.LocalCache$ValueReference                               : loaded 2 times (x 70B)
Class com.google.common.base.Splitter$SplittingIterator                               : loaded 2 times (x 84B)
Class org.apache.commons.io.output.NullWriter                                         : loaded 2 times (x 99B)
Class org.jetbrains.org.objectweb.asm.AnnotationVisitor                               : loaded 2 times (x 77B)
Class jdk.internal.jimage.decompressor.ResourceDecompressorFactory                    : loaded 2 times (x 74B)
Class org.gradle.api.internal.classpath.ModuleRegistry                                : loaded 2 times (x 70B)
Class org.gradle.internal.installation.GradleInstallation$1                           : loaded 2 times (x 75B)
Class com.google.common.collect.ImmutableBiMap                                        : loaded 2 times (x 143B)
Class com.google.common.cache.CacheLoader                                             : loaded 2 times (x 74B)
Class [Lorg.objectweb.asm.SymbolTable$Entry;                                          : loaded 2 times (x 69B)
Class com.google.common.collect.AbstractListMultimap                                  : loaded 2 times (x 172B)
Class org.jetbrains.kotlin.utils.DescriptionAware                                     : loaded 2 times (x 70B)
Class [Lcom.google.common.base.Supplier;                                              : loaded 2 times (x 69B)
Class jdk.internal.jimage.ImageReader$SharedImageReader                               : loaded 2 times (x 95B)
Class com.google.common.cache.LocalCache$Segment                                      : loaded 2 times (x 154B)
Class com.google.common.hash.PrimitiveSink                                            : loaded 2 times (x 70B)
Class com.google.common.reflect.Types$JavaVersion$2                                   : loaded 2 times (x 83B)
Class com.google.common.reflect.Types                                                 : loaded 2 times (x 71B)
Class org.jetbrains.kotlin.cli.common.arguments.CommonToolArguments                   : loaded 2 times (x 73B)
Class com.google.common.base.PatternCompiler                                          : loaded 2 times (x 70B)
Class com.google.common.util.concurrent.AbstractFuture$Failure                        : loaded 2 times (x 72B)
Class com.google.common.base.Equivalence$Equals                                       : loaded 2 times (x 82B)
Class com.google.common.collect.Hashing                                               : loaded 2 times (x 71B)
Class com.google.common.collect.AbstractMapBasedMultimap$AsMap$AsMapEntries           : loaded 2 times (x 138B)
Class com.google.common.reflect.TypeToken$2                                           : loaded 2 times (x 110B)
Class [Lorg.jetbrains.kotlin.cli.common.messages.CompilerMessageSeverity;             : loaded 2 times (x 69B)
Class jdk.internal.jimage.ImageReader                                                 : loaded 2 times (x 75B)
Class com.google.common.collect.ImmutableMap$IteratorBasedImmutableMap                : loaded 2 times (x 126B)
Class com.google.common.cache.LocalCache$ComputingValueReference                      : loaded 2 times (x 96B)
Class com.google.common.reflect.TypeToken$1                                           : loaded 2 times (x 110B)
Class org.jetbrains.kotlin.load.kotlin.FileBasedKotlinClass$4                         : loaded 2 times (x 87B)
Class com.google.common.base.Suppliers$SupplierOfInstance                             : loaded 2 times (x 79B)
Class org.objectweb.asm.Edge                                                          : loaded 2 times (x 72B)
Class org.jetbrains.kotlin.load.kotlin.FileBasedKotlinClass$3                         : loaded 2 times (x 77B)
Class org.jetbrains.org.objectweb.asm.ClassWriter                                     : loaded 2 times (x 104B)
Class jdk.internal.jimage.ImageStringsReader                                          : loaded 2 times (x 80B)
Class com.google.common.util.concurrent.AbstractFuture$AtomicHelper                   : loaded 2 times (x 78B)
Class org.objectweb.asm.SymbolTable$Entry                                             : loaded 2 times (x 74B)
Class org.jetbrains.kotlin.cli.common.arguments.Freezable                             : loaded 2 times (x 72B)
Class com.google.common.io.CharStreams$NullWriter                                     : loaded 2 times (x 99B)
Class org.jetbrains.kotlin.load.kotlin.FileBasedKotlinClass$2                         : loaded 2 times (x 87B)
Class ijInit7_ihhnat4bxwfe1crhj24hmr91                                                : loaded 2 times (x 179B)
Class com.google.common.base.JdkPattern                                               : loaded 2 times (x 75B)
Class com.google.common.io.Files$FileByteSource                                       : loaded 2 times (x 85B)
Class com.google.common.collect.Interners$InternerBuilder                             : loaded 2 times (x 76B)
Class [Lcom.google.common.reflect.Types$JavaVersion;                                  : loaded 2 times (x 69B)
Class org.jetbrains.kotlin.load.kotlin.FileBasedKotlinClass$1                         : loaded 2 times (x 87B)
Class org.gradle.internal.classpath.ClassPath                                         : loaded 2 times (x 70B)
Class kotlin.LazyKt                                                                   : loaded 2 times (x 71B)
Class [Lorg.apache.commons.io.file.DeleteOption;                                      : loaded 2 times (x 69B)
Class com.google.common.reflect.Types$JavaVersion$3                                   : loaded 2 times (x 83B)
Class com.google.common.collect.ImmutableSetMultimap                                  : loaded 2 times (x 180B)
Class com.google.common.io.CharSink                                                   : loaded 2 times (x 79B)
Class org.objectweb.asm.Label                                                         : loaded 2 times (x 73B)
Class org.objectweb.asm.CurrentFrame                                                  : loaded 2 times (x 73B)
Class org.objectweb.asm.ClassTooLargeException                                        : loaded 2 times (x 83B)
Class Settings_gradle$1                                                               : loaded 2 times (x 74B)
Class com.google.common.cache.CacheBuilder                                            : loaded 2 times (x 72B)
Class com.google.common.io.ByteSink                                                   : loaded 2 times (x 76B)
Class org.jetbrains.kotlin.config.JvmDefaultMode$Companion                            : loaded 2 times (x 71B)
Class com.google.common.cache.RemovalCause                                            : loaded 2 times (x 80B)
Class org.jetbrains.org.objectweb.asm.tree.LookupSwitchInsnNode                       : loaded 2 times (x 78B)
Class com.google.common.base.ExtraObjectsMethodsForWeb                                : loaded 2 times (x 71B)
Class com.google.common.collect.MapMakerInternalMap$Segment                           : loaded 2 times (x 142B)
Class com.google.common.reflect.TypeToken                                             : loaded 2 times (x 73B)
Class org.apache.commons.io.IOUtils                                                   : loaded 2 times (x 71B)
Class org.jetbrains.org.objectweb.asm.ByteVector                                      : loaded 2 times (x 78B)
Class jdk.internal.jimage.decompressor.ResourceDecompressor                           : loaded 2 times (x 70B)
Class org.gradle.internal.classpath.DefaultClassPath$ImmutableUniqueList              : loaded 2 times (x 199B)
Class org.gradle.api.internal.ClassPathRegistry                                       : loaded 2 times (x 70B)
Class com.google.common.collect.Multimap                                              : loaded 2 times (x 70B)
Class com.google.common.primitives.IntsMethodsForWeb                                  : loaded 2 times (x 71B)
Class org.jetbrains.kotlin.cli.common.messages.MessageCollector                       : loaded 2 times (x 70B)
Class com.google.common.collect.ImmutableMultimap$Keys                                : loaded 2 times (x 166B)
Class com.google.common.reflect.Invokable$ConstructorInvokable                        : loaded 2 times (x 107B)
Class org.jetbrains.org.objectweb.asm.RecordComponentWriter                           : loaded 2 times (x 78B)
Class com.google.common.io.ByteSource$AsCharSource                                    : loaded 2 times (x 86B)
Class org.jetbrains.kotlin.cli.common.messages.MessageCollector$Companion$NONE$1      : loaded 2 times (x 76B)
Class com.google.common.reflect.Types$JavaVersion$4                                   : loaded 2 times (x 83B)
Class com.google.common.collect.MapMakerInternalMap$InternalEntryHelper               : loaded 2 times (x 70B)
Class com.google.common.collect.Maps$IteratorBasedAbstractMap                         : loaded 2 times (x 125B)
Class com.google.common.collect.Table                                                 : loaded 2 times (x 70B)
Class org.objectweb.asm.Frame                                                         : loaded 2 times (x 73B)
Class org.objectweb.asm.MethodVisitor                                                 : loaded 2 times (x 105B)
Class com.google.common.cache.LocalCache$EntryFactory$1                               : loaded 2 times (x 83B)
Class [Lcom.google.common.cache.RemovalListener;                                      : loaded 2 times (x 69B)
Class org.apache.commons.io.file.DeleteOption                                         : loaded 2 times (x 70B)
Class [Lorg.jetbrains.kotlin.config.JvmDefaultMode;                                   : loaded 2 times (x 69B)
Class org.jetbrains.kotlin.load.java.JvmAbi                                           : loaded 2 times (x 71B)
Class com.google.common.collect.Maps$EntryFunction$2                                  : loaded 2 times (x 91B)
Class org.gradle.api.internal.DefaultClassPathRegistry                                : loaded 2 times (x 76B)
Class com.google.common.cache.RemovalListener                                         : loaded 2 times (x 70B)
Class com.google.common.collect.AbstractMapBasedMultimap$WrappedCollection$WrappedIterator: loaded 2 times (x 84B)
Class com.google.common.base.Present                                                  : loaded 2 times (x 81B)
Class org.jetbrains.kotlin.cli.common.arguments.CommonToolArguments$Companion         : loaded 2 times (x 71B)
Class com.google.common.collect.Maps$EntryFunction$1                                  : loaded 2 times (x 91B)
Class kotlin.io.ByteStreamsKt                                                         : loaded 2 times (x 71B)
Class org.jetbrains.org.objectweb.asm.MethodVisitor                                   : loaded 2 times (x 104B)
Class org.jetbrains.org.objectweb.asm.MethodWriter                                    : loaded 2 times (x 105B)
Class org.jetbrains.kotlin.metadata.jvm.deserialization.JvmMetadataVersion$Companion  : loaded 2 times (x 71B)
Class com.google.common.reflect.Types$JavaVersion$5                                   : loaded 2 times (x 71B)
Class [Lcom.google.common.reflect.Types$ClassOwnership;                               : loaded 2 times (x 69B)
Class com.google.common.cache.LocalCache$EntryFactory$2                               : loaded 2 times (x 83B)
Class org.gradle.api.internal.classpath.GlobalCacheRootsProvider                      : loaded 2 times (x 70B)
Class org.jetbrains.org.objectweb.asm.FieldWriter                                     : loaded 2 times (x 77B)
Class org.jetbrains.org.objectweb.asm.tree.VarInsnNode                                : loaded 2 times (x 78B)
Class com.google.common.collect.ImmutableMap$Builder                                  : loaded 2 times (x 82B)
Class com.google.common.util.concurrent.AbstractFuture$Cancellation                   : loaded 2 times (x 72B)
Class com.google.common.base.NullnessCasts                                            : loaded 2 times (x 71B)
Class com.google.common.io.Files$2                                                    : loaded 2 times (x 76B)
Class com.google.common.io.AppendableWriter                                           : loaded 2 times (x 100B)
Class org.apache.commons.io.filefilter.IOFileFilter                                   : loaded 2 times (x 70B)
Class org.jetbrains.kotlin.build.report.metrics.BuildMetricsReporter                  : loaded 2 times (x 70B)
Class com.google.common.cache.Cache                                                   : loaded 2 times (x 70B)
Class com.google.common.cache.LocalCache$Strength                                     : loaded 2 times (x 81B)
Class com.google.common.base.Stopwatch                                                : loaded 2 times (x 72B)
Class org.jetbrains.kotlin.config.ApiVersion                                          : loaded 2 times (x 86B)
Class org.jetbrains.kotlin.cli.common.arguments.K2JVMCompilerArguments$Companion      : loaded 2 times (x 71B)
Class jdk.internal.jimage.ImageHeader                                                 : loaded 2 times (x 71B)
Class org.gradle.api.internal.classpath.UnknownModuleException                        : loaded 2 times (x 82B)
Class com.google.common.cache.Weigher                                                 : loaded 2 times (x 70B)
Class org.gradle.api.internal.classpath.Module                                        : loaded 2 times (x 70B)
Class com.google.common.collect.ImmutableMapEntrySet                                  : loaded 2 times (x 152B)
Class kotlin.Lazy                                                                     : loaded 2 times (x 70B)
Class com.google.common.collect.CollectCollectors                                     : loaded 2 times (x 71B)
Class org.objectweb.asm.ModuleWriter                                                  : loaded 2 times (x 82B)
Class com.google.common.cache.LocalCache$EntryFactory$3                               : loaded 2 times (x 83B)
Class com.google.common.base.Ticker$1                                                 : loaded 2 times (x 72B)
Class com.google.common.collect.Maps$BiMapConverter                                   : loaded 2 times (x 90B)
Class com.google.common.collect.ImmutableMapEntrySet$RegularEntrySet                  : loaded 2 times (x 152B)
Class org.apache.commons.io.output.NullOutputStream                                   : loaded 2 times (x 85B)
Class com.google.common.math.MathPreconditions                                        : loaded 2 times (x 71B)
Class com.google.common.collect.ArrayListMultimapGwtSerializationDependencies         : loaded 2 times (x 172B)
Class com.google.common.collect.Multiset                                              : loaded 2 times (x 70B)
Class com.google.common.collect.ObjectArrays                                          : loaded 2 times (x 71B)
Class com.google.common.collect.FluentIterable$3                                      : loaded 2 times (x 81B)
Class org.jetbrains.org.objectweb.asm.FieldVisitor                                    : loaded 2 times (x 76B)
Class org.jetbrains.org.objectweb.asm.tree.JumpInsnNode                               : loaded 2 times (x 78B)
Class com.google.common.primitives.Ints                                               : loaded 2 times (x 71B)
Class com.google.common.reflect.Reflection                                            : loaded 2 times (x 71B)
Class com.google.common.collect.FluentIterable$2                                      : loaded 2 times (x 81B)
Class com.google.common.base.Absent                                                   : loaded 2 times (x 80B)
Class org.gradle.api.internal.classpath.DefaultModuleRegistry$DefaultModule           : loaded 2 times (x 86B)
Class com.google.common.collect.BiMap                                                 : loaded 2 times (x 70B)
Class com.google.common.collect.ImmutableMap$1                                        : loaded 2 times (x 81B)
Class com.google.common.collect.IndexedImmutableSet                                   : loaded 2 times (x 152B)
Class org.objectweb.asm.FieldVisitor                                                  : loaded 2 times (x 77B)
Class com.google.common.base.Objects                                                  : loaded 2 times (x 71B)
Class com.google.common.collect.FluentIterable$1                                      : loaded 2 times (x 81B)
Class org.jetbrains.org.objectweb.asm.tree.InsnNode                                   : loaded 2 times (x 78B)
Class [Lkotlin.jvm.functions.Function1;                                               : loaded 2 times (x 69B)
Class org.jetbrains.org.objectweb.asm.RecordComponentVisitor                          : loaded 2 times (x 77B)
Class com.google.common.collect.SetMultimap                                           : loaded 2 times (x 70B)
Class com.google.common.cache.LocalCache$EntryFactory$4                               : loaded 2 times (x 83B)
Class com.google.common.collect.ImmutableSet$Builder                                  : loaded 2 times (x 85B)
Class jdk.internal.jimage.ImageBufferCache$2                                          : loaded 2 times (x 91B)
Class org.gradle.internal.classloader.ClasspathUtil$1                                 : loaded 2 times (x 76B)
Class com.google.common.cache.CacheLoader$UnsupportedLoadingOperationException        : loaded 2 times (x 82B)
Class org.objectweb.asm.ClassWriter                                                   : loaded 2 times (x 106B)
Class com.google.common.collect.AbstractMapBasedMultimap$KeySet$1                     : loaded 2 times (x 82B)
Class org.jetbrains.org.objectweb.asm.tree.IntInsnNode                                : loaded 2 times (x 78B)
Class jdk.internal.jimage.ImageBufferCache$1                                          : loaded 2 times (x 83B)
Class org.gradle.internal.InternalTransformer                                         : loaded 2 times (x 70B)
Class org.jetbrains.kotlin.metadata.jvm.deserialization.JvmMemberSignature$Method     : loaded 2 times (x 75B)
Class org.jetbrains.org.objectweb.asm.ClassTooLargeException                          : loaded 2 times (x 83B)
Class com.google.common.util.concurrent.UncheckedExecutionException                   : loaded 2 times (x 82B)
Class com.google.common.io.ByteSink$AsCharSink                                        : loaded 2 times (x 80B)
Class [Lorg.jetbrains.kotlin.build.report.metrics.BuildTime;                          : loaded 2 times (x 69B)
Class org.jetbrains.kotlin.load.kotlin.KotlinJvmBinaryClass                           : loaded 2 times (x 70B)
Class org.jetbrains.org.objectweb.asm.tree.MethodNode                                 : loaded 2 times (x 109B)
Class org.jetbrains.org.objectweb.asm.tree.MethodInsnNode                             : loaded 2 times (x 79B)
Class jdk.internal.jrtfs.JrtDirectoryStream$1                                         : loaded 2 times (x 83B)
Class org.jetbrains.org.objectweb.asm.MethodTooLargeException                         : loaded 2 times (x 83B)
Class org.jetbrains.org.objectweb.asm.Context                                         : loaded 2 times (x 72B)
Class kotlin.sequences.ConstrainedOnceSequence                                        : loaded 2 times (x 75B)
Class com.google.common.io.ByteStreams$1                                              : loaded 2 times (x 85B)
Class com.google.common.cache.LocalCache$EntryFactory$5                               : loaded 2 times (x 83B)
Class jdk.internal.jimage.ImageLocation                                               : loaded 2 times (x 90B)
Class com.google.common.util.concurrent.AbstractFuture$Trusted                        : loaded 2 times (x 70B)
Class com.google.common.base.Optional                                                 : loaded 2 times (x 80B)
Class org.jetbrains.kotlin.cli.common.messages.MessageCollector$Companion             : loaded 2 times (x 71B)
Class org.jetbrains.org.objectweb.asm.tree.InsnList                                   : loaded 2 times (x 103B)
Class com.google.common.util.concurrent.AbstractFuture$UnsafeAtomicHelper$1           : loaded 2 times (x 76B)
Class sync_studio_tooling11_5iem15xd7ip0idjd70kk2wwav                                 : loaded 2 times (x 179B)
Class com.google.common.cache.LocalCache$2                                            : loaded 2 times (x 142B)
Class com.google.common.collect.AbstractMultimap                                      : loaded 2 times (x 123B)
Class com.google.common.collect.Sets$ImprovedAbstractSet                              : loaded 2 times (x 135B)
Class com.google.common.collect.MapMakerInternalMap$AbstractStrongKeyEntry            : loaded 2 times (x 80B)
Class com.google.common.reflect.TypeToken$SimpleTypeToken                             : loaded 2 times (x 73B)
Class com.google.common.io.ByteSource$ByteArrayByteSource                             : loaded 2 times (x 85B)
Class kotlin.io.CloseableKt                                                           : loaded 2 times (x 71B)
Class com.google.common.collect.AbstractMapEntry                                      : loaded 2 times (x 81B)
Class com.google.common.cache.LocalCache$1                                            : loaded 2 times (x 89B)
Class org.jetbrains.org.objectweb.asm.CurrentFrame                                    : loaded 2 times (x 73B)
Class org.jetbrains.kotlin.config.JVMAssertionsMode$Companion                         : loaded 2 times (x 71B)
Class org.apache.commons.io.output.AppendableWriter                                   : loaded 2 times (x 100B)
Class com.google.common.cache.LocalCache$EntryFactory$6                               : loaded 2 times (x 83B)
Class org.gradle.internal.installation.CurrentGradleInstallationLocator               : loaded 2 times (x 71B)
Class com.google.common.collect.SingletonImmutableBiMap                               : loaded 2 times (x 143B)
Class com.google.common.base.Ascii                                                    : loaded 2 times (x 71B)
Class org.apache.commons.io.FileExistsException                                       : loaded 2 times (x 82B)
Class [Lkotlin.Function;                                                              : loaded 2 times (x 69B)
Class jdk.internal.jrtfs.JrtFileSystemProvider                                        : loaded 2 times (x 101B)
Class org.gradle.internal.service.ServiceLocator                                      : loaded 2 times (x 70B)
Class [Lorg.objectweb.asm.Type;                                                       : loaded 2 times (x 69B)
Class com.google.common.collect.Platform                                              : loaded 2 times (x 71B)
Class org.jetbrains.kotlin.config.LanguageOrApiVersion                                : loaded 2 times (x 70B)
Class org.jetbrains.kotlin.build.report.metrics.GradleBuildTime                       : loaded 2 times (x 86B)
Class org.jetbrains.org.objectweb.asm.tree.LabelNode                                  : loaded 2 times (x 80B)
Class com.google.common.base.MoreObjects                                              : loaded 2 times (x 71B)
Class com.google.common.collect.BaseImmutableMultimap                                 : loaded 2 times (x 123B)
Class com.google.common.collect.EmptyImmutableListMultimap                            : loaded 2 times (x 176B)
Class com.google.common.reflect.TypeResolver$TypeVariableKey                          : loaded 2 times (x 72B)
Class org.apache.commons.io.output.ByteArrayOutputStream                              : loaded 2 times (x 102B)
Class org.jetbrains.kotlin.config.LanguageFeature                                     : loaded 2 times (x 80B)
Class jdk.internal.jrtfs.SystemImage$2                                                : loaded 2 times (x 76B)
Class com.google.common.cache.CacheLoader$FunctionToCacheLoader                       : loaded 2 times (x 75B)
Class com.google.common.collect.ImmutableListMultimap                                 : loaded 2 times (x 176B)
Class org.jetbrains.org.objectweb.asm.tree.LdcInsnNode                                : loaded 2 times (x 78B)
Class com.google.common.io.ByteSource$SlicedByteSource                                : loaded 2 times (x 85B)
Class org.jetbrains.kotlin.cli.common.messages.CompilerMessageSeverity$Companion      : loaded 2 times (x 71B)
Class org.apache.commons.io.output.ThresholdingOutputStream                           : loaded 2 times (x 95B)
Class com.google.common.collect.ImmutableMultimap$Builder                             : loaded 2 times (x 86B)
Class com.google.common.collect.Maps$KeySet                                           : loaded 2 times (x 137B)
Class com.google.common.cache.LocalCache$EntryFactory$7                               : loaded 2 times (x 83B)
Class com.google.common.collect.ImmutableSet$EmptySetBuilderImpl                      : loaded 2 times (x 76B)
Class org.gradle.internal.service.DefaultServiceLocator                               : loaded 2 times (x 83B)
Class jdk.internal.jrtfs.JrtDirectoryStream                                           : loaded 2 times (x 89B)
Class com.google.common.reflect.Types$ParameterizedTypeImpl                           : loaded 2 times (x 81B)
Class org.apache.commons.io.output.UnsynchronizedByteArrayOutputStream                : loaded 2 times (x 102B)
Class com.google.common.collect.Maps$IteratorBasedAbstractMap$1                       : loaded 2 times (x 138B)
Class org.jetbrains.kotlin.resolve.jvm.JvmClassName                                   : loaded 2 times (x 76B)
Class [Lorg.jetbrains.org.objectweb.asm.SymbolTable$Entry;                            : loaded 2 times (x 69B)
Class jdk.internal.jrtfs.SystemImage$1                                                : loaded 2 times (x 78B)
Class org.gradle.internal.classloader.InstrumentingClassLoader                        : loaded 2 times (x 70B)
Class org.gradle.internal.classpath.TransformedClassPath                              : loaded 2 times (x 96B)
Class com.google.common.cache.CacheBuilder$NullListener                               : loaded 2 times (x 82B)
Class org.objectweb.asm.FieldWriter                                                   : loaded 2 times (x 78B)
Class com.google.common.collect.MapMaker$Dummy                                        : loaded 2 times (x 79B)
Class com.google.common.reflect.Invokable                                             : loaded 2 times (x 103B)
Class kotlin._Assertions                                                              : loaded 2 times (x 71B)
Class com.google.common.collect.MapDifference                                         : loaded 2 times (x 70B)
Class com.google.common.cache.LocalCache$Strength$3                                   : loaded 2 times (x 81B)
Class com.google.common.base.Splitter$1                                               : loaded 2 times (x 77B)
Class com.google.common.collect.TransformedIterator                                   : loaded 2 times (x 80B)
Class com.google.common.collect.Interner                                              : loaded 2 times (x 70B)
Class com.google.common.collect.Interners$InternerImpl                                : loaded 2 times (x 75B)
Class com.google.common.io.ByteStreams                                                : loaded 2 times (x 71B)
Class [Lcom.google.common.collect.Maps$EntryFunction;                                 : loaded 2 times (x 69B)
Class com.google.common.cache.LocalCache$Strength$2                                   : loaded 2 times (x 81B)
Class com.google.common.util.concurrent.SettableFuture                                : loaded 2 times (x 114B)
Class org.jetbrains.org.objectweb.asm.SymbolTable                                     : loaded 2 times (x 72B)
Class org.jetbrains.org.objectweb.asm.tree.UnsupportedClassVersionException           : loaded 2 times (x 82B)
Class com.google.common.cache.LocalCache$SoftValueReference                           : loaded 2 times (x 97B)
Class com.google.common.collect.ImmutableMultimap$EntryCollection                     : loaded 2 times (x 128B)
Class com.google.common.collect.Maps$EntrySet                                         : loaded 2 times (x 136B)
Class org.jetbrains.kotlin.util.capitalizeDecapitalize.CapitalizeDecapitalizeKt       : loaded 2 times (x 71B)
Class com.google.common.cache.LocalCache$EntryFactory$8                               : loaded 2 times (x 83B)
Class org.gradle.internal.installation.CurrentGradleInstallation                      : loaded 2 times (x 73B)
Class com.google.common.reflect.Types$ClassOwnership$3                                : loaded 2 times (x 71B)
Class org.apache.commons.io.output.QueueOutputStream                                  : loaded 2 times (x 87B)
Class org.jetbrains.kotlin.cli.common.messages.CompilerMessageSeverity                : loaded 2 times (x 79B)
Class com.google.common.collect.Collections2$FilteredCollection                       : loaded 2 times (x 119B)
Class com.google.common.cache.LocalCache$Strength$1                                   : loaded 2 times (x 81B)
Class org.objectweb.asm.ModuleVisitor                                                 : loaded 2 times (x 81B)
Class com.google.common.collect.Sets$4                                                : loaded 2 times (x 139B)
Class com.google.common.collect.MapMakerInternalMap$StrongValueEntry                  : loaded 2 times (x 70B)
Class com.google.common.reflect.TypeResolver                                          : loaded 2 times (x 72B)
Class com.google.common.reflect.Types$ClassOwnership$2                                : loaded 2 times (x 80B)
Class org.jetbrains.kotlin.config.JvmDefaultMode                                      : loaded 2 times (x 79B)
Class com.google.common.io.ByteArrayDataInput                                         : loaded 2 times (x 70B)
Class [Lorg.jetbrains.org.objectweb.asm.Attribute;                                    : loaded 2 times (x 69B)
Class org.jetbrains.org.objectweb.asm.tree.TableSwitchInsnNode                        : loaded 2 times (x 79B)
Class sync_studio_tooling3_4zhs6xdeclzqd9unraomb5yf0                                  : loaded 2 times (x 179B)
Class org.gradle.internal.service.UnknownServiceException                             : loaded 2 times (x 83B)
Class com.google.common.cache.LocalCache$LocalLoadingCache                            : loaded 2 times (x 134B)
Class com.google.common.util.concurrent.AbstractFuture$SafeAtomicHelper               : loaded 2 times (x 79B)
Class com.google.common.collect.Sets$3                                                : loaded 2 times (x 139B)
Class [Lorg.objectweb.asm.AnnotationVisitor;                                          : loaded 2 times (x 69B)
Class com.google.common.base.AbstractIterator$State                                   : loaded 2 times (x 79B)
Class org.jetbrains.org.objectweb.asm.ModuleWriter                                    : loaded 2 times (x 81B)
Class com.google.common.cache.CacheLoader$1                                           : loaded 2 times (x 75B)
Class org.gradle.util.internal.GUtil                                                  : loaded 2 times (x 71B)
Class com.google.common.collect.MapMakerInternalMap$Strength$2                        : loaded 2 times (x 80B)
Class com.google.common.reflect.Types$ClassOwnership$1                                : loaded 2 times (x 80B)
Class org.jetbrains.kotlin.cli.common.CompilerSystemProperties                        : loaded 2 times (x 80B)
Class jdk.internal.jrtfs.SystemImage                                                  : loaded 2 times (x 74B)
Class org.gradle.api.internal.ClassPathProvider                                       : loaded 2 times (x 70B)
Class [Lorg.gradle.api.internal.ClassPathProvider;                                    : loaded 2 times (x 69B)
Class com.google.common.collect.Sets$2                                                : loaded 2 times (x 139B)
Class com.google.common.collect.Maps$ViewCachingAbstractMap                           : loaded 2 times (x 125B)
Class com.google.common.collect.MapMakerInternalMap$Strength$1                        : loaded 2 times (x 80B)
Class [Lcom.google.common.base.Function;                                              : loaded 2 times (x 69B)
Class org.gradle.api.internal.DefaultClassPathProvider                                : loaded 2 times (x 76B)
Class org.objectweb.asm.AnnotationVisitor                                             : loaded 2 times (x 78B)
Class com.google.common.collect.Sets$1                                                : loaded 2 times (x 139B)
Class com.google.common.base.Splitter                                                 : loaded 2 times (x 72B)
Class com.google.common.collect.Iterators$EmptyModifiableIterator                     : loaded 2 times (x 86B)
Class com.google.common.collect.ImmutableSet$SerializedForm                           : loaded 2 times (x 73B)
Class com.google.common.collect.ImmutableEnumMap                                      : loaded 2 times (x 126B)
Class com.google.common.collect.ListMultimap                                          : loaded 2 times (x 70B)
Class [Lorg.jetbrains.org.objectweb.asm.Label;                                        : loaded 2 times (x 69B)
Class com.google.common.io.ByteSource                                                 : loaded 2 times (x 84B)
Class com.google.common.util.concurrent.AbstractFuture$SetFuture                      : loaded 2 times (x 75B)
Class com.google.common.cache.AbstractCache$StatsCounter                              : loaded 2 times (x 70B)
Class org.apache.commons.io.output.StringBuilderWriter                                : loaded 2 times (x 100B)
Class [Lorg.apache.commons.io.StandardLineSeparator;                                  : loaded 2 times (x 69B)
Class com.google.common.collect.CollectSpliterators$1WithCharacteristics              : loaded 2 times (x 90B)
Class org.jetbrains.kotlin.metadata.jvm.deserialization.JvmMetadataVersion            : loaded 2 times (x 74B)
Class org.gradle.api.internal.classpath.EffectiveClassPath                            : loaded 2 times (x 90B)
Class [Lcom.google.common.collect.ImmutableMapEntry;                                  : loaded 2 times (x 69B)
Class org.jetbrains.org.objectweb.asm.ClassReader                                     : loaded 2 times (x 91B)
Class org.jetbrains.org.objectweb.asm.tree.FrameNode                                  : loaded 2 times (x 79B)
Class org.gradle.internal.classloader.ClassLoaderVisitor                              : loaded 2 times (x 76B)
Class org.jetbrains.kotlin.config.LanguageVersionSettings                             : loaded 2 times (x 70B)
Class com.google.common.base.CharMatcher$None                                         : loaded 2 times (x 112B)
Class org.apache.commons.io.file.PathUtils                                            : loaded 2 times (x 71B)
Class [Lcom.google.common.collect.AbstractIterator$State;                             : loaded 2 times (x 69B)
Class com.google.common.io.ByteSource$ConcatenatedByteSource                          : loaded 2 times (x 85B)
Class org.jetbrains.org.objectweb.asm.ClassVisitor                                    : loaded 2 times (x 87B)
Class org.gradle.internal.classloader.DefaultClassLoaderFactory                       : loaded 2 times (x 82B)
Class com.google.common.base.Suppliers                                                : loaded 2 times (x 71B)
Class com.google.common.reflect.Types$TypeVariableImpl                                : loaded 2 times (x 72B)
Class com.google.common.io.LineBuffer                                                 : loaded 2 times (x 75B)
Class com.google.common.collect.MapMakerInternalMap$1                                 : loaded 2 times (x 83B)
Class org.gradle.internal.installation.GradleInstallation                             : loaded 2 times (x 75B)
Class jdk.internal.jimage.decompressor.ResourceDecompressor$StringsProvider           : loaded 2 times (x 70B)
Class [Lcom.google.common.cache.CacheBuilder$OneWeigher;                              : loaded 2 times (x 69B)
Class org.objectweb.asm.MethodTooLargeException                                       : loaded 2 times (x 83B)
Class com.google.common.base.Platform$JdkPatternCompiler                              : loaded 2 times (x 75B)
Class com.google.common.collect.MapMakerInternalMap$Strength                          : loaded 2 times (x 80B)
Class com.google.common.collect.MapMakerInternalMap$StrongKeyDummyValueEntry$LinkedStrongKeyDummyValueEntry: loaded 2 times (x 82B)
Class Build_gradle$1$3$1                                                              : loaded 2 times (x 79B)
Class org.objectweb.asm.ClassVisitor                                                  : loaded 2 times (x 88B)
Class [Lorg.objectweb.asm.Symbol;                                                     : loaded 2 times (x 69B)
Class com.google.common.collect.TransformedListIterator                               : loaded 2 times (x 93B)
Class com.google.common.reflect.TypeCapture                                           : loaded 2 times (x 71B)
Class com.google.common.cache.LocalCache$Values                                       : loaded 2 times (x 118B)
Class org.jetbrains.kotlin.config.ExplicitApiMode$Companion                           : loaded 2 times (x 71B)
Class org.jetbrains.org.objectweb.asm.tree.FieldInsnNode                              : loaded 2 times (x 79B)
Class jdk.internal.jimage.decompressor.StringSharingDecompressorFactory               : loaded 2 times (x 74B)
Class org.jetbrains.kotlin.config.LanguageFeature$State                               : loaded 2 times (x 82B)
Class com.google.common.base.Splitter$Strategy                                        : loaded 2 times (x 70B)
Class com.google.common.collect.Iterables                                             : loaded 2 times (x 71B)
Class com.google.common.collect.ImmutableMap$MapViewOfValuesAsSingletonSets           : loaded 2 times (x 126B)
Class com.google.common.collect.RegularImmutableMap                                   : loaded 2 times (x 121B)
Class com.google.common.io.ByteArrayDataOutput                                        : loaded 2 times (x 70B)
Class org.gradle.api.internal.classpath.ManifestUtil                                  : loaded 2 times (x 71B)
Class com.google.common.util.concurrent.ExecutionError                                : loaded 2 times (x 82B)
Class com.google.common.collect.ImmutableEnumSet                                      : loaded 2 times (x 146B)
Class com.google.common.collect.AbstractMapBasedMultimap$WrappedCollection            : loaded 2 times (x 124B)
Class [Lcom.google.common.cache.RemovalCause;                                         : loaded 2 times (x 69B)
Class org.jetbrains.org.objectweb.asm.tree.Util                                       : loaded 2 times (x 71B)
Class sync_studio_tooling1_1vi6zgq84znnadbtf4pd76v9f                                  : loaded 2 times (x 179B)
Class org.gradle.internal.classloader.ClassLoaderHierarchy                            : loaded 2 times (x 70B)
Class [Lcom.google.common.base.AbstractIterator$State;                                : loaded 2 times (x 69B)
Class com.google.common.io.FileWriteMode                                              : loaded 2 times (x 79B)
Class [Lcom.google.common.collect.MapMakerInternalMap$Segment;                        : loaded 2 times (x 69B)
Class com.google.common.cache.LocalCache$ValueIterator                                : loaded 2 times (x 86B)
Class org.jetbrains.kotlin.load.kotlin.FileBasedKotlinClass$OuterAndInnerName         : loaded 2 times (x 72B)
Class jdk.internal.jimage.BasicImageReader                                            : loaded 2 times (x 95B)
Class org.gradle.internal.classloader.FilteringClassLoader                            : loaded 2 times (x 105B)
Class com.google.common.collect.RegularImmutableMap$KeySet                            : loaded 2 times (x 152B)
Class com.google.common.base.Equivalence$Identity                                     : loaded 2 times (x 82B)
Class com.google.common.base.PairwiseEquivalence                                      : loaded 2 times (x 83B)
Class com.google.common.io.LineReader                                                 : loaded 2 times (x 72B)
Class com.google.common.cache.CacheBuilder$2                                          : loaded 2 times (x 79B)

---------------  S Y S T E M  ---------------

OS:
 Windows 11 , 64 bit Build 26100 (10.0.26100.4768)
OS uptime: 8 days 2:16 hours
Hyper-V role detected

CPU: total 28 (initial active 28) (14 cores per cpu, 2 threads per core) family 6 model 183 stepping 1 microcode 0x12b, cx8, cmov, fxsr, ht, mmx, 3dnowpref, sse, sse2, sse3, ssse3, sse4.1, sse4.2, popcnt, lzcnt, tsc, tscinvbit, avx, avx2, aes, erms, clmul, bmi1, bmi2, adx, sha, fma, vzeroupper, clflush, clflushopt, clwb, hv, serialize, rdtscp, rdpid, fsrm, f16c, cet_ibt, cet_ss
Processor Information for the first 28 processors :
  Max Mhz: 2100, Current Mhz: 2100, Mhz Limit: 2100

Memory: 4k page, system-wide physical 16039M (3609M free)
TotalPageFile size 65191M (AvailPageFile size 200M)
current process WorkingSet (physical memory assigned to process): 1336M, peak: 1446M
current process commit charge ("private bytes"): 1656M, peak: 1656M

vm_info: OpenJDK 64-Bit Server VM (21.0.8+-14196175-b1038.72) for windows-amd64 JRE (21.0.8+-14196175-b1038.72), built on 2025-10-01T10:24:33Z by "builder" with MS VC++ 16.10 / 16.11 (VS2019)

END.
