#
# There is insufficient memory for the Java Runtime Environment to continue.
# Native memory allocation (malloc) failed to allocate 1726400 bytes. Error detail: Chunk::new
# Possible reasons:
#   The system is out of physical RAM or swap space
#   This process is running with CompressedOops enabled, and the Java Heap may be blocking the growth of the native heap
# Possible solutions:
#   Reduce memory load on the system
#   Increase physical memory or swap space
#   Check if swap backing store is full
#   Decrease Java heap size (-Xmx/-Xms)
#   Decrease number of Java threads
#   Decrease Java thread stack sizes (-Xss)
#   Set larger code cache with -XX:ReservedCodeCacheSize=
#   JVM is running with Unscaled Compressed Oops mode in which the Java heap is
#     placed in the first 4GB address space. The Java Heap base address is the
#     maximum limit for the native heap growth. Please use -XX:HeapBaseMinAddress
#     to set the Java Heap base and to place the Java Heap above 4GB virtual address.
# This output file may be truncated or incomplete.
#
#  Out of Memory Error (arena.cpp:168), pid=9540, tid=24844
#
# JRE version: OpenJDK Runtime Environment (21.0.8) (build 21.0.8+-14196175-b1038.72)
# Java VM: OpenJDK 64-Bit Server VM (21.0.8+-14196175-b1038.72, mixed mode, tiered, compressed oops, compressed class ptrs, g1 gc, windows-amd64)
# No core dump will be written. Minidumps are not enabled by default on client versions of Windows
#

---------------  S U M M A R Y ------------

Command Line: --add-opens=java.base/java.lang=ALL-UNNAMED --add-opens=java.base/java.lang.invoke=ALL-UNNAMED --add-opens=java.base/java.util=ALL-UNNAMED --add-opens=java.prefs/java.util.prefs=ALL-UNNAMED --add-exports=jdk.compiler/com.sun.tools.javac.api=ALL-UNNAMED --add-exports=jdk.compiler/com.sun.tools.javac.util=ALL-UNNAMED --add-opens=java.base/java.util=ALL-UNNAMED --add-opens=java.prefs/java.util.prefs=ALL-UNNAMED --add-opens=java.base/java.nio.charset=ALL-UNNAMED --add-opens=java.base/java.net=ALL-UNNAMED --add-opens=java.base/java.util.concurrent.atomic=ALL-UNNAMED --add-opens=java.xml/javax.xml.namespace=ALL-UNNAMED -Xmx2048m -Dfile.encoding=UTF-8 -Duser.country=KR -Duser.language=ko -Duser.variant -javaagent:C:\Users\COMPUTER\.gradle\wrapper\dists\gradle-8.13-bin\5xuhj0ry160q40clulazy9h7d\gradle-8.13\lib\agents\gradle-instrumentation-agent-8.13.jar org.gradle.launcher.daemon.bootstrap.GradleDaemon 8.13

Host: Intel(R) Core(TM) i7-14700, 28 cores, 15G,  Windows 11 , 64 bit Build 26100 (10.0.26100.4768)
Time: Fri Nov 14 11:08:11 2025 elapsed time: 106.072944 seconds (0d 0h 1m 46s)

---------------  T H R E A D  ---------------

Current thread (0x0000013f56eb4fe0):  JavaThread "C2 CompilerThread4" daemon [_thread_in_native, id=24844, stack(0x0000003e3bd00000,0x0000003e3be00000) (1024K)]


Current CompileTask:
C2:106072 31923   !   4       org.gradle.internal.snapshot.FileSystemLeafSnapshot::accept (36 bytes)

Stack: [0x0000003e3bd00000,0x0000003e3be00000]
Native frames: (J=compiled Java code, j=interpreted, Vv=VM code, C=native code)
V  [jvm.dll+0x6d68d9]
V  [jvm.dll+0x866693]
V  [jvm.dll+0x868c4e]
V  [jvm.dll+0x869333]
V  [jvm.dll+0x280566]
V  [jvm.dll+0xc07cd]
V  [jvm.dll+0xc0d03]
V  [jvm.dll+0x3b961b]
V  [jvm.dll+0x385507]
V  [jvm.dll+0x38497a]
V  [jvm.dll+0x249252]
V  [jvm.dll+0x248821]
V  [jvm.dll+0x1c73a4]
V  [jvm.dll+0x257f9e]
V  [jvm.dll+0x2564e6]
V  [jvm.dll+0x3f4696]
V  [jvm.dll+0x80eac8]
V  [jvm.dll+0x6d512d]
C  [ucrtbase.dll+0x37b0]
C  [KERNEL32.DLL+0x2e8d7]
C  [ntdll.dll+0x3c34c]


---------------  P R O C E S S  ---------------

Threads class SMR info:
_java_thread_list=0x0000013f59f76ec0, length=144, elements={
0x0000013f347278f0, 0x0000013f4fef5640, 0x0000013f4ff5aec0, 0x0000013f4ff1a1b0,
0x0000013f4ff74920, 0x0000013f4ff75380, 0x0000013f4ff75de0, 0x0000013f4ff7ec90,
0x0000013f4ff7f630, 0x0000013f4ff800d0, 0x0000013f50405400, 0x0000013f55fc2a60,
0x0000013f56351e90, 0x0000013f56449730, 0x0000013f5627dbc0, 0x0000013f5627e250,
0x0000013f5627c180, 0x0000013f58c6dc40, 0x0000013f58c703a0, 0x0000013f58c6d5b0,
0x0000013f58c6e2d0, 0x0000013f58c6f680, 0x0000013f58c6cf20, 0x0000013f58d2f3d0,
0x0000013f58d2fa60, 0x0000013f58d34290, 0x0000013f58d32ee0, 0x0000013f58d34920,
0x0000013f5c496fb0, 0x0000013f6a604970, 0x0000013f6a605000, 0x0000013f6a601b80,
0x0000013f6a605690, 0x0000013f6a602210, 0x0000013f56e431e0, 0x0000013f63d4c0b0,
0x0000013f56e44590, 0x0000013f56e424c0, 0x0000013f56e45940, 0x0000013f56e45fd0,
0x0000013f56e43f00, 0x0000013f56e44c20, 0x0000013f56e452b0, 0x0000013f56e42b50,
0x0000013f56e4bbb0, 0x0000013f56e48dc0, 0x0000013f56e4ae90, 0x0000013f56e4dc80,
0x0000013f56e4e310, 0x0000013f56e4cf60, 0x0000013f56e4b520, 0x0000013f56e4fd50,
0x0000013f56e4c8d0, 0x0000013f56e4f030, 0x0000013f56e4f6c0, 0x0000013f56e4d5f0,
0x0000013f56e52b40, 0x0000013f56e531d0, 0x0000013f56e524b0, 0x0000013f56e51e20,
0x0000013f56e53860, 0x0000013f56e503e0, 0x0000013f56e54580, 0x0000013f56e51100,
0x0000013f6a6007d0, 0x0000013f6a6063b0, 0x0000013f6a606a40, 0x0000013f6a605d20,
0x0000013f6a6042e0, 0x0000013f6a609ec0, 0x0000013f6a609830, 0x0000013f6a6091a0,
0x0000013f6a60a550, 0x0000013f6a6070d0, 0x0000013f6a60abe0, 0x0000013f6a607760,
0x0000013f6a608480, 0x0000013f6a60b270, 0x0000013f6a607df0, 0x0000013f6a60bf90,
0x0000013f6a60ed80, 0x0000013f6a60d340, 0x0000013f6a60b900, 0x0000013f63d4e2c0,
0x0000013f63d4ac40, 0x0000013f6a600140, 0x0000013f6a60e6f0, 0x0000013f6a60e060,
0x0000013f6a60f410, 0x0000013f6a60ccb0, 0x0000013f6a60faa0, 0x0000013f6a612890,
0x0000013f6a6135b0, 0x0000013f6a6114e0, 0x0000013f6a611b70, 0x0000013f6a612f20,
0x0000013f6a610130, 0x0000013f6a612200, 0x0000013f6a613c40, 0x0000013f6a610e50,
0x0000013f6a6107c0, 0x0000013f6a615680, 0x0000013f6a6170c0, 0x0000013f6a614960,
0x0000013f6a616a30, 0x0000013f6a614ff0, 0x0000013f6a6163a0, 0x0000013f6a617750,
0x0000013f6a6142d0, 0x0000013f6a617de0, 0x0000013f6a618470, 0x0000013f6a618b00,
0x0000013f6a615d10, 0x0000013f6a619190, 0x0000013f6a61bf80, 0x0000013f6a61abd0,
0x0000013f6a619eb0, 0x0000013f6a61b8f0, 0x0000013f6a61b260, 0x0000013f6a61a540,
0x0000013f6a61c610, 0x0000013f6a61cca0, 0x0000013f6a619820, 0x0000013f6a61e6e0,
0x0000013f6a61d330, 0x0000013f6a61d9c0, 0x0000013f6a61e050, 0x0000013f56e46660,
0x0000013f56e46cf0, 0x0000013f56e43870, 0x0000013f56e48730, 0x0000013f56e4a800,
0x0000013f56e49450, 0x0000013f56e47a10, 0x0000013f56e4a170, 0x0000013f56e49ae0,
0x0000013f56e480a0, 0x0000013f56e47380, 0x0000013f56e51790, 0x0000013f63d51270,
0x0000013f5cf13b90, 0x0000013f5cf18d50, 0x0000013f5d169af0, 0x0000013f56eb4fe0
}

Java Threads: ( => current thread )
  0x0000013f347278f0 JavaThread "main"                              [_thread_blocked, id=13356, stack(0x0000003e31600000,0x0000003e31700000) (1024K)]
  0x0000013f4fef5640 JavaThread "Common-Cleaner"             daemon [_thread_blocked, id=2040, stack(0x0000003e31e00000,0x0000003e31f00000) (1024K)]
  0x0000013f4ff5aec0 JavaThread "Reference Handler"          daemon [_thread_blocked, id=1088, stack(0x0000003e31f00000,0x0000003e32000000) (1024K)]
  0x0000013f4ff1a1b0 JavaThread "Finalizer"                  daemon [_thread_blocked, id=21408, stack(0x0000003e32000000,0x0000003e32100000) (1024K)]
  0x0000013f4ff74920 JavaThread "Signal Dispatcher"          daemon [_thread_blocked, id=12192, stack(0x0000003e32100000,0x0000003e32200000) (1024K)]
  0x0000013f4ff75380 JavaThread "Attach Listener"            daemon [_thread_blocked, id=20792, stack(0x0000003e32200000,0x0000003e32300000) (1024K)]
  0x0000013f4ff75de0 JavaThread "Service Thread"             daemon [_thread_blocked, id=2536, stack(0x0000003e32300000,0x0000003e32400000) (1024K)]
  0x0000013f4ff7ec90 JavaThread "Monitor Deflation Thread"   daemon [_thread_blocked, id=14692, stack(0x0000003e32400000,0x0000003e32500000) (1024K)]
  0x0000013f4ff7f630 JavaThread "C2 CompilerThread0"         daemon [_thread_in_native, id=1984, stack(0x0000003e32500000,0x0000003e32600000) (1024K)]
  0x0000013f4ff800d0 JavaThread "C1 CompilerThread0"         daemon [_thread_blocked, id=1940, stack(0x0000003e32600000,0x0000003e32700000) (1024K)]
  0x0000013f50405400 JavaThread "Notification Thread"        daemon [_thread_blocked, id=26136, stack(0x0000003e32a00000,0x0000003e32b00000) (1024K)]
  0x0000013f55fc2a60 JavaThread "Daemon health stats"               [_thread_blocked, id=17632, stack(0x0000003e33400000,0x0000003e33500000) (1024K)]
  0x0000013f56351e90 JavaThread "Incoming local TCP Connector on port 50784"        [_thread_in_native, id=24632, stack(0x0000003e33500000,0x0000003e33600000) (1024K)]
  0x0000013f56449730 JavaThread "Daemon periodic checks"            [_thread_blocked, id=12396, stack(0x0000003e33600000,0x0000003e33700000) (1024K)]
  0x0000013f5627dbc0 JavaThread "Cache worker for journal cache (C:\Users\COMPUTER\.gradle\caches\journal-1)"        [_thread_blocked, id=26560, stack(0x0000003e35000000,0x0000003e35100000) (1024K)]
  0x0000013f5627e250 JavaThread "File lock request listener"        [_thread_in_native, id=11500, stack(0x0000003e35100000,0x0000003e35200000) (1024K)]
  0x0000013f5627c180 JavaThread "Cache worker for file hash cache (C:\Users\COMPUTER\.gradle\caches\8.13\fileHashes)"        [_thread_blocked, id=13336, stack(0x0000003e35200000,0x0000003e35300000) (1024K)]
  0x0000013f58c6dc40 JavaThread "File watcher server"        daemon [_thread_in_native, id=5900, stack(0x0000003e35500000,0x0000003e35600000) (1024K)]
  0x0000013f58c703a0 JavaThread "File watcher consumer"      daemon [_thread_blocked, id=18776, stack(0x0000003e35600000,0x0000003e35700000) (1024K)]
  0x0000013f58c6d5b0 JavaThread "jar transforms"                    [_thread_blocked, id=2128, stack(0x0000003e35700000,0x0000003e35800000) (1024K)]
  0x0000013f58c6e2d0 JavaThread "jar transforms Thread 2"           [_thread_blocked, id=20672, stack(0x0000003e35800000,0x0000003e35900000) (1024K)]
  0x0000013f58c6f680 JavaThread "Cache worker for file content cache (C:\Users\COMPUTER\.gradle\caches\8.13\fileContent)"        [_thread_blocked, id=16508, stack(0x0000003e35a00000,0x0000003e35b00000) (1024K)]
  0x0000013f58c6cf20 JavaThread "jar transforms Thread 3"           [_thread_blocked, id=23676, stack(0x0000003e35b00000,0x0000003e35c00000) (1024K)]
  0x0000013f58d2f3d0 JavaThread "jar transforms Thread 4"           [_thread_blocked, id=6052, stack(0x0000003e36800000,0x0000003e36900000) (1024K)]
  0x0000013f58d2fa60 JavaThread "jar transforms Thread 5"           [_thread_blocked, id=18496, stack(0x0000003e36900000,0x0000003e36a00000) (1024K)]
  0x0000013f58d34290 JavaThread "jar transforms Thread 6"           [_thread_blocked, id=23512, stack(0x0000003e36f00000,0x0000003e37000000) (1024K)]
  0x0000013f58d32ee0 JavaThread "jar transforms Thread 7"           [_thread_blocked, id=13552, stack(0x0000003e37000000,0x0000003e37100000) (1024K)]
  0x0000013f58d34920 JavaThread "jar transforms Thread 8"           [_thread_blocked, id=14416, stack(0x0000003e37100000,0x0000003e37200000) (1024K)]
  0x0000013f5c496fb0 JavaThread "Memory manager"                    [_thread_blocked, id=6408, stack(0x0000003e32d00000,0x0000003e32e00000) (1024K)]
  0x0000013f6a604970 JavaThread "RMI Scheduler(0)"           daemon [_thread_blocked, id=7668, stack(0x0000003e4b100000,0x0000003e4b200000) (1024K)]
  0x0000013f6a605000 JavaThread "RMI GC Daemon"              daemon [_thread_blocked, id=20128, stack(0x0000003e4b300000,0x0000003e4b400000) (1024K)]
  0x0000013f6a601b80 JavaThread "RMI TCP Accept-0"           daemon [_thread_in_native, id=25804, stack(0x0000003e4b400000,0x0000003e4b500000) (1024K)]
  0x0000013f6a605690 JavaThread "RMI Reaper"                        [_thread_blocked, id=14716, stack(0x0000003e4b500000,0x0000003e4b600000) (1024K)]
  0x0000013f6a602210 JavaThread "RMI TCP Connection(idle)"   daemon [_thread_blocked, id=14300, stack(0x0000003e4a500000,0x0000003e4a600000) (1024K)]
  0x0000013f56e431e0 JavaThread "Daemon Thread 2"                   [_thread_blocked, id=24852, stack(0x0000003e31300000,0x0000003e31400000) (1024K)]
  0x0000013f63d4c0b0 JavaThread "C1 CompilerThread1"         daemon [_thread_blocked, id=6124, stack(0x0000003e31500000,0x0000003e31600000) (1024K)]
  0x0000013f56e44590 JavaThread "Handler for socket connection from /127.0.0.1:50784 to /127.0.0.1:57883"        [_thread_in_native, id=21476, stack(0x0000003e32800000,0x0000003e32900000) (1024K)]
  0x0000013f56e424c0 JavaThread "Cancel handler"                    [_thread_blocked, id=18808, stack(0x0000003e32900000,0x0000003e32a00000) (1024K)]
  0x0000013f56e45940 JavaThread "Daemon worker Thread 2"            [_thread_in_Java, id=23616, stack(0x0000003e32b00000,0x0000003e32c00000) (1024K)]
  0x0000013f56e45fd0 JavaThread "Asynchronous log dispatcher for DefaultDaemonConnection: socket connection from /127.0.0.1:50784 to /127.0.0.1:57883"        [_thread_blocked, id=9772, stack(0x0000003e32c00000,0x0000003e32d00000) (1024K)]
  0x0000013f56e43f00 JavaThread "Stdin handler"                     [_thread_blocked, id=21860, stack(0x0000003e32e00000,0x0000003e32f00000) (1024K)]
  0x0000013f56e44c20 JavaThread "Daemon client event forwarder"        [_thread_blocked, id=24600, stack(0x0000003e33700000,0x0000003e33800000) (1024K)]
  0x0000013f56e452b0 JavaThread "Cache worker for file hash cache (D:\project_1.4v\.gradle\8.13\fileHashes)"        [_thread_blocked, id=22464, stack(0x0000003e33900000,0x0000003e33a00000) (1024K)]
  0x0000013f56e42b50 JavaThread "Cache worker for Build Output Cleanup Cache (D:\project_1.4v\.gradle\buildOutputCleanup)"        [_thread_blocked, id=11232, stack(0x0000003e33a00000,0x0000003e33b00000) (1024K)]
  0x0000013f56e4bbb0 JavaThread "jar transforms Thread 9"           [_thread_blocked, id=23524, stack(0x0000003e33b00000,0x0000003e33c00000) (1024K)]
  0x0000013f56e48dc0 JavaThread "jar transforms Thread 10"          [_thread_blocked, id=10428, stack(0x0000003e33c00000,0x0000003e33d00000) (1024K)]
  0x0000013f56e4ae90 JavaThread "jar transforms Thread 11"          [_thread_blocked, id=9032, stack(0x0000003e33d00000,0x0000003e33e00000) (1024K)]
  0x0000013f56e4dc80 JavaThread "jar transforms Thread 12"          [_thread_blocked, id=24540, stack(0x0000003e35300000,0x0000003e35400000) (1024K)]
  0x0000013f56e4e310 JavaThread "jar transforms Thread 13"          [_thread_blocked, id=21848, stack(0x0000003e35400000,0x0000003e35500000) (1024K)]
  0x0000013f56e4cf60 JavaThread "jar transforms Thread 14"          [_thread_blocked, id=11964, stack(0x0000003e35900000,0x0000003e35a00000) (1024K)]
  0x0000013f56e4b520 JavaThread "jar transforms Thread 15"          [_thread_blocked, id=5672, stack(0x0000003e35c00000,0x0000003e35d00000) (1024K)]
  0x0000013f56e4fd50 JavaThread "jar transforms Thread 16"          [_thread_blocked, id=11164, stack(0x0000003e35d00000,0x0000003e35e00000) (1024K)]
  0x0000013f56e4c8d0 JavaThread "jar transforms Thread 17"          [_thread_blocked, id=17192, stack(0x0000003e35e00000,0x0000003e35f00000) (1024K)]
  0x0000013f56e4f030 JavaThread "jar transforms Thread 18"          [_thread_blocked, id=8504, stack(0x0000003e35f00000,0x0000003e36000000) (1024K)]
  0x0000013f56e4f6c0 JavaThread "jar transforms Thread 19"          [_thread_blocked, id=12268, stack(0x0000003e36000000,0x0000003e36100000) (1024K)]
  0x0000013f56e4d5f0 JavaThread "jar transforms Thread 20"          [_thread_blocked, id=25664, stack(0x0000003e36100000,0x0000003e36200000) (1024K)]
  0x0000013f56e52b40 JavaThread "jar transforms Thread 21"          [_thread_blocked, id=24024, stack(0x0000003e36200000,0x0000003e36300000) (1024K)]
  0x0000013f56e531d0 JavaThread "jar transforms Thread 22"          [_thread_blocked, id=20272, stack(0x0000003e36300000,0x0000003e36400000) (1024K)]
  0x0000013f56e524b0 JavaThread "jar transforms Thread 23"          [_thread_blocked, id=16380, stack(0x0000003e36400000,0x0000003e36500000) (1024K)]
  0x0000013f56e51e20 JavaThread "jar transforms Thread 24"          [_thread_blocked, id=15500, stack(0x0000003e36500000,0x0000003e36600000) (1024K)]
  0x0000013f56e53860 JavaThread "jar transforms Thread 25"          [_thread_blocked, id=24512, stack(0x0000003e36600000,0x0000003e36700000) (1024K)]
  0x0000013f56e503e0 JavaThread "jar transforms Thread 26"          [_thread_blocked, id=16260, stack(0x0000003e36700000,0x0000003e36800000) (1024K)]
  0x0000013f56e54580 JavaThread "jar transforms Thread 27"          [_thread_blocked, id=12244, stack(0x0000003e36a00000,0x0000003e36b00000) (1024K)]
  0x0000013f56e51100 JavaThread "jar transforms Thread 28"          [_thread_blocked, id=24984, stack(0x0000003e36b00000,0x0000003e36c00000) (1024K)]
  0x0000013f6a6007d0 JavaThread "Cache worker for checksums cache (D:\project_1.4v\.gradle\8.13\checksums)"        [_thread_blocked, id=17796, stack(0x0000003e36c00000,0x0000003e36d00000) (1024K)]
  0x0000013f6a6063b0 JavaThread "Cache worker for cache directory md-supplier (C:\Users\COMPUTER\.gradle\caches\8.13\md-supplier)"        [_thread_blocked, id=14960, stack(0x0000003e36d00000,0x0000003e36e00000) (1024K)]
  0x0000013f6a606a40 JavaThread "Cache worker for cache directory md-rule (C:\Users\COMPUTER\.gradle\caches\8.13\md-rule)"        [_thread_blocked, id=16528, stack(0x0000003e36e00000,0x0000003e36f00000) (1024K)]
  0x0000013f6a605d20 JavaThread "Unconstrained build operations"        [_thread_blocked, id=19896, stack(0x0000003e37200000,0x0000003e37300000) (1024K)]
  0x0000013f6a6042e0 JavaThread "Unconstrained build operations Thread 2"        [_thread_blocked, id=17792, stack(0x0000003e37300000,0x0000003e37400000) (1024K)]
  0x0000013f6a609ec0 JavaThread "Unconstrained build operations Thread 3"        [_thread_blocked, id=1768, stack(0x0000003e37400000,0x0000003e37500000) (1024K)]
  0x0000013f6a609830 JavaThread "Unconstrained build operations Thread 4"        [_thread_blocked, id=16960, stack(0x0000003e37500000,0x0000003e37600000) (1024K)]
  0x0000013f6a6091a0 JavaThread "Unconstrained build operations Thread 5"        [_thread_blocked, id=20560, stack(0x0000003e37600000,0x0000003e37700000) (1024K)]
  0x0000013f6a60a550 JavaThread "Unconstrained build operations Thread 6"        [_thread_blocked, id=15516, stack(0x0000003e37700000,0x0000003e37800000) (1024K)]
  0x0000013f6a6070d0 JavaThread "Unconstrained build operations Thread 7"        [_thread_blocked, id=20208, stack(0x0000003e37800000,0x0000003e37900000) (1024K)]
  0x0000013f6a60abe0 JavaThread "Unconstrained build operations Thread 8"        [_thread_blocked, id=19648, stack(0x0000003e37900000,0x0000003e37a00000) (1024K)]
  0x0000013f6a607760 JavaThread "Unconstrained build operations Thread 9"        [_thread_blocked, id=2172, stack(0x0000003e37a00000,0x0000003e37b00000) (1024K)]
  0x0000013f6a608480 JavaThread "Unconstrained build operations Thread 10"        [_thread_blocked, id=25952, stack(0x0000003e37b00000,0x0000003e37c00000) (1024K)]
  0x0000013f6a60b270 JavaThread "Unconstrained build operations Thread 11"        [_thread_blocked, id=8624, stack(0x0000003e37c00000,0x0000003e37d00000) (1024K)]
  0x0000013f6a607df0 JavaThread "Unconstrained build operations Thread 12"        [_thread_blocked, id=4764, stack(0x0000003e37d00000,0x0000003e37e00000) (1024K)]
  0x0000013f6a60bf90 JavaThread "Unconstrained build operations Thread 13"        [_thread_blocked, id=14672, stack(0x0000003e37e00000,0x0000003e37f00000) (1024K)]
  0x0000013f6a60ed80 JavaThread "Unconstrained build operations Thread 14"        [_thread_blocked, id=16772, stack(0x0000003e37f00000,0x0000003e38000000) (1024K)]
  0x0000013f6a60d340 JavaThread "Unconstrained build operations Thread 15"        [_thread_blocked, id=23772, stack(0x0000003e38000000,0x0000003e38100000) (1024K)]
  0x0000013f6a60b900 JavaThread "Unconstrained build operations Thread 16"        [_thread_blocked, id=15368, stack(0x0000003e38100000,0x0000003e38200000) (1024K)]
  0x0000013f63d4e2c0 JavaThread "C1 CompilerThread2"         daemon [_thread_blocked, id=19884, stack(0x0000003e38200000,0x0000003e38300000) (1024K)]
  0x0000013f63d4ac40 JavaThread "C1 CompilerThread3"         daemon [_thread_blocked, id=18248, stack(0x0000003e38300000,0x0000003e38400000) (1024K)]
  0x0000013f6a600140 JavaThread "Unconstrained build operations Thread 17"        [_thread_blocked, id=12632, stack(0x0000003e38400000,0x0000003e38500000) (1024K)]
  0x0000013f6a60e6f0 JavaThread "Unconstrained build operations Thread 18"        [_thread_blocked, id=13224, stack(0x0000003e38500000,0x0000003e38600000) (1024K)]
  0x0000013f6a60e060 JavaThread "Unconstrained build operations Thread 19"        [_thread_blocked, id=9516, stack(0x0000003e38600000,0x0000003e38700000) (1024K)]
  0x0000013f6a60f410 JavaThread "Unconstrained build operations Thread 20"        [_thread_blocked, id=17468, stack(0x0000003e38700000,0x0000003e38800000) (1024K)]
  0x0000013f6a60ccb0 JavaThread "Unconstrained build operations Thread 21"        [_thread_blocked, id=11836, stack(0x0000003e38800000,0x0000003e38900000) (1024K)]
  0x0000013f6a60faa0 JavaThread "Unconstrained build operations Thread 22"        [_thread_blocked, id=10420, stack(0x0000003e38900000,0x0000003e38a00000) (1024K)]
  0x0000013f6a612890 JavaThread "Unconstrained build operations Thread 23"        [_thread_blocked, id=18592, stack(0x0000003e38a00000,0x0000003e38b00000) (1024K)]
  0x0000013f6a6135b0 JavaThread "Unconstrained build operations Thread 24"        [_thread_blocked, id=19512, stack(0x0000003e38b00000,0x0000003e38c00000) (1024K)]
  0x0000013f6a6114e0 JavaThread "Unconstrained build operations Thread 25"        [_thread_blocked, id=25052, stack(0x0000003e38c00000,0x0000003e38d00000) (1024K)]
  0x0000013f6a611b70 JavaThread "Unconstrained build operations Thread 26"        [_thread_blocked, id=16336, stack(0x0000003e38d00000,0x0000003e38e00000) (1024K)]
  0x0000013f6a612f20 JavaThread "Unconstrained build operations Thread 27"        [_thread_blocked, id=24360, stack(0x0000003e38e00000,0x0000003e38f00000) (1024K)]
  0x0000013f6a610130 JavaThread "Unconstrained build operations Thread 28"        [_thread_blocked, id=17668, stack(0x0000003e38f00000,0x0000003e39000000) (1024K)]
  0x0000013f6a612200 JavaThread "Unconstrained build operations Thread 29"        [_thread_blocked, id=22216, stack(0x0000003e39000000,0x0000003e39100000) (1024K)]
  0x0000013f6a613c40 JavaThread "Unconstrained build operations Thread 30"        [_thread_blocked, id=15688, stack(0x0000003e39100000,0x0000003e39200000) (1024K)]
  0x0000013f6a610e50 JavaThread "Unconstrained build operations Thread 31"        [_thread_blocked, id=3540, stack(0x0000003e39200000,0x0000003e39300000) (1024K)]
  0x0000013f6a6107c0 JavaThread "Unconstrained build operations Thread 32"        [_thread_blocked, id=18316, stack(0x0000003e39300000,0x0000003e39400000) (1024K)]
  0x0000013f6a615680 JavaThread "Unconstrained build operations Thread 33"        [_thread_blocked, id=21348, stack(0x0000003e39400000,0x0000003e39500000) (1024K)]
  0x0000013f6a6170c0 JavaThread "Unconstrained build operations Thread 34"        [_thread_blocked, id=24224, stack(0x0000003e39500000,0x0000003e39600000) (1024K)]
  0x0000013f6a614960 JavaThread "Unconstrained build operations Thread 35"        [_thread_blocked, id=12832, stack(0x0000003e39600000,0x0000003e39700000) (1024K)]
  0x0000013f6a616a30 JavaThread "Unconstrained build operations Thread 36"        [_thread_blocked, id=12636, stack(0x0000003e39700000,0x0000003e39800000) (1024K)]
  0x0000013f6a614ff0 JavaThread "Unconstrained build operations Thread 37"        [_thread_blocked, id=15648, stack(0x0000003e39800000,0x0000003e39900000) (1024K)]
  0x0000013f6a6163a0 JavaThread "Unconstrained build operations Thread 38"        [_thread_blocked, id=14908, stack(0x0000003e39900000,0x0000003e39a00000) (1024K)]
  0x0000013f6a617750 JavaThread "Unconstrained build operations Thread 39"        [_thread_blocked, id=26252, stack(0x0000003e39a00000,0x0000003e39b00000) (1024K)]
  0x0000013f6a6142d0 JavaThread "Unconstrained build operations Thread 40"        [_thread_blocked, id=13544, stack(0x0000003e39b00000,0x0000003e39c00000) (1024K)]
  0x0000013f6a617de0 JavaThread "Unconstrained build operations Thread 41"        [_thread_blocked, id=26376, stack(0x0000003e39c00000,0x0000003e39d00000) (1024K)]
  0x0000013f6a618470 JavaThread "Unconstrained build operations Thread 42"        [_thread_blocked, id=24640, stack(0x0000003e39d00000,0x0000003e39e00000) (1024K)]
  0x0000013f6a618b00 JavaThread "Unconstrained build operations Thread 43"        [_thread_blocked, id=25544, stack(0x0000003e39e00000,0x0000003e39f00000) (1024K)]
  0x0000013f6a615d10 JavaThread "Unconstrained build operations Thread 44"        [_thread_blocked, id=22720, stack(0x0000003e39f00000,0x0000003e3a000000) (1024K)]
  0x0000013f6a619190 JavaThread "Unconstrained build operations Thread 45"        [_thread_blocked, id=22988, stack(0x0000003e3a000000,0x0000003e3a100000) (1024K)]
  0x0000013f6a61bf80 JavaThread "Unconstrained build operations Thread 46"        [_thread_blocked, id=12928, stack(0x0000003e3a100000,0x0000003e3a200000) (1024K)]
  0x0000013f6a61abd0 JavaThread "Unconstrained build operations Thread 47"        [_thread_blocked, id=18656, stack(0x0000003e3a200000,0x0000003e3a300000) (1024K)]
  0x0000013f6a619eb0 JavaThread "Unconstrained build operations Thread 48"        [_thread_blocked, id=22612, stack(0x0000003e3a300000,0x0000003e3a400000) (1024K)]
  0x0000013f6a61b8f0 JavaThread "Unconstrained build operations Thread 49"        [_thread_blocked, id=19644, stack(0x0000003e3a400000,0x0000003e3a500000) (1024K)]
  0x0000013f6a61b260 JavaThread "Unconstrained build operations Thread 50"        [_thread_blocked, id=11228, stack(0x0000003e3a500000,0x0000003e3a600000) (1024K)]
  0x0000013f6a61a540 JavaThread "Unconstrained build operations Thread 51"        [_thread_blocked, id=19360, stack(0x0000003e3a600000,0x0000003e3a700000) (1024K)]
  0x0000013f6a61c610 JavaThread "Unconstrained build operations Thread 52"        [_thread_blocked, id=20116, stack(0x0000003e3a700000,0x0000003e3a800000) (1024K)]
  0x0000013f6a61cca0 JavaThread "Unconstrained build operations Thread 53"        [_thread_blocked, id=14992, stack(0x0000003e3a800000,0x0000003e3a900000) (1024K)]
  0x0000013f6a619820 JavaThread "Unconstrained build operations Thread 54"        [_thread_blocked, id=20048, stack(0x0000003e3a900000,0x0000003e3aa00000) (1024K)]
  0x0000013f6a61e6e0 JavaThread "Unconstrained build operations Thread 55"        [_thread_blocked, id=16192, stack(0x0000003e3aa00000,0x0000003e3ab00000) (1024K)]
  0x0000013f6a61d330 JavaThread "Unconstrained build operations Thread 56"        [_thread_blocked, id=20328, stack(0x0000003e3ab00000,0x0000003e3ac00000) (1024K)]
  0x0000013f6a61d9c0 JavaThread "Unconstrained build operations Thread 57"        [_thread_blocked, id=20348, stack(0x0000003e3ac00000,0x0000003e3ad00000) (1024K)]
  0x0000013f6a61e050 JavaThread "Unconstrained build operations Thread 58"        [_thread_blocked, id=18912, stack(0x0000003e3ad00000,0x0000003e3ae00000) (1024K)]
  0x0000013f56e46660 JavaThread "Unconstrained build operations Thread 59"        [_thread_blocked, id=17260, stack(0x0000003e3ae00000,0x0000003e3af00000) (1024K)]
  0x0000013f56e46cf0 JavaThread "Unconstrained build operations Thread 60"        [_thread_blocked, id=8648, stack(0x0000003e3af00000,0x0000003e3b000000) (1024K)]
  0x0000013f56e43870 JavaThread "Unconstrained build operations Thread 61"        [_thread_blocked, id=10792, stack(0x0000003e3b000000,0x0000003e3b100000) (1024K)]
  0x0000013f56e48730 JavaThread "Unconstrained build operations Thread 62"        [_thread_blocked, id=6060, stack(0x0000003e3b100000,0x0000003e3b200000) (1024K)]
  0x0000013f56e4a800 JavaThread "Unconstrained build operations Thread 63"        [_thread_blocked, id=13444, stack(0x0000003e3b200000,0x0000003e3b300000) (1024K)]
  0x0000013f56e49450 JavaThread "Unconstrained build operations Thread 64"        [_thread_blocked, id=9732, stack(0x0000003e3b300000,0x0000003e3b400000) (1024K)]
  0x0000013f56e47a10 JavaThread "Unconstrained build operations Thread 65"        [_thread_blocked, id=9804, stack(0x0000003e3b400000,0x0000003e3b500000) (1024K)]
  0x0000013f56e4a170 JavaThread "Unconstrained build operations Thread 66"        [_thread_blocked, id=9748, stack(0x0000003e3b500000,0x0000003e3b600000) (1024K)]
  0x0000013f56e49ae0 JavaThread "Unconstrained build operations Thread 67"        [_thread_blocked, id=8848, stack(0x0000003e3b600000,0x0000003e3b700000) (1024K)]
  0x0000013f56e480a0 JavaThread "Unconstrained build operations Thread 68"        [_thread_blocked, id=19188, stack(0x0000003e3b700000,0x0000003e3b800000) (1024K)]
  0x0000013f56e47380 JavaThread "Unconstrained build operations Thread 69"        [_thread_blocked, id=2244, stack(0x0000003e3b800000,0x0000003e3b900000) (1024K)]
  0x0000013f56e51790 JavaThread "Unconstrained build operations Thread 70"        [_thread_blocked, id=25836, stack(0x0000003e3b900000,0x0000003e3ba00000) (1024K)]
  0x0000013f63d51270 JavaThread "C2 CompilerThread1"         daemon [_thread_in_native, id=8188, stack(0x0000003e33800000,0x0000003e33900000) (1024K)]
  0x0000013f5cf13b90 JavaThread "C2 CompilerThread2"         daemon [_thread_blocked, id=23644, stack(0x0000003e3ba00000,0x0000003e3bb00000) (1024K)]
  0x0000013f5cf18d50 JavaThread "C2 CompilerThread3"         daemon [_thread_blocked, id=14116, stack(0x0000003e3bb00000,0x0000003e3bc00000) (1024K)]
  0x0000013f5d169af0 JavaThread "build event listener"              [_thread_blocked, id=14140, stack(0x0000003e3bc00000,0x0000003e3bd00000) (1024K)]
=>0x0000013f56eb4fe0 JavaThread "C2 CompilerThread4"         daemon [_thread_in_native, id=24844, stack(0x0000003e3bd00000,0x0000003e3be00000) (1024K)]
Total: 144

Other Threads:
  0x0000013f4fe9a010 VMThread "VM Thread"                           [id=19324, stack(0x0000003e31d00000,0x0000003e31e00000) (1024K)]
  0x0000013f4fe60090 WatcherThread "VM Periodic Task Thread"        [id=21380, stack(0x0000003e31c00000,0x0000003e31d00000) (1024K)]
  0x0000013f347ee180 WorkerThread "GC Thread#0"                     [id=10900, stack(0x0000003e31700000,0x0000003e31800000) (1024K)]
  0x0000013f50677b50 WorkerThread "GC Thread#1"                     [id=22188, stack(0x0000003e32f00000,0x0000003e33000000) (1024K)]
  0x0000013f50677ef0 WorkerThread "GC Thread#2"                     [id=16228, stack(0x0000003e33000000,0x0000003e33100000) (1024K)]
  0x0000013f50678290 WorkerThread "GC Thread#3"                     [id=26080, stack(0x0000003e33100000,0x0000003e33200000) (1024K)]
  0x0000013f50678630 WorkerThread "GC Thread#4"                     [id=22628, stack(0x0000003e33200000,0x0000003e33300000) (1024K)]
  0x0000013f505d04b0 WorkerThread "GC Thread#5"                     [id=4776, stack(0x0000003e33300000,0x0000003e33400000) (1024K)]
  0x0000013f5658a950 WorkerThread "GC Thread#6"                     [id=8184, stack(0x0000003e33e00000,0x0000003e33f00000) (1024K)]
  0x0000013f56589730 WorkerThread "GC Thread#7"                     [id=22448, stack(0x0000003e33f00000,0x0000003e34000000) (1024K)]
  0x0000013f5658a210 WorkerThread "GC Thread#8"                     [id=17088, stack(0x0000003e34000000,0x0000003e34100000) (1024K)]
  0x0000013f56588ff0 WorkerThread "GC Thread#9"                     [id=13864, stack(0x0000003e34100000,0x0000003e34200000) (1024K)]
  0x0000013f56589ad0 WorkerThread "GC Thread#10"                    [id=24612, stack(0x0000003e34200000,0x0000003e34300000) (1024K)]
  0x0000013f56589390 WorkerThread "GC Thread#11"                    [id=10128, stack(0x0000003e34300000,0x0000003e34400000) (1024K)]
  0x0000013f56589e70 WorkerThread "GC Thread#12"                    [id=19856, stack(0x0000003e34400000,0x0000003e34500000) (1024K)]
  0x0000013f5658a5b0 WorkerThread "GC Thread#13"                    [id=14792, stack(0x0000003e34500000,0x0000003e34600000) (1024K)]
  0x0000013f564a84f0 WorkerThread "GC Thread#14"                    [id=3580, stack(0x0000003e34600000,0x0000003e34700000) (1024K)]
  0x0000013f564aa930 WorkerThread "GC Thread#15"                    [id=2316, stack(0x0000003e34700000,0x0000003e34800000) (1024K)]
  0x0000013f564abb50 WorkerThread "GC Thread#16"                    [id=13472, stack(0x0000003e34800000,0x0000003e34900000) (1024K)]
  0x0000013f564ab070 WorkerThread "GC Thread#17"                    [id=4844, stack(0x0000003e34900000,0x0000003e34a00000) (1024K)]
  0x0000013f564aa590 WorkerThread "GC Thread#18"                    [id=23568, stack(0x0000003e34a00000,0x0000003e34b00000) (1024K)]
  0x0000013f564a9370 WorkerThread "GC Thread#19"                    [id=19612, stack(0x0000003e34b00000,0x0000003e34c00000) (1024K)]
  0x0000013f36c38a20 ConcurrentGCThread "G1 Main Marker"            [id=11744, stack(0x0000003e31800000,0x0000003e31900000) (1024K)]
  0x0000013f36c39330 WorkerThread "G1 Conc#0"                       [id=20000, stack(0x0000003e31900000,0x0000003e31a00000) (1024K)]
  0x0000013f564ab410 WorkerThread "G1 Conc#1"                       [id=17380, stack(0x0000003e34c00000,0x0000003e34d00000) (1024K)]
  0x0000013f564ab7b0 WorkerThread "G1 Conc#2"                       [id=22576, stack(0x0000003e34d00000,0x0000003e34e00000) (1024K)]
  0x0000013f564abef0 WorkerThread "G1 Conc#3"                       [id=22220, stack(0x0000003e34e00000,0x0000003e34f00000) (1024K)]
  0x0000013f564a9710 WorkerThread "G1 Conc#4"                       [id=25916, stack(0x0000003e34f00000,0x0000003e35000000) (1024K)]
  0x0000013f4f6b0ee0 ConcurrentGCThread "G1 Refine#0"               [id=9316, stack(0x0000003e31a00000,0x0000003e31b00000) (1024K)]
  0x0000013f4f6b1700 ConcurrentGCThread "G1 Service"                [id=8884, stack(0x0000003e31b00000,0x0000003e31c00000) (1024K)]
Total: 30

Threads with active compile tasks:
C2 CompilerThread0  106095 32120 %     4       java.util.zip.ZipFile$Source::initCEN @ 261 (612 bytes)
C2 CompilerThread1  106095 31922       4       org.gradle.internal.fingerprint.classpath.impl.ClasspathFingerprintingStrategy$ClasspathFingerprintingVisitor::visitEntry (20 bytes)
C2 CompilerThread4  106095 31923   !   4       org.gradle.internal.snapshot.FileSystemLeafSnapshot::accept (36 bytes)
Total: 3

VM state: not at safepoint (normal execution)

VM Mutex/Monitor currently owned by a thread: None

Heap address: 0x0000000080000000, size: 2048 MB, Compressed Oops mode: 32-bit

CDS archive(s) not mapped
Compressed class space mapped at: 0x0000000100000000-0x0000000140000000, reserved size: 1073741824
Narrow klass base: 0x0000000000000000, Narrow klass shift: 3, Narrow klass range: 0x140000000

GC Precious Log:
 CardTable entry size: 512
 Card Set container configuration: InlinePtr #cards 5 size 8 Array Of Cards #cards 12 size 40 Howl #buckets 4 coarsen threshold 1843 Howl Bitmap #cards 512 size 80 coarsen threshold 460 Card regions per heap region 1 cards per card region 2048
 CPUs: 28 total, 28 available
 Memory: 16039M
 Large Page Support: Disabled
 NUMA Support: Disabled
 Compressed Oops: Enabled (32-bit)
 Heap Region Size: 1M
 Heap Min Capacity: 8M
 Heap Initial Capacity: 252M
 Heap Max Capacity: 2G
 Pre-touch: Disabled
 Parallel Workers: 20
 Concurrent Workers: 5
 Concurrent Refinement Workers: 20
 Periodic GC: Disabled

Heap:
 garbage-first heap   total 439296K, used 301552K [0x0000000080000000, 0x0000000100000000)
  region size 1024K, 43 young (44032K), 16 survivors (16384K)
 Metaspace       used 221661K, committed 224768K, reserved 1245184K
  class space    used 29545K, committed 31040K, reserved 1048576K

Heap Regions: E=young(eden), S=young(survivor), O=old, HS=humongous(starts), HC=humongous(continues), CS=collection set, F=free, TAMS=top-at-mark-start, PB=parsable bottom
|   0|0x0000000080000000, 0x0000000080100000, 0x0000000080100000|100%|HS|  |TAMS 0x0000000080000000| PB 0x0000000080000000| Complete 
|   1|0x0000000080100000, 0x0000000080200000, 0x0000000080200000|100%|HC|  |TAMS 0x0000000080100000| PB 0x0000000080100000| Complete 
|   2|0x0000000080200000, 0x0000000080300000, 0x0000000080300000|100%|HC|  |TAMS 0x0000000080200000| PB 0x0000000080200000| Complete 
|   3|0x0000000080300000, 0x0000000080400000, 0x0000000080400000|100%| O|  |TAMS 0x0000000080300000| PB 0x0000000080300000| Untracked 
|   4|0x0000000080400000, 0x0000000080500000, 0x0000000080500000|100%| O|  |TAMS 0x0000000080400000| PB 0x0000000080400000| Untracked 
|   5|0x0000000080500000, 0x0000000080600000, 0x0000000080600000|100%| O|  |TAMS 0x0000000080500000| PB 0x0000000080500000| Untracked 
|   6|0x0000000080600000, 0x0000000080700000, 0x0000000080700000|100%|HS|  |TAMS 0x0000000080600000| PB 0x0000000080600000| Complete 
|   7|0x0000000080700000, 0x0000000080800000, 0x0000000080800000|100%| O|  |TAMS 0x0000000080700000| PB 0x0000000080700000| Untracked 
|   8|0x0000000080800000, 0x0000000080900000, 0x0000000080900000|100%| O|  |TAMS 0x0000000080800000| PB 0x0000000080800000| Untracked 
|   9|0x0000000080900000, 0x0000000080a00000, 0x0000000080a00000|100%| O|  |TAMS 0x0000000080900000| PB 0x0000000080900000| Untracked 
|  10|0x0000000080a00000, 0x0000000080b00000, 0x0000000080b00000|100%| O|  |TAMS 0x0000000080a00000| PB 0x0000000080a00000| Untracked 
|  11|0x0000000080b00000, 0x0000000080c00000, 0x0000000080c00000|100%| O|  |TAMS 0x0000000080b00000| PB 0x0000000080b00000| Untracked 
|  12|0x0000000080c00000, 0x0000000080d00000, 0x0000000080d00000|100%| O|  |TAMS 0x0000000080c00000| PB 0x0000000080c00000| Untracked 
|  13|0x0000000080d00000, 0x0000000080e00000, 0x0000000080e00000|100%| O|  |TAMS 0x0000000080d00000| PB 0x0000000080d00000| Untracked 
|  14|0x0000000080e00000, 0x0000000080f00000, 0x0000000080f00000|100%| O|  |TAMS 0x0000000080e00000| PB 0x0000000080e00000| Untracked 
|  15|0x0000000080f00000, 0x0000000081000000, 0x0000000081000000|100%| O|  |TAMS 0x0000000080f00000| PB 0x0000000080f00000| Untracked 
|  16|0x0000000081000000, 0x0000000081100000, 0x0000000081100000|100%| O|  |TAMS 0x0000000081000000| PB 0x0000000081000000| Untracked 
|  17|0x0000000081100000, 0x0000000081200000, 0x0000000081200000|100%| O|  |TAMS 0x0000000081100000| PB 0x0000000081100000| Untracked 
|  18|0x0000000081200000, 0x0000000081300000, 0x0000000081300000|100%| O|  |TAMS 0x0000000081200000| PB 0x0000000081200000| Untracked 
|  19|0x0000000081300000, 0x0000000081400000, 0x0000000081400000|100%| O|  |TAMS 0x0000000081300000| PB 0x0000000081300000| Untracked 
|  20|0x0000000081400000, 0x0000000081500000, 0x0000000081500000|100%| O|  |TAMS 0x0000000081400000| PB 0x0000000081400000| Untracked 
|  21|0x0000000081500000, 0x0000000081600000, 0x0000000081600000|100%| O|  |TAMS 0x0000000081500000| PB 0x0000000081500000| Untracked 
|  22|0x0000000081600000, 0x0000000081700000, 0x0000000081700000|100%|HS|  |TAMS 0x0000000081600000| PB 0x0000000081600000| Complete 
|  23|0x0000000081700000, 0x0000000081800000, 0x0000000081800000|100%|HC|  |TAMS 0x0000000081700000| PB 0x0000000081700000| Complete 
|  24|0x0000000081800000, 0x0000000081900000, 0x0000000081900000|100%| O|  |TAMS 0x0000000081800000| PB 0x0000000081800000| Untracked 
|  25|0x0000000081900000, 0x0000000081a00000, 0x0000000081a00000|100%| O|  |TAMS 0x0000000081900000| PB 0x0000000081900000| Untracked 
|  26|0x0000000081a00000, 0x0000000081b00000, 0x0000000081b00000|100%| O|  |TAMS 0x0000000081a00000| PB 0x0000000081a00000| Untracked 
|  27|0x0000000081b00000, 0x0000000081c00000, 0x0000000081c00000|100%| O|  |TAMS 0x0000000081b00000| PB 0x0000000081b00000| Untracked 
|  28|0x0000000081c00000, 0x0000000081d00000, 0x0000000081d00000|100%| O|  |TAMS 0x0000000081c00000| PB 0x0000000081c00000| Untracked 
|  29|0x0000000081d00000, 0x0000000081e00000, 0x0000000081e00000|100%| O|  |TAMS 0x0000000081d00000| PB 0x0000000081d00000| Untracked 
|  30|0x0000000081e00000, 0x0000000081f00000, 0x0000000081f00000|100%| O|  |TAMS 0x0000000081e00000| PB 0x0000000081e00000| Untracked 
|  31|0x0000000081f00000, 0x0000000082000000, 0x0000000082000000|100%| O|  |TAMS 0x0000000081f00000| PB 0x0000000081f00000| Untracked 
|  32|0x0000000082000000, 0x0000000082100000, 0x0000000082100000|100%| O|  |TAMS 0x0000000082000000| PB 0x0000000082000000| Untracked 
|  33|0x0000000082100000, 0x0000000082200000, 0x0000000082200000|100%| O|  |TAMS 0x0000000082100000| PB 0x0000000082100000| Untracked 
|  34|0x0000000082200000, 0x0000000082300000, 0x0000000082300000|100%| O|  |TAMS 0x0000000082200000| PB 0x0000000082200000| Untracked 
|  35|0x0000000082300000, 0x0000000082400000, 0x0000000082400000|100%| O|  |TAMS 0x0000000082300000| PB 0x0000000082300000| Untracked 
|  36|0x0000000082400000, 0x0000000082500000, 0x0000000082500000|100%| O|  |TAMS 0x0000000082400000| PB 0x0000000082400000| Untracked 
|  37|0x0000000082500000, 0x0000000082600000, 0x0000000082600000|100%| O|  |TAMS 0x0000000082500000| PB 0x0000000082500000| Untracked 
|  38|0x0000000082600000, 0x0000000082700000, 0x0000000082700000|100%| O|  |TAMS 0x0000000082600000| PB 0x0000000082600000| Untracked 
|  39|0x0000000082700000, 0x0000000082800000, 0x0000000082800000|100%| O|  |TAMS 0x0000000082700000| PB 0x0000000082700000| Untracked 
|  40|0x0000000082800000, 0x0000000082900000, 0x0000000082900000|100%| O|  |TAMS 0x0000000082800000| PB 0x0000000082800000| Untracked 
|  41|0x0000000082900000, 0x0000000082a00000, 0x0000000082a00000|100%| O|  |TAMS 0x0000000082900000| PB 0x0000000082900000| Untracked 
|  42|0x0000000082a00000, 0x0000000082b00000, 0x0000000082b00000|100%| O|  |TAMS 0x0000000082a00000| PB 0x0000000082a00000| Untracked 
|  43|0x0000000082b00000, 0x0000000082c00000, 0x0000000082c00000|100%| O|  |TAMS 0x0000000082b00000| PB 0x0000000082b00000| Untracked 
|  44|0x0000000082c00000, 0x0000000082d00000, 0x0000000082d00000|100%| O|  |TAMS 0x0000000082c00000| PB 0x0000000082c00000| Untracked 
|  45|0x0000000082d00000, 0x0000000082e00000, 0x0000000082e00000|100%| O|  |TAMS 0x0000000082d00000| PB 0x0000000082d00000| Untracked 
|  46|0x0000000082e00000, 0x0000000082f00000, 0x0000000082f00000|100%| O|  |TAMS 0x0000000082e00000| PB 0x0000000082e00000| Untracked 
|  47|0x0000000082f00000, 0x0000000083000000, 0x0000000083000000|100%| O|  |TAMS 0x0000000082f00000| PB 0x0000000082f00000| Untracked 
|  48|0x0000000083000000, 0x0000000083100000, 0x0000000083100000|100%| O|  |TAMS 0x0000000083000000| PB 0x0000000083000000| Untracked 
|  49|0x0000000083100000, 0x0000000083200000, 0x0000000083200000|100%|HS|  |TAMS 0x0000000083100000| PB 0x0000000083100000| Complete 
|  50|0x0000000083200000, 0x0000000083300000, 0x0000000083300000|100%|HS|  |TAMS 0x0000000083200000| PB 0x0000000083200000| Complete 
|  51|0x0000000083300000, 0x0000000083400000, 0x0000000083400000|100%| O|  |TAMS 0x0000000083300000| PB 0x0000000083300000| Untracked 
|  52|0x0000000083400000, 0x0000000083500000, 0x0000000083500000|100%| O|  |TAMS 0x0000000083400000| PB 0x0000000083400000| Untracked 
|  53|0x0000000083500000, 0x0000000083600000, 0x0000000083600000|100%|HS|  |TAMS 0x0000000083500000| PB 0x0000000083500000| Complete 
|  54|0x0000000083600000, 0x0000000083700000, 0x0000000083700000|100%|HC|  |TAMS 0x0000000083600000| PB 0x0000000083600000| Complete 
|  55|0x0000000083700000, 0x0000000083800000, 0x0000000083800000|100%|HS|  |TAMS 0x0000000083700000| PB 0x0000000083700000| Complete 
|  56|0x0000000083800000, 0x0000000083900000, 0x0000000083900000|100%|HC|  |TAMS 0x0000000083800000| PB 0x0000000083800000| Complete 
|  57|0x0000000083900000, 0x0000000083a00000, 0x0000000083a00000|100%| O|  |TAMS 0x0000000083900000| PB 0x0000000083900000| Untracked 
|  58|0x0000000083a00000, 0x0000000083b00000, 0x0000000083b00000|100%|HS|  |TAMS 0x0000000083a00000| PB 0x0000000083a00000| Complete 
|  59|0x0000000083b00000, 0x0000000083c00000, 0x0000000083c00000|100%|HC|  |TAMS 0x0000000083b00000| PB 0x0000000083b00000| Complete 
|  60|0x0000000083c00000, 0x0000000083d00000, 0x0000000083d00000|100%|HC|  |TAMS 0x0000000083c00000| PB 0x0000000083c00000| Complete 
|  61|0x0000000083d00000, 0x0000000083e00000, 0x0000000083e00000|100%|HS|  |TAMS 0x0000000083d00000| PB 0x0000000083d00000| Complete 
|  62|0x0000000083e00000, 0x0000000083f00000, 0x0000000083f00000|100%|HS|  |TAMS 0x0000000083e00000| PB 0x0000000083e00000| Complete 
|  63|0x0000000083f00000, 0x0000000084000000, 0x0000000084000000|100%| O|  |TAMS 0x0000000083f00000| PB 0x0000000083f00000| Untracked 
|  64|0x0000000084000000, 0x0000000084100000, 0x0000000084100000|100%| O|  |TAMS 0x0000000084000000| PB 0x0000000084000000| Untracked 
|  65|0x0000000084100000, 0x0000000084200000, 0x0000000084200000|100%| O|  |TAMS 0x0000000084100000| PB 0x0000000084100000| Untracked 
|  66|0x0000000084200000, 0x0000000084300000, 0x0000000084300000|100%| O|  |TAMS 0x0000000084200000| PB 0x0000000084200000| Untracked 
|  67|0x0000000084300000, 0x0000000084400000, 0x0000000084400000|100%| O|  |TAMS 0x0000000084300000| PB 0x0000000084300000| Untracked 
|  68|0x0000000084400000, 0x0000000084500000, 0x0000000084500000|100%|HS|  |TAMS 0x0000000084400000| PB 0x0000000084400000| Complete 
|  69|0x0000000084500000, 0x0000000084600000, 0x0000000084600000|100%|HS|  |TAMS 0x0000000084500000| PB 0x0000000084500000| Complete 
|  70|0x0000000084600000, 0x0000000084700000, 0x0000000084700000|100%| O|  |TAMS 0x0000000084600000| PB 0x0000000084600000| Untracked 
|  71|0x0000000084700000, 0x0000000084800000, 0x0000000084800000|100%| O|  |TAMS 0x0000000084700000| PB 0x0000000084700000| Untracked 
|  72|0x0000000084800000, 0x0000000084900000, 0x0000000084900000|100%| O|  |TAMS 0x0000000084800000| PB 0x0000000084800000| Untracked 
|  73|0x0000000084900000, 0x0000000084a00000, 0x0000000084a00000|100%| O|  |TAMS 0x0000000084900000| PB 0x0000000084900000| Untracked 
|  74|0x0000000084a00000, 0x0000000084b00000, 0x0000000084b00000|100%| O|  |TAMS 0x0000000084a00000| PB 0x0000000084a00000| Untracked 
|  75|0x0000000084b00000, 0x0000000084c00000, 0x0000000084c00000|100%| O|  |TAMS 0x0000000084b00000| PB 0x0000000084b00000| Untracked 
|  76|0x0000000084c00000, 0x0000000084d00000, 0x0000000084d00000|100%|HS|  |TAMS 0x0000000084c00000| PB 0x0000000084c00000| Complete 
|  77|0x0000000084d00000, 0x0000000084e00000, 0x0000000084e00000|100%| O|  |TAMS 0x0000000084d00000| PB 0x0000000084d00000| Untracked 
|  78|0x0000000084e00000, 0x0000000084f00000, 0x0000000084f00000|100%| O|  |TAMS 0x0000000084e00000| PB 0x0000000084e00000| Untracked 
|  79|0x0000000084f00000, 0x0000000085000000, 0x0000000085000000|100%| O|  |TAMS 0x0000000084f00000| PB 0x0000000084f00000| Untracked 
|  80|0x0000000085000000, 0x0000000085100000, 0x0000000085100000|100%| O|  |TAMS 0x0000000085000000| PB 0x0000000085000000| Untracked 
|  81|0x0000000085100000, 0x0000000085200000, 0x0000000085200000|100%| O|  |TAMS 0x0000000085100000| PB 0x0000000085100000| Untracked 
|  82|0x0000000085200000, 0x0000000085300000, 0x0000000085300000|100%|HS|  |TAMS 0x0000000085200000| PB 0x0000000085200000| Complete 
|  83|0x0000000085300000, 0x0000000085400000, 0x0000000085400000|100%|HC|  |TAMS 0x0000000085300000| PB 0x0000000085300000| Complete 
|  84|0x0000000085400000, 0x0000000085500000, 0x0000000085500000|100%|HC|  |TAMS 0x0000000085400000| PB 0x0000000085400000| Complete 
|  85|0x0000000085500000, 0x0000000085600000, 0x0000000085600000|100%| O|  |TAMS 0x0000000085500000| PB 0x0000000085500000| Untracked 
|  86|0x0000000085600000, 0x0000000085700000, 0x0000000085700000|100%| O|  |TAMS 0x0000000085600000| PB 0x0000000085600000| Untracked 
|  87|0x0000000085700000, 0x0000000085800000, 0x0000000085800000|100%| O|  |TAMS 0x0000000085700000| PB 0x0000000085700000| Untracked 
|  88|0x0000000085800000, 0x0000000085900000, 0x0000000085900000|100%| O|  |TAMS 0x0000000085800000| PB 0x0000000085800000| Untracked 
|  89|0x0000000085900000, 0x0000000085a00000, 0x0000000085a00000|100%|HS|  |TAMS 0x0000000085900000| PB 0x0000000085900000| Complete 
|  90|0x0000000085a00000, 0x0000000085b00000, 0x0000000085b00000|100%| O|  |TAMS 0x0000000085a00000| PB 0x0000000085a00000| Untracked 
|  91|0x0000000085b00000, 0x0000000085c00000, 0x0000000085c00000|100%| O|  |TAMS 0x0000000085b00000| PB 0x0000000085b00000| Untracked 
|  92|0x0000000085c00000, 0x0000000085d00000, 0x0000000085d00000|100%|HS|  |TAMS 0x0000000085c00000| PB 0x0000000085c00000| Complete 
|  93|0x0000000085d00000, 0x0000000085e00000, 0x0000000085e00000|100%| O|  |TAMS 0x0000000085d00000| PB 0x0000000085d00000| Untracked 
|  94|0x0000000085e00000, 0x0000000085f00000, 0x0000000085f00000|100%| O|  |TAMS 0x0000000085e00000| PB 0x0000000085e00000| Untracked 
|  95|0x0000000085f00000, 0x0000000086000000, 0x0000000086000000|100%| O|  |TAMS 0x0000000085f00000| PB 0x0000000085f00000| Untracked 
|  96|0x0000000086000000, 0x0000000086100000, 0x0000000086100000|100%| O|  |TAMS 0x0000000086000000| PB 0x0000000086000000| Untracked 
|  97|0x0000000086100000, 0x0000000086200000, 0x0000000086200000|100%| O|  |TAMS 0x0000000086100000| PB 0x0000000086100000| Untracked 
|  98|0x0000000086200000, 0x0000000086300000, 0x0000000086300000|100%| O|  |TAMS 0x0000000086200000| PB 0x0000000086200000| Untracked 
|  99|0x0000000086300000, 0x0000000086400000, 0x0000000086400000|100%| O|  |TAMS 0x0000000086300000| PB 0x0000000086300000| Untracked 
| 100|0x0000000086400000, 0x0000000086500000, 0x0000000086500000|100%| O|  |TAMS 0x0000000086400000| PB 0x0000000086400000| Untracked 
| 101|0x0000000086500000, 0x0000000086600000, 0x0000000086600000|100%| O|  |TAMS 0x0000000086500000| PB 0x0000000086500000| Untracked 
| 102|0x0000000086600000, 0x0000000086700000, 0x0000000086700000|100%| O|  |TAMS 0x0000000086600000| PB 0x0000000086600000| Untracked 
| 103|0x0000000086700000, 0x0000000086800000, 0x0000000086800000|100%| O|  |TAMS 0x0000000086700000| PB 0x0000000086700000| Untracked 
| 104|0x0000000086800000, 0x0000000086900000, 0x0000000086900000|100%| O|  |TAMS 0x0000000086800000| PB 0x0000000086800000| Untracked 
| 105|0x0000000086900000, 0x0000000086a00000, 0x0000000086a00000|100%| O|  |TAMS 0x0000000086900000| PB 0x0000000086900000| Untracked 
| 106|0x0000000086a00000, 0x0000000086b00000, 0x0000000086b00000|100%| O|  |TAMS 0x0000000086a00000| PB 0x0000000086a00000| Untracked 
| 107|0x0000000086b00000, 0x0000000086c00000, 0x0000000086c00000|100%| O|  |TAMS 0x0000000086b00000| PB 0x0000000086b00000| Untracked 
| 108|0x0000000086c00000, 0x0000000086d00000, 0x0000000086d00000|100%| O|  |TAMS 0x0000000086c00000| PB 0x0000000086c00000| Untracked 
| 109|0x0000000086d00000, 0x0000000086e00000, 0x0000000086e00000|100%| O|  |TAMS 0x0000000086d00000| PB 0x0000000086d00000| Untracked 
| 110|0x0000000086e00000, 0x0000000086f00000, 0x0000000086f00000|100%| O|  |TAMS 0x0000000086e00000| PB 0x0000000086e00000| Untracked 
| 111|0x0000000086f00000, 0x0000000087000000, 0x0000000087000000|100%| O|  |TAMS 0x0000000086f00000| PB 0x0000000086f00000| Untracked 
| 112|0x0000000087000000, 0x0000000087100000, 0x0000000087100000|100%| O|  |TAMS 0x0000000087000000| PB 0x0000000087000000| Untracked 
| 113|0x0000000087100000, 0x0000000087200000, 0x0000000087200000|100%| O|  |TAMS 0x0000000087100000| PB 0x0000000087100000| Untracked 
| 114|0x0000000087200000, 0x0000000087300000, 0x0000000087300000|100%| O|  |TAMS 0x0000000087200000| PB 0x0000000087200000| Untracked 
| 115|0x0000000087300000, 0x0000000087400000, 0x0000000087400000|100%| O|  |TAMS 0x0000000087300000| PB 0x0000000087300000| Untracked 
| 116|0x0000000087400000, 0x0000000087500000, 0x0000000087500000|100%| O|  |TAMS 0x0000000087400000| PB 0x0000000087400000| Untracked 
| 117|0x0000000087500000, 0x0000000087600000, 0x0000000087600000|100%| O|  |TAMS 0x0000000087500000| PB 0x0000000087500000| Untracked 
| 118|0x0000000087600000, 0x0000000087700000, 0x0000000087700000|100%| O|  |TAMS 0x0000000087600000| PB 0x0000000087600000| Untracked 
| 119|0x0000000087700000, 0x0000000087800000, 0x0000000087800000|100%| O|  |TAMS 0x0000000087700000| PB 0x0000000087700000| Untracked 
| 120|0x0000000087800000, 0x0000000087900000, 0x0000000087900000|100%|HS|  |TAMS 0x0000000087800000| PB 0x0000000087800000| Complete 
| 121|0x0000000087900000, 0x0000000087a00000, 0x0000000087a00000|100%|HC|  |TAMS 0x0000000087900000| PB 0x0000000087900000| Complete 
| 122|0x0000000087a00000, 0x0000000087b00000, 0x0000000087b00000|100%| O|  |TAMS 0x0000000087a00000| PB 0x0000000087a00000| Untracked 
| 123|0x0000000087b00000, 0x0000000087c00000, 0x0000000087c00000|100%| O|  |TAMS 0x0000000087b00000| PB 0x0000000087b00000| Untracked 
| 124|0x0000000087c00000, 0x0000000087c00000, 0x0000000087d00000|  0%| F|  |TAMS 0x0000000087c00000| PB 0x0000000087c00000| Untracked 
| 125|0x0000000087d00000, 0x0000000087e00000, 0x0000000087e00000|100%| O|  |TAMS 0x0000000087d00000| PB 0x0000000087d00000| Untracked 
| 126|0x0000000087e00000, 0x0000000087f00000, 0x0000000087f00000|100%| O|  |TAMS 0x0000000087e00000| PB 0x0000000087e00000| Untracked 
| 127|0x0000000087f00000, 0x0000000088000000, 0x0000000088000000|100%| O|  |TAMS 0x0000000087f00000| PB 0x0000000087f00000| Untracked 
| 128|0x0000000088000000, 0x0000000088100000, 0x0000000088100000|100%| O|  |TAMS 0x0000000088000000| PB 0x0000000088000000| Untracked 
| 129|0x0000000088100000, 0x0000000088200000, 0x0000000088200000|100%| O|  |TAMS 0x0000000088100000| PB 0x0000000088100000| Untracked 
| 130|0x0000000088200000, 0x0000000088300000, 0x0000000088300000|100%|HS|  |TAMS 0x0000000088200000| PB 0x0000000088200000| Complete 
| 131|0x0000000088300000, 0x0000000088400000, 0x0000000088400000|100%| O|  |TAMS 0x0000000088300000| PB 0x0000000088300000| Untracked 
| 132|0x0000000088400000, 0x0000000088500000, 0x0000000088500000|100%| O|Cm|TAMS 0x0000000088400000| PB 0x0000000088400000| Complete 
| 133|0x0000000088500000, 0x0000000088600000, 0x0000000088600000|100%| O|  |TAMS 0x0000000088500000| PB 0x0000000088500000| Untracked 
| 134|0x0000000088600000, 0x0000000088700000, 0x0000000088700000|100%| O|Cm|TAMS 0x0000000088600000| PB 0x0000000088600000| Complete 
| 135|0x0000000088700000, 0x0000000088800000, 0x0000000088800000|100%| O|  |TAMS 0x0000000088700000| PB 0x0000000088700000| Untracked 
| 136|0x0000000088800000, 0x0000000088900000, 0x0000000088900000|100%| O|Cm|TAMS 0x0000000088800000| PB 0x0000000088800000| Complete 
| 137|0x0000000088900000, 0x0000000088a00000, 0x0000000088a00000|100%|HS|  |TAMS 0x0000000088900000| PB 0x0000000088900000| Complete 
| 138|0x0000000088a00000, 0x0000000088b00000, 0x0000000088b00000|100%|HS|  |TAMS 0x0000000088a00000| PB 0x0000000088a00000| Complete 
| 139|0x0000000088b00000, 0x0000000088c00000, 0x0000000088c00000|100%| O|  |TAMS 0x0000000088b00000| PB 0x0000000088b00000| Untracked 
| 140|0x0000000088c00000, 0x0000000088d00000, 0x0000000088d00000|100%|HS|  |TAMS 0x0000000088c00000| PB 0x0000000088c00000| Complete 
| 141|0x0000000088d00000, 0x0000000088e00000, 0x0000000088e00000|100%| O|  |TAMS 0x0000000088d00000| PB 0x0000000088d00000| Untracked 
| 142|0x0000000088e00000, 0x0000000088f00000, 0x0000000088f00000|100%| O|  |TAMS 0x0000000088e00000| PB 0x0000000088e00000| Untracked 
| 143|0x0000000088f00000, 0x0000000089000000, 0x0000000089000000|100%| O|  |TAMS 0x0000000088f00000| PB 0x0000000088f00000| Untracked 
| 144|0x0000000089000000, 0x0000000089100000, 0x0000000089100000|100%| O|  |TAMS 0x0000000089000000| PB 0x0000000089000000| Untracked 
| 145|0x0000000089100000, 0x0000000089200000, 0x0000000089200000|100%| O|Cm|TAMS 0x0000000089100000| PB 0x0000000089100000| Complete 
| 146|0x0000000089200000, 0x0000000089300000, 0x0000000089300000|100%| O|  |TAMS 0x0000000089200000| PB 0x0000000089200000| Untracked 
| 147|0x0000000089300000, 0x0000000089400000, 0x0000000089400000|100%| O|Cm|TAMS 0x0000000089300000| PB 0x0000000089300000| Complete 
| 148|0x0000000089400000, 0x0000000089500000, 0x0000000089500000|100%| O|  |TAMS 0x0000000089400000| PB 0x0000000089400000| Untracked 
| 149|0x0000000089500000, 0x0000000089600000, 0x0000000089600000|100%| O|  |TAMS 0x0000000089500000| PB 0x0000000089500000| Untracked 
| 150|0x0000000089600000, 0x0000000089700000, 0x0000000089700000|100%|HS|  |TAMS 0x0000000089600000| PB 0x0000000089600000| Complete 
| 151|0x0000000089700000, 0x0000000089800000, 0x0000000089800000|100%| O|  |TAMS 0x0000000089700000| PB 0x0000000089700000| Untracked 
| 152|0x0000000089800000, 0x0000000089900000, 0x0000000089900000|100%| O|  |TAMS 0x0000000089800000| PB 0x0000000089800000| Untracked 
| 153|0x0000000089900000, 0x0000000089a00000, 0x0000000089a00000|100%|HS|  |TAMS 0x0000000089900000| PB 0x0000000089900000| Complete 
| 154|0x0000000089a00000, 0x0000000089b00000, 0x0000000089b00000|100%|HC|  |TAMS 0x0000000089a00000| PB 0x0000000089a00000| Complete 
| 155|0x0000000089b00000, 0x0000000089c00000, 0x0000000089c00000|100%|HC|  |TAMS 0x0000000089b00000| PB 0x0000000089b00000| Complete 
| 156|0x0000000089c00000, 0x0000000089d00000, 0x0000000089d00000|100%|HC|  |TAMS 0x0000000089c00000| PB 0x0000000089c00000| Complete 
| 157|0x0000000089d00000, 0x0000000089e00000, 0x0000000089e00000|100%|HC|  |TAMS 0x0000000089d00000| PB 0x0000000089d00000| Complete 
| 158|0x0000000089e00000, 0x0000000089f00000, 0x0000000089f00000|100%|HC|  |TAMS 0x0000000089e00000| PB 0x0000000089e00000| Complete 
| 159|0x0000000089f00000, 0x000000008a000000, 0x000000008a000000|100%| O|  |TAMS 0x0000000089f00000| PB 0x0000000089f00000| Untracked 
| 160|0x000000008a000000, 0x000000008a100000, 0x000000008a100000|100%| O|Cm|TAMS 0x000000008a000000| PB 0x000000008a000000| Complete 
| 161|0x000000008a100000, 0x000000008a200000, 0x000000008a200000|100%| O|  |TAMS 0x000000008a100000| PB 0x000000008a100000| Untracked 
| 162|0x000000008a200000, 0x000000008a300000, 0x000000008a300000|100%| O|  |TAMS 0x000000008a200000| PB 0x000000008a200000| Untracked 
| 163|0x000000008a300000, 0x000000008a400000, 0x000000008a400000|100%| O|  |TAMS 0x000000008a300000| PB 0x000000008a300000| Untracked 
| 164|0x000000008a400000, 0x000000008a500000, 0x000000008a500000|100%| O|  |TAMS 0x000000008a400000| PB 0x000000008a400000| Untracked 
| 165|0x000000008a500000, 0x000000008a600000, 0x000000008a600000|100%| O|  |TAMS 0x000000008a500000| PB 0x000000008a500000| Untracked 
| 166|0x000000008a600000, 0x000000008a700000, 0x000000008a700000|100%| O|  |TAMS 0x000000008a600000| PB 0x000000008a600000| Untracked 
| 167|0x000000008a700000, 0x000000008a800000, 0x000000008a800000|100%| O|  |TAMS 0x000000008a700000| PB 0x000000008a700000| Untracked 
| 168|0x000000008a800000, 0x000000008a900000, 0x000000008a900000|100%|HS|  |TAMS 0x000000008a800000| PB 0x000000008a800000| Complete 
| 169|0x000000008a900000, 0x000000008aa00000, 0x000000008aa00000|100%|HC|  |TAMS 0x000000008a900000| PB 0x000000008a900000| Complete 
| 170|0x000000008aa00000, 0x000000008ab00000, 0x000000008ab00000|100%|HC|  |TAMS 0x000000008aa00000| PB 0x000000008aa00000| Complete 
| 171|0x000000008ab00000, 0x000000008ac00000, 0x000000008ac00000|100%|HC|  |TAMS 0x000000008ab00000| PB 0x000000008ab00000| Complete 
| 172|0x000000008ac00000, 0x000000008ad00000, 0x000000008ad00000|100%|HS|  |TAMS 0x000000008ac00000| PB 0x000000008ac00000| Complete 
| 173|0x000000008ad00000, 0x000000008ae00000, 0x000000008ae00000|100%|HC|  |TAMS 0x000000008ad00000| PB 0x000000008ad00000| Complete 
| 174|0x000000008ae00000, 0x000000008af00000, 0x000000008af00000|100%|HC|  |TAMS 0x000000008ae00000| PB 0x000000008ae00000| Complete 
| 175|0x000000008af00000, 0x000000008b000000, 0x000000008b000000|100%|HC|  |TAMS 0x000000008af00000| PB 0x000000008af00000| Complete 
| 176|0x000000008b000000, 0x000000008b100000, 0x000000008b100000|100%|HC|  |TAMS 0x000000008b000000| PB 0x000000008b000000| Complete 
| 177|0x000000008b100000, 0x000000008b200000, 0x000000008b200000|100%|HC|  |TAMS 0x000000008b100000| PB 0x000000008b100000| Complete 
| 178|0x000000008b200000, 0x000000008b300000, 0x000000008b300000|100%|HS|  |TAMS 0x000000008b200000| PB 0x000000008b200000| Complete 
| 179|0x000000008b300000, 0x000000008b400000, 0x000000008b400000|100%|HC|  |TAMS 0x000000008b300000| PB 0x000000008b300000| Complete 
| 180|0x000000008b400000, 0x000000008b500000, 0x000000008b500000|100%|HS|  |TAMS 0x000000008b400000| PB 0x000000008b400000| Complete 
| 181|0x000000008b500000, 0x000000008b600000, 0x000000008b600000|100%|HC|  |TAMS 0x000000008b500000| PB 0x000000008b500000| Complete 
| 182|0x000000008b600000, 0x000000008b700000, 0x000000008b700000|100%|HC|  |TAMS 0x000000008b600000| PB 0x000000008b600000| Complete 
| 183|0x000000008b700000, 0x000000008b800000, 0x000000008b800000|100%|HC|  |TAMS 0x000000008b700000| PB 0x000000008b700000| Complete 
| 184|0x000000008b800000, 0x000000008b900000, 0x000000008b900000|100%|HS|  |TAMS 0x000000008b800000| PB 0x000000008b800000| Complete 
| 185|0x000000008b900000, 0x000000008ba00000, 0x000000008ba00000|100%|HC|  |TAMS 0x000000008b900000| PB 0x000000008b900000| Complete 
| 186|0x000000008ba00000, 0x000000008bb00000, 0x000000008bb00000|100%|HC|  |TAMS 0x000000008ba00000| PB 0x000000008ba00000| Complete 
| 187|0x000000008bb00000, 0x000000008bc00000, 0x000000008bc00000|100%|HC|  |TAMS 0x000000008bb00000| PB 0x000000008bb00000| Complete 
| 188|0x000000008bc00000, 0x000000008bd00000, 0x000000008bd00000|100%|HC|  |TAMS 0x000000008bc00000| PB 0x000000008bc00000| Complete 
| 189|0x000000008bd00000, 0x000000008be00000, 0x000000008be00000|100%|HC|  |TAMS 0x000000008bd00000| PB 0x000000008bd00000| Complete 
| 190|0x000000008be00000, 0x000000008bf00000, 0x000000008bf00000|100%|HS|  |TAMS 0x000000008be00000| PB 0x000000008be00000| Complete 
| 191|0x000000008bf00000, 0x000000008c000000, 0x000000008c000000|100%|HC|  |TAMS 0x000000008bf00000| PB 0x000000008bf00000| Complete 
| 192|0x000000008c000000, 0x000000008c100000, 0x000000008c100000|100%|HC|  |TAMS 0x000000008c000000| PB 0x000000008c000000| Complete 
| 193|0x000000008c100000, 0x000000008c200000, 0x000000008c200000|100%|HC|  |TAMS 0x000000008c100000| PB 0x000000008c100000| Complete 
| 194|0x000000008c200000, 0x000000008c300000, 0x000000008c300000|100%|HC|  |TAMS 0x000000008c200000| PB 0x000000008c200000| Complete 
| 195|0x000000008c300000, 0x000000008c400000, 0x000000008c400000|100%|HC|  |TAMS 0x000000008c300000| PB 0x000000008c300000| Complete 
| 196|0x000000008c400000, 0x000000008c500000, 0x000000008c500000|100%| O|  |TAMS 0x000000008c400000| PB 0x000000008c400000| Untracked 
| 197|0x000000008c500000, 0x000000008c600000, 0x000000008c600000|100%| O|  |TAMS 0x000000008c500000| PB 0x000000008c500000| Untracked 
| 198|0x000000008c600000, 0x000000008c700000, 0x000000008c700000|100%| O|  |TAMS 0x000000008c600000| PB 0x000000008c600000| Untracked 
| 199|0x000000008c700000, 0x000000008c800000, 0x000000008c800000|100%| O|  |TAMS 0x000000008c700000| PB 0x000000008c700000| Untracked 
| 200|0x000000008c800000, 0x000000008c900000, 0x000000008c900000|100%| O|  |TAMS 0x000000008c800000| PB 0x000000008c800000| Untracked 
| 201|0x000000008c900000, 0x000000008ca00000, 0x000000008ca00000|100%| O|  |TAMS 0x000000008c900000| PB 0x000000008c900000| Untracked 
| 202|0x000000008ca00000, 0x000000008cb00000, 0x000000008cb00000|100%| O|  |TAMS 0x000000008ca00000| PB 0x000000008ca00000| Untracked 
| 203|0x000000008cb00000, 0x000000008cc00000, 0x000000008cc00000|100%|HS|  |TAMS 0x000000008cb00000| PB 0x000000008cb00000| Complete 
| 204|0x000000008cc00000, 0x000000008cd00000, 0x000000008cd00000|100%|HC|  |TAMS 0x000000008cc00000| PB 0x000000008cc00000| Complete 
| 205|0x000000008cd00000, 0x000000008ce00000, 0x000000008ce00000|100%|HC|  |TAMS 0x000000008cd00000| PB 0x000000008cd00000| Complete 
| 206|0x000000008ce00000, 0x000000008cf00000, 0x000000008cf00000|100%|HC|  |TAMS 0x000000008ce00000| PB 0x000000008ce00000| Complete 
| 207|0x000000008cf00000, 0x000000008d000000, 0x000000008d000000|100%|HC|  |TAMS 0x000000008cf00000| PB 0x000000008cf00000| Complete 
| 208|0x000000008d000000, 0x000000008d100000, 0x000000008d100000|100%|HC|  |TAMS 0x000000008d000000| PB 0x000000008d000000| Complete 
| 209|0x000000008d100000, 0x000000008d200000, 0x000000008d200000|100%| O|  |TAMS 0x000000008d100000| PB 0x000000008d100000| Untracked 
| 210|0x000000008d200000, 0x000000008d300000, 0x000000008d300000|100%| O|  |TAMS 0x000000008d200000| PB 0x000000008d200000| Untracked 
| 211|0x000000008d300000, 0x000000008d400000, 0x000000008d400000|100%| O|  |TAMS 0x000000008d300000| PB 0x000000008d300000| Untracked 
| 212|0x000000008d400000, 0x000000008d500000, 0x000000008d500000|100%| O|  |TAMS 0x000000008d400000| PB 0x000000008d400000| Untracked 
| 213|0x000000008d500000, 0x000000008d600000, 0x000000008d600000|100%| O|  |TAMS 0x000000008d500000| PB 0x000000008d500000| Untracked 
| 214|0x000000008d600000, 0x000000008d700000, 0x000000008d700000|100%| O|  |TAMS 0x000000008d600000| PB 0x000000008d600000| Untracked 
| 215|0x000000008d700000, 0x000000008d800000, 0x000000008d800000|100%| O|  |TAMS 0x000000008d700000| PB 0x000000008d700000| Untracked 
| 216|0x000000008d800000, 0x000000008d900000, 0x000000008d900000|100%| O|  |TAMS 0x000000008d800000| PB 0x000000008d800000| Untracked 
| 217|0x000000008d900000, 0x000000008da00000, 0x000000008da00000|100%| O|  |TAMS 0x000000008d900000| PB 0x000000008d900000| Untracked 
| 218|0x000000008da00000, 0x000000008db00000, 0x000000008db00000|100%| O|  |TAMS 0x000000008da00000| PB 0x000000008da00000| Untracked 
| 219|0x000000008db00000, 0x000000008dc00000, 0x000000008dc00000|100%| O|  |TAMS 0x000000008db00000| PB 0x000000008db00000| Untracked 
| 220|0x000000008dc00000, 0x000000008dd00000, 0x000000008dd00000|100%| O|  |TAMS 0x000000008dc00000| PB 0x000000008dc00000| Untracked 
| 221|0x000000008dd00000, 0x000000008de00000, 0x000000008de00000|100%| O|  |TAMS 0x000000008dd00000| PB 0x000000008dd00000| Untracked 
| 222|0x000000008de00000, 0x000000008df00000, 0x000000008df00000|100%| O|  |TAMS 0x000000008de00000| PB 0x000000008de00000| Untracked 
| 223|0x000000008df00000, 0x000000008e000000, 0x000000008e000000|100%| O|  |TAMS 0x000000008df00000| PB 0x000000008df00000| Untracked 
| 224|0x000000008e000000, 0x000000008e100000, 0x000000008e100000|100%| O|  |TAMS 0x000000008e000000| PB 0x000000008e000000| Untracked 
| 225|0x000000008e100000, 0x000000008e200000, 0x000000008e200000|100%| O|  |TAMS 0x000000008e100000| PB 0x000000008e100000| Untracked 
| 226|0x000000008e200000, 0x000000008e300000, 0x000000008e300000|100%| O|  |TAMS 0x000000008e200000| PB 0x000000008e200000| Untracked 
| 227|0x000000008e300000, 0x000000008e400000, 0x000000008e400000|100%| O|  |TAMS 0x000000008e300000| PB 0x000000008e300000| Untracked 
| 228|0x000000008e400000, 0x000000008e500000, 0x000000008e500000|100%| O|  |TAMS 0x000000008e400000| PB 0x000000008e400000| Untracked 
| 229|0x000000008e500000, 0x000000008e600000, 0x000000008e600000|100%| O|Cm|TAMS 0x000000008e500000| PB 0x000000008e500000| Complete 
| 230|0x000000008e600000, 0x000000008e700000, 0x000000008e700000|100%| O|  |TAMS 0x000000008e600000| PB 0x000000008e600000| Untracked 
| 231|0x000000008e700000, 0x000000008e800000, 0x000000008e800000|100%| O|  |TAMS 0x000000008e700000| PB 0x000000008e700000| Untracked 
| 232|0x000000008e800000, 0x000000008e900000, 0x000000008e900000|100%| O|  |TAMS 0x000000008e800000| PB 0x000000008e800000| Untracked 
| 233|0x000000008e900000, 0x000000008ea00000, 0x000000008ea00000|100%| O|  |TAMS 0x000000008e900000| PB 0x000000008e900000| Untracked 
| 234|0x000000008ea00000, 0x000000008eb00000, 0x000000008eb00000|100%| O|  |TAMS 0x000000008ea00000| PB 0x000000008ea00000| Untracked 
| 235|0x000000008eb00000, 0x000000008ec00000, 0x000000008ec00000|100%| O|  |TAMS 0x000000008eb00000| PB 0x000000008eb00000| Untracked 
| 236|0x000000008ec00000, 0x000000008ed00000, 0x000000008ed00000|100%| O|  |TAMS 0x000000008ec00000| PB 0x000000008ec00000| Untracked 
| 237|0x000000008ed00000, 0x000000008ee00000, 0x000000008ee00000|100%| O|  |TAMS 0x000000008ed00000| PB 0x000000008ed00000| Untracked 
| 238|0x000000008ee00000, 0x000000008ef00000, 0x000000008ef00000|100%| O|Cm|TAMS 0x000000008ee00000| PB 0x000000008ee00000| Complete 
| 239|0x000000008ef00000, 0x000000008f000000, 0x000000008f000000|100%| O|  |TAMS 0x000000008ef00000| PB 0x000000008ef00000| Untracked 
| 240|0x000000008f000000, 0x000000008f100000, 0x000000008f100000|100%| O|  |TAMS 0x000000008f000000| PB 0x000000008f000000| Untracked 
| 241|0x000000008f100000, 0x000000008f200000, 0x000000008f200000|100%| O|  |TAMS 0x000000008f100000| PB 0x000000008f100000| Untracked 
| 242|0x000000008f200000, 0x000000008f300000, 0x000000008f300000|100%| O|  |TAMS 0x000000008f200000| PB 0x000000008f200000| Untracked 
| 243|0x000000008f300000, 0x000000008f400000, 0x000000008f400000|100%| O|  |TAMS 0x000000008f300000| PB 0x000000008f300000| Untracked 
| 244|0x000000008f400000, 0x000000008f47c240, 0x000000008f500000| 48%| O|  |TAMS 0x000000008f400000| PB 0x000000008f400000| Untracked 
| 245|0x000000008f500000, 0x000000008f600000, 0x000000008f600000|100%|HS|  |TAMS 0x000000008f500000| PB 0x000000008f500000| Complete 
| 246|0x000000008f600000, 0x000000008f700000, 0x000000008f700000|100%|HC|  |TAMS 0x000000008f600000| PB 0x000000008f600000| Complete 
| 247|0x000000008f700000, 0x000000008f700000, 0x000000008f800000|  0%| F|  |TAMS 0x000000008f700000| PB 0x000000008f700000| Untracked 
| 248|0x000000008f800000, 0x000000008f800000, 0x000000008f900000|  0%| F|  |TAMS 0x000000008f800000| PB 0x000000008f800000| Untracked 
| 249|0x000000008f900000, 0x000000008f900000, 0x000000008fa00000|  0%| F|  |TAMS 0x000000008f900000| PB 0x000000008f900000| Untracked 
| 250|0x000000008fa00000, 0x000000008fa00000, 0x000000008fb00000|  0%| F|  |TAMS 0x000000008fa00000| PB 0x000000008fa00000| Untracked 
| 251|0x000000008fb00000, 0x000000008fb00000, 0x000000008fc00000|  0%| F|  |TAMS 0x000000008fb00000| PB 0x000000008fb00000| Untracked 
| 252|0x000000008fc00000, 0x000000008fc00000, 0x000000008fd00000|  0%| F|  |TAMS 0x000000008fc00000| PB 0x000000008fc00000| Untracked 
| 253|0x000000008fd00000, 0x000000008fd00000, 0x000000008fe00000|  0%| F|  |TAMS 0x000000008fd00000| PB 0x000000008fd00000| Untracked 
| 254|0x000000008fe00000, 0x000000008fe00000, 0x000000008ff00000|  0%| F|  |TAMS 0x000000008fe00000| PB 0x000000008fe00000| Untracked 
| 255|0x000000008ff00000, 0x000000008ff00000, 0x0000000090000000|  0%| F|  |TAMS 0x000000008ff00000| PB 0x000000008ff00000| Untracked 
| 256|0x0000000090000000, 0x0000000090000000, 0x0000000090100000|  0%| F|  |TAMS 0x0000000090000000| PB 0x0000000090000000| Untracked 
| 257|0x0000000090100000, 0x0000000090100000, 0x0000000090200000|  0%| F|  |TAMS 0x0000000090100000| PB 0x0000000090100000| Untracked 
| 258|0x0000000090200000, 0x0000000090200000, 0x0000000090300000|  0%| F|  |TAMS 0x0000000090200000| PB 0x0000000090200000| Untracked 
| 259|0x0000000090300000, 0x0000000090300000, 0x0000000090400000|  0%| F|  |TAMS 0x0000000090300000| PB 0x0000000090300000| Untracked 
| 260|0x0000000090400000, 0x0000000090400000, 0x0000000090500000|  0%| F|  |TAMS 0x0000000090400000| PB 0x0000000090400000| Untracked 
| 261|0x0000000090500000, 0x0000000090500000, 0x0000000090600000|  0%| F|  |TAMS 0x0000000090500000| PB 0x0000000090500000| Untracked 
| 262|0x0000000090600000, 0x0000000090600000, 0x0000000090700000|  0%| F|  |TAMS 0x0000000090600000| PB 0x0000000090600000| Untracked 
| 263|0x0000000090700000, 0x0000000090700000, 0x0000000090800000|  0%| F|  |TAMS 0x0000000090700000| PB 0x0000000090700000| Untracked 
| 264|0x0000000090800000, 0x0000000090800000, 0x0000000090900000|  0%| F|  |TAMS 0x0000000090800000| PB 0x0000000090800000| Untracked 
| 265|0x0000000090900000, 0x0000000090900000, 0x0000000090a00000|  0%| F|  |TAMS 0x0000000090900000| PB 0x0000000090900000| Untracked 
| 266|0x0000000090a00000, 0x0000000090a00000, 0x0000000090b00000|  0%| F|  |TAMS 0x0000000090a00000| PB 0x0000000090a00000| Untracked 
| 267|0x0000000090b00000, 0x0000000090b00000, 0x0000000090c00000|  0%| F|  |TAMS 0x0000000090b00000| PB 0x0000000090b00000| Untracked 
| 268|0x0000000090c00000, 0x0000000090c00000, 0x0000000090d00000|  0%| F|  |TAMS 0x0000000090c00000| PB 0x0000000090c00000| Untracked 
| 269|0x0000000090d00000, 0x0000000090d00000, 0x0000000090e00000|  0%| F|  |TAMS 0x0000000090d00000| PB 0x0000000090d00000| Untracked 
| 270|0x0000000090e00000, 0x0000000090e00000, 0x0000000090f00000|  0%| F|  |TAMS 0x0000000090e00000| PB 0x0000000090e00000| Untracked 
| 271|0x0000000090f00000, 0x0000000090f00000, 0x0000000091000000|  0%| F|  |TAMS 0x0000000090f00000| PB 0x0000000090f00000| Untracked 
| 272|0x0000000091000000, 0x0000000091000000, 0x0000000091100000|  0%| F|  |TAMS 0x0000000091000000| PB 0x0000000091000000| Untracked 
| 273|0x0000000091100000, 0x0000000091100000, 0x0000000091200000|  0%| F|  |TAMS 0x0000000091100000| PB 0x0000000091100000| Untracked 
| 274|0x0000000091200000, 0x0000000091200000, 0x0000000091300000|  0%| F|  |TAMS 0x0000000091200000| PB 0x0000000091200000| Untracked 
| 275|0x0000000091300000, 0x0000000091300000, 0x0000000091400000|  0%| F|  |TAMS 0x0000000091300000| PB 0x0000000091300000| Untracked 
| 276|0x0000000091400000, 0x0000000091400000, 0x0000000091500000|  0%| F|  |TAMS 0x0000000091400000| PB 0x0000000091400000| Untracked 
| 277|0x0000000091500000, 0x0000000091500000, 0x0000000091600000|  0%| F|  |TAMS 0x0000000091500000| PB 0x0000000091500000| Untracked 
| 278|0x0000000091600000, 0x0000000091600000, 0x0000000091700000|  0%| F|  |TAMS 0x0000000091600000| PB 0x0000000091600000| Untracked 
| 279|0x0000000091700000, 0x0000000091800000, 0x0000000091800000|100%| S|CS|TAMS 0x0000000091700000| PB 0x0000000091700000| Complete 
| 280|0x0000000091800000, 0x0000000091900000, 0x0000000091900000|100%| S|CS|TAMS 0x0000000091800000| PB 0x0000000091800000| Complete 
| 281|0x0000000091900000, 0x0000000091a00000, 0x0000000091a00000|100%| S|CS|TAMS 0x0000000091900000| PB 0x0000000091900000| Complete 
| 282|0x0000000091a00000, 0x0000000091b00000, 0x0000000091b00000|100%| S|CS|TAMS 0x0000000091a00000| PB 0x0000000091a00000| Complete 
| 283|0x0000000091b00000, 0x0000000091c00000, 0x0000000091c00000|100%| S|CS|TAMS 0x0000000091b00000| PB 0x0000000091b00000| Complete 
| 284|0x0000000091c00000, 0x0000000091d00000, 0x0000000091d00000|100%| S|CS|TAMS 0x0000000091c00000| PB 0x0000000091c00000| Complete 
| 285|0x0000000091d00000, 0x0000000091e00000, 0x0000000091e00000|100%| S|CS|TAMS 0x0000000091d00000| PB 0x0000000091d00000| Complete 
| 286|0x0000000091e00000, 0x0000000091f00000, 0x0000000091f00000|100%| S|CS|TAMS 0x0000000091e00000| PB 0x0000000091e00000| Complete 
| 287|0x0000000091f00000, 0x0000000092000000, 0x0000000092000000|100%| S|CS|TAMS 0x0000000091f00000| PB 0x0000000091f00000| Complete 
| 288|0x0000000092000000, 0x0000000092100000, 0x0000000092100000|100%| S|CS|TAMS 0x0000000092000000| PB 0x0000000092000000| Complete 
| 289|0x0000000092100000, 0x0000000092200000, 0x0000000092200000|100%| S|CS|TAMS 0x0000000092100000| PB 0x0000000092100000| Complete 
| 290|0x0000000092200000, 0x0000000092300000, 0x0000000092300000|100%| S|CS|TAMS 0x0000000092200000| PB 0x0000000092200000| Complete 
| 291|0x0000000092300000, 0x0000000092400000, 0x0000000092400000|100%| S|CS|TAMS 0x0000000092300000| PB 0x0000000092300000| Complete 
| 292|0x0000000092400000, 0x0000000092500000, 0x0000000092500000|100%| S|CS|TAMS 0x0000000092400000| PB 0x0000000092400000| Complete 
| 293|0x0000000092500000, 0x0000000092600000, 0x0000000092600000|100%| S|CS|TAMS 0x0000000092500000| PB 0x0000000092500000| Complete 
| 294|0x0000000092600000, 0x0000000092700000, 0x0000000092700000|100%| S|CS|TAMS 0x0000000092600000| PB 0x0000000092600000| Complete 
| 295|0x0000000092700000, 0x0000000092700000, 0x0000000092800000|  0%| F|  |TAMS 0x0000000092700000| PB 0x0000000092700000| Untracked 
| 296|0x0000000092800000, 0x0000000092800000, 0x0000000092900000|  0%| F|  |TAMS 0x0000000092800000| PB 0x0000000092800000| Untracked 
| 297|0x0000000092900000, 0x0000000092900000, 0x0000000092a00000|  0%| F|  |TAMS 0x0000000092900000| PB 0x0000000092900000| Untracked 
| 298|0x0000000092a00000, 0x0000000092a00000, 0x0000000092b00000|  0%| F|  |TAMS 0x0000000092a00000| PB 0x0000000092a00000| Untracked 
| 299|0x0000000092b00000, 0x0000000092b00000, 0x0000000092c00000|  0%| F|  |TAMS 0x0000000092b00000| PB 0x0000000092b00000| Untracked 
| 300|0x0000000092c00000, 0x0000000092c00000, 0x0000000092d00000|  0%| F|  |TAMS 0x0000000092c00000| PB 0x0000000092c00000| Untracked 
| 301|0x0000000092d00000, 0x0000000092d00000, 0x0000000092e00000|  0%| F|  |TAMS 0x0000000092d00000| PB 0x0000000092d00000| Untracked 
| 302|0x0000000092e00000, 0x0000000092e00000, 0x0000000092f00000|  0%| F|  |TAMS 0x0000000092e00000| PB 0x0000000092e00000| Untracked 
| 303|0x0000000092f00000, 0x0000000092f00000, 0x0000000093000000|  0%| F|  |TAMS 0x0000000092f00000| PB 0x0000000092f00000| Untracked 
| 304|0x0000000093000000, 0x0000000093000000, 0x0000000093100000|  0%| F|  |TAMS 0x0000000093000000| PB 0x0000000093000000| Untracked 
| 305|0x0000000093100000, 0x0000000093100000, 0x0000000093200000|  0%| F|  |TAMS 0x0000000093100000| PB 0x0000000093100000| Untracked 
| 306|0x0000000093200000, 0x0000000093200000, 0x0000000093300000|  0%| F|  |TAMS 0x0000000093200000| PB 0x0000000093200000| Untracked 
| 307|0x0000000093300000, 0x0000000093300000, 0x0000000093400000|  0%| F|  |TAMS 0x0000000093300000| PB 0x0000000093300000| Untracked 
| 308|0x0000000093400000, 0x0000000093400000, 0x0000000093500000|  0%| F|  |TAMS 0x0000000093400000| PB 0x0000000093400000| Untracked 
| 309|0x0000000093500000, 0x0000000093500000, 0x0000000093600000|  0%| F|  |TAMS 0x0000000093500000| PB 0x0000000093500000| Untracked 
| 310|0x0000000093600000, 0x0000000093600000, 0x0000000093700000|  0%| F|  |TAMS 0x0000000093600000| PB 0x0000000093600000| Untracked 
| 311|0x0000000093700000, 0x0000000093700000, 0x0000000093800000|  0%| F|  |TAMS 0x0000000093700000| PB 0x0000000093700000| Untracked 
| 312|0x0000000093800000, 0x0000000093800000, 0x0000000093900000|  0%| F|  |TAMS 0x0000000093800000| PB 0x0000000093800000| Untracked 
| 313|0x0000000093900000, 0x0000000093900000, 0x0000000093a00000|  0%| F|  |TAMS 0x0000000093900000| PB 0x0000000093900000| Untracked 
| 314|0x0000000093a00000, 0x0000000093a00000, 0x0000000093b00000|  0%| F|  |TAMS 0x0000000093a00000| PB 0x0000000093a00000| Untracked 
| 315|0x0000000093b00000, 0x0000000093b00000, 0x0000000093c00000|  0%| F|  |TAMS 0x0000000093b00000| PB 0x0000000093b00000| Untracked 
| 316|0x0000000093c00000, 0x0000000093c00000, 0x0000000093d00000|  0%| F|  |TAMS 0x0000000093c00000| PB 0x0000000093c00000| Untracked 
| 317|0x0000000093d00000, 0x0000000093d00000, 0x0000000093e00000|  0%| F|  |TAMS 0x0000000093d00000| PB 0x0000000093d00000| Untracked 
| 318|0x0000000093e00000, 0x0000000093e00000, 0x0000000093f00000|  0%| F|  |TAMS 0x0000000093e00000| PB 0x0000000093e00000| Untracked 
| 319|0x0000000093f00000, 0x0000000093f00000, 0x0000000094000000|  0%| F|  |TAMS 0x0000000093f00000| PB 0x0000000093f00000| Untracked 
| 320|0x0000000094000000, 0x0000000094000000, 0x0000000094100000|  0%| F|  |TAMS 0x0000000094000000| PB 0x0000000094000000| Untracked 
| 321|0x0000000094100000, 0x0000000094100000, 0x0000000094200000|  0%| F|  |TAMS 0x0000000094100000| PB 0x0000000094100000| Untracked 
| 322|0x0000000094200000, 0x0000000094200000, 0x0000000094300000|  0%| F|  |TAMS 0x0000000094200000| PB 0x0000000094200000| Untracked 
| 323|0x0000000094300000, 0x0000000094300000, 0x0000000094400000|  0%| F|  |TAMS 0x0000000094300000| PB 0x0000000094300000| Untracked 
| 324|0x0000000094400000, 0x0000000094400000, 0x0000000094500000|  0%| F|  |TAMS 0x0000000094400000| PB 0x0000000094400000| Untracked 
| 325|0x0000000094500000, 0x0000000094500000, 0x0000000094600000|  0%| F|  |TAMS 0x0000000094500000| PB 0x0000000094500000| Untracked 
| 326|0x0000000094600000, 0x0000000094600000, 0x0000000094700000|  0%| F|  |TAMS 0x0000000094600000| PB 0x0000000094600000| Untracked 
| 327|0x0000000094700000, 0x0000000094700000, 0x0000000094800000|  0%| F|  |TAMS 0x0000000094700000| PB 0x0000000094700000| Untracked 
| 328|0x0000000094800000, 0x0000000094800000, 0x0000000094900000|  0%| F|  |TAMS 0x0000000094800000| PB 0x0000000094800000| Untracked 
| 329|0x0000000094900000, 0x0000000094900000, 0x0000000094a00000|  0%| F|  |TAMS 0x0000000094900000| PB 0x0000000094900000| Untracked 
| 330|0x0000000094a00000, 0x0000000094a00000, 0x0000000094b00000|  0%| F|  |TAMS 0x0000000094a00000| PB 0x0000000094a00000| Untracked 
| 331|0x0000000094b00000, 0x0000000094b00000, 0x0000000094c00000|  0%| F|  |TAMS 0x0000000094b00000| PB 0x0000000094b00000| Untracked 
| 332|0x0000000094c00000, 0x0000000094c00000, 0x0000000094d00000|  0%| F|  |TAMS 0x0000000094c00000| PB 0x0000000094c00000| Untracked 
| 333|0x0000000094d00000, 0x0000000094d00000, 0x0000000094e00000|  0%| F|  |TAMS 0x0000000094d00000| PB 0x0000000094d00000| Untracked 
| 334|0x0000000094e00000, 0x0000000094e00000, 0x0000000094f00000|  0%| F|  |TAMS 0x0000000094e00000| PB 0x0000000094e00000| Untracked 
| 335|0x0000000094f00000, 0x0000000094f00000, 0x0000000095000000|  0%| F|  |TAMS 0x0000000094f00000| PB 0x0000000094f00000| Untracked 
| 336|0x0000000095000000, 0x0000000095000000, 0x0000000095100000|  0%| F|  |TAMS 0x0000000095000000| PB 0x0000000095000000| Untracked 
| 337|0x0000000095100000, 0x0000000095100000, 0x0000000095200000|  0%| F|  |TAMS 0x0000000095100000| PB 0x0000000095100000| Untracked 
| 338|0x0000000095200000, 0x0000000095200000, 0x0000000095300000|  0%| F|  |TAMS 0x0000000095200000| PB 0x0000000095200000| Untracked 
| 339|0x0000000095300000, 0x0000000095300000, 0x0000000095400000|  0%| F|  |TAMS 0x0000000095300000| PB 0x0000000095300000| Untracked 
| 340|0x0000000095400000, 0x0000000095400000, 0x0000000095500000|  0%| F|  |TAMS 0x0000000095400000| PB 0x0000000095400000| Untracked 
| 341|0x0000000095500000, 0x0000000095500000, 0x0000000095600000|  0%| F|  |TAMS 0x0000000095500000| PB 0x0000000095500000| Untracked 
| 342|0x0000000095600000, 0x0000000095600000, 0x0000000095700000|  0%| F|  |TAMS 0x0000000095600000| PB 0x0000000095600000| Untracked 
| 343|0x0000000095700000, 0x0000000095700000, 0x0000000095800000|  0%| F|  |TAMS 0x0000000095700000| PB 0x0000000095700000| Untracked 
| 344|0x0000000095800000, 0x0000000095800000, 0x0000000095900000|  0%| F|  |TAMS 0x0000000095800000| PB 0x0000000095800000| Untracked 
| 345|0x0000000095900000, 0x0000000095900000, 0x0000000095a00000|  0%| F|  |TAMS 0x0000000095900000| PB 0x0000000095900000| Untracked 
| 346|0x0000000095a00000, 0x0000000095a00000, 0x0000000095b00000|  0%| F|  |TAMS 0x0000000095a00000| PB 0x0000000095a00000| Untracked 
| 347|0x0000000095b00000, 0x0000000095b00000, 0x0000000095c00000|  0%| F|  |TAMS 0x0000000095b00000| PB 0x0000000095b00000| Untracked 
| 348|0x0000000095c00000, 0x0000000095c00000, 0x0000000095d00000|  0%| F|  |TAMS 0x0000000095c00000| PB 0x0000000095c00000| Untracked 
| 349|0x0000000095d00000, 0x0000000095d00000, 0x0000000095e00000|  0%| F|  |TAMS 0x0000000095d00000| PB 0x0000000095d00000| Untracked 
| 350|0x0000000095e00000, 0x0000000095e00000, 0x0000000095f00000|  0%| F|  |TAMS 0x0000000095e00000| PB 0x0000000095e00000| Untracked 
| 351|0x0000000095f00000, 0x0000000095f00000, 0x0000000096000000|  0%| F|  |TAMS 0x0000000095f00000| PB 0x0000000095f00000| Untracked 
| 352|0x0000000096000000, 0x0000000096000000, 0x0000000096100000|  0%| F|  |TAMS 0x0000000096000000| PB 0x0000000096000000| Untracked 
| 353|0x0000000096100000, 0x0000000096100000, 0x0000000096200000|  0%| F|  |TAMS 0x0000000096100000| PB 0x0000000096100000| Untracked 
| 354|0x0000000096200000, 0x0000000096200000, 0x0000000096300000|  0%| F|  |TAMS 0x0000000096200000| PB 0x0000000096200000| Untracked 
| 355|0x0000000096300000, 0x0000000096300000, 0x0000000096400000|  0%| F|  |TAMS 0x0000000096300000| PB 0x0000000096300000| Untracked 
| 356|0x0000000096400000, 0x0000000096400000, 0x0000000096500000|  0%| F|  |TAMS 0x0000000096400000| PB 0x0000000096400000| Untracked 
| 357|0x0000000096500000, 0x0000000096500000, 0x0000000096600000|  0%| F|  |TAMS 0x0000000096500000| PB 0x0000000096500000| Untracked 
| 358|0x0000000096600000, 0x0000000096600000, 0x0000000096700000|  0%| F|  |TAMS 0x0000000096600000| PB 0x0000000096600000| Untracked 
| 359|0x0000000096700000, 0x0000000096700000, 0x0000000096800000|  0%| F|  |TAMS 0x0000000096700000| PB 0x0000000096700000| Untracked 
| 360|0x0000000096800000, 0x0000000096800000, 0x0000000096900000|  0%| F|  |TAMS 0x0000000096800000| PB 0x0000000096800000| Untracked 
| 361|0x0000000096900000, 0x0000000096900000, 0x0000000096a00000|  0%| F|  |TAMS 0x0000000096900000| PB 0x0000000096900000| Untracked 
| 362|0x0000000096a00000, 0x0000000096a00000, 0x0000000096b00000|  0%| F|  |TAMS 0x0000000096a00000| PB 0x0000000096a00000| Untracked 
| 363|0x0000000096b00000, 0x0000000096b00000, 0x0000000096c00000|  0%| F|  |TAMS 0x0000000096b00000| PB 0x0000000096b00000| Untracked 
| 364|0x0000000096c00000, 0x0000000096c00000, 0x0000000096d00000|  0%| F|  |TAMS 0x0000000096c00000| PB 0x0000000096c00000| Untracked 
| 365|0x0000000096d00000, 0x0000000096d00000, 0x0000000096e00000|  0%| F|  |TAMS 0x0000000096d00000| PB 0x0000000096d00000| Untracked 
| 366|0x0000000096e00000, 0x0000000096e00000, 0x0000000096f00000|  0%| F|  |TAMS 0x0000000096e00000| PB 0x0000000096e00000| Untracked 
| 367|0x0000000096f00000, 0x0000000096f00000, 0x0000000097000000|  0%| F|  |TAMS 0x0000000096f00000| PB 0x0000000096f00000| Untracked 
| 368|0x0000000097000000, 0x0000000097000000, 0x0000000097100000|  0%| F|  |TAMS 0x0000000097000000| PB 0x0000000097000000| Untracked 
| 369|0x0000000097100000, 0x0000000097100000, 0x0000000097200000|  0%| F|  |TAMS 0x0000000097100000| PB 0x0000000097100000| Untracked 
| 370|0x0000000097200000, 0x0000000097200000, 0x0000000097300000|  0%| F|  |TAMS 0x0000000097200000| PB 0x0000000097200000| Untracked 
| 371|0x0000000097300000, 0x0000000097300000, 0x0000000097400000|  0%| F|  |TAMS 0x0000000097300000| PB 0x0000000097300000| Untracked 
| 372|0x0000000097400000, 0x0000000097400000, 0x0000000097500000|  0%| F|  |TAMS 0x0000000097400000| PB 0x0000000097400000| Untracked 
| 373|0x0000000097500000, 0x0000000097500000, 0x0000000097600000|  0%| F|  |TAMS 0x0000000097500000| PB 0x0000000097500000| Untracked 
| 374|0x0000000097600000, 0x0000000097600000, 0x0000000097700000|  0%| F|  |TAMS 0x0000000097600000| PB 0x0000000097600000| Untracked 
| 375|0x0000000097700000, 0x0000000097700000, 0x0000000097800000|  0%| F|  |TAMS 0x0000000097700000| PB 0x0000000097700000| Untracked 
| 376|0x0000000097800000, 0x0000000097800000, 0x0000000097900000|  0%| F|  |TAMS 0x0000000097800000| PB 0x0000000097800000| Untracked 
| 377|0x0000000097900000, 0x0000000097900000, 0x0000000097a00000|  0%| F|  |TAMS 0x0000000097900000| PB 0x0000000097900000| Untracked 
| 378|0x0000000097a00000, 0x0000000097a00000, 0x0000000097b00000|  0%| F|  |TAMS 0x0000000097a00000| PB 0x0000000097a00000| Untracked 
| 379|0x0000000097b00000, 0x0000000097b00000, 0x0000000097c00000|  0%| F|  |TAMS 0x0000000097b00000| PB 0x0000000097b00000| Untracked 
| 380|0x0000000097c00000, 0x0000000097c00000, 0x0000000097d00000|  0%| F|  |TAMS 0x0000000097c00000| PB 0x0000000097c00000| Untracked 
| 381|0x0000000097d00000, 0x0000000097d00000, 0x0000000097e00000|  0%| F|  |TAMS 0x0000000097d00000| PB 0x0000000097d00000| Untracked 
| 382|0x0000000097e00000, 0x0000000097e00000, 0x0000000097f00000|  0%| F|  |TAMS 0x0000000097e00000| PB 0x0000000097e00000| Untracked 
| 383|0x0000000097f00000, 0x0000000097f00000, 0x0000000098000000|  0%| F|  |TAMS 0x0000000097f00000| PB 0x0000000097f00000| Untracked 
| 384|0x0000000098000000, 0x0000000098000000, 0x0000000098100000|  0%| F|  |TAMS 0x0000000098000000| PB 0x0000000098000000| Untracked 
| 385|0x0000000098100000, 0x0000000098100000, 0x0000000098200000|  0%| F|  |TAMS 0x0000000098100000| PB 0x0000000098100000| Untracked 
| 386|0x0000000098200000, 0x0000000098200000, 0x0000000098300000|  0%| F|  |TAMS 0x0000000098200000| PB 0x0000000098200000| Untracked 
| 387|0x0000000098300000, 0x0000000098300000, 0x0000000098400000|  0%| F|  |TAMS 0x0000000098300000| PB 0x0000000098300000| Untracked 
| 388|0x0000000098400000, 0x0000000098400000, 0x0000000098500000|  0%| F|  |TAMS 0x0000000098400000| PB 0x0000000098400000| Untracked 
| 389|0x0000000098500000, 0x0000000098500000, 0x0000000098600000|  0%| F|  |TAMS 0x0000000098500000| PB 0x0000000098500000| Untracked 
| 390|0x0000000098600000, 0x0000000098600000, 0x0000000098700000|  0%| F|  |TAMS 0x0000000098600000| PB 0x0000000098600000| Untracked 
| 391|0x0000000098700000, 0x0000000098700000, 0x0000000098800000|  0%| F|  |TAMS 0x0000000098700000| PB 0x0000000098700000| Untracked 
| 392|0x0000000098800000, 0x0000000098800000, 0x0000000098900000|  0%| F|  |TAMS 0x0000000098800000| PB 0x0000000098800000| Untracked 
| 393|0x0000000098900000, 0x0000000098900000, 0x0000000098a00000|  0%| F|  |TAMS 0x0000000098900000| PB 0x0000000098900000| Untracked 
| 394|0x0000000098a00000, 0x0000000098a00000, 0x0000000098b00000|  0%| F|  |TAMS 0x0000000098a00000| PB 0x0000000098a00000| Untracked 
| 395|0x0000000098b00000, 0x0000000098b80000, 0x0000000098c00000| 50%| E|  |TAMS 0x0000000098b00000| PB 0x0000000098b00000| Complete 
| 396|0x0000000098c00000, 0x0000000098d00000, 0x0000000098d00000|100%| E|CS|TAMS 0x0000000098c00000| PB 0x0000000098c00000| Complete 
| 397|0x0000000098d00000, 0x0000000098e00000, 0x0000000098e00000|100%| E|CS|TAMS 0x0000000098d00000| PB 0x0000000098d00000| Complete 
| 398|0x0000000098e00000, 0x0000000098f00000, 0x0000000098f00000|100%| E|CS|TAMS 0x0000000098e00000| PB 0x0000000098e00000| Complete 
| 399|0x0000000098f00000, 0x0000000099000000, 0x0000000099000000|100%| E|CS|TAMS 0x0000000098f00000| PB 0x0000000098f00000| Complete 
| 400|0x0000000099000000, 0x0000000099100000, 0x0000000099100000|100%| E|CS|TAMS 0x0000000099000000| PB 0x0000000099000000| Complete 
| 401|0x0000000099100000, 0x0000000099200000, 0x0000000099200000|100%| E|CS|TAMS 0x0000000099100000| PB 0x0000000099100000| Complete 
| 402|0x0000000099200000, 0x0000000099300000, 0x0000000099300000|100%| E|CS|TAMS 0x0000000099200000| PB 0x0000000099200000| Complete 
| 403|0x0000000099300000, 0x0000000099400000, 0x0000000099400000|100%| E|CS|TAMS 0x0000000099300000| PB 0x0000000099300000| Complete 
| 404|0x0000000099400000, 0x0000000099500000, 0x0000000099500000|100%| E|CS|TAMS 0x0000000099400000| PB 0x0000000099400000| Complete 
| 405|0x0000000099500000, 0x0000000099600000, 0x0000000099600000|100%| E|CS|TAMS 0x0000000099500000| PB 0x0000000099500000| Complete 
| 406|0x0000000099600000, 0x0000000099700000, 0x0000000099700000|100%| E|CS|TAMS 0x0000000099600000| PB 0x0000000099600000| Complete 
| 407|0x0000000099700000, 0x0000000099800000, 0x0000000099800000|100%| E|CS|TAMS 0x0000000099700000| PB 0x0000000099700000| Complete 
| 408|0x0000000099800000, 0x0000000099900000, 0x0000000099900000|100%| E|CS|TAMS 0x0000000099800000| PB 0x0000000099800000| Complete 
| 409|0x0000000099900000, 0x0000000099a00000, 0x0000000099a00000|100%| E|CS|TAMS 0x0000000099900000| PB 0x0000000099900000| Complete 
| 410|0x0000000099a00000, 0x0000000099b00000, 0x0000000099b00000|100%| E|CS|TAMS 0x0000000099a00000| PB 0x0000000099a00000| Complete 
| 411|0x0000000099b00000, 0x0000000099c00000, 0x0000000099c00000|100%| E|CS|TAMS 0x0000000099b00000| PB 0x0000000099b00000| Complete 
| 412|0x0000000099c00000, 0x0000000099d00000, 0x0000000099d00000|100%| E|CS|TAMS 0x0000000099c00000| PB 0x0000000099c00000| Complete 
| 413|0x0000000099d00000, 0x0000000099e00000, 0x0000000099e00000|100%| E|CS|TAMS 0x0000000099d00000| PB 0x0000000099d00000| Complete 
| 414|0x0000000099e00000, 0x0000000099f00000, 0x0000000099f00000|100%| E|CS|TAMS 0x0000000099e00000| PB 0x0000000099e00000| Complete 
| 415|0x0000000099f00000, 0x000000009a000000, 0x000000009a000000|100%| E|CS|TAMS 0x0000000099f00000| PB 0x0000000099f00000| Complete 
| 416|0x000000009a000000, 0x000000009a100000, 0x000000009a100000|100%| E|CS|TAMS 0x000000009a000000| PB 0x000000009a000000| Complete 
| 417|0x000000009a100000, 0x000000009a200000, 0x000000009a200000|100%| E|CS|TAMS 0x000000009a100000| PB 0x000000009a100000| Complete 
| 418|0x000000009a200000, 0x000000009a300000, 0x000000009a300000|100%| E|CS|TAMS 0x000000009a200000| PB 0x000000009a200000| Complete 
|2038|0x00000000ff600000, 0x00000000ff700000, 0x00000000ff700000|100%| O|  |TAMS 0x00000000ff600000| PB 0x00000000ff600000| Untracked 
|2039|0x00000000ff700000, 0x00000000ff800000, 0x00000000ff800000|100%| O|  |TAMS 0x00000000ff700000| PB 0x00000000ff700000| Untracked 
|2040|0x00000000ff800000, 0x00000000ff900000, 0x00000000ff900000|100%| O|  |TAMS 0x00000000ff800000| PB 0x00000000ff800000| Untracked 
|2041|0x00000000ff900000, 0x00000000ffa00000, 0x00000000ffa00000|100%| O|  |TAMS 0x00000000ff900000| PB 0x00000000ff900000| Untracked 
|2042|0x00000000ffa00000, 0x00000000ffb00000, 0x00000000ffb00000|100%| O|  |TAMS 0x00000000ffa00000| PB 0x00000000ffa00000| Untracked 
|2043|0x00000000ffb00000, 0x00000000ffc00000, 0x00000000ffc00000|100%| E|CS|TAMS 0x00000000ffb00000| PB 0x00000000ffb00000| Complete 
|2044|0x00000000ffc00000, 0x00000000ffd00000, 0x00000000ffd00000|100%| E|CS|TAMS 0x00000000ffc00000| PB 0x00000000ffc00000| Complete 
|2045|0x00000000ffd00000, 0x00000000ffe00000, 0x00000000ffe00000|100%| E|CS|TAMS 0x00000000ffd00000| PB 0x00000000ffd00000| Complete 
|2046|0x00000000ffe00000, 0x00000000fff00000, 0x00000000fff00000|100%| O|  |TAMS 0x00000000ffe00000| PB 0x00000000ffe00000| Untracked 
|2047|0x00000000fff00000, 0x0000000100000000, 0x0000000100000000|100%| O|  |TAMS 0x00000000fff00000| PB 0x00000000fff00000| Untracked 

Card table byte_map: [0x0000013f4a130000,0x0000013f4a530000] _byte_map_base: 0x0000013f49d30000

Marking Bits: (CMBitMap*) 0x0000013f347ee790
 Bits: [0x0000013f4a530000, 0x0000013f4c530000)

Polling page: 0x0000013f36390000

Metaspace:

Usage:
  Non-class:    187.62 MB used.
      Class:     28.86 MB used.
       Both:    216.48 MB used.

Virtual space:
  Non-class space:      192.00 MB reserved,     189.19 MB ( 99%) committed,  3 nodes.
      Class space:        1.00 GB reserved,      30.31 MB (  3%) committed,  1 nodes.
             Both:        1.19 GB reserved,     219.50 MB ( 18%) committed. 

Chunk freelists:
   Non-Class:  2.39 MB
       Class:  1.73 MB
        Both:  4.12 MB

MaxMetaspaceSize: unlimited
CompressedClassSpaceSize: 1.00 GB
Initial GC threshold: 21.00 MB
Current GC threshold: 358.12 MB
CDS: off
 - commit_granule_bytes: 65536.
 - commit_granule_words: 8192.
 - virtual_space_node_default_size: 8388608.
 - enlarge_chunks_in_place: 1.
 - use_allocation_guard: 0.


Internal statistics:

num_allocs_failed_limit: 9.
num_arena_births: 6032.
num_arena_deaths: 28.
num_vsnodes_births: 4.
num_vsnodes_deaths: 0.
num_space_committed: 3509.
num_space_uncommitted: 0.
num_chunks_returned_to_freelist: 49.
num_chunks_taken_from_freelist: 15348.
num_chunk_merges: 18.
num_chunk_splits: 10529.
num_chunks_enlarged: 7190.
num_inconsistent_stats: 0.

CodeHeap 'non-profiled nmethods': size=119168Kb used=14905Kb max_used=16054Kb free=104262Kb
 bounds [0x0000013f418c0000, 0x0000013f42870000, 0x0000013f48d20000]
CodeHeap 'profiled nmethods': size=119104Kb used=44636Kb max_used=44636Kb free=74467Kb
 bounds [0x0000013f39d20000, 0x0000013f3c8c0000, 0x0000013f41170000]
CodeHeap 'non-nmethods': size=7488Kb used=5010Kb max_used=5015Kb free=2477Kb
 bounds [0x0000013f41170000, 0x0000013f41660000, 0x0000013f418c0000]
CodeCache: size=245760Kb, used=64551Kb, max_used=65705Kb, free=181206Kb
 total_blobs=21862, nmethods=20567, adapters=1190, full_count=0
Compilation: enabled, stopped_count=0, restarted_count=0

Compilation events (20 events):
Event: 105.040 Thread 0x0000013f4ff800d0 nmethod 32062 0x0000013f425aac90 code [0x0000013f425aae20, 0x0000013f425aaed0]
Event: 105.040 Thread 0x0000013f4ff800d0 32063       1       org.gradle.api.internal.artifacts.transform.DefaultVariantTransformRegistry$TypedRegistration::access$100 (5 bytes)
Event: 105.040 Thread 0x0000013f4ff800d0 nmethod 32063 0x0000013f425aa990 code [0x0000013f425aab20, 0x0000013f425aabd0]
Event: 105.040 Thread 0x0000013f4ff800d0 32064       1       org.gradle.internal.instantiation.generator.AbstractClassGenerator$GeneratedClassImpl::access$1000 (5 bytes)
Event: 105.040 Thread 0x0000013f63d4c0b0 32065       1       org.gradle.internal.instantiation.generator.AbstractClassGenerator$GeneratedClassImpl::access$900 (5 bytes)
Event: 105.040 Thread 0x0000013f4ff800d0 nmethod 32064 0x0000013f425aa690 code [0x0000013f425aa820, 0x0000013f425aa8d0]
Event: 105.040 Thread 0x0000013f63d4c0b0 nmethod 32065 0x0000013f425aa390 code [0x0000013f425aa520, 0x0000013f425aa5d0]
Event: 105.040 Thread 0x0000013f63d4ac40 32066       3       com.android.build.gradle.internal.DependencyConfigurator$configureGeneralTransforms$13::execute (9 bytes)
Event: 105.040 Thread 0x0000013f63d4c0b0 32067       3       com.android.build.gradle.internal.DependencyConfigurator$configureGeneralTransforms$13::execute (55 bytes)
Event: 105.040 Thread 0x0000013f63d4ac40 nmethod 32066 0x0000013f3c89da90 code [0x0000013f3c89dc40, 0x0000013f3c89de78]
Event: 105.041 Thread 0x0000013f63d4c0b0 nmethod 32067 0x0000013f3c89df90 code [0x0000013f3c89e220, 0x0000013f3c89ec88]
Event: 105.041 Thread 0x0000013f4ff7f630 nmethod 31948 0x0000013f42591110 code [0x0000013f42591440, 0x0000013f42593cd0]
Event: 105.041 Thread 0x0000013f4ff800d0 32070       1       com.android.build.api.variant.impl.ApplicationVariantImpl_Decorated::getModelIdentityDisplayName (5 bytes)
Event: 105.041 Thread 0x0000013f4ff7f630 32068   !   4       java.util.concurrent.ConcurrentHashMap::replaceNode (437 bytes)
Event: 105.041 Thread 0x0000013f4ff800d0 nmethod 32070 0x0000013f425aa090 code [0x0000013f425aa220, 0x0000013f425aa2f0]
Event: 105.041 Thread 0x0000013f4ff800d0 32071       3       org.gradle.internal.instantiation.generator.DefaultInstantiatorFactory::decorateLenient (14 bytes)
Event: 105.041 Thread 0x0000013f4ff800d0 nmethod 32071 0x0000013f3c89f090 code [0x0000013f3c89f240, 0x0000013f3c89f3e0]
Event: 105.042 Thread 0x0000013f63d4e2c0 32072       3       org.gradle.api.internal.model.DefaultObjectFactory::listProperty (33 bytes)
Event: 105.042 Thread 0x0000013f63d4c0b0 32073       3       java.lang.invoke.LambdaForm$MH/0x0000000100dda000::invoke (218 bytes)
Event: 105.043 Thread 0x0000013f63d4ac40 32074       3       org.gradle.api.internal.artifacts.configurations.DefaultUnlockedConfiguration_Decorated$$Lambda/0x00000001007e4258::run (8 bytes)

GC Heap History (20 events):
Event: 100.766 GC heap before
{Heap before GC invocations=68 (full 0):
 garbage-first heap   total 281600K, used 279772K [0x0000000080000000, 0x0000000100000000)
  region size 1024K, 86 young (88064K), 9 survivors (9216K)
 Metaspace       used 156993K, committed 159552K, reserved 1245184K
  class space    used 21866K, committed 23104K, reserved 1048576K
}
Event: 100.772 GC heap after
{Heap after GC invocations=69 (full 0):
 garbage-first heap   total 300032K, used 211914K [0x0000000080000000, 0x0000000100000000)
  region size 1024K, 13 young (13312K), 13 survivors (13312K)
 Metaspace       used 156993K, committed 159552K, reserved 1245184K
  class space    used 21866K, committed 23104K, reserved 1048576K
}
Event: 101.082 GC heap before
{Heap before GC invocations=69 (full 0):
 garbage-first heap   total 300032K, used 269258K [0x0000000080000000, 0x0000000100000000)
  region size 1024K, 70 young (71680K), 13 survivors (13312K)
 Metaspace       used 163170K, committed 165696K, reserved 1245184K
  class space    used 23093K, committed 24320K, reserved 1048576K
}
Event: 101.091 GC heap after
{Heap after GC invocations=70 (full 0):
 garbage-first heap   total 300032K, used 207567K [0x0000000080000000, 0x0000000100000000)
  region size 1024K, 5 young (5120K), 5 survivors (5120K)
 Metaspace       used 163170K, committed 165696K, reserved 1245184K
  class space    used 23093K, committed 24320K, reserved 1048576K
}
Event: 101.487 GC heap before
{Heap before GC invocations=70 (full 0):
 garbage-first heap   total 300032K, used 272079K [0x0000000080000000, 0x0000000100000000)
  region size 1024K, 69 young (70656K), 5 survivors (5120K)
 Metaspace       used 172616K, committed 175296K, reserved 1245184K
  class space    used 24284K, committed 25600K, reserved 1048576K
}
Event: 101.489 GC heap after
{Heap after GC invocations=71 (full 0):
 garbage-first heap   total 300032K, used 208643K [0x0000000080000000, 0x0000000100000000)
  region size 1024K, 6 young (6144K), 6 survivors (6144K)
 Metaspace       used 172616K, committed 175296K, reserved 1245184K
  class space    used 24284K, committed 25600K, reserved 1048576K
}
Event: 101.632 GC heap before
{Heap before GC invocations=72 (full 0):
 garbage-first heap   total 362496K, used 281347K [0x0000000080000000, 0x0000000100000000)
  region size 1024K, 69 young (70656K), 6 survivors (6144K)
 Metaspace       used 173053K, committed 175808K, reserved 1245184K
  class space    used 24295K, committed 25600K, reserved 1048576K
}
Event: 101.638 GC heap after
{Heap after GC invocations=73 (full 0):
 garbage-first heap   total 362496K, used 229847K [0x0000000080000000, 0x0000000100000000)
  region size 1024K, 9 young (9216K), 9 survivors (9216K)
 Metaspace       used 173053K, committed 175808K, reserved 1245184K
  class space    used 24295K, committed 25600K, reserved 1048576K
}
Event: 102.029 GC heap before
{Heap before GC invocations=73 (full 0):
 garbage-first heap   total 362496K, used 325079K [0x0000000080000000, 0x0000000100000000)
  region size 1024K, 95 young (97280K), 9 survivors (9216K)
 Metaspace       used 178900K, committed 181568K, reserved 1245184K
  class space    used 24995K, committed 26304K, reserved 1048576K
}
Event: 102.038 GC heap after
{Heap after GC invocations=74 (full 0):
 garbage-first heap   total 362496K, used 241898K [0x0000000080000000, 0x0000000100000000)
  region size 1024K, 12 young (12288K), 12 survivors (12288K)
 Metaspace       used 178900K, committed 181568K, reserved 1245184K
  class space    used 24995K, committed 26304K, reserved 1048576K
}
Event: 102.436 GC heap before
{Heap before GC invocations=74 (full 0):
 garbage-first heap   total 362496K, used 322794K [0x0000000080000000, 0x0000000100000000)
  region size 1024K, 91 young (93184K), 12 survivors (12288K)
 Metaspace       used 188966K, committed 191872K, reserved 1245184K
  class space    used 26162K, committed 27584K, reserved 1048576K
}
Event: 102.441 GC heap after
{Heap after GC invocations=75 (full 0):
 garbage-first heap   total 362496K, used 248266K [0x0000000080000000, 0x0000000100000000)
  region size 1024K, 6 young (6144K), 6 survivors (6144K)
 Metaspace       used 188966K, committed 191872K, reserved 1245184K
  class space    used 26162K, committed 27584K, reserved 1048576K
}
Event: 102.760 GC heap before
{Heap before GC invocations=76 (full 0):
 garbage-first heap   total 414720K, used 328138K [0x0000000080000000, 0x0000000100000000)
  region size 1024K, 84 young (86016K), 6 survivors (6144K)
 Metaspace       used 195122K, committed 198080K, reserved 1245184K
  class space    used 26940K, committed 28416K, reserved 1048576K
}
Event: 102.764 GC heap after
{Heap after GC invocations=77 (full 0):
 garbage-first heap   total 414720K, used 252159K [0x0000000080000000, 0x0000000100000000)
  region size 1024K, 11 young (11264K), 11 survivors (11264K)
 Metaspace       used 195122K, committed 198080K, reserved 1245184K
  class space    used 26940K, committed 28416K, reserved 1048576K
}
Event: 103.423 GC heap before
{Heap before GC invocations=77 (full 0):
 garbage-first heap   total 414720K, used 370943K [0x0000000080000000, 0x0000000100000000)
  region size 1024K, 127 young (130048K), 11 survivors (11264K)
 Metaspace       used 209889K, committed 212928K, reserved 1245184K
  class space    used 28554K, committed 30016K, reserved 1048576K
}
Event: 103.431 GC heap after
{Heap after GC invocations=78 (full 0):
 garbage-first heap   total 414720K, used 254657K [0x0000000080000000, 0x0000000100000000)
  region size 1024K, 12 young (12288K), 12 survivors (12288K)
 Metaspace       used 209889K, committed 212928K, reserved 1245184K
  class space    used 28554K, committed 30016K, reserved 1048576K
}
Event: 103.962 GC heap before
{Heap before GC invocations=78 (full 0):
 garbage-first heap   total 414720K, used 336577K [0x0000000080000000, 0x0000000100000000)
  region size 1024K, 93 young (95232K), 12 survivors (12288K)
 Metaspace       used 216996K, committed 220032K, reserved 1245184K
  class space    used 29236K, committed 30720K, reserved 1048576K
}
Event: 103.967 GC heap after
{Heap after GC invocations=79 (full 0):
 garbage-first heap   total 414720K, used 260932K [0x0000000080000000, 0x0000000100000000)
  region size 1024K, 14 young (14336K), 14 survivors (14336K)
 Metaspace       used 216996K, committed 220032K, reserved 1245184K
  class space    used 29236K, committed 30720K, reserved 1048576K
}
Event: 104.678 GC heap before
{Heap before GC invocations=80 (full 0):
 garbage-first heap   total 439296K, used 377668K [0x0000000080000000, 0x0000000100000000)
  region size 1024K, 127 young (130048K), 14 survivors (14336K)
 Metaspace       used 219215K, committed 222336K, reserved 1245184K
  class space    used 29347K, committed 30848K, reserved 1048576K
}
Event: 104.684 GC heap after
{Heap after GC invocations=81 (full 0):
 garbage-first heap   total 439296K, used 272880K [0x0000000080000000, 0x0000000100000000)
  region size 1024K, 16 young (16384K), 16 survivors (16384K)
 Metaspace       used 219215K, committed 222336K, reserved 1245184K
  class space    used 29347K, committed 30848K, reserved 1048576K
}

Dll operation events (3 events):
Event: 0.005 Loaded shared library C:\Program Files\Android\Android Studio\jbr\bin\java.dll
Event: 0.008 Loaded shared library C:\Program Files\Android\Android Studio\jbr\bin\zip.dll
Event: 0.276 Loaded shared library C:\Program Files\Android\Android Studio\jbr\bin\verify.dll

Deoptimization events (20 events):
Event: 104.838 Thread 0x0000013f56e45940 DEOPT PACKING pc=0x0000013f4197c630 sp=0x0000003e32bf50a0
Event: 104.838 Thread 0x0000013f56e45940 DEOPT UNPACKING pc=0x0000013f411c46a2 sp=0x0000003e32bf5018 mode 2
Event: 104.977 Thread 0x0000013f5c496fb0 DEOPT PACKING pc=0x0000013f3b64abe4 sp=0x0000003e32dff340
Event: 104.977 Thread 0x0000013f5c496fb0 DEOPT UNPACKING pc=0x0000013f411c4e42 sp=0x0000003e32dfe800 mode 0
Event: 105.016 Thread 0x0000013f56e45940 Uncommon trap: trap_request=0xffffffde fr.pc=0x0000013f4268bd10 relative=0x00000000000002b0
Event: 105.016 Thread 0x0000013f56e45940 Uncommon trap: reason=class_check action=maybe_recompile pc=0x0000013f4268bd10 method=com.google.common.collect.ImmutableMap.copyOf(Ljava/util/Map;)Lcom/google/common/collect/ImmutableMap; @ 49 c2
Event: 105.016 Thread 0x0000013f56e45940 DEOPT PACKING pc=0x0000013f4268bd10 sp=0x0000003e32bf80e0
Event: 105.016 Thread 0x0000013f56e45940 DEOPT UNPACKING pc=0x0000013f411c46a2 sp=0x0000003e32bf8098 mode 2
Event: 105.016 Thread 0x0000013f56e45940 Uncommon trap: trap_request=0xffffffde fr.pc=0x0000013f426715a8 relative=0x0000000000000a88
Event: 105.016 Thread 0x0000013f56e45940 Uncommon trap: reason=class_check action=maybe_recompile pc=0x0000013f426715a8 method=com.google.common.collect.Iterables.castOrCopyToCollection(Ljava/lang/Iterable;)Ljava/util/Collection; @ 1 c2
Event: 105.016 Thread 0x0000013f56e45940 DEOPT PACKING pc=0x0000013f426715a8 sp=0x0000003e32bf8050
Event: 105.016 Thread 0x0000013f56e45940 DEOPT UNPACKING pc=0x0000013f411c46a2 sp=0x0000003e32bf7f50 mode 2
Event: 105.019 Thread 0x0000013f56e45940 Uncommon trap: trap_request=0xffffffde fr.pc=0x0000013f426715a8 relative=0x0000000000000a88
Event: 105.019 Thread 0x0000013f56e45940 Uncommon trap: reason=class_check action=maybe_recompile pc=0x0000013f426715a8 method=com.google.common.collect.Iterables.castOrCopyToCollection(Ljava/lang/Iterable;)Ljava/util/Collection; @ 1 c2
Event: 105.019 Thread 0x0000013f56e45940 DEOPT PACKING pc=0x0000013f426715a8 sp=0x0000003e32bf8060
Event: 105.020 Thread 0x0000013f56e45940 DEOPT UNPACKING pc=0x0000013f411c46a2 sp=0x0000003e32bf7f60 mode 2
Event: 105.020 Thread 0x0000013f56e45940 Uncommon trap: trap_request=0xffffffde fr.pc=0x0000013f426715a8 relative=0x0000000000000a88
Event: 105.020 Thread 0x0000013f56e45940 Uncommon trap: reason=class_check action=maybe_recompile pc=0x0000013f426715a8 method=com.google.common.collect.Iterables.castOrCopyToCollection(Ljava/lang/Iterable;)Ljava/util/Collection; @ 1 c2
Event: 105.020 Thread 0x0000013f56e45940 DEOPT PACKING pc=0x0000013f426715a8 sp=0x0000003e32bf8060
Event: 105.020 Thread 0x0000013f56e45940 DEOPT UNPACKING pc=0x0000013f411c46a2 sp=0x0000003e32bf7f60 mode 2

Classes loaded (20 events):
Event: 101.480 Loading class java/beans/PropertyChangeSupport
Event: 101.480 Loading class java/beans/PropertyChangeSupport done
Event: 101.480 Loading class java/beans/PropertyChangeSupport$PropertyChangeListenerMap
Event: 101.480 Loading class java/beans/ChangeListenerMap
Event: 101.480 Loading class java/beans/ChangeListenerMap done
Event: 101.480 Loading class java/beans/PropertyChangeSupport$PropertyChangeListenerMap done
Event: 101.693 Loading class java/util/regex/Pattern$Bound
Event: 101.693 Loading class java/util/regex/Pattern$Bound done
Event: 102.364 Loading class java/text/StringCharacterIterator
Event: 102.364 Loading class java/text/CharacterIterator
Event: 102.364 Loading class java/text/CharacterIterator done
Event: 102.364 Loading class java/text/StringCharacterIterator done
Event: 102.519 Loading class java/util/AbstractList$RandomAccessSubList
Event: 102.519 Loading class java/util/AbstractList$SubList
Event: 102.519 Loading class java/util/AbstractList$SubList done
Event: 102.519 Loading class java/util/AbstractList$RandomAccessSubList done
Event: 102.624 Loading class java/util/AbstractList$SubList$1
Event: 102.624 Loading class java/util/AbstractList$SubList$1 done
Event: 103.633 Loading class java/util/Vector$Itr
Event: 103.633 Loading class java/util/Vector$Itr done

Classes unloaded (14 events):
Event: 11.457 Thread 0x0000013f4fe9a010 Unloading class 0x000000010138c800 'java/lang/invoke/LambdaForm$DMH+0x000000010138c800'
Event: 11.457 Thread 0x0000013f4fe9a010 Unloading class 0x000000010138c000 'java/lang/invoke/LambdaForm$DMH+0x000000010138c000'
Event: 11.457 Thread 0x0000013f4fe9a010 Unloading class 0x0000000101361400 'java/lang/invoke/LambdaForm$DMH+0x0000000101361400'
Event: 11.457 Thread 0x0000013f4fe9a010 Unloading class 0x0000000101361000 'java/lang/invoke/LambdaForm$DMH+0x0000000101361000'
Event: 11.457 Thread 0x0000013f4fe9a010 Unloading class 0x0000000101360800 'java/lang/invoke/LambdaForm$DMH+0x0000000101360800'
Event: 11.457 Thread 0x0000013f4fe9a010 Unloading class 0x0000000101360400 'java/lang/invoke/LambdaForm$DMH+0x0000000101360400'
Event: 11.457 Thread 0x0000013f4fe9a010 Unloading class 0x00000001012f8800 'java/lang/invoke/LambdaForm$DMH+0x00000001012f8800'
Event: 11.457 Thread 0x0000013f4fe9a010 Unloading class 0x00000001012f8000 'java/lang/invoke/LambdaForm$DMH+0x00000001012f8000'
Event: 12.061 Thread 0x0000013f4fe9a010 Unloading class 0x00000001013f8800 'java/lang/invoke/LambdaForm$DMH+0x00000001013f8800'
Event: 12.061 Thread 0x0000013f4fe9a010 Unloading class 0x00000001013f8400 'java/lang/invoke/LambdaForm$DMH+0x00000001013f8400'
Event: 12.061 Thread 0x0000013f4fe9a010 Unloading class 0x00000001013d0800 'java/lang/invoke/LambdaForm$DMH+0x00000001013d0800'
Event: 12.061 Thread 0x0000013f4fe9a010 Unloading class 0x00000001013d0400 'java/lang/invoke/LambdaForm$DMH+0x00000001013d0400'
Event: 101.508 Thread 0x0000013f4fe9a010 Unloading class 0x000000010155c400 'java/lang/invoke/LambdaForm$DMH+0x000000010155c400'
Event: 101.508 Thread 0x0000013f4fe9a010 Unloading class 0x000000010155c800 'java/lang/invoke/LambdaForm$DMH+0x000000010155c800'

Classes redefined (0 events):
No events

Internal exceptions (20 events):
Event: 103.675 Thread 0x0000013f56e45940 Exception <a 'sun/nio/fs/WindowsException'{0x000000009650c988}> (0x000000009650c988) 
thrown [s\src\hotspot\share\prims\jni.cpp, line 537]
Event: 103.709 Thread 0x0000013f56e45940 Exception <a 'sun/nio/fs/WindowsException'{0x00000000965ee020}> (0x00000000965ee020) 
thrown [s\src\hotspot\share\prims\jni.cpp, line 537]
Event: 103.724 Thread 0x0000013f56e45940 Exception <a 'sun/nio/fs/WindowsException'{0x00000000965f6ba8}> (0x00000000965f6ba8) 
thrown [s\src\hotspot\share\prims\jni.cpp, line 537]
Event: 103.744 Thread 0x0000013f56e45940 Exception <a 'sun/nio/fs/WindowsException'{0x0000000096411d68}> (0x0000000096411d68) 
thrown [s\src\hotspot\share\prims\jni.cpp, line 537]
Event: 103.866 Thread 0x0000013f56e45940 Exception <a 'sun/nio/fs/WindowsException'{0x000000009590f440}> (0x000000009590f440) 
thrown [s\src\hotspot\share\prims\jni.cpp, line 537]
Event: 103.867 Thread 0x0000013f56e45940 Exception <a 'sun/nio/fs/WindowsException'{0x0000000095911280}> (0x0000000095911280) 
thrown [s\src\hotspot\share\prims\jni.cpp, line 537]
Event: 103.956 Thread 0x0000013f56e45940 Exception <a 'java/lang/NoSuchMethodError'{0x0000000093e444f8}: 'java.lang.Object java.lang.invoke.DirectMethodHandle$Holder.invokeStatic(java.lang.Object, java.lang.Object, java.lang.Object, java.lang.Object, java.lang.Object, int, java.lang.Object)'> (0x0000000093e444f8) 
thrown [s\src\hotspot\share\interpreter\linkResolver.cpp, line 784]
Event: 104.403 Thread 0x0000013f56e45940 Exception <a 'java/lang/IncompatibleClassChangeError'{0x00000000951f4a40}: Found class java.lang.Object, but interface was expected> (0x00000000951f4a40) 
thrown [s\src\hotspot\share\interpreter\linkResolver.cpp, line 851]
Event: 104.845 Thread 0x0000013f56e45940 Exception <a 'sun/nio/fs/WindowsException'{0x0000000099825420}> (0x0000000099825420) 
thrown [s\src\hotspot\share\prims\jni.cpp, line 537]
Event: 104.846 Thread 0x0000013f56e45940 Exception <a 'sun/nio/fs/WindowsException'{0x00000000998270d8}> (0x00000000998270d8) 
thrown [s\src\hotspot\share\prims\jni.cpp, line 537]
Event: 104.857 Thread 0x0000013f56e45940 Exception <a 'sun/nio/fs/WindowsException'{0x00000000998316f8}> (0x00000000998316f8) 
thrown [s\src\hotspot\share\prims\jni.cpp, line 537]
Event: 104.863 Thread 0x0000013f56e45940 Exception <a 'sun/nio/fs/WindowsException'{0x000000009983b8d0}> (0x000000009983b8d0) 
thrown [s\src\hotspot\share\prims\jni.cpp, line 537]
Event: 104.871 Thread 0x0000013f56e45940 Exception <a 'sun/nio/fs/WindowsException'{0x0000000099844eb0}> (0x0000000099844eb0) 
thrown [s\src\hotspot\share\prims\jni.cpp, line 537]
Event: 104.881 Thread 0x0000013f56e45940 Exception <a 'sun/nio/fs/WindowsException'{0x000000009984e568}> (0x000000009984e568) 
thrown [s\src\hotspot\share\prims\jni.cpp, line 537]
Event: 104.897 Thread 0x0000013f56e45940 Exception <a 'sun/nio/fs/WindowsException'{0x0000000099857538}> (0x0000000099857538) 
thrown [s\src\hotspot\share\prims\jni.cpp, line 537]
Event: 104.901 Thread 0x0000013f56e45940 Exception <a 'sun/nio/fs/WindowsException'{0x000000009985ed58}> (0x000000009985ed58) 
thrown [s\src\hotspot\share\prims\jni.cpp, line 537]
Event: 104.907 Thread 0x0000013f56e45940 Exception <a 'sun/nio/fs/WindowsException'{0x0000000099869338}> (0x0000000099869338) 
thrown [s\src\hotspot\share\prims\jni.cpp, line 537]
Event: 104.913 Thread 0x0000013f56e45940 Exception <a 'sun/nio/fs/WindowsException'{0x000000009987b1b8}> (0x000000009987b1b8) 
thrown [s\src\hotspot\share\prims\jni.cpp, line 537]
Event: 104.939 Thread 0x0000013f56e45940 Exception <a 'sun/nio/fs/WindowsException'{0x0000000099886770}> (0x0000000099886770) 
thrown [s\src\hotspot\share\prims\jni.cpp, line 537]
Event: 104.945 Thread 0x0000013f56e45940 Exception <a 'sun/nio/fs/WindowsException'{0x000000009988ddd8}> (0x000000009988ddd8) 
thrown [s\src\hotspot\share\prims\jni.cpp, line 537]

ZGC Phase Switch (0 events):
No events

VM Operations (20 events):
Event: 104.670 Executing VM operation: ICBufferFull
Event: 104.670 Executing VM operation: ICBufferFull done
Event: 104.678 Executing VM operation: G1CollectForAllocation (G1 Evacuation Pause)
Event: 104.684 Executing VM operation: G1CollectForAllocation (G1 Evacuation Pause) done
Event: 104.691 Executing VM operation: HandshakeAllThreads (Deoptimize)
Event: 104.691 Executing VM operation: HandshakeAllThreads (Deoptimize) done
Event: 104.720 Executing VM operation: ICBufferFull
Event: 104.720 Executing VM operation: ICBufferFull done
Event: 104.742 Executing VM operation: ICBufferFull
Event: 104.742 Executing VM operation: ICBufferFull done
Event: 104.766 Executing VM operation: HandshakeAllThreads (Deoptimize)
Event: 104.766 Executing VM operation: HandshakeAllThreads (Deoptimize) done
Event: 104.768 Executing VM operation: ICBufferFull
Event: 104.768 Executing VM operation: ICBufferFull done
Event: 104.786 Executing VM operation: HandshakeAllThreads (Deoptimize)
Event: 104.786 Executing VM operation: HandshakeAllThreads (Deoptimize) done
Event: 104.814 Executing VM operation: HandshakeAllThreads (Deoptimize)
Event: 104.814 Executing VM operation: HandshakeAllThreads (Deoptimize) done
Event: 104.835 Executing VM operation: ICBufferFull
Event: 104.836 Executing VM operation: ICBufferFull done

Memory protections (0 events):
No events

Nmethod flushes (20 events):
Event: 103.995 Thread 0x0000013f4fe9a010 flushing  nmethod 0x0000013f3a08e390
Event: 103.995 Thread 0x0000013f4fe9a010 flushing  nmethod 0x0000013f3a4c7e10
Event: 103.995 Thread 0x0000013f4fe9a010 flushing  nmethod 0x0000013f3a6d1590
Event: 103.995 Thread 0x0000013f4fe9a010 flushing osr nmethod 0x0000013f3a73b890
Event: 103.995 Thread 0x0000013f4fe9a010 flushing  nmethod 0x0000013f3b5fed10
Event: 103.995 Thread 0x0000013f4fe9a010 flushing  nmethod 0x0000013f41da3990
Event: 103.995 Thread 0x0000013f4fe9a010 flushing  nmethod 0x0000013f4264f510
Event: 103.995 Thread 0x0000013f4fe9a010 flushing  nmethod 0x0000013f39f00590
Event: 103.995 Thread 0x0000013f4fe9a010 flushing  nmethod 0x0000013f39f90090
Event: 103.995 Thread 0x0000013f4fe9a010 flushing  nmethod 0x0000013f3a05cd10
Event: 103.995 Thread 0x0000013f4fe9a010 flushing  nmethod 0x0000013f3a05ea10
Event: 103.995 Thread 0x0000013f4fe9a010 flushing  nmethod 0x0000013f3a0ecd90
Event: 103.995 Thread 0x0000013f4fe9a010 flushing  nmethod 0x0000013f3a652e90
Event: 103.995 Thread 0x0000013f4fe9a010 flushing  nmethod 0x0000013f3ab6df90
Event: 103.995 Thread 0x0000013f4fe9a010 flushing  nmethod 0x0000013f3b5f6190
Event: 103.995 Thread 0x0000013f4fe9a010 flushing  nmethod 0x0000013f3b5f7190
Event: 103.995 Thread 0x0000013f4fe9a010 flushing  nmethod 0x0000013f3b5f8390
Event: 103.995 Thread 0x0000013f4fe9a010 flushing  nmethod 0x0000013f3b9f4690
Event: 103.995 Thread 0x0000013f4fe9a010 flushing  nmethod 0x0000013f3bc3a390
Event: 103.995 Thread 0x0000013f4fe9a010 flushing  nmethod 0x0000013f3c113c90

Events (20 events):
Event: 101.469 Thread 0x0000013f4ff800d0 Thread added: 0x0000013f56eb4910
Event: 101.522 Thread 0x0000013f63d51270 Thread added: 0x0000013f56eb6450
Event: 101.527 Thread 0x0000013f63d51270 Thread added: 0x0000013f56eb78c0
Event: 101.532 Thread 0x0000013f56eb6450 Thread added: 0x0000013f56eb4fe0
Event: 101.533 Thread 0x0000013f56eb6450 Thread added: 0x0000013f56eba1a0
Event: 101.533 Thread 0x0000013f56eb6450 Thread added: 0x0000013f56eb8d30
Event: 101.815 Thread 0x0000013f56eb8d30 Thread exited: 0x0000013f56eb8d30
Event: 101.820 Thread 0x0000013f56eba1a0 Thread exited: 0x0000013f56eba1a0
Event: 101.820 Thread 0x0000013f56eb4fe0 Thread exited: 0x0000013f56eb4fe0
Event: 102.510 Thread 0x0000013f56eb78c0 Thread exited: 0x0000013f56eb78c0
Event: 102.522 Thread 0x0000013f56eb6450 Thread exited: 0x0000013f56eb6450
Event: 102.530 Thread 0x0000013f56eb4910 Thread exited: 0x0000013f56eb4910
Event: 102.696 Thread 0x0000013f63d4ac40 Thread added: 0x0000013f5cf13b90
Event: 102.719 Thread 0x0000013f63d4e2c0 Thread added: 0x0000013f5cf18d50
Event: 102.720 Thread 0x0000013f63d4ac40 Thread added: 0x0000013f5cf178e0
Event: 102.723 Thread 0x0000013f63d4ac40 Thread added: 0x0000013f56eb4fe0
Event: 103.501 Thread 0x0000013f56eb4fe0 Thread exited: 0x0000013f56eb4fe0
Event: 103.553 Thread 0x0000013f5cf178e0 Thread exited: 0x0000013f5cf178e0
Event: 103.835 Thread 0x0000013f56e45940 Thread added: 0x0000013f5d169af0
Event: 103.991 Thread 0x0000013f63d51270 Thread added: 0x0000013f56eb4fe0


Dynamic libraries:
0x00007ff7ef910000 - 0x00007ff7ef91a000 	C:\Program Files\Android\Android Studio\jbr\bin\java.exe
0x00007ffd993a0000 - 0x00007ffd99607000 	C:\Windows\SYSTEM32\ntdll.dll
0x00007ffd985e0000 - 0x00007ffd986a9000 	C:\Windows\System32\KERNEL32.DLL
0x00007ffd96850000 - 0x00007ffd96c40000 	C:\Windows\System32\KERNELBASE.dll
0x00007ffd96fe0000 - 0x00007ffd9712b000 	C:\Windows\System32\ucrtbase.dll
0x00007ffd93540000 - 0x00007ffd9355b000 	C:\Program Files\Android\Android Studio\jbr\bin\VCRUNTIME140.dll
0x00007ffd68550000 - 0x00007ffd68568000 	C:\Program Files\Android\Android Studio\jbr\bin\jli.dll
0x00007ffd980c0000 - 0x00007ffd98285000 	C:\Windows\System32\USER32.dll
0x00007ffd96820000 - 0x00007ffd96847000 	C:\Windows\System32\win32u.dll
0x00007ffd81bb0000 - 0x00007ffd81e4a000 	C:\Windows\WinSxS\amd64_microsoft.windows.common-controls_6595b64144ccf1df_6.0.26100.4768_none_3e0c112ce331287c\COMCTL32.dll
0x00007ffd98d40000 - 0x00007ffd98d6b000 	C:\Windows\System32\GDI32.dll
0x00007ffd98010000 - 0x00007ffd980b9000 	C:\Windows\System32\msvcrt.dll
0x00007ffd96640000 - 0x00007ffd96778000 	C:\Windows\System32\gdi32full.dll
0x00007ffd96590000 - 0x00007ffd96633000 	C:\Windows\System32\msvcp_win.dll
0x00007ffd98a80000 - 0x00007ffd98aaf000 	C:\Windows\System32\IMM32.DLL
0x00007ffd93530000 - 0x00007ffd9353c000 	C:\Program Files\Android\Android Studio\jbr\bin\vcruntime140_1.dll
0x00007ffd50e50000 - 0x00007ffd50edd000 	C:\Program Files\Android\Android Studio\jbr\bin\msvcp140.dll
0x00007ffd320c0000 - 0x00007ffd32d56000 	C:\Program Files\Android\Android Studio\jbr\bin\server\jvm.dll
0x00007ffd974f0000 - 0x00007ffd975a4000 	C:\Windows\System32\ADVAPI32.dll
0x00007ffd98e10000 - 0x00007ffd98eb6000 	C:\Windows\System32\sechost.dll
0x00007ffd98300000 - 0x00007ffd98418000 	C:\Windows\System32\RPCRT4.dll
0x00007ffd97d90000 - 0x00007ffd97e04000 	C:\Windows\System32\WS2_32.dll
0x00007ffd96330000 - 0x00007ffd9638e000 	C:\Windows\SYSTEM32\POWRPROF.dll
0x00007ffd839d0000 - 0x00007ffd839db000 	C:\Windows\SYSTEM32\VERSION.dll
0x00007ffd8e1a0000 - 0x00007ffd8e1d5000 	C:\Windows\SYSTEM32\WINMM.dll
0x00007ffd96310000 - 0x00007ffd96324000 	C:\Windows\SYSTEM32\UMPDC.dll
0x00007ffd95210000 - 0x00007ffd9522b000 	C:\Windows\SYSTEM32\kernel.appcore.dll
0x00007ffd912a0000 - 0x00007ffd912aa000 	C:\Program Files\Android\Android Studio\jbr\bin\jimage.dll
0x00007ffd81e90000 - 0x00007ffd820d1000 	C:\Windows\SYSTEM32\DBGHELP.DLL
0x00007ffd97160000 - 0x00007ffd974e5000 	C:\Windows\System32\combase.dll
0x00007ffd98440000 - 0x00007ffd98520000 	C:\Windows\System32\OLEAUT32.dll
0x00007ffd7d3f0000 - 0x00007ffd7d433000 	C:\Windows\SYSTEM32\dbgcore.DLL
0x00007ffd96780000 - 0x00007ffd96819000 	C:\Windows\System32\bcryptPrimitives.dll
0x00007ffd6aac0000 - 0x00007ffd6aace000 	C:\Program Files\Android\Android Studio\jbr\bin\instrument.dll
0x00007ffd91280000 - 0x00007ffd912a0000 	C:\Program Files\Android\Android Studio\jbr\bin\java.dll
0x00007ffd83830000 - 0x00007ffd83848000 	C:\Program Files\Android\Android Studio\jbr\bin\zip.dll
0x00007ffd97640000 - 0x00007ffd97d8d000 	C:\Windows\System32\SHELL32.dll
0x00007ffd96c50000 - 0x00007ffd96dc3000 	C:\Windows\System32\wintypes.dll
0x00007ffd94090000 - 0x00007ffd948f0000 	C:\Windows\SYSTEM32\windows.storage.dll
0x00007ffd98730000 - 0x00007ffd98825000 	C:\Windows\System32\SHCORE.dll
0x00007ffd98290000 - 0x00007ffd982fa000 	C:\Windows\System32\shlwapi.dll
0x00007ffd963f0000 - 0x00007ffd96419000 	C:\Windows\SYSTEM32\profapi.dll
0x00007ffd85430000 - 0x00007ffd85440000 	C:\Program Files\Android\Android Studio\jbr\bin\net.dll
0x00007ffd883a0000 - 0x00007ffd884be000 	C:\Windows\SYSTEM32\WINHTTP.dll
0x00007ffd95780000 - 0x00007ffd957eb000 	C:\Windows\system32\mswsock.dll
0x00007ffd83810000 - 0x00007ffd83826000 	C:\Program Files\Android\Android Studio\jbr\bin\nio.dll
0x00007ffd7a290000 - 0x00007ffd7a2a0000 	C:\Program Files\Android\Android Studio\jbr\bin\verify.dll
0x00007ffd6aad0000 - 0x00007ffd6aaf7000 	C:\Users\COMPUTER\.gradle\native\1def1411415f61bf3af743bc5b6707747c0891f09f0c88961ee8f79bc544acac\windows-amd64\native-platform.dll
0x00007ffd65970000 - 0x00007ffd659e8000 	C:\Users\COMPUTER\.gradle\native\0.2.7\x86_64-windows-gnu\gradle-fileevents.dll
0x00007ffd83800000 - 0x00007ffd83809000 	C:\Program Files\Android\Android Studio\jbr\bin\management.dll
0x00007ffd80510000 - 0x00007ffd8051b000 	C:\Program Files\Android\Android Studio\jbr\bin\management_ext.dll
0x00007ffd98df0000 - 0x00007ffd98df8000 	C:\Windows\System32\PSAPI.DLL
0x00007ffd94c00000 - 0x00007ffd94c33000 	C:\Windows\SYSTEM32\IPHLPAPI.DLL
0x00007ffd98ec0000 - 0x00007ffd98eca000 	C:\Windows\System32\NSI.dll
0x00007ffd85370000 - 0x00007ffd85379000 	C:\Program Files\Android\Android Studio\jbr\bin\extnet.dll
0x00007ffd95b60000 - 0x00007ffd95b7b000 	C:\Windows\SYSTEM32\CRYPTSP.dll
0x00007ffd95170000 - 0x00007ffd951ab000 	C:\Windows\system32\rsaenh.dll
0x00007ffd95820000 - 0x00007ffd9584b000 	C:\Windows\SYSTEM32\USERENV.dll
0x00007ffd963c0000 - 0x00007ffd963e6000 	C:\Windows\SYSTEM32\bcrypt.dll
0x00007ffd959c0000 - 0x00007ffd959cc000 	C:\Windows\SYSTEM32\CRYPTBASE.dll
0x00007ffd6d1b0000 - 0x00007ffd6d1b8000 	C:\Windows\system32\wshunix.dll
0x00007ffd827e0000 - 0x00007ffd827f8000 	C:\Windows\system32\napinsp.dll
0x00007ffd94c40000 - 0x00007ffd94d66000 	C:\Windows\SYSTEM32\DNSAPI.dll
0x00007ffd827a0000 - 0x00007ffd827b2000 	C:\Windows\System32\winrnr.dll
0x00007ffd7fe10000 - 0x00007ffd7fe40000 	C:\Windows\system32\nlansp_c.dll
0x00007ffd63a90000 - 0x00007ffd63ab0000 	C:\Windows\system32\wshbth.dll
0x00007ffd8d940000 - 0x00007ffd8d94b000 	C:\Windows\System32\rasadhlp.dll
0x00007ffd87b70000 - 0x00007ffd87bf6000 	C:\Windows\System32\fwpuclnt.dll
0x00007ffd95340000 - 0x00007ffd95376000 	C:\Windows\SYSTEM32\ntmarta.dll
0x00007ffd68980000 - 0x00007ffd68987000 	C:\Program Files\Android\Android Studio\jbr\bin\rmi.dll

JVMTI agents:
C:\Users\COMPUTER\.gradle\wrapper\dists\gradle-8.13-bin\5xuhj0ry160q40clulazy9h7d\gradle-8.13\lib\agents\gradle-instrumentation-agent-8.13.jar path:C:\Program Files\Android\Android Studio\jbr\bin\instrument.dll, loaded, initialized, instrumentlib options:none

dbghelp: loaded successfully - version: 4.0.5 - missing functions: none
symbol engine: initialized successfully - sym options: 0x614 - pdb path: .;C:\Program Files\Android\Android Studio\jbr\bin;C:\Windows\SYSTEM32;C:\Windows\WinSxS\amd64_microsoft.windows.common-controls_6595b64144ccf1df_6.0.26100.4768_none_3e0c112ce331287c;C:\Program Files\Android\Android Studio\jbr\bin\server;C:\Users\COMPUTER\.gradle\native\1def1411415f61bf3af743bc5b6707747c0891f09f0c88961ee8f79bc544acac\windows-amd64;C:\Users\COMPUTER\.gradle\native\0.2.7\x86_64-windows-gnu

VM Arguments:
jvm_args: --add-opens=java.base/java.lang=ALL-UNNAMED --add-opens=java.base/java.lang.invoke=ALL-UNNAMED --add-opens=java.base/java.util=ALL-UNNAMED --add-opens=java.prefs/java.util.prefs=ALL-UNNAMED --add-exports=jdk.compiler/com.sun.tools.javac.api=ALL-UNNAMED --add-exports=jdk.compiler/com.sun.tools.javac.util=ALL-UNNAMED --add-opens=java.base/java.util=ALL-UNNAMED --add-opens=java.prefs/java.util.prefs=ALL-UNNAMED --add-opens=java.base/java.nio.charset=ALL-UNNAMED --add-opens=java.base/java.net=ALL-UNNAMED --add-opens=java.base/java.util.concurrent.atomic=ALL-UNNAMED --add-opens=java.xml/javax.xml.namespace=ALL-UNNAMED -Xmx2048m -Dfile.encoding=UTF-8 -Duser.country=KR -Duser.language=ko -Duser.variant -javaagent:C:\Users\COMPUTER\.gradle\wrapper\dists\gradle-8.13-bin\5xuhj0ry160q40clulazy9h7d\gradle-8.13\lib\agents\gradle-instrumentation-agent-8.13.jar 
java_command: org.gradle.launcher.daemon.bootstrap.GradleDaemon 8.13
java_class_path (initial): C:\Users\COMPUTER\.gradle\wrapper\dists\gradle-8.13-bin\5xuhj0ry160q40clulazy9h7d\gradle-8.13\lib\gradle-daemon-main-8.13.jar
Launcher Type: SUN_STANDARD

[Global flags]
     intx CICompilerCount                          = 12                                        {product} {ergonomic}
     uint ConcGCThreads                            = 5                                         {product} {ergonomic}
     uint G1ConcRefinementThreads                  = 20                                        {product} {ergonomic}
   size_t G1HeapRegionSize                         = 1048576                                   {product} {ergonomic}
    uintx GCDrainStackTargetSize                   = 64                                        {product} {ergonomic}
   size_t InitialHeapSize                          = 264241152                                 {product} {ergonomic}
   size_t MarkStackSize                            = 4194304                                   {product} {ergonomic}
   size_t MaxHeapSize                              = 2147483648                                {product} {command line}
   size_t MaxNewSize                               = 1287651328                                {product} {ergonomic}
   size_t MinHeapDeltaBytes                        = 1048576                                   {product} {ergonomic}
   size_t MinHeapSize                              = 8388608                                   {product} {ergonomic}
    uintx NonNMethodCodeHeapSize                   = 7602480                                {pd product} {ergonomic}
    uintx NonProfiledCodeHeapSize                  = 122027880                              {pd product} {ergonomic}
    uintx ProfiledCodeHeapSize                     = 122027880                              {pd product} {ergonomic}
    uintx ReservedCodeCacheSize                    = 251658240                              {pd product} {ergonomic}
     bool SegmentedCodeCache                       = true                                      {product} {ergonomic}
   size_t SoftMaxHeapSize                          = 2147483648                             {manageable} {ergonomic}
     bool UseCompressedOops                        = true                           {product lp64_product} {ergonomic}
     bool UseG1GC                                  = true                                      {product} {ergonomic}
     bool UseLargePagesIndividualAllocation        = false                                  {pd product} {ergonomic}

Logging:
Log output configuration:
 #0: stdout all=warning uptime,level,tags foldmultilines=false
 #1: stderr all=off uptime,level,tags foldmultilines=false

Environment Variables:
PATH=C:\Program Files\Common Files\Oracle\Java\javapath;C:\Windows\system32;C:\Windows;C:\Windows\System32\Wbem;C:\Windows\System32\WindowsPowerShell\v1.0\;C:\Windows\System32\OpenSSH\;C:\Program Files (x86)\Windows Kits\10\Windows Performance Toolkit\;C:\Users\COMPUTER\AppData\Local\Android\Sdk\tools;C:\Users\COMPUTER\AppData\Local\Android\Sdk\platform-tools;C:\Program Files\Git\cmd;C:\Program Files\Git\bin\git.exe;C:\Program Files\Git\cmd\git.exe;C:\Users\COMPUTER\anaconda3;C:\Users\COMPUTER\anaconda3\Library\mingw-w64\bin;C:\Users\COMPUTER\anaconda3\Library\usr\bin;C:\Users\COMPUTER\anaconda3\Library\bin;C:\Users\COMPUTER\anaconda3\Scripts;C:\Users\COMPUTER\AppData\Local\Programs\Python\Launcher\;C:\Users\COMPUTER\AppData\Local\Microsoft\WindowsApps;C:\Users\COMPUTER\AppData\Local\GitHubDesktop\bin;C:\Program Files\JetBrains\IntelliJ IDEA Community Edition 2025.2\bin;C:\Users\COMPUTER\AppData\Local\Programs\Microsoft VS Code\bin;C:\Users\COMPUTER\AppData\Local\Android\Sdk;
USERNAME=COMPUTER
TMPDIR=C:\Users\Public\Documents\ESTsoft\CreatorTemp
OS=Windows_NT
PROCESSOR_IDENTIFIER=Intel64 Family 6 Model 183 Stepping 1, GenuineIntel
TMP=C:\Users\COMPUTER\AppData\Local\Temp
TEMP=C:\Users\COMPUTER\AppData\Local\Temp




Periodic native trim disabled

JNI global refs:
JNI global refs: 38, weak refs: 0

JNI global refs memory usage: 835, weak refs: 833

Process memory usage:
Resident Set Size: 1044580K (6% of 16424388K total physical memory with 2247672K free physical memory)

OOME stack traces (most recent first):
Classloader memory used:
Loader org.gradle.internal.classloader.VisitableURLClassLoader                         : 107M
Loader org.gradle.internal.classloader.VisitableURLClassLoader$InstrumentingVisitableURLClassLoader: 57297K
Loader bootstrap                                                                       : 33784K
Loader org.gradle.initialization.MixInLegacyTypesClassLoader                           : 13552K
Loader java.net.URLClassLoader                                                         : 2818K
Loader org.gradle.internal.classloader.VisitableURLClassLoader                         : 1277K
Loader jdk.internal.reflect.DelegatingClassLoader                                      : 993K
Loader jdk.internal.loader.ClassLoaders$PlatformClassLoader                            : 561K
Loader jdk.internal.jrtfs.JrtFileSystemProvider$JrtFsLoader                            : 344K
Loader jdk.internal.loader.ClassLoaders$AppClassLoader                                 : 235K
Loader org.gradle.groovy.scripts.internal.DefaultScriptCompilationHandler$ScriptClassLoader: 209K
Loader org.codehaus.groovy.runtime.callsite.CallSiteClassLoader                        : 66736B
Loader sun.reflect.misc.MethodUtil                                                     : 2984B

Classes loaded by more than one classloader:
Class Program                                                                         : loaded 7 times (x 72B)
Class Build_gradle                                                                    : loaded 5 times (x 130B)
Class Build_gradle$1                                                                  : loaded 5 times (x 74B)
Class kotlin.jvm.internal.Intrinsics                                                  : loaded 3 times (x 71B)
Class kotlin.enums.EnumEntriesKt                                                      : loaded 3 times (x 71B)
Class org.gradle.internal.IoActions                                                   : loaded 3 times (x 71B)
Class org.gradle.api.GradleException                                                  : loaded 3 times (x 82B)
Class kotlin.KotlinNullPointerException                                               : loaded 3 times (x 83B)
Class org.gradle.api.Action                                                           : loaded 3 times (x 70B)
Class org.gradle.internal.Cast                                                        : loaded 3 times (x 71B)
Class kotlin.Unit                                                                     : loaded 3 times (x 71B)
Class kotlin.collections.AbstractCollection                                           : loaded 3 times (x 117B)
Class kotlin.collections.AbstractList                                                 : loaded 3 times (x 197B)
Class kotlin.jvm.functions.Function1                                                  : loaded 3 times (x 70B)
Class org.jetbrains.kotlin.name.Name                                                  : loaded 3 times (x 75B)
Class org.jetbrains.kotlin.name.ClassId$Companion                                     : loaded 3 times (x 71B)
Class org.jetbrains.kotlin.name.FqName                                                : loaded 3 times (x 72B)
Class kotlin.enums.EnumEntries                                                        : loaded 3 times (x 70B)
Class kotlin.jvm.internal.markers.KMappedMarker                                       : loaded 3 times (x 70B)
Class org.jetbrains.kotlin.name.FqNameUnsafe                                          : loaded 3 times (x 72B)
Class kotlin.UninitializedPropertyAccessException                                     : loaded 3 times (x 82B)
Class org.gradle.api.UncheckedIOException                                             : loaded 3 times (x 82B)
Class kotlin.NotImplementedError                                                      : loaded 3 times (x 82B)
Class kotlin.Function                                                                 : loaded 3 times (x 70B)
Class org.jetbrains.kotlin.name.ClassId                                               : loaded 3 times (x 72B)
Class org.gradle.kotlin.dsl.VersionCatalogAccessorsKt                                 : loaded 3 times (x 71B)
Class com.intellij.gradle.toolingExtension.util.GradleVersionUtil                     : loaded 3 times (x 71B)
Class kotlin.enums.EnumEntriesList                                                    : loaded 3 times (x 223B)
Class kotlin.collections.AbstractList$Companion                                       : loaded 3 times (x 71B)
Class org.jetbrains.kotlin.name.FqNameUnsafe$1                                        : loaded 3 times (x 74B)
Class com.google.common.io.ByteArrayDataOutput                                        : loaded 2 times (x 70B)
Class com.google.common.collect.RegularImmutableMap                                   : loaded 2 times (x 121B)
Class com.google.common.collect.ImmutableMap$MapViewOfValuesAsSingletonSets           : loaded 2 times (x 126B)
Class jdk.internal.jimage.decompressor.StringSharingDecompressorFactory               : loaded 2 times (x 74B)
Class org.gradle.internal.operations.MultipleBuildOperationFailures                   : loaded 2 times (x 95B)
Class org.jetbrains.org.objectweb.asm.tree.FieldInsnNode                              : loaded 2 times (x 79B)
Class com.google.common.reflect.TypeCapture                                           : loaded 2 times (x 71B)
Class org.jetbrains.kotlin.config.ExplicitApiMode$Companion                           : loaded 2 times (x 71B)
Class com.google.common.cache.LocalCache$Values                                       : loaded 2 times (x 118B)
Class [Lorg.objectweb.asm.Symbol;                                                     : loaded 2 times (x 69B)
Class org.objectweb.asm.ClassVisitor                                                  : loaded 2 times (x 88B)
Class com.google.common.collect.UnmodifiableListIterator                              : loaded 2 times (x 95B)
Class Build_gradle$1$3$1                                                              : loaded 2 times (x 79B)
Class com.intellij.util.containers.IntObjectHashMap$ArrayProducer                     : loaded 2 times (x 70B)
Class org.gradle.tooling.internal.adapter.TargetTypeProvider                          : loaded 2 times (x 70B)
Class com.google.common.collect.MapMakerInternalMap$StrongKeyDummyValueEntry$LinkedStrongKeyDummyValueEntry: loaded 2 times (x 82B)
Class com.google.common.collect.MapMakerInternalMap$Strength                          : loaded 2 times (x 80B)
Class com.google.common.base.Platform$JdkPatternCompiler                              : loaded 2 times (x 75B)
Class org.objectweb.asm.MethodTooLargeException                                       : loaded 2 times (x 83B)
Class [Lcom.google.common.cache.CacheBuilder$OneWeigher;                              : loaded 2 times (x 69B)
Class com.google.common.base.Suppliers                                                : loaded 2 times (x 71B)
Class org.gradle.internal.classloader.DefaultClassLoaderFactory                       : loaded 2 times (x 82B)
Class org.jetbrains.plugins.gradle.model.GradleExtensions                             : loaded 2 times (x 70B)
Class org.jetbrains.org.objectweb.asm.ClassVisitor                                    : loaded 2 times (x 87B)
Class kotlin.sequences.SequencesKt___SequencesKt                                      : loaded 2 times (x 71B)
Class [Lcom.google.common.collect.AbstractIterator$State;                             : loaded 2 times (x 69B)
Class com.google.common.base.CharMatcher$None                                         : loaded 2 times (x 112B)
Class org.jetbrains.kotlin.config.LanguageVersionSettings                             : loaded 2 times (x 70B)
Class org.gradle.internal.classloader.ClassLoaderVisitor                              : loaded 2 times (x 76B)
Class org.jetbrains.org.objectweb.asm.tree.FrameNode                                  : loaded 2 times (x 79B)
Class org.jetbrains.org.objectweb.asm.ClassReader                                     : loaded 2 times (x 91B)
Class [Lcom.google.common.collect.ImmutableMapEntry;                                  : loaded 2 times (x 69B)
Class org.gradle.api.internal.classpath.EffectiveClassPath                            : loaded 2 times (x 90B)
Class org.gradle.tooling.internal.gradle.DefaultProjectIdentifier                     : loaded 2 times (x 86B)
Class org.jetbrains.kotlin.metadata.jvm.deserialization.JvmMetadataVersion            : loaded 2 times (x 74B)
Class kotlin.text.StringsKt__AppendableKt                                             : loaded 2 times (x 71B)
Class com.google.common.collect.ImmutableRangeSet                                     : loaded 2 times (x 115B)
Class com.google.common.collect.ListMultimap                                          : loaded 2 times (x 70B)
Class com.google.common.collect.ImmutableEnumMap                                      : loaded 2 times (x 126B)
Class com.intellij.gradle.toolingExtension.impl.model.buildScriptClasspathModel.GradleBuildScriptClasspathSerializationService$ReadContext: loaded 2 times (x 72B)
Class org.gradle.internal.impldep.gnu.trove.TObjectIntHashMap                         : loaded 2 times (x 109B)
Class com.google.common.collect.ImmutableSet$SerializedForm                           : loaded 2 times (x 73B)
Class com.google.common.base.Splitter                                                 : loaded 2 times (x 72B)
Class com.google.common.collect.Sets$1                                                : loaded 2 times (x 139B)
Class org.objectweb.asm.AnnotationVisitor                                             : loaded 2 times (x 78B)
Class org.gradle.api.internal.DefaultClassPathProvider                                : loaded 2 times (x 76B)
Class kotlin.sequences.Sequence                                                       : loaded 2 times (x 70B)
Class kotlin.text.StringsKt__StringNumberConversionsJVMKt                             : loaded 2 times (x 71B)
Class com.google.common.collect.MapMakerInternalMap$Strength$1                        : loaded 2 times (x 80B)
Class com.google.common.collect.Maps$ViewCachingAbstractMap                           : loaded 2 times (x 125B)
Class com.google.common.collect.Sets$2                                                : loaded 2 times (x 139B)
Class [Lorg.gradle.api.internal.ClassPathProvider;                                    : loaded 2 times (x 69B)
Class org.gradle.api.internal.ClassPathProvider                                       : loaded 2 times (x 70B)
Class jdk.internal.jrtfs.SystemImage                                                  : loaded 2 times (x 74B)
Class org.gradle.internal.impldep.gnu.trove.TObjectHash$NULL                          : loaded 2 times (x 71B)
Class com.google.common.reflect.Types$ClassOwnership$1                                : loaded 2 times (x 80B)
Class org.jetbrains.kotlin.cli.common.CompilerSystemProperties                        : loaded 2 times (x 80B)
Class com.google.common.collect.MapMakerInternalMap$Strength$2                        : loaded 2 times (x 80B)
Class com.google.common.base.AbstractIterator$State                                   : loaded 2 times (x 79B)
Class [Lorg.objectweb.asm.AnnotationVisitor;                                          : loaded 2 times (x 69B)
Class com.google.common.collect.Sets$3                                                : loaded 2 times (x 139B)
Class com.google.common.util.concurrent.AbstractFuture$SafeAtomicHelper               : loaded 2 times (x 79B)
Class com.google.common.cache.LocalCache$LocalLoadingCache                            : loaded 2 times (x 134B)
Class org.gradle.internal.service.UnknownServiceException                             : loaded 2 times (x 83B)
Class org.jetbrains.plugins.gradle.model.ClasspathEntryModel                          : loaded 2 times (x 70B)
Class org.jetbrains.org.objectweb.asm.tree.TableSwitchInsnNode                        : loaded 2 times (x 79B)
Class [Lorg.jetbrains.org.objectweb.asm.Attribute;                                    : loaded 2 times (x 69B)
Class com.google.common.reflect.Types$ClassOwnership$2                                : loaded 2 times (x 80B)
Class com.google.common.reflect.TypeResolver                                          : loaded 2 times (x 72B)
Class org.jetbrains.kotlin.config.JvmDefaultMode                                      : loaded 2 times (x 79B)
Class com.google.common.collect.MapMakerInternalMap$StrongValueEntry                  : loaded 2 times (x 70B)
Class com.google.common.io.ByteArrayDataInput                                         : loaded 2 times (x 70B)
Class com.google.common.collect.Sets$4                                                : loaded 2 times (x 139B)
Class org.objectweb.asm.ModuleVisitor                                                 : loaded 2 times (x 81B)
Class com.google.common.cache.LocalCache$Strength$1                                   : loaded 2 times (x 81B)
Class org.gradle.tooling.model.Dependency                                             : loaded 2 times (x 70B)
Class com.google.common.reflect.Types$ClassOwnership$3                                : loaded 2 times (x 71B)
Class org.jetbrains.kotlin.cli.common.messages.CompilerMessageSeverity                : loaded 2 times (x 79B)
Class com.google.common.util.concurrent.SettableFuture                                : loaded 2 times (x 114B)
Class com.google.common.cache.LocalCache$Strength$2                                   : loaded 2 times (x 81B)
Class kotlin.collections.ArraysKt___ArraysJvmKt                                       : loaded 2 times (x 71B)
Class kotlin.collections.CollectionsKt__CollectionsKt                                 : loaded 2 times (x 71B)
Class kotlin.text.StringsKt__RegexExtensionsJVMKt                                     : loaded 2 times (x 71B)
Class com.google.common.collect.Interners$InternerImpl                                : loaded 2 times (x 75B)
Class com.google.common.collect.Interner                                              : loaded 2 times (x 70B)
Class com.google.common.io.ByteStreams                                                : loaded 2 times (x 71B)
Class com.google.common.collect.TransformedIterator                                   : loaded 2 times (x 80B)
Class com.google.common.base.Splitter$1                                               : loaded 2 times (x 77B)
Class com.google.common.cache.LocalCache$Strength$3                                   : loaded 2 times (x 81B)
Class com.google.common.collect.MapDifference                                         : loaded 2 times (x 70B)
Class kotlin._Assertions                                                              : loaded 2 times (x 71B)
Class com.google.common.reflect.Invokable                                             : loaded 2 times (x 103B)
Class com.google.common.collect.MapMaker$Dummy                                        : loaded 2 times (x 79B)
Class org.objectweb.asm.FieldWriter                                                   : loaded 2 times (x 78B)
Class com.google.common.cache.CacheBuilder$NullListener                               : loaded 2 times (x 82B)
Class org.gradle.internal.classpath.TransformedClassPath                              : loaded 2 times (x 96B)
Class org.gradle.internal.classloader.InstrumentingClassLoader                        : loaded 2 times (x 70B)
Class jdk.internal.jrtfs.SystemImage$1                                                : loaded 2 times (x 78B)
Class org.jetbrains.plugins.gradle.model.AnnotationProcessingModel                    : loaded 2 times (x 70B)
Class [Lorg.jetbrains.org.objectweb.asm.SymbolTable$Entry;                            : loaded 2 times (x 69B)
Class org.jetbrains.kotlin.resolve.jvm.JvmClassName                                   : loaded 2 times (x 76B)
Class com.google.common.reflect.Types$ParameterizedTypeImpl                           : loaded 2 times (x 81B)
Class com.google.common.collect.ImmutableListMultimap                                 : loaded 2 times (x 176B)
Class com.google.common.collect.ImmutableRangeSet$AsSet                               : loaded 2 times (x 300B)
Class com.google.common.cache.CacheLoader$FunctionToCacheLoader                       : loaded 2 times (x 75B)
Class com.google.common.collect.Iterators$ArrayItr                                    : loaded 2 times (x 97B)
Class com.google.common.collect.ImmutableCollection$Builder                           : loaded 2 times (x 76B)
Class jdk.internal.jrtfs.SystemImage$2                                                : loaded 2 times (x 76B)
Class kotlin.comparisons.ComparisonsKt___ComparisonsJvmKt                             : loaded 2 times (x 71B)
Class kotlin.collections.CollectionsKt__IteratorsJVMKt                                : loaded 2 times (x 71B)
Class com.google.common.reflect.TypeResolver$TypeVariableKey                          : loaded 2 times (x 72B)
Class org.jetbrains.kotlin.config.LanguageFeature                                     : loaded 2 times (x 80B)
Class com.google.common.collect.EmptyImmutableListMultimap                            : loaded 2 times (x 176B)
Class com.google.common.collect.BaseImmutableMultimap                                 : loaded 2 times (x 123B)
Class com.google.common.base.Joiner                                                   : loaded 2 times (x 79B)
Class com.google.common.base.MoreObjects                                              : loaded 2 times (x 71B)
Class org.jetbrains.org.objectweb.asm.tree.LabelNode                                  : loaded 2 times (x 80B)
Class org.jetbrains.kotlin.build.report.metrics.GradleBuildTime                       : loaded 2 times (x 86B)
Class org.jetbrains.kotlin.config.LanguageOrApiVersion                                : loaded 2 times (x 70B)
Class com.google.common.collect.Platform                                              : loaded 2 times (x 71B)
Class [Lorg.objectweb.asm.Type;                                                       : loaded 2 times (x 69B)
Class com.google.common.collect.UnmodifiableIterator                                  : loaded 2 times (x 80B)
Class org.gradle.internal.service.ServiceLocator                                      : loaded 2 times (x 70B)
Class jdk.internal.jrtfs.JrtFileSystemProvider                                        : loaded 2 times (x 101B)
Class org.gradle.api.internal.classpath.ManifestUtil                                  : loaded 2 times (x 71B)
Class org.gradle.tooling.model.UnsupportedMethodException                             : loaded 2 times (x 82B)
Class kotlin.Pair                                                                     : loaded 2 times (x 72B)
Class [Lkotlin.Function;                                                              : loaded 2 times (x 69B)
Class com.google.common.base.Ascii                                                    : loaded 2 times (x 71B)
Class com.google.common.collect.SingletonImmutableBiMap                               : loaded 2 times (x 143B)
Class com.google.common.cache.LocalCache$1                                            : loaded 2 times (x 89B)
Class com.google.common.collect.AbstractMapEntry                                      : loaded 2 times (x 81B)
Class kotlin.io.CloseableKt                                                           : loaded 2 times (x 71B)
Class kotlin.collections.CollectionsKt__MutableCollectionsKt                          : loaded 2 times (x 71B)
Class com.google.common.reflect.TypeToken$SimpleTypeToken                             : loaded 2 times (x 73B)
Class com.google.common.collect.MapMakerInternalMap$AbstractStrongKeyEntry            : loaded 2 times (x 80B)
Class com.google.common.collect.Sets$ImprovedAbstractSet                              : loaded 2 times (x 135B)
Class com.google.common.collect.ImmutableList$Builder                                 : loaded 2 times (x 77B)
Class com.google.common.collect.AbstractMultimap                                      : loaded 2 times (x 123B)
Class com.google.common.cache.LocalCache$2                                            : loaded 2 times (x 142B)
Class org.gradle.internal.impldep.gnu.trove.THash                                     : loaded 2 times (x 81B)
Class kotlin.io.TerminateException                                                    : loaded 2 times (x 82B)
Class kotlin.io.FilesKt__FilePathComponentsKt                                         : loaded 2 times (x 71B)
Class com.google.common.collect.ImmutableRangeSet$1                                   : loaded 2 times (x 210B)
Class com.google.common.util.concurrent.AbstractFuture$UnsafeAtomicHelper$1           : loaded 2 times (x 76B)
Class com.google.common.collect.RegularImmutableAsList                                : loaded 2 times (x 217B)
Class org.gradle.tooling.internal.adapter.CollectionMapper                            : loaded 2 times (x 73B)
Class org.jetbrains.org.objectweb.asm.tree.InsnList                                   : loaded 2 times (x 103B)
Class org.jetbrains.kotlin.cli.common.messages.MessageCollector$Companion             : loaded 2 times (x 71B)
Class com.google.common.base.Optional                                                 : loaded 2 times (x 80B)
Class com.google.common.collect.Range                                                 : loaded 2 times (x 87B)
Class com.google.common.util.concurrent.AbstractFuture$Trusted                        : loaded 2 times (x 70B)
Class com.google.common.collect.Iterators                                             : loaded 2 times (x 71B)
Class com.google.common.collect.ImmutableList$1                                       : loaded 2 times (x 97B)
Class jdk.internal.jimage.ImageLocation                                               : loaded 2 times (x 90B)
Class jdk.internal.jrtfs.JrtDirectoryStream$1                                         : loaded 2 times (x 83B)
Class org.gradle.internal.impldep.gnu.trove.Equality                                  : loaded 2 times (x 70B)
Class org.jetbrains.org.objectweb.asm.tree.MethodInsnNode                             : loaded 2 times (x 79B)
Class org.jetbrains.org.objectweb.asm.tree.MethodNode                                 : loaded 2 times (x 109B)
Class org.jetbrains.kotlin.load.kotlin.KotlinJvmBinaryClass                           : loaded 2 times (x 70B)
Class [Lorg.jetbrains.kotlin.build.report.metrics.BuildTime;                          : loaded 2 times (x 69B)
Class com.google.common.io.ByteSink$AsCharSink                                        : loaded 2 times (x 80B)
Class com.google.common.collect.Lists$StringAsImmutableList                           : loaded 2 times (x 207B)
Class com.google.common.util.concurrent.UncheckedExecutionException                   : loaded 2 times (x 82B)
Class com.intellij.gradle.toolingExtension.impl.model.buildScriptClasspathModel.GradleBuildScriptClasspathSerializationService$WriteContext: loaded 2 times (x 72B)
Class org.gradle.tooling.internal.adapter.ProtocolToModelAdapter                      : loaded 2 times (x 80B)
Class org.jetbrains.org.objectweb.asm.ClassTooLargeException                          : loaded 2 times (x 83B)
Class org.jetbrains.kotlin.metadata.jvm.deserialization.JvmMemberSignature$Method     : loaded 2 times (x 75B)
Class org.gradle.internal.InternalTransformer                                         : loaded 2 times (x 70B)
Class jdk.internal.jimage.ImageBufferCache$1                                          : loaded 2 times (x 83B)
Class org.gradle.internal.impldep.gnu.trove.TObjectCanonicalHashingStrategy           : loaded 2 times (x 80B)
Class org.gradle.internal.time.DefaultTimer                                           : loaded 2 times (x 80B)
Class org.jetbrains.org.objectweb.asm.tree.IntInsnNode                                : loaded 2 times (x 78B)
Class kotlin.collections.EmptyList                                                    : loaded 2 times (x 174B)
Class kotlin.collections.MapsKt__MapsJVMKt                                            : loaded 2 times (x 71B)
Class com.google.common.collect.AbstractMapBasedMultimap$KeySet$1                     : loaded 2 times (x 82B)
Class org.objectweb.asm.ClassWriter                                                   : loaded 2 times (x 106B)
Class com.google.common.cache.CacheLoader$UnsupportedLoadingOperationException        : loaded 2 times (x 82B)
Class com.google.common.base.CharMatcher$And                                          : loaded 2 times (x 112B)
Class org.gradle.internal.classloader.ClasspathUtil$1                                 : loaded 2 times (x 76B)
Class jdk.internal.jimage.ImageBufferCache$2                                          : loaded 2 times (x 91B)
Class com.google.common.collect.FluentIterable$1                                      : loaded 2 times (x 81B)
Class com.google.common.base.Objects                                                  : loaded 2 times (x 71B)
Class org.objectweb.asm.FieldVisitor                                                  : loaded 2 times (x 77B)
Class com.google.common.collect.IndexedImmutableSet                                   : loaded 2 times (x 152B)
Class com.google.common.collect.ImmutableMap$1                                        : loaded 2 times (x 81B)
Class com.google.common.collect.BiMap                                                 : loaded 2 times (x 70B)
Class org.gradle.api.internal.classpath.DefaultModuleRegistry$DefaultModule           : loaded 2 times (x 86B)
Class com.google.common.util.concurrent.ExecutionError                                : loaded 2 times (x 82B)
Class com.google.common.reflect.Reflection                                            : loaded 2 times (x 71B)
Class com.google.common.base.Absent                                                   : loaded 2 times (x 80B)
Class com.google.common.collect.FluentIterable$2                                      : loaded 2 times (x 81B)
Class com.google.common.primitives.Ints                                               : loaded 2 times (x 71B)
Class com.google.common.collect.AbstractIterator                                      : loaded 2 times (x 82B)
Class org.gradle.internal.time.DefaultCountdownTimer                                  : loaded 2 times (x 88B)
Class org.jetbrains.org.objectweb.asm.tree.JumpInsnNode                               : loaded 2 times (x 78B)
Class org.jetbrains.org.objectweb.asm.FieldVisitor                                    : loaded 2 times (x 76B)
Class kotlin.collections.ArraysKt__ArraysKt                                           : loaded 2 times (x 71B)
Class com.google.common.collect.FluentIterable$3                                      : loaded 2 times (x 81B)
Class com.google.common.collect.ObjectArrays                                          : loaded 2 times (x 71B)
Class com.google.common.collect.Multiset                                              : loaded 2 times (x 70B)
Class com.google.common.collect.ArrayListMultimapGwtSerializationDependencies         : loaded 2 times (x 172B)
Class com.google.common.collect.AbstractIndexedListIterator                           : loaded 2 times (x 96B)
Class com.google.common.math.MathPreconditions                                        : loaded 2 times (x 71B)
Class org.jetbrains.plugins.gradle.tooling.util.ObjectCollector                       : loaded 2 times (x 72B)
Class org.gradle.tooling.internal.gradle.DefaultBuildIdentifier                       : loaded 2 times (x 79B)
Class com.google.common.collect.ImmutableEnumSet                                      : loaded 2 times (x 146B)
Class kotlin.collections.SetsKt__SetsJVMKt                                            : loaded 2 times (x 71B)
Class com.google.common.collect.ImmutableMapEntrySet                                  : loaded 2 times (x 152B)
Class org.gradle.api.internal.classpath.Module                                        : loaded 2 times (x 70B)
Class kotlin.io.FileAlreadyExistsException                                            : loaded 2 times (x 82B)
Class com.google.common.cache.Weigher                                                 : loaded 2 times (x 70B)
Class org.gradle.api.internal.classpath.UnknownModuleException                        : loaded 2 times (x 82B)
Class jdk.internal.jimage.ImageHeader                                                 : loaded 2 times (x 71B)
Class com.intellij.openapi.externalSystem.model.project.dependencies.ProjectDependencies: loaded 2 times (x 70B)
Class org.gradle.internal.impldep.gnu.trove.TObjectIdentityHashingStrategy            : loaded 2 times (x 78B)
Class org.jetbrains.kotlin.cli.common.arguments.K2JVMCompilerArguments$Companion      : loaded 2 times (x 71B)
Class org.jetbrains.kotlin.config.ApiVersion                                          : loaded 2 times (x 86B)
Class com.google.common.base.Stopwatch                                                : loaded 2 times (x 72B)
Class com.google.common.cache.LocalCache$Strength                                     : loaded 2 times (x 81B)
Class com.google.common.cache.Cache                                                   : loaded 2 times (x 70B)
Class org.jetbrains.kotlin.build.report.metrics.BuildMetricsReporter                  : loaded 2 times (x 70B)
Class com.google.common.io.Files$2                                                    : loaded 2 times (x 76B)
Class com.google.common.io.AppendableWriter                                           : loaded 2 times (x 100B)
Class com.google.common.base.NullnessCasts                                            : loaded 2 times (x 71B)
Class com.google.common.util.concurrent.AbstractFuture$Cancellation                   : loaded 2 times (x 72B)
Class com.google.common.collect.ImmutableMap$Builder                                  : loaded 2 times (x 82B)
Class org.gradle.tooling.internal.gradle.GradleProjectIdentity                        : loaded 2 times (x 70B)
Class org.jetbrains.org.objectweb.asm.FieldWriter                                     : loaded 2 times (x 77B)
Class org.jetbrains.org.objectweb.asm.tree.VarInsnNode                                : loaded 2 times (x 78B)
Class org.jetbrains.org.objectweb.asm.MethodVisitor                                   : loaded 2 times (x 104B)
Class kotlin.io.ByteStreamsKt                                                         : loaded 2 times (x 71B)
Class org.jetbrains.kotlin.cli.common.arguments.CommonToolArguments$Companion         : loaded 2 times (x 71B)
Class com.google.common.collect.AbstractMapBasedMultimap$WrappedCollection$WrappedIterator: loaded 2 times (x 84B)
Class com.google.common.base.Present                                                  : loaded 2 times (x 81B)
Class com.google.common.cache.RemovalListener                                         : loaded 2 times (x 70B)
Class org.gradle.api.internal.DefaultClassPathRegistry                                : loaded 2 times (x 76B)
Class com.google.common.reflect.Invokable$ConstructorInvokable                        : loaded 2 times (x 107B)
Class org.jetbrains.kotlin.load.java.JvmAbi                                           : loaded 2 times (x 71B)
Class [Lorg.jetbrains.kotlin.config.JvmDefaultMode;                                   : loaded 2 times (x 69B)
Class com.google.common.collect.ImmutableMultimap$Keys                                : loaded 2 times (x 166B)
Class org.jetbrains.kotlin.cli.common.messages.MessageCollector                       : loaded 2 times (x 70B)
Class com.google.common.primitives.IntsMethodsForWeb                                  : loaded 2 times (x 71B)
Class com.google.common.collect.Multimap                                              : loaded 2 times (x 70B)
Class org.gradle.api.internal.ClassPathRegistry                                       : loaded 2 times (x 70B)
Class org.gradle.internal.classpath.DefaultClassPath$ImmutableUniqueList              : loaded 2 times (x 199B)
Class jdk.internal.jimage.decompressor.ResourceDecompressor                           : loaded 2 times (x 70B)
Class org.jetbrains.org.objectweb.asm.ByteVector                                      : loaded 2 times (x 78B)
Class kotlin.text.StringsKt__StringsJVMKt                                             : loaded 2 times (x 71B)
Class com.google.common.reflect.TypeToken                                             : loaded 2 times (x 73B)
Class com.google.common.collect.NullnessCasts                                         : loaded 2 times (x 71B)
Class com.google.common.collect.MapMakerInternalMap$Segment                           : loaded 2 times (x 142B)
Class com.google.common.base.ExtraObjectsMethodsForWeb                                : loaded 2 times (x 71B)
Class com.google.common.collect.AbstractMapBasedMultimap$WrappedCollection            : loaded 2 times (x 124B)
Class [Lcom.google.common.cache.RemovalCause;                                         : loaded 2 times (x 69B)
Class org.jetbrains.org.objectweb.asm.tree.LookupSwitchInsnNode                       : loaded 2 times (x 78B)
Class kotlin.collections.SetsKt                                                       : loaded 2 times (x 71B)
Class kotlin.text.StringsKt__IndentKt                                                 : loaded 2 times (x 71B)
Class com.google.common.cache.RemovalCause                                            : loaded 2 times (x 80B)
Class org.jetbrains.kotlin.cli.common.messages.CompilerMessageSourceLocation          : loaded 2 times (x 70B)
Class org.jetbrains.kotlin.config.JvmDefaultMode$Companion                            : loaded 2 times (x 71B)
Class com.google.common.io.ByteSink                                                   : loaded 2 times (x 76B)
Class com.google.common.cache.CacheBuilder                                            : loaded 2 times (x 72B)
Class com.google.common.collect.SingletonImmutableList                                : loaded 2 times (x 207B)
Class Settings_gradle$1                                                               : loaded 2 times (x 74B)
Class org.gradle.internal.classpath.ClassPath                                         : loaded 2 times (x 70B)
Class org.jetbrains.kotlin.load.kotlin.FileBasedKotlinClass$1                         : loaded 2 times (x 87B)
Class [Lcom.google.common.reflect.Types$JavaVersion;                                  : loaded 2 times (x 69B)
Class com.google.common.collect.Interners$InternerBuilder                             : loaded 2 times (x 76B)
Class com.google.common.io.Files$FileByteSource                                       : loaded 2 times (x 85B)
Class com.google.common.base.JdkPattern                                               : loaded 2 times (x 75B)
Class com.google.common.collect.ImmutableList$ReverseImmutableList                    : loaded 2 times (x 209B)
Class ijJvmDebugger2_8g869j4xt9t70z2h08yspeiyl                                        : loaded 2 times (x 179B)
Class ijInit7_ihhnat4bxwfe1crhj24hmr91                                                : loaded 2 times (x 179B)
Class org.jetbrains.kotlin.load.kotlin.FileBasedKotlinClass$2                         : loaded 2 times (x 87B)
Class kotlin.collections.MapsKt__MapsKt                                               : loaded 2 times (x 71B)
Class com.google.common.io.CharStreams$NullWriter                                     : loaded 2 times (x 99B)
Class org.jetbrains.kotlin.cli.common.arguments.Freezable                             : loaded 2 times (x 72B)
Class org.objectweb.asm.SymbolTable$Entry                                             : loaded 2 times (x 74B)
Class com.google.common.util.concurrent.AbstractFuture$AtomicHelper                   : loaded 2 times (x 78B)
Class jdk.internal.jimage.ImageStringsReader                                          : loaded 2 times (x 80B)
Class org.gradle.tooling.model.Model                                                  : loaded 2 times (x 70B)
Class org.jetbrains.org.objectweb.asm.ClassWriter                                     : loaded 2 times (x 104B)
Class org.jetbrains.kotlin.load.kotlin.FileBasedKotlinClass$3                         : loaded 2 times (x 77B)
Class org.objectweb.asm.Edge                                                          : loaded 2 times (x 72B)
Class com.google.common.base.Suppliers$SupplierOfInstance                             : loaded 2 times (x 79B)
Class com.google.common.collect.Iterators$1                                           : loaded 2 times (x 81B)
Class org.jetbrains.org.objectweb.asm.tree.Util                                       : loaded 2 times (x 71B)
Class org.jetbrains.kotlin.load.kotlin.FileBasedKotlinClass$4                         : loaded 2 times (x 87B)
Class com.google.common.reflect.TypeToken$1                                           : loaded 2 times (x 110B)
Class com.google.common.cache.LocalCache$ComputingValueReference                      : loaded 2 times (x 96B)
Class com.google.common.collect.SingletonImmutableSet                                 : loaded 2 times (x 146B)
Class com.google.common.collect.ImmutableMap$IteratorBasedImmutableMap                : loaded 2 times (x 126B)
Class jdk.internal.jimage.ImageReader                                                 : loaded 2 times (x 75B)
Class org.gradle.tooling.internal.adapter.ProtocolToModelAdapter$MethodInvocationCache: loaded 2 times (x 73B)
Class com.google.common.reflect.TypeToken$2                                           : loaded 2 times (x 110B)
Class [Lorg.jetbrains.kotlin.cli.common.messages.CompilerMessageSeverity;             : loaded 2 times (x 69B)
Class com.google.common.cache.LocalCache$Segment                                      : loaded 2 times (x 154B)
Class jdk.internal.jimage.ImageReader$SharedImageReader                               : loaded 2 times (x 95B)
Class com.intellij.util.containers.IntObjectHashMap                                   : loaded 2 times (x 72B)
Class org.jetbrains.kotlin.utils.DescriptionAware                                     : loaded 2 times (x 70B)
Class com.google.common.collect.SortedIterable                                        : loaded 2 times (x 70B)
Class com.google.common.collect.AbstractListMultimap                                  : loaded 2 times (x 172B)
Class [Lorg.objectweb.asm.SymbolTable$Entry;                                          : loaded 2 times (x 69B)
Class com.google.common.cache.CacheLoader                                             : loaded 2 times (x 74B)
Class com.google.common.collect.Iterators$4                                           : loaded 2 times (x 82B)
Class com.google.common.collect.ImmutableBiMap                                        : loaded 2 times (x 143B)
Class org.gradle.internal.installation.GradleInstallation$1                           : loaded 2 times (x 75B)
Class org.gradle.api.internal.classpath.ModuleRegistry                                : loaded 2 times (x 70B)
Class jdk.internal.jimage.decompressor.ResourceDecompressorFactory                    : loaded 2 times (x 74B)
Class org.gradle.tooling.internal.adapter.ObjectGraphAdapter                          : loaded 2 times (x 70B)
Class org.jetbrains.org.objectweb.asm.AnnotationVisitor                               : loaded 2 times (x 77B)
Class com.google.common.base.Splitter$SplittingIterator                               : loaded 2 times (x 84B)
Class com.google.common.util.concurrent.internal.InternalFutureFailureAccess          : loaded 2 times (x 72B)
Class com.google.common.collect.Iterators$5                                           : loaded 2 times (x 82B)
Class com.google.common.collect.ImmutableSet$JdkBackedSetBuilderImpl                  : loaded 2 times (x 76B)
Class [Lorg.jetbrains.org.objectweb.asm.Type;                                         : loaded 2 times (x 69B)
Class org.jetbrains.plugins.gradle.tooling.util.IntObjectMap$ObjectFactory            : loaded 2 times (x 70B)
Class com.google.common.collect.ImmutableMultimap$Values                              : loaded 2 times (x 126B)
Class com.google.common.util.concurrent.AbstractFuture$UnsafeAtomicHelper             : loaded 2 times (x 78B)
Class com.google.common.cache.LocalCache$LocalManualCache$1                           : loaded 2 times (x 75B)
Class com.google.common.base.CharMatcher$ForPredicate                                 : loaded 2 times (x 112B)
Class jdk.internal.jimage.ImageReader$Node                                            : loaded 2 times (x 84B)
Class kotlin.io.FilesKt__UtilsKt                                                      : loaded 2 times (x 71B)
Class kotlin.collections.CollectionsKt__CollectionsJVMKt                              : loaded 2 times (x 71B)
Class org.jetbrains.kotlin.config.AnalysisFlag                                        : loaded 2 times (x 72B)
Class com.google.common.base.CharMatcher$AnyOf                                        : loaded 2 times (x 112B)
Class com.google.common.collect.ImmutableCollection                                   : loaded 2 times (x 125B)
Class org.gradle.api.internal.classpath.DefaultModuleRegistry                         : loaded 2 times (x 86B)
Class jdk.internal.jimage.BasicImageReader$1                                          : loaded 2 times (x 77B)
Class org.jetbrains.org.objectweb.asm.AnnotationWriter                                : loaded 2 times (x 78B)
Class org.jetbrains.kotlin.load.kotlin.KotlinJvmBinaryClass$AnnotationVisitor         : loaded 2 times (x 70B)
Class kotlin.sequences.SequencesKt                                                    : loaded 2 times (x 71B)
Class kotlin.collections.CollectionsKt__IteratorsKt                                   : loaded 2 times (x 71B)
Class org.jetbrains.kotlin.build.report.metrics.GradleBuildTime$Companion             : loaded 2 times (x 71B)
Class com.google.common.collect.Lists                                                 : loaded 2 times (x 71B)
Class com.google.common.util.concurrent.ListenableFuture                              : loaded 2 times (x 70B)
Class com.google.common.cache.ReferenceEntry                                          : loaded 2 times (x 70B)
Class com.google.common.base.Converter                                                : loaded 2 times (x 90B)
Class com.google.common.collect.ImmutableSet$CachingAsList                            : loaded 2 times (x 148B)
Class kotlin.text.StringsKt                                                           : loaded 2 times (x 71B)
Class com.google.common.collect.AbstractMapBasedMultimap                              : loaded 2 times (x 139B)
Class com.google.common.util.concurrent.AbstractFuture                                : loaded 2 times (x 106B)
Class com.google.common.base.FunctionalEquivalence                                    : loaded 2 times (x 83B)
Class com.google.common.collect.Iterators$9                                           : loaded 2 times (x 81B)
Class com.google.common.collect.ImmutableAsList                                       : loaded 2 times (x 209B)
Class org.gradle.util.internal.DefaultGradleVersion$Stage                             : loaded 2 times (x 75B)
Class kotlin.LazyKt__LazyJVMKt                                                        : loaded 2 times (x 71B)
Class com.google.common.reflect.TypeResolver$TypeTable                                : loaded 2 times (x 73B)
Class org.jetbrains.kotlin.config.ExplicitApiMode                                     : loaded 2 times (x 79B)
Class com.google.common.io.CharStreams                                                : loaded 2 times (x 71B)
Class org.gradle.internal.classloader.ClassLoaderHierarchy                            : loaded 2 times (x 70B)
Class org.objectweb.asm.RecordComponentVisitor                                        : loaded 2 times (x 77B)
Class com.google.common.cache.CacheLoader$SupplierToCacheLoader                       : loaded 2 times (x 75B)
Class jdk.internal.jimage.decompressor.Decompressor                                   : loaded 2 times (x 72B)
Class jdk.internal.jimage.ImageReader$Resource                                        : loaded 2 times (x 84B)
Class org.gradle.internal.time.MonotonicClock                                         : loaded 2 times (x 77B)
Class kotlin.io.FilesKt__FileReadWriteKt                                              : loaded 2 times (x 71B)
Class kotlin.text.StringsKt__StringNumberConversionsKt                                : loaded 2 times (x 71B)
Class com.google.common.reflect.TypeResolver$TypeTable$1                              : loaded 2 times (x 73B)
Class org.jetbrains.kotlin.cli.common.CompilerSystemProperties$value$1                : loaded 2 times (x 125B)
Class com.google.common.collect.Maps$EntryTransformer                                 : loaded 2 times (x 70B)
Class org.gradle.internal.service.ServiceLookupException                              : loaded 2 times (x 82B)
Class jdk.internal.jrtfs.JrtFileAttributes                                            : loaded 2 times (x 83B)
Class com.google.common.collect.ImmutableSortedSet                                    : loaded 2 times (x 300B)
Class [Lcom.google.common.cache.LocalCache$EntryFactory;                              : loaded 2 times (x 69B)
Class ijKotlinCoroutineJvmDebugInit2_ezbr0y5lgx6mgpo6abq1y1nio$_run_closure1          : loaded 2 times (x 139B)
Class org.gradle.internal.classloader.ClassLoaderFactory                              : loaded 2 times (x 70B)
Class org.jetbrains.plugins.gradle.tooling.util.IntObjectMap                          : loaded 2 times (x 73B)
Class com.google.common.base.CommonPattern                                            : loaded 2 times (x 74B)
Class com.google.common.cache.LocalCache$LocalManualCache                             : loaded 2 times (x 99B)
Class com.google.common.base.CharMatcher$IsNot                                        : loaded 2 times (x 111B)
Class org.gradle.internal.service.CachingServiceLocator                               : loaded 2 times (x 82B)
Class org.jetbrains.plugins.gradle.model.RepositoryModels                             : loaded 2 times (x 70B)
Class com.google.common.collect.AbstractMapBasedMultimap$KeySet                       : loaded 2 times (x 137B)
Class com.google.common.collect.RegularImmutableSortedSet                             : loaded 2 times (x 300B)
Class com.google.common.math.IntMath                                                  : loaded 2 times (x 71B)
Class org.gradle.internal.time.TimeSource                                             : loaded 2 times (x 70B)
Class org.gradle.tooling.model.kotlin.dsl.KotlinDslScriptsModel                       : loaded 2 times (x 70B)
Class org.jetbrains.org.objectweb.asm.tree.AnnotationNode                             : loaded 2 times (x 79B)
Class org.jetbrains.kotlin.build.report.metrics.BuildTime                             : loaded 2 times (x 70B)
Class com.google.common.reflect.Types$TypeVariableInvocationHandler                   : loaded 2 times (x 75B)
Class com.google.common.collect.MapMakerInternalMap$InternalEntry                     : loaded 2 times (x 70B)
Class com.google.common.collect.ImmutableMapEntry                                     : loaded 2 times (x 85B)
Class ijKotlinCoroutineJvmDebugInit2_ezbr0y5lgx6mgpo6abq1y1nio                        : loaded 2 times (x 179B)
Class org.jetbrains.plugins.gradle.tooling.serialization.SerializationService         : loaded 2 times (x 70B)
Class org.gradle.tooling.internal.gradle.GradleBuildIdentity                          : loaded 2 times (x 70B)
Class com.google.common.base.CharMatcher$IsEither                                     : loaded 2 times (x 111B)
Class org.jetbrains.org.objectweb.asm.Type                                            : loaded 2 times (x 72B)
Class com.google.common.io.FileWriteMode                                              : loaded 2 times (x 79B)
Class org.jetbrains.kotlin.build.report.metrics.DoNothingBuildMetricsReporter         : loaded 2 times (x 86B)
Class org.jetbrains.kotlin.cli.common.arguments.CommonCompilerArguments$Companion     : loaded 2 times (x 71B)
Class com.google.common.collect.ImmutableMultimap                                     : loaded 2 times (x 147B)
Class com.google.common.base.Equivalence                                              : loaded 2 times (x 82B)
Class com.google.common.base.Function                                                 : loaded 2 times (x 70B)
Class com.google.common.collect.ImmutableMapEntry$NonTerminalImmutableMapEntry        : loaded 2 times (x 85B)
Class org.gradle.kotlin.dsl.Accessors377twfxlhpj2n65rquy9ybeqsKt                      : loaded 2 times (x 71B)
Class org.gradle.internal.exceptions.ResolutionProvider                               : loaded 2 times (x 70B)
Class [Lcom.google.common.base.AbstractIterator$State;                                : loaded 2 times (x 69B)
Class [Lorg.jetbrains.kotlin.cli.common.CompilerSystemProperties;                     : loaded 2 times (x 69B)
Class com.google.common.collect.IndexedImmutableSet$1                                 : loaded 2 times (x 213B)
Class com.google.common.cache.CacheBuilder$OneWeigher                                 : loaded 2 times (x 82B)
Class com.google.common.collect.RegularImmutableList                                  : loaded 2 times (x 213B)
Class org.gradle.kotlin.dsl.TestImplementationConfigurationAccessorsKt                : loaded 2 times (x 71B)
Class jdk.internal.jimage.ImageBufferCache                                            : loaded 2 times (x 71B)
Class jdk.internal.jrtfs.JrtPath                                                      : loaded 2 times (x 118B)
Class org.gradle.tooling.model.ProjectIdentifier                                      : loaded 2 times (x 70B)
Class org.jetbrains.kotlin.load.kotlin.FileBasedKotlinClass                           : loaded 2 times (x 88B)
Class com.google.common.reflect.Types$ClassOwnership$1LocalClass                      : loaded 2 times (x 71B)
Class org.gradle.internal.classloader.ClasspathUtil                                   : loaded 2 times (x 71B)
Class org.jetbrains.kotlin.tooling.core.HasExtras                                     : loaded 2 times (x 70B)
Class org.jetbrains.kotlin.metadata.jvm.deserialization.JvmMemberSignature            : loaded 2 times (x 74B)
Class org.jetbrains.kotlin.load.kotlin.header.KotlinClassHeader$Kind                  : loaded 2 times (x 79B)
Class org.jetbrains.kotlin.load.kotlin.KotlinJvmBinaryClass$AnnotationArgumentVisitor : loaded 2 times (x 70B)
Class kotlin.io.FileSystemException                                                   : loaded 2 times (x 82B)
Class com.google.common.base.Charsets                                                 : loaded 2 times (x 71B)
Class com.google.common.util.concurrent.Uninterruptibles                              : loaded 2 times (x 71B)
Class org.gradle.internal.time.TimeSource$1                                           : loaded 2 times (x 77B)
Class kotlin.jvm.internal.DefaultConstructorMarker                                    : loaded 2 times (x 71B)
Class org.jetbrains.org.objectweb.asm.ModuleVisitor                                   : loaded 2 times (x 80B)
Class com.google.common.collect.Maps                                                  : loaded 2 times (x 71B)
Class ijJvmDebugger2_8g869j4xt9t70z2h08yspeiyl$_run_closure1                          : loaded 2 times (x 139B)
Class org.gradle.api.specs.Spec                                                       : loaded 2 times (x 70B)
Class jdk.internal.jimage.ImageReader$SharedImageReader$LocationVisitor               : loaded 2 times (x 70B)
Class [Lcom.google.common.collect.MapMakerInternalMap$Segment;                        : loaded 2 times (x 69B)
Class com.google.common.reflect.Types$JavaVersion                                     : loaded 2 times (x 83B)
Class com.google.common.collect.MapMaker                                              : loaded 2 times (x 72B)
Class [Lcom.google.common.collect.ImmutableEntry;                                     : loaded 2 times (x 69B)
Class com.intellij.gradle.toolingExtension.impl.model.buildScriptClasspathModel.GradleBuildScriptClasspathSerializationService: loaded 2 times (x 77B)
Class org.jetbrains.org.objectweb.asm.Symbol                                          : loaded 2 times (x 73B)
Class com.google.common.cache.LocalCache$LoadingValueReference                        : loaded 2 times (x 96B)
Class ijJvmDebugger2_8g869j4xt9t70z2h08yspeiyl$_run_closure1$_closure2                : loaded 2 times (x 140B)
Class com.google.common.cache.LocalCache$ValueIterator                                : loaded 2 times (x 86B)
Class jdk.internal.jimage.decompressor.ResourceDecompressorRepository                 : loaded 2 times (x 71B)
Class org.gradle.internal.impldep.gnu.trove.TObjectHashingStrategy                    : loaded 2 times (x 70B)
Class com.intellij.gradle.toolingExtension.impl.model.utilDummyModel.DummyModel       : loaded 2 times (x 70B)
Class org.gradle.internal.time.Clock                                                  : loaded 2 times (x 70B)
Class kotlin.SynchronizedLazyImpl                                                     : loaded 2 times (x 76B)
Class kotlin.text.StringsKt__RegexExtensionsKt                                        : loaded 2 times (x 71B)
Class com.google.common.reflect.Invokable$MethodInvokable                             : loaded 2 times (x 107B)
Class com.google.common.collect.MapMakerInternalMap$StrongKeyDummyValueEntry          : loaded 2 times (x 82B)
Class com.google.common.io.LineReader$1                                               : loaded 2 times (x 75B)
Class com.google.common.collect.CollectSpliterators                                   : loaded 2 times (x 71B)
Class com.google.common.collect.AbstractMapBasedMultimap$AsMap                        : loaded 2 times (x 128B)
Class com.google.common.base.Platform                                                 : loaded 2 times (x 71B)
Class Build_gradle$2                                                                  : loaded 2 times (x 79B)
Class jdk.internal.jimage.ImageReader$Directory                                       : loaded 2 times (x 84B)
Class org.gradle.tooling.internal.adapter.TypeInspector                               : loaded 2 times (x 73B)
Class org.gradle.tooling.internal.adapter.ProtocolToModelAdapter$NoOpDecoration       : loaded 2 times (x 79B)
Class org.gradle.tooling.model.Element                                                : loaded 2 times (x 70B)
Class kotlin.collections.CollectionsKt__ReversedViewsKt                               : loaded 2 times (x 71B)
Class kotlin.sequences.SequencesKt__SequenceBuilderKt                                 : loaded 2 times (x 71B)
Class org.jetbrains.kotlin.load.kotlin.header.ReadKotlinClassHeaderAnnotationVisitor  : loaded 2 times (x 80B)
Class kotlin.sequences.SequencesKt__SequencesJVMKt                                    : loaded 2 times (x 71B)
Class com.google.common.collect.AbstractMapBasedMultimap$WrappedList                  : loaded 2 times (x 205B)
Class [Lorg.objectweb.asm.AnnotationWriter;                                           : loaded 2 times (x 69B)
Class com.google.common.collect.Maps$8                                                : loaded 2 times (x 82B)
Class com.intellij.gradle.toolingExtension.impl.model.taskModel.GradleTaskSerialisationService: loaded 2 times (x 76B)
Class org.jetbrains.kotlin.tooling.core.Extras                                        : loaded 2 times (x 70B)
Class org.jetbrains.org.objectweb.asm.tree.LineNumberNode                             : loaded 2 times (x 79B)
Class org.jetbrains.kotlin.utils.StringsKt                                            : loaded 2 times (x 71B)
Class kotlin.LazyKt__LazyKt                                                           : loaded 2 times (x 71B)
Class kotlin.text.StringsKt__StringBuilderJVMKt                                       : loaded 2 times (x 71B)
Class com.google.common.collect.ImmutableRangeSet$Builder                             : loaded 2 times (x 77B)
Class com.google.common.collect.Sets$SetView                                          : loaded 2 times (x 138B)
Class com.google.common.cache.LocalCache$StrongValueReference                         : loaded 2 times (x 90B)
Class com.google.common.util.concurrent.AbstractFuture$SynchronizedHelper             : loaded 2 times (x 78B)
Class org.jetbrains.plugins.gradle.tooling.util.IntObjectMap$1                        : loaded 2 times (x 77B)
Class org.gradle.internal.impldep.com.google.common.base.Preconditions                : loaded 2 times (x 71B)
Class org.jetbrains.kotlin.metadata.deserialization.BinaryVersion$Companion           : loaded 2 times (x 71B)
Class kotlin.UNINITIALIZED_VALUE                                                      : loaded 2 times (x 71B)
Class [Lorg.jetbrains.kotlin.config.JVMAssertionsMode;                                : loaded 2 times (x 69B)
Class org.jetbrains.kotlin.config.JVMAssertionsMode                                   : loaded 2 times (x 79B)
Class com.google.common.graph.SuccessorsFunction                                      : loaded 2 times (x 70B)
Class org.objectweb.asm.Type                                                          : loaded 2 times (x 72B)
Class org.gradle.internal.classloader.VisitableURLClassLoader$InstrumentingVisitableURLClassLoader: loaded 2 times (x 123B)
Class org.gradle.kotlin.dsl.AndroidTestImplementationConfigurationAccessorsKt         : loaded 2 times (x 71B)
Class org.gradle.kotlin.dsl.Accessors6ijptz36i787i38pli2t3331aKt                      : loaded 2 times (x 71B)
Class kotlin.comparisons.ComparisonsKt__ComparisonsKt                                 : loaded 2 times (x 71B)
Class kotlin.ranges.RangesKt__RangesKt                                                : loaded 2 times (x 71B)
Class kotlin.collections.SetsKt___SetsKt                                              : loaded 2 times (x 71B)
Class kotlin.sequences.SequencesKt__SequencesKt                                       : loaded 2 times (x 71B)
Class com.google.common.collect.MapMakerInternalMap$StrongKeyDummyValueEntry$Helper   : loaded 2 times (x 79B)
Class com.google.common.io.Files$FileByteSink                                         : loaded 2 times (x 77B)
Class org.objectweb.asm.ByteVector                                                    : loaded 2 times (x 79B)
Class [Lcom.google.common.cache.CacheBuilder$NullListener;                            : loaded 2 times (x 69B)
Class com.google.common.math.IntMath$1                                                : loaded 2 times (x 71B)
Class org.gradle.internal.classloader.VisitableURLClassLoader$Spec                    : loaded 2 times (x 74B)
Class org.gradle.internal.classpath.DefaultClassPath                                  : loaded 2 times (x 90B)
Class jdk.internal.jimage.decompressor.ZipDecompressorFactory                         : loaded 2 times (x 74B)
Class org.jetbrains.plugins.gradle.model.GradleBuildScriptClasspathModel              : loaded 2 times (x 70B)
Class org.gradle.util.internal.DefaultGradleVersion                                   : loaded 2 times (x 80B)
Class kotlin.comparisons.ComparisonsKt                                                : loaded 2 times (x 71B)
Class kotlin.comparisons.ComparisonsKt___ComparisonsKt                                : loaded 2 times (x 71B)
Class kotlin.sequences.FilteringSequence                                              : loaded 2 times (x 75B)
Class [Lorg.jetbrains.kotlin.build.report.metrics.GradleBuildTime;                    : loaded 2 times (x 69B)
Class com.google.common.reflect.Types$ClassOwnership                                  : loaded 2 times (x 80B)
Class com.google.common.base.AbstractIterator                                         : loaded 2 times (x 80B)
Class org.objectweb.asm.Symbol                                                        : loaded 2 times (x 73B)
Class com.google.common.io.Closer                                                     : loaded 2 times (x 78B)
Class com.google.common.io.Java8Compatibility                                         : loaded 2 times (x 71B)
Class com.google.common.base.CharMatcher$Ascii                                        : loaded 2 times (x 112B)
Class com.google.common.base.CharMatcher$BitSetMatcher                                : loaded 2 times (x 112B)
Class com.google.common.collect.RegularImmutableMap$Values                            : loaded 2 times (x 207B)
Class com.google.common.collect.ImmutableSet                                          : loaded 2 times (x 145B)
Class org.gradle.internal.classloader.ClassLoaderSpec                                 : loaded 2 times (x 71B)
Class org.jetbrains.org.objectweb.asm.tree.AbstractInsnNode                           : loaded 2 times (x 78B)
Class kotlin.collections.CollectionsKt___CollectionsJvmKt                             : loaded 2 times (x 71B)
Class org.objectweb.asm.AnnotationWriter                                              : loaded 2 times (x 79B)
Class com.google.common.cache.CacheStats                                              : loaded 2 times (x 71B)
Class kotlin.sequences.FilteringSequence$iterator$1                                   : loaded 2 times (x 79B)
Class kotlin.TuplesKt                                                                 : loaded 2 times (x 71B)
Class org.jetbrains.kotlin.load.kotlin.header.KotlinClassHeader$Kind$Companion        : loaded 2 times (x 71B)
Class kotlin.sequences.SequencesKt___SequencesJvmKt                                   : loaded 2 times (x 71B)
Class com.google.common.collect.Interners                                             : loaded 2 times (x 71B)
Class com.google.common.io.Closer$Suppressor                                          : loaded 2 times (x 70B)
Class com.google.common.io.LineProcessor                                              : loaded 2 times (x 70B)
Class com.google.common.collect.ImmutableMultisetGwtSerializationDependencies         : loaded 2 times (x 125B)
Class org.objectweb.asm.RecordComponentWriter                                         : loaded 2 times (x 78B)
Class com.google.common.util.concurrent.AbstractFuture$Listener                       : loaded 2 times (x 72B)
Class com.google.common.base.CharMatcher$Or                                           : loaded 2 times (x 112B)
Class Settings_gradle$1$1                                                             : loaded 2 times (x 74B)
Class kotlin.ranges.RangesKt                                                          : loaded 2 times (x 71B)
Class org.objectweb.asm.Attribute                                                     : loaded 2 times (x 77B)
Class com.google.common.base.Supplier                                                 : loaded 2 times (x 70B)
Class org.gradle.internal.classloader.VisitableURLClassLoader                         : loaded 2 times (x 117B)
Class kotlin.io.FilesKt__FileTreeWalkKt                                               : loaded 2 times (x 71B)
Class org.jetbrains.kotlin.load.kotlin.FileBasedKotlinClass$OuterAndInnerName         : loaded 2 times (x 72B)
Class org.gradle.tooling.model.idea.IdeaDependency                                    : loaded 2 times (x 70B)
Class kotlin.collections.ArraysUtilJVM                                                : loaded 2 times (x 71B)
Class kotlin.jvm.functions.Function0                                                  : loaded 2 times (x 70B)
Class com.google.common.collect.ImmutableList$SerializedForm                          : loaded 2 times (x 73B)
Class com.google.common.util.concurrent.AbstractFuture$Waiter                         : loaded 2 times (x 72B)
Class Settings_gradle                                                                 : loaded 2 times (x 128B)
Class jdk.internal.jimage.decompressor.ZipDecompressor                                : loaded 2 times (x 75B)
Class jdk.internal.jimage.BasicImageReader                                            : loaded 2 times (x 95B)
Class org.jetbrains.org.objectweb.asm.tree.TypeInsnNode                               : loaded 2 times (x 78B)
Class com.google.common.collect.MapMakerInternalMap                                   : loaded 2 times (x 161B)
Class com.google.common.base.Strings                                                  : loaded 2 times (x 71B)
Class com.google.common.collect.Sets                                                  : loaded 2 times (x 71B)
Class org.objectweb.asm.Handler                                                       : loaded 2 times (x 72B)
Class com.google.common.base.Ticker                                                   : loaded 2 times (x 72B)
Class com.google.common.base.CharMatcher$FastMatcher                                  : loaded 2 times (x 111B)
Class [Lorg.jetbrains.kotlin.load.kotlin.header.KotlinClassHeader$Kind;               : loaded 2 times (x 69B)
Class kotlin.jvm.functions.Function2                                                  : loaded 2 times (x 70B)
Class com.google.common.cache.RemovalCause$1                                          : loaded 2 times (x 80B)
Class [Lcom.google.common.cache.LocalCache$Segment;                                   : loaded 2 times (x 69B)
Class [Lcom.google.common.cache.LocalCache$Strength;                                  : loaded 2 times (x 69B)
Class com.google.common.cache.CacheBuilder$1                                          : loaded 2 times (x 85B)
Class com.google.common.base.Predicate                                                : loaded 2 times (x 70B)
Class com.google.common.collect.ImmutableMap                                          : loaded 2 times (x 120B)
Class org.gradle.internal.classpath.DefaultClassPath$ImmutableUniqueList$Builder      : loaded 2 times (x 75B)
Class kotlin.jvm.functions.Function3                                                  : loaded 2 times (x 70B)
Class kotlin.collections.MapsKt___MapsJvmKt                                           : loaded 2 times (x 71B)
Class com.google.common.cache.RemovalCause$2                                          : loaded 2 times (x 80B)
Class com.google.common.collect.MapMakerInternalMap$WeakValueReference                : loaded 2 times (x 70B)
Class com.google.common.collect.AbstractRangeSet                                      : loaded 2 times (x 114B)
Class com.google.common.cache.LocalCache                                              : loaded 2 times (x 187B)
Class com.google.common.cache.CacheBuilder$2                                          : loaded 2 times (x 79B)
Class com.google.common.base.CharMatcher$NegatedFastMatcher                           : loaded 2 times (x 113B)
Class org.jetbrains.plugins.gradle.tooling.util.ObjectCollector$Processor             : loaded 2 times (x 70B)
Class org.gradle.internal.classloader.FilteringClassLoader                            : loaded 2 times (x 105B)
Class org.gradle.internal.exceptions.NonGradleCauseExceptionsHolder                   : loaded 2 times (x 70B)
Class org.gradle.tooling.model.idea.IdeaModuleDependency                              : loaded 2 times (x 70B)
Class org.gradle.tooling.internal.adapter.ViewBuilder                                 : loaded 2 times (x 70B)
Class org.jetbrains.org.objectweb.asm.tree.IincInsnNode                               : loaded 2 times (x 78B)
Class org.jetbrains.org.objectweb.asm.tree.MultiANewArrayInsnNode                     : loaded 2 times (x 79B)
Class kotlin.collections.CollectionsKt___CollectionsKt                                : loaded 2 times (x 71B)
Class com.google.common.cache.RemovalCause$3                                          : loaded 2 times (x 80B)
Class org.jetbrains.kotlin.config.LanguageVersion                                     : loaded 2 times (x 91B)
Class org.jetbrains.kotlin.cli.common.arguments.K2JVMCompilerArguments                : loaded 2 times (x 81B)
Class com.google.common.collect.ArrayListMultimap                                     : loaded 2 times (x 172B)
Class com.google.common.cache.CacheBuilder$3                                          : loaded 2 times (x 72B)
Class [Lcom.google.common.collect.AbstractMapEntry;                                   : loaded 2 times (x 69B)
Class com.google.common.collect.ImmutableEntry                                        : loaded 2 times (x 82B)
Class jdk.internal.jimage.ImageStrings                                                : loaded 2 times (x 70B)
Class org.jetbrains.plugins.gradle.model.AnnotationProcessingConfig                   : loaded 2 times (x 70B)
Class org.jetbrains.org.objectweb.asm.SymbolTable$Entry                               : loaded 2 times (x 74B)
Class org.jetbrains.org.objectweb.asm.tree.LocalVariableAnnotationNode                : loaded 2 times (x 81B)
Class org.jetbrains.kotlin.metadata.deserialization.BinaryVersion                     : loaded 2 times (x 74B)
Class kotlin.text.StringsKt___StringsJvmKt                                            : loaded 2 times (x 71B)
Class com.google.common.cache.RemovalCause$4                                          : loaded 2 times (x 80B)
Class com.google.common.base.Suppliers$MemoizingSupplier                              : loaded 2 times (x 79B)
Class com.google.common.collect.CollectPreconditions                                  : loaded 2 times (x 71B)
Class org.jetbrains.plugins.gradle.tooling.ModelBuilderService$Parameter              : loaded 2 times (x 70B)
Class org.jetbrains.org.objectweb.asm.tree.InvokeDynamicInsnNode                      : loaded 2 times (x 78B)
Class kotlin.collections.MapsKt___MapsKt                                              : loaded 2 times (x 71B)
Class kotlin.io.FilesKt                                                               : loaded 2 times (x 71B)
Class kotlin.collections.ArraysKt___ArraysKt                                          : loaded 2 times (x 71B)
Class com.google.common.cache.RemovalCause$5                                          : loaded 2 times (x 80B)
Class [Lcom.google.common.collect.MapMakerInternalMap$Strength;                       : loaded 2 times (x 69B)
Class [Lcom.google.common.io.FileWriteMode;                                           : loaded 2 times (x 69B)
Class com.google.common.collect.SortedMapDifference                                   : loaded 2 times (x 70B)
Class Build_gradle$1$1                                                                : loaded 2 times (x 78B)
Class org.gradle.internal.impldep.gnu.trove.TObjectIntProcedure                       : loaded 2 times (x 70B)
Class org.gradle.tooling.internal.adapter.ProtocolToModelAdapter$ReflectionMethodInvoker: loaded 2 times (x 76B)
Class [Lorg.jetbrains.org.objectweb.asm.Symbol;                                       : loaded 2 times (x 69B)
Class kotlin.collections.MapsKt__MapWithDefaultKt                                     : loaded 2 times (x 71B)
Class com.google.common.cache.LocalCache$HashIterator                                 : loaded 2 times (x 86B)
Class com.google.common.collect.MapMakerInternalMap$StrongKeyDummyValueSegment        : loaded 2 times (x 142B)
Class com.google.common.collect.Iterables$4                                           : loaded 2 times (x 81B)
Class com.google.common.io.Files                                                      : loaded 2 times (x 71B)
Class org.jetbrains.kotlin.cli.common.arguments.CommonCompilerArguments               : loaded 2 times (x 80B)
Class com.google.common.cache.LocalCache$EntryFactory                                 : loaded 2 times (x 83B)
Class Build_gradle$1$2                                                                : loaded 2 times (x 78B)
Class com.google.common.collect.RegularImmutableMap$KeySet                            : loaded 2 times (x 152B)
Class com.google.common.base.Equivalence$Identity                                     : loaded 2 times (x 82B)
Class org.jetbrains.kotlin.tooling.core.HasMutableExtras                              : loaded 2 times (x 70B)
Class kotlin.collections.CollectionsKt__MutableCollectionsJVMKt                       : loaded 2 times (x 71B)
Class kotlin.text.StringsKt___StringsKt                                               : loaded 2 times (x 71B)
Class com.google.common.reflect.Types$NativeTypeVariableEquals                        : loaded 2 times (x 71B)
Class com.google.common.reflect.TypeParameter                                         : loaded 2 times (x 72B)
Class [Lcom.google.common.collect.MapMaker$Dummy;                                     : loaded 2 times (x 69B)
Class com.google.common.base.CharMatcher$Whitespace                                   : loaded 2 times (x 112B)
Class com.google.common.base.Splitter$1$1                                             : loaded 2 times (x 86B)
Class com.google.common.cache.LocalCache$AbstractReferenceEntry                       : loaded 2 times (x 107B)
Class Build_gradle$1$3                                                                : loaded 2 times (x 79B)
Class org.jetbrains.org.objectweb.asm.Attribute                                       : loaded 2 times (x 75B)
Class org.jetbrains.org.objectweb.asm.Label                                           : loaded 2 times (x 72B)
Class com.google.common.collect.ImmutableMapKeySet                                    : loaded 2 times (x 152B)
Class com.google.common.collect.ImmutableRangeSet$ComplementRanges                    : loaded 2 times (x 207B)
Class org.objectweb.asm.SymbolTable                                                   : loaded 2 times (x 72B)
Class com.google.common.cache.CacheLoader$InvalidCacheLoadException                   : loaded 2 times (x 82B)
Class com.google.common.collect.ImmutableSet$RegularSetBuilderImpl                    : loaded 2 times (x 77B)
Class org.gradle.internal.classloader.SystemClassLoaderSpec                           : loaded 2 times (x 71B)
Class Build_gradle$1$4                                                                : loaded 2 times (x 78B)
Class org.gradle.internal.exceptions.MultiCauseException                              : loaded 2 times (x 70B)
Class org.gradle.internal.time.CountdownTimer                                         : loaded 2 times (x 70B)
Class com.google.common.base.PairwiseEquivalence                                      : loaded 2 times (x 83B)
Class org.jetbrains.org.objectweb.asm.Frame                                           : loaded 2 times (x 73B)
Class com.google.common.collect.FluentIterable                                        : loaded 2 times (x 81B)
Class com.google.common.cache.LocalCache$StrongEntry                                  : loaded 2 times (x 108B)
Class com.google.common.util.concurrent.AbstractFuture$TrustedFuture                  : loaded 2 times (x 114B)
Class com.google.common.cache.LoadingCache                                            : loaded 2 times (x 70B)
Class org.gradle.kotlin.dsl.ImplementationConfigurationAccessorsKt                    : loaded 2 times (x 71B)
Class Build_gradle$1$5                                                                : loaded 2 times (x 74B)
Class jdk.internal.jrtfs.JrtFileSystem                                                : loaded 2 times (x 102B)
Class org.gradle.tooling.model.ProjectModel                                           : loaded 2 times (x 70B)
Class org.jetbrains.kotlin.load.kotlin.FileBasedKotlinClass$InnerClassesInfo          : loaded 2 times (x 74B)
Class kotlin.collections.MapsKt                                                       : loaded 2 times (x 71B)
Class kotlin.collections.CollectionsKt__IterablesKt                                   : loaded 2 times (x 71B)
Class com.google.common.io.ByteStreams$LimitedInputStream                             : loaded 2 times (x 92B)
Class com.google.common.base.Suppliers$NonSerializableMemoizingSupplier               : loaded 2 times (x 79B)
Class org.objectweb.asm.MethodWriter                                                  : loaded 2 times (x 106B)
Class [Lcom.google.common.cache.Weigher;                                              : loaded 2 times (x 69B)
Class com.google.common.collect.RegularImmutableMap$BucketOverflowException           : loaded 2 times (x 82B)
Class jdk.internal.jimage.decompressor.CompressedResourceHeader                       : loaded 2 times (x 71B)
Class com.google.common.io.LineReader                                                 : loaded 2 times (x 72B)
Class org.jetbrains.org.objectweb.asm.tree.TypeAnnotationNode                         : loaded 2 times (x 80B)
Class org.jetbrains.kotlin.cli.common.CompilerSystemProperties$Companion              : loaded 2 times (x 71B)
Class com.google.common.collect.ImmutableMultimap$1                                   : loaded 2 times (x 82B)
Class com.google.common.collect.AbstractMapBasedMultimap$RandomAccessWrappedList      : loaded 2 times (x 205B)
Class org.jetbrains.plugins.gradle.model.tests.ExternalTestsModel                     : loaded 2 times (x 70B)
Class org.gradle.internal.exceptions.DefaultMultiCauseException                       : loaded 2 times (x 95B)
Class kotlin.ranges.RangesKt___RangesKt                                               : loaded 2 times (x 71B)
Class com.google.common.reflect.Types$JavaVersion$1                                   : loaded 2 times (x 83B)
Class [Lorg.jetbrains.kotlin.config.ExplicitApiMode;                                  : loaded 2 times (x 69B)
Class com.google.common.collect.AbstractIterator$State                                : loaded 2 times (x 79B)
Class com.google.common.collect.ImmutableMultimap$2                                   : loaded 2 times (x 81B)
Class com.google.common.collect.RegularImmutableBiMap                                 : loaded 2 times (x 149B)
Class com.google.common.cache.LocalCache$ValueReference                               : loaded 2 times (x 70B)
Class com.google.common.base.CharMatcher$Negated                                      : loaded 2 times (x 113B)
Class com.google.common.base.CharMatcher$Is                                           : loaded 2 times (x 111B)
Class ijKotlinCoroutineJvmDebugInit2_ezbr0y5lgx6mgpo6abq1y1nio$_run_closure1$_closure2: loaded 2 times (x 139B)
Class org.gradle.tooling.model.HierarchicalElement                                    : loaded 2 times (x 70B)
Class kotlin.collections.ArraysKt                                                     : loaded 2 times (x 71B)
Class com.google.common.reflect.Types$JavaVersion$2                                   : loaded 2 times (x 83B)
Class com.google.common.reflect.Types                                                 : loaded 2 times (x 71B)
Class org.jetbrains.kotlin.cli.common.arguments.CommonToolArguments                   : loaded 2 times (x 73B)
Class com.google.common.base.PatternCompiler                                          : loaded 2 times (x 70B)
Class com.google.common.util.concurrent.AbstractFuture$Failure                        : loaded 2 times (x 72B)
Class com.google.common.base.Equivalence$Equals                                       : loaded 2 times (x 82B)
Class com.google.common.collect.Hashing                                               : loaded 2 times (x 71B)
Class com.google.common.base.Preconditions                                            : loaded 2 times (x 71B)
Class org.gradle.internal.time.Time                                                   : loaded 2 times (x 71B)
Class kotlin.collections.SetsKt__SetsKt                                               : loaded 2 times (x 71B)
Class kotlin.LazyKt                                                                   : loaded 2 times (x 71B)
Class com.google.common.reflect.Types$JavaVersion$3                                   : loaded 2 times (x 83B)
Class com.google.common.io.CharSink                                                   : loaded 2 times (x 79B)
Class com.google.common.base.Joiner$1                                                 : loaded 2 times (x 80B)
Class org.objectweb.asm.Label                                                         : loaded 2 times (x 73B)
Class org.objectweb.asm.CurrentFrame                                                  : loaded 2 times (x 73B)
Class org.objectweb.asm.ClassTooLargeException                                        : loaded 2 times (x 83B)
Class com.google.common.base.CharMatcher                                              : loaded 2 times (x 111B)
Class com.google.common.collect.PeekingIterator                                       : loaded 2 times (x 70B)
Class org.jetbrains.org.objectweb.asm.RecordComponentWriter                           : loaded 2 times (x 78B)
Class kotlin.collections.ArraysKt__ArraysJVMKt                                        : loaded 2 times (x 71B)
Class com.google.common.reflect.Types$JavaVersion$4                                   : loaded 2 times (x 83B)
Class org.jetbrains.kotlin.cli.common.messages.MessageCollector$Companion$NONE$1      : loaded 2 times (x 76B)
Class com.google.common.collect.Table                                                 : loaded 2 times (x 70B)
Class com.google.common.collect.MapMakerInternalMap$InternalEntryHelper               : loaded 2 times (x 70B)
Class com.google.common.collect.RangeGwtSerializationDependencies                     : loaded 2 times (x 71B)
Class com.google.common.base.Joiner$2                                                 : loaded 2 times (x 79B)
Class org.objectweb.asm.Frame                                                         : loaded 2 times (x 73B)
Class org.objectweb.asm.MethodVisitor                                                 : loaded 2 times (x 105B)
Class com.google.common.cache.LocalCache$EntryFactory$1                               : loaded 2 times (x 83B)
Class [Lcom.google.common.cache.RemovalListener;                                      : loaded 2 times (x 69B)
Class com.google.common.base.CharMatcher$1                                            : loaded 2 times (x 113B)
Class com.google.common.base.CharMatcher$NamedFastMatcher                             : loaded 2 times (x 112B)
Class org.gradle.internal.impldep.gnu.trove.TObjectHash                               : loaded 2 times (x 94B)
Class org.jetbrains.org.objectweb.asm.MethodWriter                                    : loaded 2 times (x 105B)
Class org.jetbrains.kotlin.metadata.jvm.deserialization.JvmMetadataVersion$Companion  : loaded 2 times (x 71B)
Class kotlin.text.StringsKt__StringBuilderKt                                          : loaded 2 times (x 71B)
Class com.google.common.reflect.Types$JavaVersion$5                                   : loaded 2 times (x 71B)
Class [Lcom.google.common.reflect.Types$ClassOwnership;                               : loaded 2 times (x 69B)
Class com.google.common.collect.RangeSet                                              : loaded 2 times (x 70B)
Class com.google.common.cache.LocalCache$EntryFactory$2                               : loaded 2 times (x 83B)
Class org.gradle.api.internal.classpath.GlobalCacheRootsProvider                      : loaded 2 times (x 70B)
Class org.gradle.tooling.model.BuildIdentifier                                        : loaded 2 times (x 70B)
Class kotlin.Lazy                                                                     : loaded 2 times (x 70B)
Class kotlin.NoWhenBranchMatchedException                                             : loaded 2 times (x 82B)
Class com.google.common.collect.CollectCollectors                                     : loaded 2 times (x 71B)
Class org.objectweb.asm.ModuleWriter                                                  : loaded 2 times (x 82B)
Class com.google.common.cache.LocalCache$EntryFactory$3                               : loaded 2 times (x 83B)
Class com.google.common.base.Ticker$1                                                 : loaded 2 times (x 72B)
Class com.google.common.collect.Maps$BiMapConverter                                   : loaded 2 times (x 90B)
Class com.google.common.collect.ImmutableMapEntrySet$RegularEntrySet                  : loaded 2 times (x 152B)
Class sync_studio_tooling10_b5tmy2for5xcxna83m2k5ycgi                                 : loaded 2 times (x 179B)
Class org.jetbrains.org.objectweb.asm.tree.InsnNode                                   : loaded 2 times (x 78B)
Class [Lkotlin.jvm.functions.Function1;                                               : loaded 2 times (x 69B)
Class org.jetbrains.org.objectweb.asm.RecordComponentVisitor                          : loaded 2 times (x 77B)
Class com.google.common.collect.CollectSpliterators$1                                 : loaded 2 times (x 90B)
Class com.google.common.cache.LocalCache$EntryFactory$4                               : loaded 2 times (x 83B)
Class com.google.common.base.CharMatcher$InRange                                      : loaded 2 times (x 111B)
Class com.google.common.collect.ImmutableSet$Builder                                  : loaded 2 times (x 85B)
Class org.jetbrains.org.objectweb.asm.MethodTooLargeException                         : loaded 2 times (x 83B)
Class org.jetbrains.org.objectweb.asm.Context                                         : loaded 2 times (x 72B)
Class kotlin.sequences.ConstrainedOnceSequence                                        : loaded 2 times (x 75B)
Class com.google.common.io.ByteStreams$1                                              : loaded 2 times (x 85B)
Class com.google.common.cache.LocalCache$EntryFactory$5                               : loaded 2 times (x 83B)
Class kotlin.text.StringsKt__StringsKt                                                : loaded 2 times (x 71B)
Class org.gradle.internal.time.Timer                                                  : loaded 2 times (x 70B)
Class com.google.common.collect.ImmutableMultiset                                     : loaded 2 times (x 163B)
Class org.jetbrains.org.objectweb.asm.CurrentFrame                                    : loaded 2 times (x 73B)
Class org.jetbrains.kotlin.config.JVMAssertionsMode$Companion                         : loaded 2 times (x 71B)
Class com.google.common.cache.LocalCache$EntryFactory$6                               : loaded 2 times (x 83B)
Class org.gradle.internal.installation.CurrentGradleInstallationLocator               : loaded 2 times (x 71B)
Class org.gradle.tooling.model.idea.IdeaProject                                       : loaded 2 times (x 70B)
Class org.gradle.tooling.model.DomainObjectSet                                        : loaded 2 times (x 70B)
Class org.jetbrains.org.objectweb.asm.tree.LdcInsnNode                                : loaded 2 times (x 78B)
Class org.jetbrains.kotlin.cli.common.messages.CompilerMessageSeverity$Companion      : loaded 2 times (x 71B)
Class com.google.common.collect.ImmutableMultimap$Builder                             : loaded 2 times (x 86B)
Class com.google.common.collect.Maps$KeySet                                           : loaded 2 times (x 137B)
Class com.google.common.cache.LocalCache$EntryFactory$7                               : loaded 2 times (x 83B)
Class com.google.common.collect.ImmutableSet$EmptySetBuilderImpl                      : loaded 2 times (x 76B)
Class com.google.common.collect.ImmutableList                                         : loaded 2 times (x 206B)
Class org.gradle.internal.service.DefaultServiceLocator                               : loaded 2 times (x 83B)
Class jdk.internal.jrtfs.JrtDirectoryStream                                           : loaded 2 times (x 89B)
Class org.gradle.util.GradleVersion                                                   : loaded 2 times (x 79B)
Class org.jetbrains.org.objectweb.asm.SymbolTable                                     : loaded 2 times (x 72B)
Class org.jetbrains.org.objectweb.asm.tree.UnsupportedClassVersionException           : loaded 2 times (x 82B)
Class com.google.common.cache.LocalCache$SoftValueReference                           : loaded 2 times (x 97B)
Class com.google.common.collect.ImmutableMultimap$EntryCollection                     : loaded 2 times (x 128B)
Class com.google.common.collect.Maps$EntrySet                                         : loaded 2 times (x 136B)
Class org.jetbrains.kotlin.util.capitalizeDecapitalize.CapitalizeDecapitalizeKt       : loaded 2 times (x 71B)
Class com.google.common.cache.LocalCache$EntryFactory$8                               : loaded 2 times (x 83B)
Class com.google.common.collect.ImmutableSet$SetBuilderImpl                           : loaded 2 times (x 76B)
Class org.gradle.internal.installation.CurrentGradleInstallation                      : loaded 2 times (x 73B)
Class org.jetbrains.org.objectweb.asm.ModuleWriter                                    : loaded 2 times (x 81B)
Class com.google.common.cache.CacheLoader$1                                           : loaded 2 times (x 75B)
Class com.google.common.collect.ForwardingObject                                      : loaded 2 times (x 72B)
Class com.google.common.collect.ImmutableList$SubList                                 : loaded 2 times (x 209B)
Class org.gradle.util.internal.GUtil                                                  : loaded 2 times (x 71B)
Class [Lorg.jetbrains.org.objectweb.asm.Label;                                        : loaded 2 times (x 69B)
Class kotlin.io.NoSuchFileException                                                   : loaded 2 times (x 82B)
Class kotlin.collections.CollectionsKt                                                : loaded 2 times (x 71B)
Class com.google.common.io.ByteSource                                                 : loaded 2 times (x 84B)
Class com.google.common.util.concurrent.AbstractFuture$SetFuture                      : loaded 2 times (x 75B)
Class com.google.common.cache.AbstractCache$StatsCounter                              : loaded 2 times (x 70B)
Class org.gradle.tooling.GradleConnectionException                                    : loaded 2 times (x 83B)
Class org.gradle.tooling.internal.adapter.ProtocolToModelAdapter$1                    : loaded 2 times (x 75B)
Class org.gradle.tooling.internal.adapter.ProtocolToModelAdapter$ViewDecoration       : loaded 2 times (x 70B)
Class com.google.common.reflect.Types$TypeVariableImpl                                : loaded 2 times (x 72B)
Class com.google.common.collect.MapMakerInternalMap$1                                 : loaded 2 times (x 83B)
Class com.google.common.io.LineBuffer                                                 : loaded 2 times (x 75B)
Class com.google.common.collect.Iterators$MergingIterator                             : loaded 2 times (x 81B)
Class com.google.common.collect.RegularImmutableSet                                   : loaded 2 times (x 149B)
Class org.gradle.internal.installation.GradleInstallation                             : loaded 2 times (x 75B)
Class jdk.internal.jimage.decompressor.ResourceDecompressor$StringsProvider           : loaded 2 times (x 70B)
Class org.gradle.tooling.internal.adapter.MethodInvoker                               : loaded 2 times (x 70B)
Class org.jetbrains.kotlin.config.LanguageFeature$State                               : loaded 2 times (x 82B)
Class com.google.common.base.Splitter$Strategy                                        : loaded 2 times (x 70B)
Class com.google.common.collect.Iterables                                             : loaded 2 times (x 71B)

---------------  S Y S T E M  ---------------

OS:
 Windows 11 , 64 bit Build 26100 (10.0.26100.4768)
OS uptime: 8 days 2:27 hours
Hyper-V role detected

CPU: total 28 (initial active 28) (14 cores per cpu, 2 threads per core) family 6 model 183 stepping 1 microcode 0x12b, cx8, cmov, fxsr, ht, mmx, 3dnowpref, sse, sse2, sse3, ssse3, sse4.1, sse4.2, popcnt, lzcnt, tsc, tscinvbit, avx, avx2, aes, erms, clmul, bmi1, bmi2, adx, sha, fma, vzeroupper, clflush, clflushopt, clwb, hv, serialize, rdtscp, rdpid, fsrm, f16c, cet_ibt, cet_ss
Processor Information for the first 28 processors :
  Max Mhz: 2100, Current Mhz: 2100, Mhz Limit: 2100

Memory: 4k page, system-wide physical 16039M (2193M free)
TotalPageFile size 65191M (AvailPageFile size 10M)
current process WorkingSet (physical memory assigned to process): 1020M, peak: 1021M
current process commit charge ("private bytes"): 1081M, peak: 1086M

vm_info: OpenJDK 64-Bit Server VM (21.0.8+-14196175-b1038.72) for windows-amd64 JRE (21.0.8+-14196175-b1038.72), built on 2025-10-01T10:24:33Z by "builder" with MS VC++ 16.10 / 16.11 (VS2019)

END.
