#
# There is insufficient memory for the Java Runtime Environment to continue.
# Native memory allocation (malloc) failed to allocate 1604256 bytes. Error detail: Chunk::new
# Possible reasons:
#   The system is out of physical RAM or swap space
#   This process is running with CompressedOops enabled, and the Java Heap may be blocking the growth of the native heap
# Possible solutions:
#   Reduce memory load on the system
#   Increase physical memory or swap space
#   Check if swap backing store is full
#   Decrease Java heap size (-Xmx/-Xms)
#   Decrease number of Java threads
#   Decrease Java thread stack sizes (-Xss)
#   Set larger code cache with -XX:ReservedCodeCacheSize=
#   JVM is running with Unscaled Compressed Oops mode in which the Java heap is
#     placed in the first 4GB address space. The Java Heap base address is the
#     maximum limit for the native heap growth. Please use -XX:HeapBaseMinAddress
#     to set the Java Heap base and to place the Java Heap above 4GB virtual address.
# This output file may be truncated or incomplete.
#
#  Out of Memory Error (arena.cpp:168), pid=22492, tid=20128
#
# JRE version: OpenJDK Runtime Environment (21.0.8) (build 21.0.8+-14196175-b1038.72)
# Java VM: OpenJDK 64-Bit Server VM (21.0.8+-14196175-b1038.72, mixed mode, tiered, compressed oops, compressed class ptrs, g1 gc, windows-amd64)
# No core dump will be written. Minidumps are not enabled by default on client versions of Windows
#

---------------  S U M M A R Y ------------

Command Line: --add-opens=java.base/java.lang=ALL-UNNAMED --add-opens=java.base/java.lang.invoke=ALL-UNNAMED --add-opens=java.base/java.util=ALL-UNNAMED --add-opens=java.prefs/java.util.prefs=ALL-UNNAMED --add-exports=jdk.compiler/com.sun.tools.javac.api=ALL-UNNAMED --add-exports=jdk.compiler/com.sun.tools.javac.util=ALL-UNNAMED --add-opens=java.base/java.util=ALL-UNNAMED --add-opens=java.prefs/java.util.prefs=ALL-UNNAMED --add-opens=java.base/java.nio.charset=ALL-UNNAMED --add-opens=java.base/java.net=ALL-UNNAMED --add-opens=java.base/java.util.concurrent.atomic=ALL-UNNAMED --add-opens=java.xml/javax.xml.namespace=ALL-UNNAMED -Xmx2048m -Dfile.encoding=UTF-8 -Duser.country=KR -Duser.language=ko -Duser.variant -javaagent:C:\Users\COMPUTER\.gradle\wrapper\dists\gradle-8.13-bin\5xuhj0ry160q40clulazy9h7d\gradle-8.13\lib\agents\gradle-instrumentation-agent-8.13.jar org.gradle.launcher.daemon.bootstrap.GradleDaemon 8.13

Host: Intel(R) Core(TM) i7-14700, 28 cores, 15G,  Windows 11 , 64 bit Build 26100 (10.0.26100.4768)
Time: Fri Nov 14 13:35:34 2025 elapsed time: 16.173203 seconds (0d 0h 0m 16s)

---------------  T H R E A D  ---------------

Current thread (0x0000028a611d5b70):  JavaThread "C2 CompilerThread0" daemon [_thread_in_native, id=20128, stack(0x000000f194a00000,0x000000f194b00000) (1024K)]


Current CompileTask:
C2:16173 14025       4       org.gradle.internal.operations.DefaultBuildOperationRunner::execute (147 bytes)

Stack: [0x000000f194a00000,0x000000f194b00000]
Native frames: (J=compiled Java code, j=interpreted, Vv=VM code, C=native code)
V  [jvm.dll+0x6d68d9]
V  [jvm.dll+0x866693]
V  [jvm.dll+0x868c4e]
V  [jvm.dll+0x869333]
V  [jvm.dll+0x280566]
V  [jvm.dll+0xc07cd]
V  [jvm.dll+0xc0d03]
V  [jvm.dll+0x3b961b]
V  [jvm.dll+0x385507]
V  [jvm.dll+0x38497a]
V  [jvm.dll+0x249252]
V  [jvm.dll+0x248821]
V  [jvm.dll+0x1c73a4]
V  [jvm.dll+0x257f9e]
V  [jvm.dll+0x2564e6]
V  [jvm.dll+0x3f4696]
V  [jvm.dll+0x80eac8]
V  [jvm.dll+0x6d512d]
C  [ucrtbase.dll+0x37b0]
C  [KERNEL32.DLL+0x2e8d7]
C  [ntdll.dll+0x3c34c]


---------------  P R O C E S S  ---------------

Threads class SMR info:
_java_thread_list=0x0000028a68d43520, length=140, elements={
0x0000028a47e33830, 0x0000028a611a2d60, 0x0000028a611b92c0, 0x0000028a611a57d0,
0x0000028a611b9d20, 0x0000028a611ba390, 0x0000028a611badf0, 0x0000028a611d3dd0,
0x0000028a611d5b70, 0x0000028a611e9b20, 0x0000028a615f5030, 0x0000028a672575d0,
0x0000028a673e5590, 0x0000028a67778700, 0x0000028a675252d0, 0x0000028a67281200,
0x0000028a672bb4a0, 0x0000028a672ba0f0, 0x0000028a672ba780, 0x0000028a6855a9e0,
0x0000028a68559cc0, 0x0000028a68558910, 0x0000028a68558fa0, 0x0000028a6855a350,
0x0000028a6855b070, 0x0000028a6b7e3060, 0x0000028a6b7e5e50, 0x0000028a6b7e3d80,
0x0000028a6b7e4aa0, 0x0000028a6b7e7890, 0x0000028a6d610480, 0x0000028a67f40b50,
0x0000028a68558280, 0x0000028a6855cab0, 0x0000028a6855bd90, 0x0000028a6855b700,
0x0000028a68559630, 0x0000028a6855c420, 0x0000028a6855de60, 0x0000028a6855eb80,
0x0000028a6855d140, 0x0000028a6855d7d0, 0x0000028a6855e4f0, 0x0000028a6b7e36f0,
0x0000028a6b7e29d0, 0x0000028a6b7e64e0, 0x0000028a6b7e6b70, 0x0000028a6b7e7200,
0x0000028a6b7e7f20, 0x0000028a6b7e85b0, 0x0000028a6b7e5130, 0x0000028a6b7e8c40,
0x0000028a6b7e57c0, 0x0000028a6b7e9ff0, 0x0000028a67f411e0, 0x0000028a67f42590,
0x0000028a67f42c20, 0x0000028a67f3f7a0, 0x0000028a67f432b0, 0x0000028a67f43fd0,
0x0000028a6d1013e0, 0x0000028a6bc6ebb0, 0x0000028a6bc6c450, 0x0000028a6bc6bdc0,
0x0000028a6bc6f240, 0x0000028a6bc6ff60, 0x0000028a6bc6de90, 0x0000028a6d100640,
0x0000028a6bc6cae0, 0x0000028a6bc705f0, 0x0000028a6bc6d800, 0x0000028a6bc6d170,
0x0000028a6bc70c80, 0x0000028a6bc726c0, 0x0000028a6bc71310, 0x0000028a6bc719a0,
0x0000028a6bc72030, 0x0000028a61633cd0, 0x0000028a61634360, 0x0000028a61631c00,
0x0000028a616349f0, 0x0000028a6d102f20, 0x0000028a6d104a60, 0x0000028a61635710,
0x0000028a61632290, 0x0000028a61635da0, 0x0000028a61632920, 0x0000028a61636430,
0x0000028a61636ac0, 0x0000028a61633640, 0x0000028a61637e70, 0x0000028a61637150,
0x0000028a61638500, 0x0000028a61638b90, 0x0000028a616377e0, 0x0000028a61639220,
0x0000028a672b8d40, 0x0000028a672bbb30, 0x0000028a672b86b0, 0x0000028a672b93d0,
0x0000028a672b9a60, 0x0000028a6d60f760, 0x0000028a6d611830, 0x0000028a67f43940,
0x0000028a67f44660, 0x0000028a6bc6e520, 0x0000028a6e4f7930, 0x0000028a6e4f9a00,
0x0000028a6e4fa720, 0x0000028a6e4f9370, 0x0000028a6e4fa090, 0x0000028a6e4f8ce0,
0x0000028a6e4f7fc0, 0x0000028a6e4f72a0, 0x0000028a6e4fbad0, 0x0000028a6e4fce80,
0x0000028a6e4fd510, 0x0000028a6e4fdba0, 0x0000028a6e4fc160, 0x0000028a6e4fc7f0,
0x0000028a6e4fe230, 0x0000028a6e4fadb0, 0x0000028a6e4fe8c0, 0x0000028a6e4fb440,
0x0000028a6bfd0c40, 0x0000028a6bfd1960, 0x0000028a6bfcff20, 0x0000028a6bfcf200,
0x0000028a6bfd12d0, 0x0000028a6bfd1ff0, 0x0000028a6bfd2d10, 0x0000028a6bfcf890,
0x0000028a6bfd05b0, 0x0000028a6bfd4750, 0x0000028a6bfd33a0, 0x0000028a6bfd2680,
0x0000028a6bfd40c0, 0x0000028a6d101ab0, 0x0000028a6bfd4de0, 0x0000028a6d105130
}

Java Threads: ( => current thread )
  0x0000028a47e33830 JavaThread "main"                              [_thread_blocked, id=10388, stack(0x000000f193b00000,0x000000f193c00000) (1024K)]
  0x0000028a611a2d60 JavaThread "Common-Cleaner"             daemon [_thread_blocked, id=13984, stack(0x000000f194300000,0x000000f194400000) (1024K)]
  0x0000028a611b92c0 JavaThread "Reference Handler"          daemon [_thread_blocked, id=19008, stack(0x000000f194400000,0x000000f194500000) (1024K)]
  0x0000028a611a57d0 JavaThread "Finalizer"                  daemon [_thread_blocked, id=16908, stack(0x000000f194500000,0x000000f194600000) (1024K)]
  0x0000028a611b9d20 JavaThread "Signal Dispatcher"          daemon [_thread_blocked, id=24760, stack(0x000000f194600000,0x000000f194700000) (1024K)]
  0x0000028a611ba390 JavaThread "Attach Listener"            daemon [_thread_blocked, id=24528, stack(0x000000f194700000,0x000000f194800000) (1024K)]
  0x0000028a611badf0 JavaThread "Service Thread"             daemon [_thread_blocked, id=24952, stack(0x000000f194800000,0x000000f194900000) (1024K)]
  0x0000028a611d3dd0 JavaThread "Monitor Deflation Thread"   daemon [_thread_blocked, id=20748, stack(0x000000f194900000,0x000000f194a00000) (1024K)]
=>0x0000028a611d5b70 JavaThread "C2 CompilerThread0"         daemon [_thread_in_native, id=20128, stack(0x000000f194a00000,0x000000f194b00000) (1024K)]
  0x0000028a611e9b20 JavaThread "C1 CompilerThread0"         daemon [_thread_blocked, id=15084, stack(0x000000f194b00000,0x000000f194c00000) (1024K)]
  0x0000028a615f5030 JavaThread "Notification Thread"        daemon [_thread_blocked, id=10688, stack(0x000000f194e00000,0x000000f194f00000) (1024K)]
  0x0000028a672575d0 JavaThread "Daemon health stats"               [_thread_blocked, id=12100, stack(0x000000f195900000,0x000000f195a00000) (1024K)]
  0x0000028a673e5590 JavaThread "Incoming local TCP Connector on port 62194"        [_thread_in_native, id=18512, stack(0x000000f195a00000,0x000000f195b00000) (1024K)]
  0x0000028a67778700 JavaThread "Daemon periodic checks"            [_thread_blocked, id=6040, stack(0x000000f196200000,0x000000f196300000) (1024K)]
  0x0000028a675252d0 JavaThread "Daemon"                            [_thread_blocked, id=4720, stack(0x000000f196300000,0x000000f196400000) (1024K)]
  0x0000028a67281200 JavaThread "Daemon worker"                     [_thread_blocked, id=13804, stack(0x000000f196600000,0x000000f196700000) (1024K)]
  0x0000028a672bb4a0 JavaThread "Cache worker for journal cache (C:\Users\COMPUTER\.gradle\caches\journal-1)"        [_thread_blocked, id=10320, stack(0x000000f197500000,0x000000f197600000) (1024K)]
  0x0000028a672ba0f0 JavaThread "File lock request listener"        [_thread_in_native, id=19808, stack(0x000000f197600000,0x000000f197700000) (1024K)]
  0x0000028a672ba780 JavaThread "Cache worker for file hash cache (C:\Users\COMPUTER\.gradle\caches\8.13\fileHashes)"        [_thread_blocked, id=25940, stack(0x000000f197700000,0x000000f197800000) (1024K)]
  0x0000028a6855a9e0 JavaThread "File watcher server"        daemon [_thread_in_native, id=24844, stack(0x000000f197a00000,0x000000f197b00000) (1024K)]
  0x0000028a68559cc0 JavaThread "File watcher consumer"      daemon [_thread_blocked, id=20564, stack(0x000000f197b00000,0x000000f197c00000) (1024K)]
  0x0000028a68558910 JavaThread "jar transforms"                    [_thread_blocked, id=11200, stack(0x000000f197c00000,0x000000f197d00000) (1024K)]
  0x0000028a68558fa0 JavaThread "jar transforms Thread 2"           [_thread_blocked, id=21724, stack(0x000000f197d00000,0x000000f197e00000) (1024K)]
  0x0000028a6855a350 JavaThread "Cache worker for file content cache (C:\Users\COMPUTER\.gradle\caches\8.13\fileContent)"        [_thread_blocked, id=20288, stack(0x000000f197f00000,0x000000f198000000) (1024K)]
  0x0000028a6855b070 JavaThread "jar transforms Thread 3"           [_thread_blocked, id=15292, stack(0x000000f198000000,0x000000f198100000) (1024K)]
  0x0000028a6b7e3060 JavaThread "jar transforms Thread 4"           [_thread_blocked, id=23996, stack(0x000000f198d00000,0x000000f198e00000) (1024K)]
  0x0000028a6b7e5e50 JavaThread "jar transforms Thread 5"           [_thread_blocked, id=24748, stack(0x000000f198e00000,0x000000f198f00000) (1024K)]
  0x0000028a6b7e3d80 JavaThread "jar transforms Thread 6"           [_thread_blocked, id=20792, stack(0x000000f199400000,0x000000f199500000) (1024K)]
  0x0000028a6b7e4aa0 JavaThread "jar transforms Thread 7"           [_thread_blocked, id=21948, stack(0x000000f199500000,0x000000f199600000) (1024K)]
  0x0000028a6b7e7890 JavaThread "jar transforms Thread 8"           [_thread_blocked, id=19420, stack(0x000000f199600000,0x000000f199700000) (1024K)]
  0x0000028a6d610480 JavaThread "Memory manager"                    [_thread_blocked, id=13808, stack(0x000000f195000000,0x000000f195100000) (1024K)]
  0x0000028a67f40b50 JavaThread "included builds"                   [_thread_blocked, id=22496, stack(0x000000f19eb00000,0x000000f19ec00000) (1024K)]
  0x0000028a68558280 JavaThread "VFS cleanup"                       [_thread_blocked, id=19956, stack(0x000000f194f00000,0x000000f195000000) (1024K)]
  0x0000028a6855cab0 JavaThread "Handler for socket connection from /127.0.0.1:62194 to /127.0.0.1:62203"        [_thread_in_native, id=17716, stack(0x000000f194c00000,0x000000f194d00000) (1024K)]
  0x0000028a6855bd90 JavaThread "Cancel handler"                    [_thread_blocked, id=8804, stack(0x000000f194d00000,0x000000f194e00000) (1024K)]
  0x0000028a6855b700 JavaThread "Asynchronous log dispatcher for DefaultDaemonConnection: socket connection from /127.0.0.1:62194 to /127.0.0.1:62203"        [_thread_blocked, id=25028, stack(0x000000f195100000,0x000000f195200000) (1024K)]
  0x0000028a68559630 JavaThread "Stdin handler"                     [_thread_blocked, id=11880, stack(0x000000f195200000,0x000000f195300000) (1024K)]
  0x0000028a6855c420 JavaThread "Daemon client event forwarder"        [_thread_blocked, id=11104, stack(0x000000f195800000,0x000000f195900000) (1024K)]
  0x0000028a6855de60 JavaThread "Cache worker for file hash cache (D:\project_1.4v\.gradle\8.13\fileHashes)"        [_thread_blocked, id=15008, stack(0x000000f196400000,0x000000f196500000) (1024K)]
  0x0000028a6855eb80 JavaThread "Cache worker for Build Output Cleanup Cache (D:\project_1.4v\.gradle\buildOutputCleanup)"        [_thread_blocked, id=19592, stack(0x000000f196500000,0x000000f196600000) (1024K)]
  0x0000028a6855d140 JavaThread "jar transforms Thread 9"           [_thread_blocked, id=26340, stack(0x000000f196700000,0x000000f196800000) (1024K)]
  0x0000028a6855d7d0 JavaThread "jar transforms Thread 10"          [_thread_blocked, id=13980, stack(0x000000f196800000,0x000000f196900000) (1024K)]
  0x0000028a6855e4f0 JavaThread "jar transforms Thread 11"          [_thread_blocked, id=22116, stack(0x000000f196900000,0x000000f196a00000) (1024K)]
  0x0000028a6b7e36f0 JavaThread "jar transforms Thread 12"          [_thread_blocked, id=22188, stack(0x000000f197800000,0x000000f197900000) (1024K)]
  0x0000028a6b7e29d0 JavaThread "jar transforms Thread 13"          [_thread_blocked, id=24036, stack(0x000000f197900000,0x000000f197a00000) (1024K)]
  0x0000028a6b7e64e0 JavaThread "jar transforms Thread 14"          [_thread_blocked, id=25820, stack(0x000000f197e00000,0x000000f197f00000) (1024K)]
  0x0000028a6b7e6b70 JavaThread "jar transforms Thread 15"          [_thread_blocked, id=25524, stack(0x000000f198100000,0x000000f198200000) (1024K)]
  0x0000028a6b7e7200 JavaThread "jar transforms Thread 16"          [_thread_blocked, id=10684, stack(0x000000f198200000,0x000000f198300000) (1024K)]
  0x0000028a6b7e7f20 JavaThread "jar transforms Thread 17"          [_thread_blocked, id=10828, stack(0x000000f198300000,0x000000f198400000) (1024K)]
  0x0000028a6b7e85b0 JavaThread "jar transforms Thread 18"          [_thread_blocked, id=14604, stack(0x000000f198400000,0x000000f198500000) (1024K)]
  0x0000028a6b7e5130 JavaThread "jar transforms Thread 19"          [_thread_blocked, id=10984, stack(0x000000f198500000,0x000000f198600000) (1024K)]
  0x0000028a6b7e8c40 JavaThread "jar transforms Thread 20"          [_thread_blocked, id=4800, stack(0x000000f198600000,0x000000f198700000) (1024K)]
  0x0000028a6b7e57c0 JavaThread "jar transforms Thread 21"          [_thread_blocked, id=11412, stack(0x000000f198700000,0x000000f198800000) (1024K)]
  0x0000028a6b7e9ff0 JavaThread "jar transforms Thread 22"          [_thread_blocked, id=22656, stack(0x000000f198800000,0x000000f198900000) (1024K)]
  0x0000028a67f411e0 JavaThread "jar transforms Thread 23"          [_thread_blocked, id=3908, stack(0x000000f198900000,0x000000f198a00000) (1024K)]
  0x0000028a67f42590 JavaThread "jar transforms Thread 24"          [_thread_blocked, id=12536, stack(0x000000f198a00000,0x000000f198b00000) (1024K)]
  0x0000028a67f42c20 JavaThread "jar transforms Thread 25"          [_thread_blocked, id=8248, stack(0x000000f198b00000,0x000000f198c00000) (1024K)]
  0x0000028a67f3f7a0 JavaThread "jar transforms Thread 26"          [_thread_blocked, id=20112, stack(0x000000f198c00000,0x000000f198d00000) (1024K)]
  0x0000028a67f432b0 JavaThread "jar transforms Thread 27"          [_thread_blocked, id=20808, stack(0x000000f198f00000,0x000000f199000000) (1024K)]
  0x0000028a67f43fd0 JavaThread "jar transforms Thread 28"          [_thread_blocked, id=24256, stack(0x000000f199000000,0x000000f199100000) (1024K)]
  0x0000028a6d1013e0 JavaThread "C1 CompilerThread1"         daemon [_thread_blocked, id=11228, stack(0x000000f199100000,0x000000f199200000) (1024K)]
  0x0000028a6bc6ebb0 JavaThread "Cache worker for checksums cache (D:\project_1.4v\.gradle\8.13\checksums)"        [_thread_blocked, id=23952, stack(0x000000f199200000,0x000000f199300000) (1024K)]
  0x0000028a6bc6c450 JavaThread "Cache worker for cache directory md-supplier (C:\Users\COMPUTER\.gradle\caches\8.13\md-supplier)"        [_thread_blocked, id=16928, stack(0x000000f199300000,0x000000f199400000) (1024K)]
  0x0000028a6bc6bdc0 JavaThread "Cache worker for cache directory md-rule (C:\Users\COMPUTER\.gradle\caches\8.13\md-rule)"        [_thread_blocked, id=23732, stack(0x000000f199700000,0x000000f199800000) (1024K)]
  0x0000028a6bc6f240 JavaThread "Unconstrained build operations"        [_thread_blocked, id=3972, stack(0x000000f199800000,0x000000f199900000) (1024K)]
  0x0000028a6bc6ff60 JavaThread "Unconstrained build operations Thread 2"        [_thread_blocked, id=12420, stack(0x000000f199900000,0x000000f199a00000) (1024K)]
  0x0000028a6bc6de90 JavaThread "Unconstrained build operations Thread 3"        [_thread_blocked, id=8472, stack(0x000000f199a00000,0x000000f199b00000) (1024K)]
  0x0000028a6d100640 JavaThread "C2 CompilerThread1"         daemon [_thread_in_native, id=13576, stack(0x000000f199b00000,0x000000f199c00000) (1024K)]
  0x0000028a6bc6cae0 JavaThread "Unconstrained build operations Thread 4"        [_thread_blocked, id=20784, stack(0x000000f199c00000,0x000000f199d00000) (1024K)]
  0x0000028a6bc705f0 JavaThread "Unconstrained build operations Thread 5"        [_thread_blocked, id=11456, stack(0x000000f199d00000,0x000000f199e00000) (1024K)]
  0x0000028a6bc6d800 JavaThread "Unconstrained build operations Thread 6"        [_thread_blocked, id=18076, stack(0x000000f199e00000,0x000000f199f00000) (1024K)]
  0x0000028a6bc6d170 JavaThread "Unconstrained build operations Thread 7"        [_thread_blocked, id=24496, stack(0x000000f199f00000,0x000000f19a000000) (1024K)]
  0x0000028a6bc70c80 JavaThread "Unconstrained build operations Thread 8"        [_thread_blocked, id=24984, stack(0x000000f19a000000,0x000000f19a100000) (1024K)]
  0x0000028a6bc726c0 JavaThread "Unconstrained build operations Thread 9"        [_thread_blocked, id=15868, stack(0x000000f19a100000,0x000000f19a200000) (1024K)]
  0x0000028a6bc71310 JavaThread "Unconstrained build operations Thread 10"        [_thread_blocked, id=25908, stack(0x000000f19a200000,0x000000f19a300000) (1024K)]
  0x0000028a6bc719a0 JavaThread "Unconstrained build operations Thread 11"        [_thread_blocked, id=10156, stack(0x000000f19a300000,0x000000f19a400000) (1024K)]
  0x0000028a6bc72030 JavaThread "Unconstrained build operations Thread 12"        [_thread_blocked, id=26216, stack(0x000000f19a400000,0x000000f19a500000) (1024K)]
  0x0000028a61633cd0 JavaThread "Unconstrained build operations Thread 13"        [_thread_blocked, id=20868, stack(0x000000f19a500000,0x000000f19a600000) (1024K)]
  0x0000028a61634360 JavaThread "Unconstrained build operations Thread 14"        [_thread_blocked, id=2508, stack(0x000000f19a600000,0x000000f19a700000) (1024K)]
  0x0000028a61631c00 JavaThread "Unconstrained build operations Thread 15"        [_thread_blocked, id=15044, stack(0x000000f19a700000,0x000000f19a800000) (1024K)]
  0x0000028a616349f0 JavaThread "Unconstrained build operations Thread 16"        [_thread_blocked, id=24580, stack(0x000000f19a800000,0x000000f19a900000) (1024K)]
  0x0000028a6d102f20 JavaThread "C2 CompilerThread2"         daemon [_thread_in_native, id=25196, stack(0x000000f19a900000,0x000000f19aa00000) (1024K)]
  0x0000028a6d104a60 JavaThread "C1 CompilerThread2"         daemon [_thread_blocked, id=22572, stack(0x000000f19aa00000,0x000000f19ab00000) (1024K)]
  0x0000028a61635710 JavaThread "Unconstrained build operations Thread 17"        [_thread_blocked, id=24852, stack(0x000000f19ab00000,0x000000f19ac00000) (1024K)]
  0x0000028a61632290 JavaThread "Unconstrained build operations Thread 18"        [_thread_blocked, id=25404, stack(0x000000f19ac00000,0x000000f19ad00000) (1024K)]
  0x0000028a61635da0 JavaThread "Unconstrained build operations Thread 19"        [_thread_blocked, id=12836, stack(0x000000f19ad00000,0x000000f19ae00000) (1024K)]
  0x0000028a61632920 JavaThread "Unconstrained build operations Thread 20"        [_thread_blocked, id=18024, stack(0x000000f19ae00000,0x000000f19af00000) (1024K)]
  0x0000028a61636430 JavaThread "Unconstrained build operations Thread 21"        [_thread_blocked, id=18992, stack(0x000000f19af00000,0x000000f19b000000) (1024K)]
  0x0000028a61636ac0 JavaThread "Unconstrained build operations Thread 22"        [_thread_blocked, id=18684, stack(0x000000f19b000000,0x000000f19b100000) (1024K)]
  0x0000028a61633640 JavaThread "Unconstrained build operations Thread 23"        [_thread_blocked, id=17116, stack(0x000000f19b100000,0x000000f19b200000) (1024K)]
  0x0000028a61637e70 JavaThread "Unconstrained build operations Thread 24"        [_thread_blocked, id=19320, stack(0x000000f19b200000,0x000000f19b300000) (1024K)]
  0x0000028a61637150 JavaThread "Unconstrained build operations Thread 25"        [_thread_blocked, id=9032, stack(0x000000f19b300000,0x000000f19b400000) (1024K)]
  0x0000028a61638500 JavaThread "Unconstrained build operations Thread 26"        [_thread_blocked, id=19724, stack(0x000000f19b400000,0x000000f19b500000) (1024K)]
  0x0000028a61638b90 JavaThread "Unconstrained build operations Thread 27"        [_thread_blocked, id=2208, stack(0x000000f19b500000,0x000000f19b600000) (1024K)]
  0x0000028a616377e0 JavaThread "Unconstrained build operations Thread 28"        [_thread_blocked, id=22504, stack(0x000000f19b600000,0x000000f19b700000) (1024K)]
  0x0000028a61639220 JavaThread "Unconstrained build operations Thread 29"        [_thread_blocked, id=10748, stack(0x000000f19b700000,0x000000f19b800000) (1024K)]
  0x0000028a672b8d40 JavaThread "Unconstrained build operations Thread 30"        [_thread_blocked, id=8648, stack(0x000000f19b800000,0x000000f19b900000) (1024K)]
  0x0000028a672bbb30 JavaThread "Unconstrained build operations Thread 31"        [_thread_blocked, id=19764, stack(0x000000f19b900000,0x000000f19ba00000) (1024K)]
  0x0000028a672b86b0 JavaThread "Unconstrained build operations Thread 32"        [_thread_blocked, id=15732, stack(0x000000f19ba00000,0x000000f19bb00000) (1024K)]
  0x0000028a672b93d0 JavaThread "Unconstrained build operations Thread 33"        [_thread_blocked, id=12664, stack(0x000000f19bb00000,0x000000f19bc00000) (1024K)]
  0x0000028a672b9a60 JavaThread "Unconstrained build operations Thread 34"        [_thread_blocked, id=15832, stack(0x000000f19bc00000,0x000000f19bd00000) (1024K)]
  0x0000028a6d60f760 JavaThread "Unconstrained build operations Thread 35"        [_thread_blocked, id=3384, stack(0x000000f19bd00000,0x000000f19be00000) (1024K)]
  0x0000028a6d611830 JavaThread "Unconstrained build operations Thread 36"        [_thread_blocked, id=12880, stack(0x000000f19be00000,0x000000f19bf00000) (1024K)]
  0x0000028a67f43940 JavaThread "Unconstrained build operations Thread 37"        [_thread_blocked, id=22508, stack(0x000000f19bf00000,0x000000f19c000000) (1024K)]
  0x0000028a67f44660 JavaThread "Unconstrained build operations Thread 38"        [_thread_blocked, id=8464, stack(0x000000f19c000000,0x000000f19c100000) (1024K)]
  0x0000028a6bc6e520 JavaThread "Unconstrained build operations Thread 39"        [_thread_blocked, id=7836, stack(0x000000f19c100000,0x000000f19c200000) (1024K)]
  0x0000028a6e4f7930 JavaThread "Unconstrained build operations Thread 40"        [_thread_blocked, id=25040, stack(0x000000f19c200000,0x000000f19c300000) (1024K)]
  0x0000028a6e4f9a00 JavaThread "Unconstrained build operations Thread 41"        [_thread_blocked, id=24020, stack(0x000000f19c300000,0x000000f19c400000) (1024K)]
  0x0000028a6e4fa720 JavaThread "Unconstrained build operations Thread 42"        [_thread_blocked, id=10148, stack(0x000000f19c400000,0x000000f19c500000) (1024K)]
  0x0000028a6e4f9370 JavaThread "Unconstrained build operations Thread 43"        [_thread_blocked, id=2540, stack(0x000000f19c500000,0x000000f19c600000) (1024K)]
  0x0000028a6e4fa090 JavaThread "Unconstrained build operations Thread 44"        [_thread_blocked, id=13692, stack(0x000000f19c600000,0x000000f19c700000) (1024K)]
  0x0000028a6e4f8ce0 JavaThread "Unconstrained build operations Thread 45"        [_thread_blocked, id=22612, stack(0x000000f19c700000,0x000000f19c800000) (1024K)]
  0x0000028a6e4f7fc0 JavaThread "Unconstrained build operations Thread 46"        [_thread_blocked, id=23592, stack(0x000000f19c800000,0x000000f19c900000) (1024K)]
  0x0000028a6e4f72a0 JavaThread "Unconstrained build operations Thread 47"        [_thread_blocked, id=10356, stack(0x000000f19c900000,0x000000f19ca00000) (1024K)]
  0x0000028a6e4fbad0 JavaThread "Unconstrained build operations Thread 48"        [_thread_blocked, id=10676, stack(0x000000f19ca00000,0x000000f19cb00000) (1024K)]
  0x0000028a6e4fce80 JavaThread "Unconstrained build operations Thread 49"        [_thread_blocked, id=11960, stack(0x000000f19cb00000,0x000000f19cc00000) (1024K)]
  0x0000028a6e4fd510 JavaThread "Unconstrained build operations Thread 50"        [_thread_blocked, id=21008, stack(0x000000f19cc00000,0x000000f19cd00000) (1024K)]
  0x0000028a6e4fdba0 JavaThread "Unconstrained build operations Thread 51"        [_thread_blocked, id=9840, stack(0x000000f19cd00000,0x000000f19ce00000) (1024K)]
  0x0000028a6e4fc160 JavaThread "Unconstrained build operations Thread 52"        [_thread_blocked, id=10652, stack(0x000000f19ce00000,0x000000f19cf00000) (1024K)]
  0x0000028a6e4fc7f0 JavaThread "Unconstrained build operations Thread 53"        [_thread_blocked, id=11628, stack(0x000000f19cf00000,0x000000f19d000000) (1024K)]
  0x0000028a6e4fe230 JavaThread "Unconstrained build operations Thread 54"        [_thread_blocked, id=5488, stack(0x000000f19d000000,0x000000f19d100000) (1024K)]
  0x0000028a6e4fadb0 JavaThread "Unconstrained build operations Thread 55"        [_thread_blocked, id=16884, stack(0x000000f19d100000,0x000000f19d200000) (1024K)]
  0x0000028a6e4fe8c0 JavaThread "Unconstrained build operations Thread 56"        [_thread_blocked, id=19620, stack(0x000000f19d200000,0x000000f19d300000) (1024K)]
  0x0000028a6e4fb440 JavaThread "Unconstrained build operations Thread 57"        [_thread_blocked, id=8468, stack(0x000000f19d300000,0x000000f19d400000) (1024K)]
  0x0000028a6bfd0c40 JavaThread "Unconstrained build operations Thread 58"        [_thread_blocked, id=22696, stack(0x000000f19d400000,0x000000f19d500000) (1024K)]
  0x0000028a6bfd1960 JavaThread "Unconstrained build operations Thread 59"        [_thread_blocked, id=11080, stack(0x000000f19d500000,0x000000f19d600000) (1024K)]
  0x0000028a6bfcff20 JavaThread "Unconstrained build operations Thread 60"        [_thread_blocked, id=12180, stack(0x000000f19d600000,0x000000f19d700000) (1024K)]
  0x0000028a6bfcf200 JavaThread "Unconstrained build operations Thread 61"        [_thread_blocked, id=24240, stack(0x000000f19d700000,0x000000f19d800000) (1024K)]
  0x0000028a6bfd12d0 JavaThread "Unconstrained build operations Thread 62"        [_thread_blocked, id=9052, stack(0x000000f19d800000,0x000000f19d900000) (1024K)]
  0x0000028a6bfd1ff0 JavaThread "Unconstrained build operations Thread 63"        [_thread_blocked, id=16336, stack(0x000000f19d900000,0x000000f19da00000) (1024K)]
  0x0000028a6bfd2d10 JavaThread "Unconstrained build operations Thread 64"        [_thread_blocked, id=1424, stack(0x000000f19da00000,0x000000f19db00000) (1024K)]
  0x0000028a6bfcf890 JavaThread "Unconstrained build operations Thread 65"        [_thread_blocked, id=14540, stack(0x000000f19db00000,0x000000f19dc00000) (1024K)]
  0x0000028a6bfd05b0 JavaThread "Unconstrained build operations Thread 66"        [_thread_blocked, id=18500, stack(0x000000f19dc00000,0x000000f19dd00000) (1024K)]
  0x0000028a6bfd4750 JavaThread "Unconstrained build operations Thread 67"        [_thread_blocked, id=18168, stack(0x000000f19dd00000,0x000000f19de00000) (1024K)]
  0x0000028a6bfd33a0 JavaThread "Unconstrained build operations Thread 68"        [_thread_blocked, id=18184, stack(0x000000f19de00000,0x000000f19df00000) (1024K)]
  0x0000028a6bfd2680 JavaThread "Unconstrained build operations Thread 69"        [_thread_blocked, id=20420, stack(0x000000f19df00000,0x000000f19e000000) (1024K)]
  0x0000028a6bfd40c0 JavaThread "Unconstrained build operations Thread 70"        [_thread_blocked, id=26096, stack(0x000000f19e000000,0x000000f19e100000) (1024K)]
  0x0000028a6d101ab0 JavaThread "C2 CompilerThread3"         daemon [_thread_in_native, id=24232, stack(0x000000f19e100000,0x000000f19e200000) (1024K)]
  0x0000028a6bfd4de0 JavaThread "build event listener"              [_thread_blocked, id=13400, stack(0x000000f19e200000,0x000000f19e300000) (1024K)]
  0x0000028a6d105130 JavaThread "C1 CompilerThread3"         daemon [_thread_blocked, id=15708, stack(0x000000f19e300000,0x000000f19e400000) (1024K)]
Total: 140

Other Threads:
  0x0000028a4599f690 VMThread "VM Thread"                           [id=24712, stack(0x000000f194200000,0x000000f194300000) (1024K)] _threads_hazard_ptr=0x0000028a68d43520
  0x0000028a5fcee1c0 WatcherThread "VM Periodic Task Thread"        [id=21412, stack(0x000000f194100000,0x000000f194200000) (1024K)]
  0x0000028a459a0170 WorkerThread "GC Thread#0"                     [id=15016, stack(0x000000f193c00000,0x000000f193d00000) (1024K)]
  0x0000028a4599fa30 WorkerThread "GC Thread#1"                     [id=20104, stack(0x000000f195300000,0x000000f195400000) (1024K)]
  0x0000028a4599e810 WorkerThread "GC Thread#2"                     [id=16492, stack(0x000000f195400000,0x000000f195500000) (1024K)]
  0x0000028a4599ebb0 WorkerThread "GC Thread#3"                     [id=13092, stack(0x000000f195500000,0x000000f195600000) (1024K)]
  0x0000028a660203b0 WorkerThread "GC Thread#4"                     [id=13300, stack(0x000000f195600000,0x000000f195700000) (1024K)]
  0x0000028a6601e6b0 WorkerThread "GC Thread#5"                     [id=3872, stack(0x000000f195700000,0x000000f195800000) (1024K)]
  0x0000028a6601ea50 WorkerThread "GC Thread#6"                     [id=19628, stack(0x000000f195b00000,0x000000f195c00000) (1024K)]
  0x0000028a6601edf0 WorkerThread "GC Thread#7"                     [id=20812, stack(0x000000f195c00000,0x000000f195d00000) (1024K)]
  0x0000028a6601f530 WorkerThread "GC Thread#8"                     [id=1084, stack(0x000000f195d00000,0x000000f195e00000) (1024K)]
  0x0000028a66020e90 WorkerThread "GC Thread#9"                     [id=13924, stack(0x000000f195e00000,0x000000f195f00000) (1024K)]
  0x0000028a6601fc70 WorkerThread "GC Thread#10"                    [id=26156, stack(0x000000f195f00000,0x000000f196000000) (1024K)]
  0x0000028a6601f190 WorkerThread "GC Thread#11"                    [id=20628, stack(0x000000f196000000,0x000000f196100000) (1024K)]
  0x0000028a66020010 WorkerThread "GC Thread#12"                    [id=13452, stack(0x000000f196100000,0x000000f196200000) (1024K)]
  0x0000028a66021230 WorkerThread "GC Thread#13"                    [id=19084, stack(0x000000f196a00000,0x000000f196b00000) (1024K)]
  0x0000028a660215d0 WorkerThread "GC Thread#14"                    [id=16136, stack(0x000000f196b00000,0x000000f196c00000) (1024K)]
  0x0000028a66021970 WorkerThread "GC Thread#15"                    [id=18844, stack(0x000000f196c00000,0x000000f196d00000) (1024K)]
  0x0000028a6601e310 WorkerThread "GC Thread#16"                    [id=12528, stack(0x000000f196d00000,0x000000f196e00000) (1024K)]
  0x0000028a676584d0 WorkerThread "GC Thread#17"                    [id=11248, stack(0x000000f196e00000,0x000000f196f00000) (1024K)]
  0x0000028a6765a910 WorkerThread "GC Thread#18"                    [id=4324, stack(0x000000f196f00000,0x000000f197000000) (1024K)]
  0x0000028a67658870 WorkerThread "GC Thread#19"                    [id=13544, stack(0x000000f197000000,0x000000f197100000) (1024K)]
  0x0000028a47ea1e30 ConcurrentGCThread "G1 Main Marker"            [id=6312, stack(0x000000f193d00000,0x000000f193e00000) (1024K)]
  0x0000028a4599fdd0 WorkerThread "G1 Conc#0"                       [id=14024, stack(0x000000f193e00000,0x000000f193f00000) (1024K)]
  0x0000028a67658c10 WorkerThread "G1 Conc#1"                       [id=21852, stack(0x000000f197100000,0x000000f197200000) (1024K)]
  0x0000028a67657d90 WorkerThread "G1 Conc#2"                       [id=8440, stack(0x000000f197200000,0x000000f197300000) (1024K)]
  0x0000028a676579f0 WorkerThread "G1 Conc#3"                       [id=1104, stack(0x000000f197300000,0x000000f197400000) (1024K)]
  0x0000028a67658130 WorkerThread "G1 Conc#4"                       [id=5284, stack(0x000000f197400000,0x000000f197500000) (1024K)]
  0x0000028a5fc42910 ConcurrentGCThread "G1 Refine#0"               [id=11856, stack(0x000000f193f00000,0x000000f194000000) (1024K)]
  0x0000028a5fc43230 ConcurrentGCThread "G1 Service"                [id=24780, stack(0x000000f194000000,0x000000f194100000) (1024K)]
Total: 30

Threads with active compile tasks:
C2 CompilerThread0  17187 14025       4       org.gradle.internal.operations.DefaultBuildOperationRunner::execute (147 bytes)
C1 CompilerThread0  17187 14286       3       org.jetbrains.kotlin.gradle.plugin.KotlinTargetConfiguratorKt::usageByName (36 bytes)
C1 CompilerThread1  17187 14287       3       org.jetbrains.kotlin.gradle.plugin.PropertiesProvider::get$kotlin_gradle_plugin_common (20 bytes)
C2 CompilerThread1  17187 14024       4       org.gradle.internal.operations.DefaultBuildOperationRunner::execute (23 bytes)
C2 CompilerThread2  17187 14224       4       java.util.TreeMap::buildFromSorted (218 bytes)
C1 CompilerThread2  17187 14288       3       java.util.regex.Pattern$Prolog::match (11 bytes)
C2 CompilerThread3  17187 14027       4       org.gradle.internal.operations.DefaultBuildOperationRunner$2::execute (12 bytes)
C1 CompilerThread3  17187 14285       3       org.jetbrains.kotlin.gradle.utils.ConfigurationsKt::findDependencyScope (185 bytes)
Total: 8

VM state: synchronizing (normal execution)

VM Mutex/Monitor currently owned by a thread:  ([mutex/lock_event])
[0x00007ffd256785b8] Threads_lock - owner thread: 0x0000028a4599f690

Heap address: 0x0000000080000000, size: 2048 MB, Compressed Oops mode: 32-bit

CDS archive(s) not mapped
Compressed class space mapped at: 0x0000000100000000-0x0000000140000000, reserved size: 1073741824
Narrow klass base: 0x0000000000000000, Narrow klass shift: 3, Narrow klass range: 0x140000000

GC Precious Log:
 CardTable entry size: 512
 Card Set container configuration: InlinePtr #cards 5 size 8 Array Of Cards #cards 12 size 40 Howl #buckets 4 coarsen threshold 1843 Howl Bitmap #cards 512 size 80 coarsen threshold 460 Card regions per heap region 1 cards per card region 2048
 CPUs: 28 total, 28 available
 Memory: 16039M
 Large Page Support: Disabled
 NUMA Support: Disabled
 Compressed Oops: Enabled (32-bit)
 Heap Region Size: 1M
 Heap Min Capacity: 8M
 Heap Initial Capacity: 252M
 Heap Max Capacity: 2G
 Pre-touch: Disabled
 Parallel Workers: 20
 Concurrent Workers: 5
 Concurrent Refinement Workers: 20
 Periodic GC: Disabled

Heap:
 garbage-first heap   total 248832K, used 173368K [0x0000000080000000, 0x0000000100000000)
  region size 1024K, 16 young (16384K), 5 survivors (5120K)
 Metaspace       used 112663K, committed 114880K, reserved 1179648K
  class space    used 15892K, committed 16960K, reserved 1048576K

Heap Regions: E=young(eden), S=young(survivor), O=old, HS=humongous(starts), HC=humongous(continues), CS=collection set, F=free, TAMS=top-at-mark-start, PB=parsable bottom
|   0|0x0000000080000000, 0x0000000080100000, 0x0000000080100000|100%|HS|  |TAMS 0x0000000080000000| PB 0x0000000080000000| Complete 
|   1|0x0000000080100000, 0x0000000080200000, 0x0000000080200000|100%|HC|  |TAMS 0x0000000080100000| PB 0x0000000080100000| Complete 
|   2|0x0000000080200000, 0x0000000080300000, 0x0000000080300000|100%|HC|  |TAMS 0x0000000080200000| PB 0x0000000080200000| Complete 
|   3|0x0000000080300000, 0x0000000080400000, 0x0000000080400000|100%| O|  |TAMS 0x0000000080300000| PB 0x0000000080300000| Untracked 
|   4|0x0000000080400000, 0x0000000080500000, 0x0000000080500000|100%| O|  |TAMS 0x0000000080400000| PB 0x0000000080400000| Untracked 
|   5|0x0000000080500000, 0x0000000080600000, 0x0000000080600000|100%| O|  |TAMS 0x0000000080500000| PB 0x0000000080500000| Untracked 
|   6|0x0000000080600000, 0x0000000080700000, 0x0000000080700000|100%|HS|  |TAMS 0x0000000080600000| PB 0x0000000080600000| Complete 
|   7|0x0000000080700000, 0x0000000080800000, 0x0000000080800000|100%| O|  |TAMS 0x0000000080700000| PB 0x0000000080700000| Untracked 
|   8|0x0000000080800000, 0x0000000080900000, 0x0000000080900000|100%| O|  |TAMS 0x0000000080800000| PB 0x0000000080800000| Untracked 
|   9|0x0000000080900000, 0x0000000080a00000, 0x0000000080a00000|100%| O|  |TAMS 0x0000000080900000| PB 0x0000000080900000| Untracked 
|  10|0x0000000080a00000, 0x0000000080b00000, 0x0000000080b00000|100%| O|  |TAMS 0x0000000080a00000| PB 0x0000000080a00000| Untracked 
|  11|0x0000000080b00000, 0x0000000080c00000, 0x0000000080c00000|100%| O|  |TAMS 0x0000000080b00000| PB 0x0000000080b00000| Untracked 
|  12|0x0000000080c00000, 0x0000000080d00000, 0x0000000080d00000|100%| O|  |TAMS 0x0000000080c00000| PB 0x0000000080c00000| Untracked 
|  13|0x0000000080d00000, 0x0000000080e00000, 0x0000000080e00000|100%| O|  |TAMS 0x0000000080d00000| PB 0x0000000080d00000| Untracked 
|  14|0x0000000080e00000, 0x0000000080f00000, 0x0000000080f00000|100%| O|  |TAMS 0x0000000080e00000| PB 0x0000000080e00000| Untracked 
|  15|0x0000000080f00000, 0x0000000081000000, 0x0000000081000000|100%| O|  |TAMS 0x0000000080f00000| PB 0x0000000080f00000| Untracked 
|  16|0x0000000081000000, 0x0000000081100000, 0x0000000081100000|100%| O|  |TAMS 0x0000000081000000| PB 0x0000000081000000| Untracked 
|  17|0x0000000081100000, 0x0000000081200000, 0x0000000081200000|100%| O|  |TAMS 0x0000000081100000| PB 0x0000000081100000| Untracked 
|  18|0x0000000081200000, 0x0000000081300000, 0x0000000081300000|100%| O|  |TAMS 0x0000000081200000| PB 0x0000000081200000| Untracked 
|  19|0x0000000081300000, 0x0000000081400000, 0x0000000081400000|100%| O|  |TAMS 0x0000000081300000| PB 0x0000000081300000| Untracked 
|  20|0x0000000081400000, 0x0000000081500000, 0x0000000081500000|100%| O|  |TAMS 0x0000000081400000| PB 0x0000000081400000| Untracked 
|  21|0x0000000081500000, 0x0000000081600000, 0x0000000081600000|100%| O|  |TAMS 0x0000000081500000| PB 0x0000000081500000| Untracked 
|  22|0x0000000081600000, 0x0000000081700000, 0x0000000081700000|100%|HS|  |TAMS 0x0000000081600000| PB 0x0000000081600000| Complete 
|  23|0x0000000081700000, 0x0000000081800000, 0x0000000081800000|100%|HC|  |TAMS 0x0000000081700000| PB 0x0000000081700000| Complete 
|  24|0x0000000081800000, 0x0000000081900000, 0x0000000081900000|100%| O|  |TAMS 0x0000000081800000| PB 0x0000000081800000| Untracked 
|  25|0x0000000081900000, 0x0000000081a00000, 0x0000000081a00000|100%| O|  |TAMS 0x0000000081900000| PB 0x0000000081900000| Untracked 
|  26|0x0000000081a00000, 0x0000000081b00000, 0x0000000081b00000|100%| O|  |TAMS 0x0000000081a00000| PB 0x0000000081a00000| Untracked 
|  27|0x0000000081b00000, 0x0000000081c00000, 0x0000000081c00000|100%| O|  |TAMS 0x0000000081b00000| PB 0x0000000081b00000| Untracked 
|  28|0x0000000081c00000, 0x0000000081d00000, 0x0000000081d00000|100%| O|  |TAMS 0x0000000081c00000| PB 0x0000000081c00000| Untracked 
|  29|0x0000000081d00000, 0x0000000081e00000, 0x0000000081e00000|100%| O|  |TAMS 0x0000000081d00000| PB 0x0000000081d00000| Untracked 
|  30|0x0000000081e00000, 0x0000000081e00000, 0x0000000081f00000|  0%| F|  |TAMS 0x0000000081e00000| PB 0x0000000081e00000| Untracked 
|  31|0x0000000081f00000, 0x0000000082000000, 0x0000000082000000|100%| O|  |TAMS 0x0000000081f00000| PB 0x0000000081f00000| Untracked 
|  32|0x0000000082000000, 0x0000000082100000, 0x0000000082100000|100%| O|  |TAMS 0x0000000082000000| PB 0x0000000082000000| Untracked 
|  33|0x0000000082100000, 0x0000000082200000, 0x0000000082200000|100%| O|  |TAMS 0x0000000082100000| PB 0x0000000082100000| Untracked 
|  34|0x0000000082200000, 0x0000000082300000, 0x0000000082300000|100%| O|  |TAMS 0x0000000082200000| PB 0x0000000082200000| Untracked 
|  35|0x0000000082300000, 0x0000000082400000, 0x0000000082400000|100%| O|  |TAMS 0x0000000082300000| PB 0x0000000082300000| Untracked 
|  36|0x0000000082400000, 0x0000000082500000, 0x0000000082500000|100%| O|  |TAMS 0x0000000082400000| PB 0x0000000082400000| Untracked 
|  37|0x0000000082500000, 0x0000000082600000, 0x0000000082600000|100%| O|  |TAMS 0x0000000082500000| PB 0x0000000082500000| Untracked 
|  38|0x0000000082600000, 0x0000000082700000, 0x0000000082700000|100%| O|  |TAMS 0x0000000082600000| PB 0x0000000082600000| Untracked 
|  39|0x0000000082700000, 0x0000000082800000, 0x0000000082800000|100%| O|  |TAMS 0x0000000082700000| PB 0x0000000082700000| Untracked 
|  40|0x0000000082800000, 0x0000000082900000, 0x0000000082900000|100%| O|  |TAMS 0x0000000082800000| PB 0x0000000082800000| Untracked 
|  41|0x0000000082900000, 0x0000000082a00000, 0x0000000082a00000|100%| O|  |TAMS 0x0000000082900000| PB 0x0000000082900000| Untracked 
|  42|0x0000000082a00000, 0x0000000082a00000, 0x0000000082b00000|  0%| F|  |TAMS 0x0000000082a00000| PB 0x0000000082a00000| Untracked 
|  43|0x0000000082b00000, 0x0000000082c00000, 0x0000000082c00000|100%| O|  |TAMS 0x0000000082b00000| PB 0x0000000082b00000| Untracked 
|  44|0x0000000082c00000, 0x0000000082d00000, 0x0000000082d00000|100%| O|  |TAMS 0x0000000082c00000| PB 0x0000000082c00000| Untracked 
|  45|0x0000000082d00000, 0x0000000082e00000, 0x0000000082e00000|100%|HS|  |TAMS 0x0000000082d00000| PB 0x0000000082d00000| Complete 
|  46|0x0000000082e00000, 0x0000000082f00000, 0x0000000082f00000|100%|HS|  |TAMS 0x0000000082e00000| PB 0x0000000082e00000| Complete 
|  47|0x0000000082f00000, 0x0000000083000000, 0x0000000083000000|100%|HS|  |TAMS 0x0000000082f00000| PB 0x0000000082f00000| Complete 
|  48|0x0000000083000000, 0x0000000083100000, 0x0000000083100000|100%|HC|  |TAMS 0x0000000083000000| PB 0x0000000083000000| Complete 
|  49|0x0000000083100000, 0x0000000083200000, 0x0000000083200000|100%|HS|  |TAMS 0x0000000083100000| PB 0x0000000083100000| Complete 
|  50|0x0000000083200000, 0x0000000083300000, 0x0000000083300000|100%|HC|  |TAMS 0x0000000083200000| PB 0x0000000083200000| Complete 
|  51|0x0000000083300000, 0x0000000083400000, 0x0000000083400000|100%|HS|  |TAMS 0x0000000083300000| PB 0x0000000083300000| Complete 
|  52|0x0000000083400000, 0x0000000083500000, 0x0000000083500000|100%|HC|  |TAMS 0x0000000083400000| PB 0x0000000083400000| Complete 
|  53|0x0000000083500000, 0x0000000083600000, 0x0000000083600000|100%|HC|  |TAMS 0x0000000083500000| PB 0x0000000083500000| Complete 
|  54|0x0000000083600000, 0x0000000083700000, 0x0000000083700000|100%| O|  |TAMS 0x0000000083600000| PB 0x0000000083600000| Untracked 
|  55|0x0000000083700000, 0x0000000083800000, 0x0000000083800000|100%| O|  |TAMS 0x0000000083700000| PB 0x0000000083700000| Untracked 
|  56|0x0000000083800000, 0x0000000083900000, 0x0000000083900000|100%|HS|  |TAMS 0x0000000083800000| PB 0x0000000083800000| Complete 
|  57|0x0000000083900000, 0x0000000083a00000, 0x0000000083a00000|100%|HS|  |TAMS 0x0000000083900000| PB 0x0000000083900000| Complete 
|  58|0x0000000083a00000, 0x0000000083b00000, 0x0000000083b00000|100%| O|  |TAMS 0x0000000083a00000| PB 0x0000000083a00000| Untracked 
|  59|0x0000000083b00000, 0x0000000083c00000, 0x0000000083c00000|100%| O|  |TAMS 0x0000000083b00000| PB 0x0000000083b00000| Untracked 
|  60|0x0000000083c00000, 0x0000000083d00000, 0x0000000083d00000|100%|HS|  |TAMS 0x0000000083c00000| PB 0x0000000083c00000| Complete 
|  61|0x0000000083d00000, 0x0000000083d00000, 0x0000000083e00000|  0%| F|  |TAMS 0x0000000083d00000| PB 0x0000000083d00000| Untracked 
|  62|0x0000000083e00000, 0x0000000083f00000, 0x0000000083f00000|100%| O|  |TAMS 0x0000000083e00000| PB 0x0000000083e00000| Untracked 
|  63|0x0000000083f00000, 0x0000000084000000, 0x0000000084000000|100%| O|  |TAMS 0x0000000083f00000| PB 0x0000000083f00000| Untracked 
|  64|0x0000000084000000, 0x0000000084100000, 0x0000000084100000|100%|HS|  |TAMS 0x0000000084000000| PB 0x0000000084000000| Complete 
|  65|0x0000000084100000, 0x0000000084200000, 0x0000000084200000|100%| O|  |TAMS 0x0000000084100000| PB 0x0000000084100000| Untracked 
|  66|0x0000000084200000, 0x0000000084300000, 0x0000000084300000|100%| O|  |TAMS 0x0000000084200000| PB 0x0000000084200000| Untracked 
|  67|0x0000000084300000, 0x0000000084400000, 0x0000000084400000|100%| O|  |TAMS 0x0000000084300000| PB 0x0000000084300000| Untracked 
|  68|0x0000000084400000, 0x0000000084500000, 0x0000000084500000|100%| O|  |TAMS 0x0000000084400000| PB 0x0000000084400000| Untracked 
|  69|0x0000000084500000, 0x0000000084600000, 0x0000000084600000|100%|HS|  |TAMS 0x0000000084500000| PB 0x0000000084500000| Complete 
|  70|0x0000000084600000, 0x0000000084700000, 0x0000000084700000|100%| O|  |TAMS 0x0000000084600000| PB 0x0000000084600000| Untracked 
|  71|0x0000000084700000, 0x0000000084800000, 0x0000000084800000|100%| O|  |TAMS 0x0000000084700000| PB 0x0000000084700000| Untracked 
|  72|0x0000000084800000, 0x0000000084900000, 0x0000000084900000|100%| O|  |TAMS 0x0000000084800000| PB 0x0000000084800000| Untracked 
|  73|0x0000000084900000, 0x0000000084a00000, 0x0000000084a00000|100%| O|  |TAMS 0x0000000084900000| PB 0x0000000084900000| Untracked 
|  74|0x0000000084a00000, 0x0000000084b00000, 0x0000000084b00000|100%| O|  |TAMS 0x0000000084a00000| PB 0x0000000084a00000| Untracked 
|  75|0x0000000084b00000, 0x0000000084c00000, 0x0000000084c00000|100%|HS|  |TAMS 0x0000000084b00000| PB 0x0000000084b00000| Complete 
|  76|0x0000000084c00000, 0x0000000084d00000, 0x0000000084d00000|100%|HC|  |TAMS 0x0000000084c00000| PB 0x0000000084c00000| Complete 
|  77|0x0000000084d00000, 0x0000000084e00000, 0x0000000084e00000|100%|HC|  |TAMS 0x0000000084d00000| PB 0x0000000084d00000| Complete 
|  78|0x0000000084e00000, 0x0000000084f00000, 0x0000000084f00000|100%| O|  |TAMS 0x0000000084e00000| PB 0x0000000084e00000| Untracked 
|  79|0x0000000084f00000, 0x0000000085000000, 0x0000000085000000|100%| O|  |TAMS 0x0000000084f00000| PB 0x0000000084f00000| Untracked 
|  80|0x0000000085000000, 0x0000000085100000, 0x0000000085100000|100%| O|  |TAMS 0x0000000085000000| PB 0x0000000085000000| Untracked 
|  81|0x0000000085100000, 0x0000000085200000, 0x0000000085200000|100%| O|  |TAMS 0x0000000085100000| PB 0x0000000085100000| Untracked 
|  82|0x0000000085200000, 0x0000000085300000, 0x0000000085300000|100%| O|  |TAMS 0x0000000085200000| PB 0x0000000085200000| Untracked 
|  83|0x0000000085300000, 0x0000000085400000, 0x0000000085400000|100%| O|  |TAMS 0x0000000085300000| PB 0x0000000085300000| Untracked 
|  84|0x0000000085400000, 0x0000000085500000, 0x0000000085500000|100%| O|  |TAMS 0x0000000085400000| PB 0x0000000085400000| Untracked 
|  85|0x0000000085500000, 0x0000000085600000, 0x0000000085600000|100%| O|  |TAMS 0x0000000085500000| PB 0x0000000085500000| Untracked 
|  86|0x0000000085600000, 0x0000000085700000, 0x0000000085700000|100%| O|  |TAMS 0x0000000085600000| PB 0x0000000085600000| Untracked 
|  87|0x0000000085700000, 0x0000000085800000, 0x0000000085800000|100%| O|  |TAMS 0x0000000085700000| PB 0x0000000085700000| Untracked 
|  88|0x0000000085800000, 0x0000000085900000, 0x0000000085900000|100%| O|  |TAMS 0x0000000085800000| PB 0x0000000085800000| Untracked 
|  89|0x0000000085900000, 0x0000000085a00000, 0x0000000085a00000|100%| O|  |TAMS 0x0000000085900000| PB 0x0000000085900000| Untracked 
|  90|0x0000000085a00000, 0x0000000085b00000, 0x0000000085b00000|100%| O|  |TAMS 0x0000000085a00000| PB 0x0000000085a00000| Untracked 
|  91|0x0000000085b00000, 0x0000000085c00000, 0x0000000085c00000|100%|HS|  |TAMS 0x0000000085b00000| PB 0x0000000085b00000| Complete 
|  92|0x0000000085c00000, 0x0000000085d00000, 0x0000000085d00000|100%|HC|  |TAMS 0x0000000085c00000| PB 0x0000000085c00000| Complete 
|  93|0x0000000085d00000, 0x0000000085e00000, 0x0000000085e00000|100%|HC|  |TAMS 0x0000000085d00000| PB 0x0000000085d00000| Complete 
|  94|0x0000000085e00000, 0x0000000085f00000, 0x0000000085f00000|100%|HC|  |TAMS 0x0000000085e00000| PB 0x0000000085e00000| Complete 
|  95|0x0000000085f00000, 0x0000000086000000, 0x0000000086000000|100%|HC|  |TAMS 0x0000000085f00000| PB 0x0000000085f00000| Complete 
|  96|0x0000000086000000, 0x0000000086100000, 0x0000000086100000|100%|HC|  |TAMS 0x0000000086000000| PB 0x0000000086000000| Complete 
|  97|0x0000000086100000, 0x0000000086200000, 0x0000000086200000|100%|HS|  |TAMS 0x0000000086100000| PB 0x0000000086100000| Complete 
|  98|0x0000000086200000, 0x0000000086300000, 0x0000000086300000|100%|HS|  |TAMS 0x0000000086200000| PB 0x0000000086200000| Complete 
|  99|0x0000000086300000, 0x0000000086400000, 0x0000000086400000|100%|HC|  |TAMS 0x0000000086300000| PB 0x0000000086300000| Complete 
| 100|0x0000000086400000, 0x0000000086500000, 0x0000000086500000|100%|HS|  |TAMS 0x0000000086400000| PB 0x0000000086400000| Complete 
| 101|0x0000000086500000, 0x0000000086600000, 0x0000000086600000|100%|HC|  |TAMS 0x0000000086500000| PB 0x0000000086500000| Complete 
| 102|0x0000000086600000, 0x0000000086700000, 0x0000000086700000|100%|HC|  |TAMS 0x0000000086600000| PB 0x0000000086600000| Complete 
| 103|0x0000000086700000, 0x0000000086800000, 0x0000000086800000|100%|HC|  |TAMS 0x0000000086700000| PB 0x0000000086700000| Complete 
| 104|0x0000000086800000, 0x0000000086900000, 0x0000000086900000|100%|HS|  |TAMS 0x0000000086800000| PB 0x0000000086800000| Complete 
| 105|0x0000000086900000, 0x0000000086a00000, 0x0000000086a00000|100%|HS|  |TAMS 0x0000000086900000| PB 0x0000000086900000| Complete 
| 106|0x0000000086a00000, 0x0000000086b00000, 0x0000000086b00000|100%|HC|  |TAMS 0x0000000086a00000| PB 0x0000000086a00000| Complete 
| 107|0x0000000086b00000, 0x0000000086c00000, 0x0000000086c00000|100%|HC|  |TAMS 0x0000000086b00000| PB 0x0000000086b00000| Complete 
| 108|0x0000000086c00000, 0x0000000086d00000, 0x0000000086d00000|100%|HC|  |TAMS 0x0000000086c00000| PB 0x0000000086c00000| Complete 
| 109|0x0000000086d00000, 0x0000000086e00000, 0x0000000086e00000|100%|HC|  |TAMS 0x0000000086d00000| PB 0x0000000086d00000| Complete 
| 110|0x0000000086e00000, 0x0000000086f00000, 0x0000000086f00000|100%|HC|  |TAMS 0x0000000086e00000| PB 0x0000000086e00000| Complete 
| 111|0x0000000086f00000, 0x0000000087000000, 0x0000000087000000|100%|HS|  |TAMS 0x0000000086f00000| PB 0x0000000086f00000| Complete 
| 112|0x0000000087000000, 0x0000000087100000, 0x0000000087100000|100%|HS|  |TAMS 0x0000000087000000| PB 0x0000000087000000| Complete 
| 113|0x0000000087100000, 0x0000000087200000, 0x0000000087200000|100%|HC|  |TAMS 0x0000000087100000| PB 0x0000000087100000| Complete 
| 114|0x0000000087200000, 0x0000000087300000, 0x0000000087300000|100%|HS|  |TAMS 0x0000000087200000| PB 0x0000000087200000| Complete 
| 115|0x0000000087300000, 0x0000000087400000, 0x0000000087400000|100%|HC|  |TAMS 0x0000000087300000| PB 0x0000000087300000| Complete 
| 116|0x0000000087400000, 0x0000000087500000, 0x0000000087500000|100%|HC|  |TAMS 0x0000000087400000| PB 0x0000000087400000| Complete 
| 117|0x0000000087500000, 0x0000000087600000, 0x0000000087600000|100%|HC|  |TAMS 0x0000000087500000| PB 0x0000000087500000| Complete 
| 118|0x0000000087600000, 0x0000000087700000, 0x0000000087700000|100%|HS|  |TAMS 0x0000000087600000| PB 0x0000000087600000| Complete 
| 119|0x0000000087700000, 0x0000000087800000, 0x0000000087800000|100%|HS|  |TAMS 0x0000000087700000| PB 0x0000000087700000| Complete 
| 120|0x0000000087800000, 0x0000000087900000, 0x0000000087900000|100%|HC|  |TAMS 0x0000000087800000| PB 0x0000000087800000| Complete 
| 121|0x0000000087900000, 0x0000000087a00000, 0x0000000087a00000|100%|HC|  |TAMS 0x0000000087900000| PB 0x0000000087900000| Complete 
| 122|0x0000000087a00000, 0x0000000087b00000, 0x0000000087b00000|100%|HC|  |TAMS 0x0000000087a00000| PB 0x0000000087a00000| Complete 
| 123|0x0000000087b00000, 0x0000000087c00000, 0x0000000087c00000|100%|HC|  |TAMS 0x0000000087b00000| PB 0x0000000087b00000| Complete 
| 124|0x0000000087c00000, 0x0000000087d00000, 0x0000000087d00000|100%|HC|  |TAMS 0x0000000087c00000| PB 0x0000000087c00000| Complete 
| 125|0x0000000087d00000, 0x0000000087e00000, 0x0000000087e00000|100%|HS|  |TAMS 0x0000000087d00000| PB 0x0000000087d00000| Complete 
| 126|0x0000000087e00000, 0x0000000087f00000, 0x0000000087f00000|100%|HS|  |TAMS 0x0000000087e00000| PB 0x0000000087e00000| Complete 
| 127|0x0000000087f00000, 0x0000000088000000, 0x0000000088000000|100%| O|  |TAMS 0x0000000087f00000| PB 0x0000000087f00000| Untracked 
| 128|0x0000000088000000, 0x0000000088100000, 0x0000000088100000|100%| O|  |TAMS 0x0000000088000000| PB 0x0000000088000000| Untracked 
| 129|0x0000000088100000, 0x0000000088200000, 0x0000000088200000|100%| O|  |TAMS 0x0000000088100000| PB 0x0000000088100000| Untracked 
| 130|0x0000000088200000, 0x0000000088300000, 0x0000000088300000|100%| O|  |TAMS 0x0000000088200000| PB 0x0000000088200000| Untracked 
| 131|0x0000000088300000, 0x0000000088400000, 0x0000000088400000|100%| O|  |TAMS 0x0000000088300000| PB 0x0000000088300000| Untracked 
| 132|0x0000000088400000, 0x0000000088500000, 0x0000000088500000|100%| O|  |TAMS 0x0000000088400000| PB 0x0000000088400000| Untracked 
| 133|0x0000000088500000, 0x0000000088600000, 0x0000000088600000|100%| O|  |TAMS 0x0000000088500000| PB 0x0000000088500000| Untracked 
| 134|0x0000000088600000, 0x0000000088700000, 0x0000000088700000|100%| O|  |TAMS 0x0000000088600000| PB 0x0000000088600000| Untracked 
| 135|0x0000000088700000, 0x0000000088800000, 0x0000000088800000|100%|HS|  |TAMS 0x0000000088700000| PB 0x0000000088700000| Complete 
| 136|0x0000000088800000, 0x0000000088900000, 0x0000000088900000|100%|HC|  |TAMS 0x0000000088800000| PB 0x0000000088800000| Complete 
| 137|0x0000000088900000, 0x0000000088a00000, 0x0000000088a00000|100%|HC|  |TAMS 0x0000000088900000| PB 0x0000000088900000| Complete 
| 138|0x0000000088a00000, 0x0000000088b00000, 0x0000000088b00000|100%|HC|  |TAMS 0x0000000088a00000| PB 0x0000000088a00000| Complete 
| 139|0x0000000088b00000, 0x0000000088c00000, 0x0000000088c00000|100%|HC|  |TAMS 0x0000000088b00000| PB 0x0000000088b00000| Complete 
| 140|0x0000000088c00000, 0x0000000088d00000, 0x0000000088d00000|100%|HC|  |TAMS 0x0000000088c00000| PB 0x0000000088c00000| Complete 
| 141|0x0000000088d00000, 0x0000000088e00000, 0x0000000088e00000|100%| O|  |TAMS 0x0000000088d00000| PB 0x0000000088d00000| Untracked 
| 142|0x0000000088e00000, 0x0000000088e6e390, 0x0000000088f00000| 43%| O|  |TAMS 0x0000000088e00000| PB 0x0000000088e00000| Untracked 
| 143|0x0000000088f00000, 0x0000000088f00000, 0x0000000089000000|  0%| F|  |TAMS 0x0000000088f00000| PB 0x0000000088f00000| Untracked 
| 144|0x0000000089000000, 0x0000000089000000, 0x0000000089100000|  0%| F|  |TAMS 0x0000000089000000| PB 0x0000000089000000| Untracked 
| 145|0x0000000089100000, 0x0000000089100000, 0x0000000089200000|  0%| F|  |TAMS 0x0000000089100000| PB 0x0000000089100000| Untracked 
| 146|0x0000000089200000, 0x0000000089200000, 0x0000000089300000|  0%| F|  |TAMS 0x0000000089200000| PB 0x0000000089200000| Untracked 
| 147|0x0000000089300000, 0x0000000089300000, 0x0000000089400000|  0%| F|  |TAMS 0x0000000089300000| PB 0x0000000089300000| Untracked 
| 148|0x0000000089400000, 0x0000000089400000, 0x0000000089500000|  0%| F|  |TAMS 0x0000000089400000| PB 0x0000000089400000| Untracked 
| 149|0x0000000089500000, 0x0000000089500000, 0x0000000089600000|  0%| F|  |TAMS 0x0000000089500000| PB 0x0000000089500000| Untracked 
| 150|0x0000000089600000, 0x0000000089600000, 0x0000000089700000|  0%| F|  |TAMS 0x0000000089600000| PB 0x0000000089600000| Untracked 
| 151|0x0000000089700000, 0x0000000089700000, 0x0000000089800000|  0%| F|  |TAMS 0x0000000089700000| PB 0x0000000089700000| Untracked 
| 152|0x0000000089800000, 0x0000000089800000, 0x0000000089900000|  0%| F|  |TAMS 0x0000000089800000| PB 0x0000000089800000| Untracked 
| 153|0x0000000089900000, 0x0000000089900000, 0x0000000089a00000|  0%| F|  |TAMS 0x0000000089900000| PB 0x0000000089900000| Untracked 
| 154|0x0000000089a00000, 0x0000000089a00000, 0x0000000089b00000|  0%| F|  |TAMS 0x0000000089a00000| PB 0x0000000089a00000| Untracked 
| 155|0x0000000089b00000, 0x0000000089b00000, 0x0000000089c00000|  0%| F|  |TAMS 0x0000000089b00000| PB 0x0000000089b00000| Untracked 
| 156|0x0000000089c00000, 0x0000000089c00000, 0x0000000089d00000|  0%| F|  |TAMS 0x0000000089c00000| PB 0x0000000089c00000| Untracked 
| 157|0x0000000089d00000, 0x0000000089ddff68, 0x0000000089e00000| 87%| S|CS|TAMS 0x0000000089d00000| PB 0x0000000089d00000| Complete 
| 158|0x0000000089e00000, 0x0000000089f00000, 0x0000000089f00000|100%| S|CS|TAMS 0x0000000089e00000| PB 0x0000000089e00000| Complete 
| 159|0x0000000089f00000, 0x000000008a000000, 0x000000008a000000|100%| S|CS|TAMS 0x0000000089f00000| PB 0x0000000089f00000| Complete 
| 160|0x000000008a000000, 0x000000008a100000, 0x000000008a100000|100%| S|CS|TAMS 0x000000008a000000| PB 0x000000008a000000| Complete 
| 161|0x000000008a100000, 0x000000008a200000, 0x000000008a200000|100%| S|CS|TAMS 0x000000008a100000| PB 0x000000008a100000| Complete 
| 162|0x000000008a200000, 0x000000008a200000, 0x000000008a300000|  0%| F|  |TAMS 0x000000008a200000| PB 0x000000008a200000| Untracked 
| 163|0x000000008a300000, 0x000000008a300000, 0x000000008a400000|  0%| F|  |TAMS 0x000000008a300000| PB 0x000000008a300000| Untracked 
| 164|0x000000008a400000, 0x000000008a400000, 0x000000008a500000|  0%| F|  |TAMS 0x000000008a400000| PB 0x000000008a400000| Untracked 
| 165|0x000000008a500000, 0x000000008a500000, 0x000000008a600000|  0%| F|  |TAMS 0x000000008a500000| PB 0x000000008a500000| Untracked 
| 166|0x000000008a600000, 0x000000008a600000, 0x000000008a700000|  0%| F|  |TAMS 0x000000008a600000| PB 0x000000008a600000| Untracked 
| 167|0x000000008a700000, 0x000000008a700000, 0x000000008a800000|  0%| F|  |TAMS 0x000000008a700000| PB 0x000000008a700000| Untracked 
| 168|0x000000008a800000, 0x000000008a800000, 0x000000008a900000|  0%| F|  |TAMS 0x000000008a800000| PB 0x000000008a800000| Untracked 
| 169|0x000000008a900000, 0x000000008a900000, 0x000000008aa00000|  0%| F|  |TAMS 0x000000008a900000| PB 0x000000008a900000| Untracked 
| 170|0x000000008aa00000, 0x000000008aa00000, 0x000000008ab00000|  0%| F|  |TAMS 0x000000008aa00000| PB 0x000000008aa00000| Untracked 
| 171|0x000000008ab00000, 0x000000008ab00000, 0x000000008ac00000|  0%| F|  |TAMS 0x000000008ab00000| PB 0x000000008ab00000| Untracked 
| 172|0x000000008ac00000, 0x000000008ac00000, 0x000000008ad00000|  0%| F|  |TAMS 0x000000008ac00000| PB 0x000000008ac00000| Untracked 
| 173|0x000000008ad00000, 0x000000008ad00000, 0x000000008ae00000|  0%| F|  |TAMS 0x000000008ad00000| PB 0x000000008ad00000| Untracked 
| 174|0x000000008ae00000, 0x000000008ae00000, 0x000000008af00000|  0%| F|  |TAMS 0x000000008ae00000| PB 0x000000008ae00000| Untracked 
| 175|0x000000008af00000, 0x000000008af00000, 0x000000008b000000|  0%| F|  |TAMS 0x000000008af00000| PB 0x000000008af00000| Untracked 
| 176|0x000000008b000000, 0x000000008b000000, 0x000000008b100000|  0%| F|  |TAMS 0x000000008b000000| PB 0x000000008b000000| Untracked 
| 177|0x000000008b100000, 0x000000008b100000, 0x000000008b200000|  0%| F|  |TAMS 0x000000008b100000| PB 0x000000008b100000| Untracked 
| 178|0x000000008b200000, 0x000000008b200000, 0x000000008b300000|  0%| F|  |TAMS 0x000000008b200000| PB 0x000000008b200000| Untracked 
| 179|0x000000008b300000, 0x000000008b300000, 0x000000008b400000|  0%| F|  |TAMS 0x000000008b300000| PB 0x000000008b300000| Untracked 
| 180|0x000000008b400000, 0x000000008b400000, 0x000000008b500000|  0%| F|  |TAMS 0x000000008b400000| PB 0x000000008b400000| Untracked 
| 181|0x000000008b500000, 0x000000008b500000, 0x000000008b600000|  0%| F|  |TAMS 0x000000008b500000| PB 0x000000008b500000| Untracked 
| 182|0x000000008b600000, 0x000000008b600000, 0x000000008b700000|  0%| F|  |TAMS 0x000000008b600000| PB 0x000000008b600000| Untracked 
| 183|0x000000008b700000, 0x000000008b700000, 0x000000008b800000|  0%| F|  |TAMS 0x000000008b700000| PB 0x000000008b700000| Untracked 
| 184|0x000000008b800000, 0x000000008b800000, 0x000000008b900000|  0%| F|  |TAMS 0x000000008b800000| PB 0x000000008b800000| Untracked 
| 185|0x000000008b900000, 0x000000008b900000, 0x000000008ba00000|  0%| F|  |TAMS 0x000000008b900000| PB 0x000000008b900000| Untracked 
| 186|0x000000008ba00000, 0x000000008ba00000, 0x000000008bb00000|  0%| F|  |TAMS 0x000000008ba00000| PB 0x000000008ba00000| Untracked 
| 187|0x000000008bb00000, 0x000000008bb00000, 0x000000008bc00000|  0%| F|  |TAMS 0x000000008bb00000| PB 0x000000008bb00000| Untracked 
| 188|0x000000008bc00000, 0x000000008bc00000, 0x000000008bd00000|  0%| F|  |TAMS 0x000000008bc00000| PB 0x000000008bc00000| Untracked 
| 189|0x000000008bd00000, 0x000000008bd00000, 0x000000008be00000|  0%| F|  |TAMS 0x000000008bd00000| PB 0x000000008bd00000| Untracked 
| 190|0x000000008be00000, 0x000000008be00000, 0x000000008bf00000|  0%| F|  |TAMS 0x000000008be00000| PB 0x000000008be00000| Untracked 
| 191|0x000000008bf00000, 0x000000008bf00000, 0x000000008c000000|  0%| F|  |TAMS 0x000000008bf00000| PB 0x000000008bf00000| Untracked 
| 192|0x000000008c000000, 0x000000008c000000, 0x000000008c100000|  0%| F|  |TAMS 0x000000008c000000| PB 0x000000008c000000| Untracked 
| 193|0x000000008c100000, 0x000000008c100000, 0x000000008c200000|  0%| F|  |TAMS 0x000000008c100000| PB 0x000000008c100000| Untracked 
| 194|0x000000008c200000, 0x000000008c200000, 0x000000008c300000|  0%| F|  |TAMS 0x000000008c200000| PB 0x000000008c200000| Untracked 
| 195|0x000000008c300000, 0x000000008c300000, 0x000000008c400000|  0%| F|  |TAMS 0x000000008c300000| PB 0x000000008c300000| Untracked 
| 196|0x000000008c400000, 0x000000008c400000, 0x000000008c500000|  0%| F|  |TAMS 0x000000008c400000| PB 0x000000008c400000| Untracked 
| 197|0x000000008c500000, 0x000000008c500000, 0x000000008c600000|  0%| F|  |TAMS 0x000000008c500000| PB 0x000000008c500000| Untracked 
| 198|0x000000008c600000, 0x000000008c600000, 0x000000008c700000|  0%| F|  |TAMS 0x000000008c600000| PB 0x000000008c600000| Untracked 
| 199|0x000000008c700000, 0x000000008c700000, 0x000000008c800000|  0%| F|  |TAMS 0x000000008c700000| PB 0x000000008c700000| Untracked 
| 200|0x000000008c800000, 0x000000008c800000, 0x000000008c900000|  0%| F|  |TAMS 0x000000008c800000| PB 0x000000008c800000| Untracked 
| 201|0x000000008c900000, 0x000000008c900000, 0x000000008ca00000|  0%| F|  |TAMS 0x000000008c900000| PB 0x000000008c900000| Untracked 
| 202|0x000000008ca00000, 0x000000008ca00000, 0x000000008cb00000|  0%| F|  |TAMS 0x000000008ca00000| PB 0x000000008ca00000| Untracked 
| 203|0x000000008cb00000, 0x000000008cb00000, 0x000000008cc00000|  0%| F|  |TAMS 0x000000008cb00000| PB 0x000000008cb00000| Untracked 
| 204|0x000000008cc00000, 0x000000008cc00000, 0x000000008cd00000|  0%| F|  |TAMS 0x000000008cc00000| PB 0x000000008cc00000| Untracked 
| 205|0x000000008cd00000, 0x000000008cd00000, 0x000000008ce00000|  0%| F|  |TAMS 0x000000008cd00000| PB 0x000000008cd00000| Untracked 
| 206|0x000000008ce00000, 0x000000008ce00000, 0x000000008cf00000|  0%| F|  |TAMS 0x000000008ce00000| PB 0x000000008ce00000| Untracked 
| 207|0x000000008cf00000, 0x000000008cf00000, 0x000000008d000000|  0%| F|  |TAMS 0x000000008cf00000| PB 0x000000008cf00000| Untracked 
| 208|0x000000008d000000, 0x000000008d000000, 0x000000008d100000|  0%| F|  |TAMS 0x000000008d000000| PB 0x000000008d000000| Untracked 
| 209|0x000000008d100000, 0x000000008d100000, 0x000000008d200000|  0%| F|  |TAMS 0x000000008d100000| PB 0x000000008d100000| Untracked 
| 210|0x000000008d200000, 0x000000008d200000, 0x000000008d300000|  0%| F|  |TAMS 0x000000008d200000| PB 0x000000008d200000| Untracked 
| 211|0x000000008d300000, 0x000000008d300000, 0x000000008d400000|  0%| F|  |TAMS 0x000000008d300000| PB 0x000000008d300000| Untracked 
| 230|0x000000008e600000, 0x000000008e600000, 0x000000008e700000|  0%| F|  |TAMS 0x000000008e600000| PB 0x000000008e600000| Untracked 
| 231|0x000000008e700000, 0x000000008e700000, 0x000000008e800000|  0%| F|  |TAMS 0x000000008e700000| PB 0x000000008e700000| Untracked 
| 232|0x000000008e800000, 0x000000008e800000, 0x000000008e900000|  0%| F|  |TAMS 0x000000008e800000| PB 0x000000008e800000| Untracked 
| 233|0x000000008e900000, 0x000000008e900000, 0x000000008ea00000|  0%| F|  |TAMS 0x000000008e900000| PB 0x000000008e900000| Untracked 
| 234|0x000000008ea00000, 0x000000008ea00000, 0x000000008eb00000|  0%| F|  |TAMS 0x000000008ea00000| PB 0x000000008ea00000| Untracked 
| 235|0x000000008eb00000, 0x000000008eb04350, 0x000000008ec00000|  1%| E|  |TAMS 0x000000008eb00000| PB 0x000000008eb00000| Complete 
| 236|0x000000008ec00000, 0x000000008ed00000, 0x000000008ed00000|100%| E|CS|TAMS 0x000000008ec00000| PB 0x000000008ec00000| Complete 
| 237|0x000000008ed00000, 0x000000008ee00000, 0x000000008ee00000|100%| E|CS|TAMS 0x000000008ed00000| PB 0x000000008ed00000| Complete 
| 238|0x000000008ee00000, 0x000000008ef00000, 0x000000008ef00000|100%| E|CS|TAMS 0x000000008ee00000| PB 0x000000008ee00000| Complete 
| 239|0x000000008ef00000, 0x000000008f000000, 0x000000008f000000|100%| E|CS|TAMS 0x000000008ef00000| PB 0x000000008ef00000| Complete 
| 240|0x000000008f000000, 0x000000008f100000, 0x000000008f100000|100%| E|CS|TAMS 0x000000008f000000| PB 0x000000008f000000| Complete 
| 250|0x000000008fa00000, 0x000000008fb00000, 0x000000008fb00000|100%| E|CS|TAMS 0x000000008fa00000| PB 0x000000008fa00000| Complete 
| 251|0x000000008fb00000, 0x000000008fc00000, 0x000000008fc00000|100%| E|CS|TAMS 0x000000008fb00000| PB 0x000000008fb00000| Complete 
|2030|0x00000000fee00000, 0x00000000fef00000, 0x00000000fef00000|100%| O|  |TAMS 0x00000000fee00000| PB 0x00000000fee00000| Untracked 
|2031|0x00000000fef00000, 0x00000000ff000000, 0x00000000ff000000|100%| O|  |TAMS 0x00000000fef00000| PB 0x00000000fef00000| Untracked 
|2032|0x00000000ff000000, 0x00000000ff100000, 0x00000000ff100000|100%| O|  |TAMS 0x00000000ff000000| PB 0x00000000ff000000| Untracked 
|2033|0x00000000ff100000, 0x00000000ff200000, 0x00000000ff200000|100%| O|  |TAMS 0x00000000ff100000| PB 0x00000000ff100000| Untracked 
|2034|0x00000000ff200000, 0x00000000ff300000, 0x00000000ff300000|100%| O|  |TAMS 0x00000000ff200000| PB 0x00000000ff200000| Untracked 
|2035|0x00000000ff300000, 0x00000000ff400000, 0x00000000ff400000|100%| O|  |TAMS 0x00000000ff300000| PB 0x00000000ff300000| Untracked 
|2036|0x00000000ff400000, 0x00000000ff500000, 0x00000000ff500000|100%| O|  |TAMS 0x00000000ff400000| PB 0x00000000ff400000| Untracked 
|2037|0x00000000ff500000, 0x00000000ff600000, 0x00000000ff600000|100%| E|CS|TAMS 0x00000000ff500000| PB 0x00000000ff500000| Complete 
|2038|0x00000000ff600000, 0x00000000ff700000, 0x00000000ff700000|100%| O|  |TAMS 0x00000000ff600000| PB 0x00000000ff600000| Untracked 
|2039|0x00000000ff700000, 0x00000000ff800000, 0x00000000ff800000|100%| E|CS|TAMS 0x00000000ff700000| PB 0x00000000ff700000| Complete 
|2040|0x00000000ff800000, 0x00000000ff900000, 0x00000000ff900000|100%| E|CS|TAMS 0x00000000ff800000| PB 0x00000000ff800000| Complete 
|2041|0x00000000ff900000, 0x00000000ffa00000, 0x00000000ffa00000|100%| O|  |TAMS 0x00000000ff900000| PB 0x00000000ff900000| Untracked 
|2042|0x00000000ffa00000, 0x00000000ffb00000, 0x00000000ffb00000|100%| O|  |TAMS 0x00000000ffa00000| PB 0x00000000ffa00000| Untracked 
|2043|0x00000000ffb00000, 0x00000000ffc00000, 0x00000000ffc00000|100%| O|  |TAMS 0x00000000ffb00000| PB 0x00000000ffb00000| Untracked 
|2044|0x00000000ffc00000, 0x00000000ffd00000, 0x00000000ffd00000|100%| O|  |TAMS 0x00000000ffc00000| PB 0x00000000ffc00000| Untracked 
|2045|0x00000000ffd00000, 0x00000000ffe00000, 0x00000000ffe00000|100%| O|  |TAMS 0x00000000ffd00000| PB 0x00000000ffd00000| Untracked 
|2046|0x00000000ffe00000, 0x00000000fff00000, 0x00000000fff00000|100%| O|  |TAMS 0x00000000ffe00000| PB 0x00000000ffe00000| Untracked 
|2047|0x00000000fff00000, 0x0000000100000000, 0x0000000100000000|100%| O|  |TAMS 0x00000000fff00000| PB 0x00000000fff00000| Untracked 

Card table byte_map: [0x0000028a5b380000,0x0000028a5b780000] _byte_map_base: 0x0000028a5af80000

Marking Bits: (CMBitMap*) 0x0000028a47e914a0
 Bits: [0x0000028a5b780000, 0x0000028a5d780000)

Polling page: 0x0000028a45f80000

Metaspace:

Usage:
  Non-class:     94.50 MB used.
      Class:     15.52 MB used.
       Both:    110.02 MB used.

Virtual space:
  Non-class space:      128.00 MB reserved,      95.62 MB ( 75%) committed,  2 nodes.
      Class space:        1.00 GB reserved,      16.56 MB (  2%) committed,  1 nodes.
             Both:        1.12 GB reserved,     112.19 MB ( 10%) committed. 

Chunk freelists:
   Non-Class:  15.82 MB
       Class:  15.26 MB
        Both:  31.08 MB

MaxMetaspaceSize: unlimited
CompressedClassSpaceSize: 1.00 GB
Initial GC threshold: 21.00 MB
Current GC threshold: 182.44 MB
CDS: off
 - commit_granule_bytes: 65536.
 - commit_granule_words: 8192.
 - virtual_space_node_default_size: 8388608.
 - enlarge_chunks_in_place: 1.
 - use_allocation_guard: 0.


Internal statistics:

num_allocs_failed_limit: 9.
num_arena_births: 4370.
num_arena_deaths: 0.
num_vsnodes_births: 3.
num_vsnodes_deaths: 0.
num_space_committed: 1795.
num_space_uncommitted: 0.
num_chunks_returned_to_freelist: 9.
num_chunks_taken_from_freelist: 9290.
num_chunk_merges: 9.
num_chunk_splits: 6033.
num_chunks_enlarged: 3705.
num_inconsistent_stats: 0.

CodeHeap 'non-profiled nmethods': size=119168Kb used=7317Kb max_used=7317Kb free=111850Kb
 bounds [0x0000028a52b20000, 0x0000028a53250000, 0x0000028a59f80000]
CodeHeap 'profiled nmethods': size=119104Kb used=23479Kb max_used=23479Kb free=95624Kb
 bounds [0x0000028a4af80000, 0x0000028a4c670000, 0x0000028a523d0000]
CodeHeap 'non-nmethods': size=7488Kb used=4581Kb max_used=4627Kb free=2906Kb
 bounds [0x0000028a523d0000, 0x0000028a52860000, 0x0000028a52b20000]
CodeCache: size=245760Kb, used=35377Kb, max_used=35423Kb, free=210380Kb
 total_blobs=13330, nmethods=12323, adapters=908, full_count=0
Compilation: enabled, stopped_count=0, restarted_count=0

Compilation events (20 events):
Event: 16.129 Thread 0x0000028a6d104a60 nmethod 14222 0x0000028a4c647b10 code [0x0000028a4c647cc0, 0x0000028a4c647e78]
Event: 16.129 Thread 0x0000028a611e9b20 nmethod 14221 0x0000028a4c647f10 code [0x0000028a4c6480c0, 0x0000028a4c648210]
Event: 16.129 Thread 0x0000028a6d105130 nmethod 14223 0x0000028a4c648310 code [0x0000028a4c6484c0, 0x0000028a4c648680]
Event: 16.129 Thread 0x0000028a6d1013e0 nmethod 14220 0x0000028a4c648710 code [0x0000028a4c6488c0, 0x0000028a4c648bf0]
Event: 16.129 Thread 0x0000028a6d102f20 nmethod 14131 0x0000028a5323cc90 code [0x0000028a5323ce40, 0x0000028a5323d180]
Event: 16.129 Thread 0x0000028a6d102f20 14208       4       org.gradle.api.internal.MutationGuards$1::wrapLazyAction (2 bytes)
Event: 16.129 Thread 0x0000028a6d102f20 nmethod 14208 0x0000028a5323d490 code [0x0000028a5323d620, 0x0000028a5323d6a8]
Event: 16.129 Thread 0x0000028a6d102f20 14116       4       org.gradle.internal.hash.HashCode$HashCode128::equals (57 bytes)
Event: 16.129 Thread 0x0000028a6d1013e0 14226       3       org.gradle.api.internal.artifacts.configurations.DefaultConfiguration::setDescription (7 bytes)
Event: 16.129 Thread 0x0000028a6d102f20 nmethod 14116 0x0000028a5323d790 code [0x0000028a5323d920, 0x0000028a5323da50]
Event: 16.129 Thread 0x0000028a6d102f20 14224       4       java.util.TreeMap::buildFromSorted (218 bytes)
Event: 16.129 Thread 0x0000028a6d1013e0 nmethod 14226 0x0000028a4c648d10 code [0x0000028a4c648ea0, 0x0000028a4c649000]
Event: 16.129 Thread 0x0000028a6d105130 14227       1       org.gradle.internal.ImmutableActionSet$SetWithFewActions::isEmpty (2 bytes)
Event: 16.129 Thread 0x0000028a6d105130 nmethod 14227 0x0000028a5323db90 code [0x0000028a5323dd20, 0x0000028a5323dde8]
Event: 16.130 Thread 0x0000028a6d105130 14229       3       org.gradle.api.internal.file.collections.DefaultConfigurableFileCollection::setToConventionIfUnset (24 bytes)
Event: 16.130 Thread 0x0000028a6d104a60 14230       1       com.android.build.api.component.impl.ComponentImpl::getBuildFeatures (5 bytes)
Event: 16.130 Thread 0x0000028a6d104a60 nmethod 14230 0x0000028a5323de90 code [0x0000028a5323e020, 0x0000028a5323e0e8]
Event: 16.130 Thread 0x0000028a6d1013e0 14231       1       com.android.build.api.artifact.impl.ScopedArtifactsImpl$ScopedArtifactsContainer::getFinalScopedContent (5 bytes)
Event: 16.130 Thread 0x0000028a6d105130 nmethod 14229 0x0000028a4c649090 code [0x0000028a4c6492c0, 0x0000028a4c649b80]
Event: 16.130 Thread 0x0000028a6d1013e0 nmethod 14231 0x0000028a5323e190 code [0x0000028a5323e320, 0x0000028a5323e3e8]

GC Heap History (20 events):
Event: 5.123 GC heap before
{Heap before GC invocations=26 (full 0):
 garbage-first heap   total 180224K, used 148228K [0x0000000080000000, 0x0000000100000000)
  region size 1024K, 69 young (70656K), 9 survivors (9216K)
 Metaspace       used 90345K, committed 92224K, reserved 1179648K
  class space    used 12478K, committed 13376K, reserved 1048576K
}
Event: 5.126 GC heap after
{Heap after GC invocations=27 (full 0):
 garbage-first heap   total 180224K, used 89876K [0x0000000080000000, 0x0000000100000000)
  region size 1024K, 4 young (4096K), 4 survivors (4096K)
 Metaspace       used 90345K, committed 92224K, reserved 1179648K
  class space    used 12478K, committed 13376K, reserved 1048576K
}
Event: 5.165 GC heap before
{Heap before GC invocations=27 (full 0):
 garbage-first heap   total 180224K, used 94996K [0x0000000080000000, 0x0000000100000000)
  region size 1024K, 10 young (10240K), 4 survivors (4096K)
 Metaspace       used 91003K, committed 92928K, reserved 1179648K
  class space    used 12564K, committed 13504K, reserved 1048576K
}
Event: 5.166 GC heap after
{Heap after GC invocations=28 (full 0):
 garbage-first heap   total 180224K, used 89929K [0x0000000080000000, 0x0000000100000000)
  region size 1024K, 4 young (4096K), 4 survivors (4096K)
 Metaspace       used 91003K, committed 92928K, reserved 1179648K
  class space    used 12564K, committed 13504K, reserved 1048576K
}
Event: 5.539 GC heap before
{Heap before GC invocations=29 (full 0):
 garbage-first heap   total 180224K, used 158537K [0x0000000080000000, 0x0000000100000000)
  region size 1024K, 68 young (69632K), 4 survivors (4096K)
 Metaspace       used 95431K, committed 97408K, reserved 1179648K
  class space    used 13216K, committed 14144K, reserved 1048576K
}
Event: 5.542 GC heap after
{Heap after GC invocations=30 (full 0):
 garbage-first heap   total 180224K, used 98524K [0x0000000080000000, 0x0000000100000000)
  region size 1024K, 9 young (9216K), 9 survivors (9216K)
 Metaspace       used 95431K, committed 97408K, reserved 1179648K
  class space    used 13216K, committed 14144K, reserved 1048576K
}
Event: 5.762 GC heap before
{Heap before GC invocations=30 (full 0):
 garbage-first heap   total 180224K, used 157916K [0x0000000080000000, 0x0000000100000000)
  region size 1024K, 67 young (68608K), 9 survivors (9216K)
 Metaspace       used 98020K, committed 100096K, reserved 1179648K
  class space    used 13575K, committed 14592K, reserved 1048576K
}
Event: 5.767 GC heap after
{Heap after GC invocations=31 (full 0):
 garbage-first heap   total 180224K, used 99999K [0x0000000080000000, 0x0000000100000000)
  region size 1024K, 5 young (5120K), 5 survivors (5120K)
 Metaspace       used 98020K, committed 100096K, reserved 1179648K
  class space    used 13575K, committed 14592K, reserved 1048576K
}
Event: 5.803 GC heap before
{Heap before GC invocations=31 (full 0):
 garbage-first heap   total 180224K, used 106143K [0x0000000080000000, 0x0000000100000000)
  region size 1024K, 12 young (12288K), 5 survivors (5120K)
 Metaspace       used 98430K, committed 100416K, reserved 1179648K
  class space    used 13636K, committed 14592K, reserved 1048576K
}
Event: 5.805 GC heap after
{Heap after GC invocations=32 (full 0):
 garbage-first heap   total 180224K, used 100551K [0x0000000080000000, 0x0000000100000000)
  region size 1024K, 5 young (5120K), 5 survivors (5120K)
 Metaspace       used 98430K, committed 100416K, reserved 1179648K
  class space    used 13636K, committed 14592K, reserved 1048576K
}
Event: 6.161 GC heap before
{Heap before GC invocations=33 (full 0):
 garbage-first heap   total 180224K, used 163015K [0x0000000080000000, 0x0000000100000000)
  region size 1024K, 65 young (66560K), 5 survivors (5120K)
 Metaspace       used 103377K, committed 105472K, reserved 1179648K
  class space    used 14489K, committed 15488K, reserved 1048576K
}
Event: 6.166 GC heap after
{Heap after GC invocations=34 (full 0):
 garbage-first heap   total 180224K, used 102086K [0x0000000080000000, 0x0000000100000000)
  region size 1024K, 7 young (7168K), 7 survivors (7168K)
 Metaspace       used 103377K, committed 105472K, reserved 1179648K
  class space    used 14489K, committed 15488K, reserved 1048576K
}
Event: 6.474 GC heap before
{Heap before GC invocations=34 (full 0):
 garbage-first heap   total 180224K, used 161478K [0x0000000080000000, 0x0000000100000000)
  region size 1024K, 65 young (66560K), 7 survivors (7168K)
 Metaspace       used 107633K, committed 109760K, reserved 1179648K
  class space    used 15113K, committed 16128K, reserved 1048576K
}
Event: 6.477 GC heap after
{Heap after GC invocations=35 (full 0):
 garbage-first heap   total 180224K, used 104122K [0x0000000080000000, 0x0000000100000000)
  region size 1024K, 6 young (6144K), 6 survivors (6144K)
 Metaspace       used 107633K, committed 109760K, reserved 1179648K
  class space    used 15113K, committed 16128K, reserved 1048576K
}
Event: 15.602 GC heap before
{Heap before GC invocations=35 (full 0):
 garbage-first heap   total 180224K, used 136890K [0x0000000080000000, 0x0000000100000000)
  region size 1024K, 39 young (39936K), 6 survivors (6144K)
 Metaspace       used 109865K, committed 112000K, reserved 1179648K
  class space    used 15530K, committed 16576K, reserved 1048576K
}
Event: 15.605 GC heap after
{Heap after GC invocations=36 (full 0):
 garbage-first heap   total 180224K, used 106148K [0x0000000080000000, 0x0000000100000000)
  region size 1024K, 6 young (6144K), 6 survivors (6144K)
 Metaspace       used 109865K, committed 112000K, reserved 1179648K
  class space    used 15530K, committed 16576K, reserved 1048576K
}
Event: 15.891 GC heap before
{Heap before GC invocations=37 (full 0):
 garbage-first heap   total 191488K, used 189092K [0x0000000080000000, 0x0000000100000000)
  region size 1024K, 46 young (47104K), 6 survivors (6144K)
 Metaspace       used 111640K, committed 113856K, reserved 1179648K
  class space    used 15807K, committed 16896K, reserved 1048576K
}
Event: 15.896 GC heap after
{Heap after GC invocations=38 (full 0):
 garbage-first heap   total 248832K, used 159044K [0x0000000080000000, 0x0000000100000000)
  region size 1024K, 8 young (8192K), 8 survivors (8192K)
 Metaspace       used 111640K, committed 113856K, reserved 1179648K
  class space    used 15807K, committed 16896K, reserved 1048576K
}
Event: 16.087 GC heap before
{Heap before GC invocations=38 (full 0):
 garbage-first heap   total 248832K, used 217412K [0x0000000080000000, 0x0000000100000000)
  region size 1024K, 66 young (67584K), 8 survivors (8192K)
 Metaspace       used 112539K, committed 114816K, reserved 1179648K
  class space    used 15890K, committed 16960K, reserved 1048576K
}
Event: 16.090 GC heap after
{Heap after GC invocations=39 (full 0):
 garbage-first heap   total 248832K, used 163128K [0x0000000080000000, 0x0000000100000000)
  region size 1024K, 5 young (5120K), 5 survivors (5120K)
 Metaspace       used 112539K, committed 114816K, reserved 1179648K
  class space    used 15890K, committed 16960K, reserved 1048576K
}

Dll operation events (3 events):
Event: 0.006 Loaded shared library C:\Program Files\Android\Android Studio\jbr\bin\java.dll
Event: 0.009 Loaded shared library C:\Program Files\Android\Android Studio\jbr\bin\zip.dll
Event: 0.333 Loaded shared library C:\Program Files\Android\Android Studio\jbr\bin\verify.dll

Deoptimization events (20 events):
Event: 16.062 Thread 0x0000028a67281200 DEOPT PACKING pc=0x0000028a52d4c62c sp=0x000000f1966f84e0
Event: 16.062 Thread 0x0000028a67281200 DEOPT UNPACKING pc=0x0000028a524246a2 sp=0x000000f1966f8450 mode 2
Event: 16.075 Thread 0x0000028a67281200 Uncommon trap: trap_request=0xffffffc6 fr.pc=0x0000028a53104660 relative=0x00000000000024c0
Event: 16.075 Thread 0x0000028a67281200 Uncommon trap: reason=bimorphic_or_optimized_type_check action=maybe_recompile pc=0x0000028a53104660 method=com.android.build.gradle.options.ProjectOptions$OptionValue.lambda$setValue$0(Lorg/gradle/api/provider/Provider;)Ljava/lang/Object; @ 21 c2
Event: 16.075 Thread 0x0000028a67281200 DEOPT PACKING pc=0x0000028a53104660 sp=0x000000f1966f66f0
Event: 16.075 Thread 0x0000028a67281200 DEOPT UNPACKING pc=0x0000028a524246a2 sp=0x000000f1966f6620 mode 2
Event: 16.084 Thread 0x0000028a67281200 Uncommon trap: trap_request=0xffffffde fr.pc=0x0000028a531b41c4 relative=0x0000000000002044
Event: 16.084 Thread 0x0000028a67281200 Uncommon trap: reason=class_check action=maybe_recompile pc=0x0000028a531b41c4 method=com.google.common.cache.LocalCache$Segment.storeLoadedValue(Ljava/lang/Object;ILcom/google/common/cache/LocalCache$LoadingValueReference;Ljava/lang/Object;)Z @ 282 c2
Event: 16.084 Thread 0x0000028a67281200 DEOPT PACKING pc=0x0000028a531b41c4 sp=0x000000f1966f72b0
Event: 16.084 Thread 0x0000028a67281200 DEOPT UNPACKING pc=0x0000028a524246a2 sp=0x000000f1966f7248 mode 2
Event: 16.092 Thread 0x0000028a67281200 Uncommon trap: trap_request=0xffffffde fr.pc=0x0000028a531b41c4 relative=0x0000000000002044
Event: 16.092 Thread 0x0000028a67281200 Uncommon trap: reason=class_check action=maybe_recompile pc=0x0000028a531b41c4 method=com.google.common.cache.LocalCache$Segment.storeLoadedValue(Ljava/lang/Object;ILcom/google/common/cache/LocalCache$LoadingValueReference;Ljava/lang/Object;)Z @ 282 c2
Event: 16.092 Thread 0x0000028a67281200 DEOPT PACKING pc=0x0000028a531b41c4 sp=0x000000f1966f65c0
Event: 16.092 Thread 0x0000028a67281200 DEOPT UNPACKING pc=0x0000028a524246a2 sp=0x000000f1966f6558 mode 2
Event: 16.092 Thread 0x0000028a67281200 Uncommon trap: trap_request=0xffffffde fr.pc=0x0000028a531b41c4 relative=0x0000000000002044
Event: 16.092 Thread 0x0000028a67281200 Uncommon trap: reason=class_check action=maybe_recompile pc=0x0000028a531b41c4 method=com.google.common.cache.LocalCache$Segment.storeLoadedValue(Ljava/lang/Object;ILcom/google/common/cache/LocalCache$LoadingValueReference;Ljava/lang/Object;)Z @ 282 c2
Event: 16.092 Thread 0x0000028a67281200 DEOPT PACKING pc=0x0000028a531b41c4 sp=0x000000f1966f65c0
Event: 16.092 Thread 0x0000028a67281200 DEOPT UNPACKING pc=0x0000028a524246a2 sp=0x000000f1966f6558 mode 2
Event: 16.116 Thread 0x0000028a67281200 DEOPT PACKING pc=0x0000028a4ba5b4f7 sp=0x000000f1966f7750
Event: 16.116 Thread 0x0000028a67281200 DEOPT UNPACKING pc=0x0000028a52424e42 sp=0x000000f1966f6c50 mode 0

Classes loaded (20 events):
Event: 15.652 Loading class java/util/function/ToLongBiFunction
Event: 15.652 Loading class java/util/function/ToLongBiFunction done
Event: 15.652 Loading class java/util/function/LongBinaryOperator
Event: 15.652 Loading class java/util/function/LongBinaryOperator done
Event: 15.652 Loading class java/util/function/ToIntBiFunction
Event: 15.652 Loading class java/util/function/ToIntBiFunction done
Event: 15.686 Loading class java/util/concurrent/Executors$AutoShutdownDelegatedExecutorService
Event: 15.686 Loading class java/util/concurrent/Executors$DelegatedExecutorService
Event: 15.686 Loading class java/util/concurrent/Executors$DelegatedExecutorService done
Event: 15.686 Loading class java/util/concurrent/Executors$AutoShutdownDelegatedExecutorService done
Event: 15.725 Loading class sun/nio/ch/ChannelOutputStream
Event: 15.725 Loading class sun/nio/ch/ChannelOutputStream done
Event: 15.843 Loading class java/lang/ClassBeanInfo
Event: 15.843 Loading class java/lang/ClassBeanInfo done
Event: 15.843 Loading class java/lang/ClassBeanInfo
Event: 15.843 Loading class java/lang/ClassBeanInfo done
Event: 15.843 Loading class java/lang/ClassCustomizer
Event: 15.843 Loading class java/lang/ClassCustomizer done
Event: 15.843 Loading class java/lang/ClassCustomizer
Event: 15.843 Loading class java/lang/ClassCustomizer done

Classes unloaded (0 events):
No events

Classes redefined (0 events):
No events

Internal exceptions (20 events):
Event: 15.843 Thread 0x0000028a67281200 Exception <a 'java/lang/ClassNotFoundException'{0x000000008916af30}: java/lang/ClassCustomizer> (0x000000008916af30) 
thrown [s\src\hotspot\share\classfile\systemDictionary.cpp, line 312]
Event: 15.845 Thread 0x0000028a67281200 Implicit null exception at 0x0000028a53001b30 to 0x0000028a530042bc
Event: 15.846 Thread 0x0000028a67281200 Exception <a 'java/lang/ClassNotFoundException'{0x0000000089028ff0}: org/gradle/tooling/provider/model/internal/DefaultToolingModelBuilderRegistryBeanInfo> (0x0000000089028ff0) 
thrown [s\src\hotspot\share\classfile\systemDictionary.cpp, line 312]
Event: 15.847 Thread 0x0000028a67281200 Exception <a 'java/lang/ClassNotFoundException'{0x0000000089042710}: org/gradle/tooling/provider/model/internal/DefaultToolingModelBuilderRegistryCustomizer> (0x0000000089042710) 
thrown [s\src\hotspot\share\classfile\systemDictionary.cpp, line 312]
Event: 15.849 Thread 0x0000028a67281200 Exception <a 'java/lang/ClassNotFoundException'{0x000000008909d3d8}: org/gradle/internal/service/ScopedServiceRegistryBeanInfo> (0x000000008909d3d8) 
thrown [s\src\hotspot\share\classfile\systemDictionary.cpp, line 312]
Event: 15.849 Thread 0x0000028a67281200 Exception <a 'java/lang/ClassNotFoundException'{0x00000000890b5a68}: org/gradle/internal/service/DefaultServiceRegistryBeanInfo> (0x00000000890b5a68) 
thrown [s\src\hotspot\share\classfile\systemDictionary.cpp, line 312]
Event: 15.849 Thread 0x0000028a67281200 Exception <a 'java/lang/ClassNotFoundException'{0x00000000890cde60}: org/gradle/internal/service/DefaultServiceRegistryCustomizer> (0x00000000890cde60) 
thrown [s\src\hotspot\share\classfile\systemDictionary.cpp, line 312]
Event: 15.849 Thread 0x0000028a67281200 Exception <a 'java/lang/ClassNotFoundException'{0x00000000890f3c50}: org/gradle/internal/service/ScopedServiceRegistryCustomizer> (0x00000000890f3c50) 
thrown [s\src\hotspot\share\classfile\systemDictionary.cpp, line 312]
Event: 15.851 Thread 0x0000028a67281200 Exception <a 'java/lang/ClassNotFoundException'{0x0000000088f3f0a0}: org/gradle/internal/extensibility/DefaultConventionBeanInfo> (0x0000000088f3f0a0) 
thrown [s\src\hotspot\share\classfile\systemDictionary.cpp, line 312]
Event: 15.851 Thread 0x0000028a67281200 Exception <a 'java/lang/ClassNotFoundException'{0x0000000088f56a08}: org/gradle/internal/extensibility/DefaultConventionCustomizer> (0x0000000088f56a08) 
thrown [s\src\hotspot\share\classfile\systemDictionary.cpp, line 312]
Event: 15.855 Thread 0x0000028a67281200 Exception <a 'java/lang/ClassNotFoundException'{0x0000000088fe06b8}: com/intellij/gradle/toolingExtension/impl/modelBuilder/ExtraModelBuilderBeanInfo> (0x0000000088fe06b8) 
thrown [s\src\hotspot\share\classfile\systemDictionary.cpp, line 312]
Event: 15.855 Thread 0x0000028a67281200 Exception <a 'java/lang/ClassNotFoundException'{0x0000000088fec148}: com/intellij/gradle/toolingExtension/impl/modelBuilder/ExtraModelBuilderCustomizer> (0x0000000088fec148) 
thrown [s\src\hotspot\share\classfile\systemDictionary.cpp, line 312]
Event: 15.913 Thread 0x0000028a67281200 Exception <a 'sun/nio/fs/WindowsException'{0x00000000ff52af68}> (0x00000000ff52af68) 
thrown [s\src\hotspot\share\prims\jni.cpp, line 537]
Event: 15.913 Thread 0x0000028a67281200 Exception <a 'sun/nio/fs/WindowsException'{0x00000000ff52c750}> (0x00000000ff52c750) 
thrown [s\src\hotspot\share\prims\jni.cpp, line 537]
Event: 15.913 Thread 0x0000028a67281200 Exception <a 'sun/nio/fs/WindowsException'{0x00000000ff52df30}> (0x00000000ff52df30) 
thrown [s\src\hotspot\share\prims\jni.cpp, line 537]
Event: 15.913 Thread 0x0000028a67281200 Exception <a 'sun/nio/fs/WindowsException'{0x00000000ff52f708}> (0x00000000ff52f708) 
thrown [s\src\hotspot\share\prims\jni.cpp, line 537]
Event: 15.939 Thread 0x0000028a6855c420 Exception <a 'java/lang/NoSuchMethodError'{0x000000008cc835a0}: static Lorg/gradle/internal/build/event/types/DefaultBuildPhaseDescriptor;.<clinit>()V> (0x000000008cc835a0) 
thrown [s\src\hotspot\share\prims\jni.cpp, line 1144]
Event: 15.940 Thread 0x0000028a67281200 Exception <a 'sun/nio/fs/WindowsException'{0x000000008cc3cc78}> (0x000000008cc3cc78) 
thrown [s\src\hotspot\share\prims\jni.cpp, line 537]
Event: 15.940 Thread 0x0000028a67281200 Exception <a 'sun/nio/fs/WindowsException'{0x000000008cc3e668}> (0x000000008cc3e668) 
thrown [s\src\hotspot\share\prims\jni.cpp, line 537]
Event: 15.940 Thread 0x0000028a67281200 Exception <a 'sun/nio/fs/WindowsException'{0x000000008cc40d18}> (0x000000008cc40d18) 
thrown [s\src\hotspot\share\prims\jni.cpp, line 537]

ZGC Phase Switch (0 events):
No events

VM Operations (20 events):
Event: 15.625 Executing VM operation: G1PauseCleanup
Event: 15.625 Executing VM operation: G1PauseCleanup done
Event: 15.718 Executing VM operation: HandshakeAllThreads (Deoptimize)
Event: 15.718 Executing VM operation: HandshakeAllThreads (Deoptimize) done
Event: 15.719 Executing VM operation: HandshakeAllThreads (Deoptimize)
Event: 15.719 Executing VM operation: HandshakeAllThreads (Deoptimize) done
Event: 15.767 Executing VM operation: ICBufferFull
Event: 15.767 Executing VM operation: ICBufferFull done
Event: 15.890 Executing VM operation: G1CollectForAllocation (G1 Evacuation Pause)
Event: 15.896 Executing VM operation: G1CollectForAllocation (G1 Evacuation Pause) done
Event: 15.929 Executing VM operation: HandshakeAllThreads (Deoptimize)
Event: 15.929 Executing VM operation: HandshakeAllThreads (Deoptimize) done
Event: 15.999 Executing VM operation: ICBufferFull
Event: 16.000 Executing VM operation: ICBufferFull done
Event: 16.052 Executing VM operation: ICBufferFull
Event: 16.052 Executing VM operation: ICBufferFull done
Event: 16.052 Executing VM operation: ICBufferFull
Event: 16.052 Executing VM operation: ICBufferFull done
Event: 16.087 Executing VM operation: G1CollectForAllocation (G1 Evacuation Pause)
Event: 16.090 Executing VM operation: G1CollectForAllocation (G1 Evacuation Pause) done

Memory protections (0 events):
No events

Nmethod flushes (20 events):
Event: 15.618 Thread 0x0000028a4599f690 flushing  nmethod 0x0000028a4b046d10
Event: 15.618 Thread 0x0000028a4599f690 flushing  nmethod 0x0000028a4b0ef690
Event: 15.618 Thread 0x0000028a4599f690 flushing  nmethod 0x0000028a4b515f10
Event: 15.618 Thread 0x0000028a4599f690 flushing  nmethod 0x0000028a4b89c490
Event: 15.618 Thread 0x0000028a4599f690 flushing  nmethod 0x0000028a4b919910
Event: 15.618 Thread 0x0000028a4599f690 flushing  nmethod 0x0000028a4b91c010
Event: 15.618 Thread 0x0000028a4599f690 flushing  nmethod 0x0000028a4b91cb90
Event: 15.618 Thread 0x0000028a4599f690 flushing  nmethod 0x0000028a4b990810
Event: 15.618 Thread 0x0000028a4599f690 flushing  nmethod 0x0000028a4b993590
Event: 15.618 Thread 0x0000028a4599f690 flushing  nmethod 0x0000028a4bf4d390
Event: 15.618 Thread 0x0000028a4599f690 flushing  nmethod 0x0000028a4b183d90
Event: 15.618 Thread 0x0000028a4599f690 flushing  nmethod 0x0000028a4b6cf590
Event: 15.618 Thread 0x0000028a4599f690 flushing  nmethod 0x0000028a4b799c90
Event: 15.618 Thread 0x0000028a4599f690 flushing  nmethod 0x0000028a4b977d10
Event: 15.618 Thread 0x0000028a4599f690 flushing  nmethod 0x0000028a4ba97510
Event: 15.618 Thread 0x0000028a4599f690 flushing  nmethod 0x0000028a4ba97890
Event: 15.618 Thread 0x0000028a4599f690 flushing  nmethod 0x0000028a4ba99410
Event: 15.618 Thread 0x0000028a4599f690 flushing  nmethod 0x0000028a4ba9a410
Event: 15.618 Thread 0x0000028a4599f690 flushing  nmethod 0x0000028a4bdf0890
Event: 15.618 Thread 0x0000028a4599f690 flushing  nmethod 0x0000028a4bfe9310

Events (20 events):
Event: 16.053 Thread 0x0000028a67281200 Thread added: 0x0000028a6e4fe230
Event: 16.053 Thread 0x0000028a67281200 Thread added: 0x0000028a6e4fadb0
Event: 16.053 Thread 0x0000028a67281200 Thread added: 0x0000028a6e4fe8c0
Event: 16.053 Thread 0x0000028a67281200 Thread added: 0x0000028a6e4fb440
Event: 16.053 Thread 0x0000028a67281200 Thread added: 0x0000028a6bfd0c40
Event: 16.053 Thread 0x0000028a67281200 Thread added: 0x0000028a6bfd1960
Event: 16.053 Thread 0x0000028a67281200 Thread added: 0x0000028a6bfcff20
Event: 16.053 Thread 0x0000028a67281200 Thread added: 0x0000028a6bfcf200
Event: 16.053 Thread 0x0000028a67281200 Thread added: 0x0000028a6bfd12d0
Event: 16.054 Thread 0x0000028a67281200 Thread added: 0x0000028a6bfd1ff0
Event: 16.054 Thread 0x0000028a67281200 Thread added: 0x0000028a6bfd2d10
Event: 16.054 Thread 0x0000028a67281200 Thread added: 0x0000028a6bfcf890
Event: 16.054 Thread 0x0000028a67281200 Thread added: 0x0000028a6bfd05b0
Event: 16.054 Thread 0x0000028a67281200 Thread added: 0x0000028a6bfd4750
Event: 16.054 Thread 0x0000028a67281200 Thread added: 0x0000028a6bfd33a0
Event: 16.054 Thread 0x0000028a67281200 Thread added: 0x0000028a6bfd2680
Event: 16.054 Thread 0x0000028a67281200 Thread added: 0x0000028a6bfd40c0
Event: 16.064 Thread 0x0000028a6d100640 Thread added: 0x0000028a6d101ab0
Event: 16.087 Thread 0x0000028a67281200 Thread added: 0x0000028a6bfd4de0
Event: 16.121 Thread 0x0000028a6d104a60 Thread added: 0x0000028a6d105130


Dynamic libraries:
0x00007ff74f6b0000 - 0x00007ff74f6ba000 	C:\Program Files\Android\Android Studio\jbr\bin\java.exe
0x00007ffd993a0000 - 0x00007ffd99607000 	C:\Windows\SYSTEM32\ntdll.dll
0x00007ffd985e0000 - 0x00007ffd986a9000 	C:\Windows\System32\KERNEL32.DLL
0x00007ffd96850000 - 0x00007ffd96c40000 	C:\Windows\System32\KERNELBASE.dll
0x00007ffd96fe0000 - 0x00007ffd9712b000 	C:\Windows\System32\ucrtbase.dll
0x00007ffd93540000 - 0x00007ffd9355b000 	C:\Program Files\Android\Android Studio\jbr\bin\VCRUNTIME140.dll
0x00007ffd7b2a0000 - 0x00007ffd7b2b8000 	C:\Program Files\Android\Android Studio\jbr\bin\jli.dll
0x00007ffd980c0000 - 0x00007ffd98285000 	C:\Windows\System32\USER32.dll
0x00007ffd96820000 - 0x00007ffd96847000 	C:\Windows\System32\win32u.dll
0x00007ffd98d40000 - 0x00007ffd98d6b000 	C:\Windows\System32\GDI32.dll
0x00007ffd96640000 - 0x00007ffd96778000 	C:\Windows\System32\gdi32full.dll
0x00007ffd81bb0000 - 0x00007ffd81e4a000 	C:\Windows\WinSxS\amd64_microsoft.windows.common-controls_6595b64144ccf1df_6.0.26100.4768_none_3e0c112ce331287c\COMCTL32.dll
0x00007ffd96590000 - 0x00007ffd96633000 	C:\Windows\System32\msvcp_win.dll
0x00007ffd98010000 - 0x00007ffd980b9000 	C:\Windows\System32\msvcrt.dll
0x00007ffd98a80000 - 0x00007ffd98aaf000 	C:\Windows\System32\IMM32.DLL
0x00007ffd93530000 - 0x00007ffd9353c000 	C:\Program Files\Android\Android Studio\jbr\bin\vcruntime140_1.dll
0x00007ffd65960000 - 0x00007ffd659ed000 	C:\Program Files\Android\Android Studio\jbr\bin\msvcp140.dll
0x00007ffd24ac0000 - 0x00007ffd25756000 	C:\Program Files\Android\Android Studio\jbr\bin\server\jvm.dll
0x00007ffd974f0000 - 0x00007ffd975a4000 	C:\Windows\System32\ADVAPI32.dll
0x00007ffd98e10000 - 0x00007ffd98eb6000 	C:\Windows\System32\sechost.dll
0x00007ffd98300000 - 0x00007ffd98418000 	C:\Windows\System32\RPCRT4.dll
0x00007ffd97d90000 - 0x00007ffd97e04000 	C:\Windows\System32\WS2_32.dll
0x00007ffd96330000 - 0x00007ffd9638e000 	C:\Windows\SYSTEM32\POWRPROF.dll
0x00007ffd8e1a0000 - 0x00007ffd8e1d5000 	C:\Windows\SYSTEM32\WINMM.dll
0x00007ffd839d0000 - 0x00007ffd839db000 	C:\Windows\SYSTEM32\VERSION.dll
0x00007ffd96310000 - 0x00007ffd96324000 	C:\Windows\SYSTEM32\UMPDC.dll
0x00007ffd95210000 - 0x00007ffd9522b000 	C:\Windows\SYSTEM32\kernel.appcore.dll
0x00007ffd912a0000 - 0x00007ffd912aa000 	C:\Program Files\Android\Android Studio\jbr\bin\jimage.dll
0x00007ffd81e90000 - 0x00007ffd820d1000 	C:\Windows\SYSTEM32\DBGHELP.DLL
0x00007ffd97160000 - 0x00007ffd974e5000 	C:\Windows\System32\combase.dll
0x00007ffd98440000 - 0x00007ffd98520000 	C:\Windows\System32\OLEAUT32.dll
0x00007ffd7d3f0000 - 0x00007ffd7d433000 	C:\Windows\SYSTEM32\dbgcore.DLL
0x00007ffd96780000 - 0x00007ffd96819000 	C:\Windows\System32\bcryptPrimitives.dll
0x00007ffd83810000 - 0x00007ffd8381e000 	C:\Program Files\Android\Android Studio\jbr\bin\instrument.dll
0x00007ffd91280000 - 0x00007ffd912a0000 	C:\Program Files\Android\Android Studio\jbr\bin\java.dll
0x00007ffd7b190000 - 0x00007ffd7b1a8000 	C:\Program Files\Android\Android Studio\jbr\bin\zip.dll
0x00007ffd97640000 - 0x00007ffd97d8d000 	C:\Windows\System32\SHELL32.dll
0x00007ffd96c50000 - 0x00007ffd96dc3000 	C:\Windows\System32\wintypes.dll
0x00007ffd94090000 - 0x00007ffd948f0000 	C:\Windows\SYSTEM32\windows.storage.dll
0x00007ffd98730000 - 0x00007ffd98825000 	C:\Windows\System32\SHCORE.dll
0x00007ffd98290000 - 0x00007ffd982fa000 	C:\Windows\System32\shlwapi.dll
0x00007ffd963f0000 - 0x00007ffd96419000 	C:\Windows\SYSTEM32\profapi.dll
0x00007ffd85430000 - 0x00007ffd85440000 	C:\Program Files\Android\Android Studio\jbr\bin\net.dll
0x00007ffd883a0000 - 0x00007ffd884be000 	C:\Windows\SYSTEM32\WINHTTP.dll
0x00007ffd95780000 - 0x00007ffd957eb000 	C:\Windows\system32\mswsock.dll
0x00007ffd738b0000 - 0x00007ffd738c6000 	C:\Program Files\Android\Android Studio\jbr\bin\nio.dll
0x00007ffd7a290000 - 0x00007ffd7a2a0000 	C:\Program Files\Android\Android Studio\jbr\bin\verify.dll
0x00007ffd83820000 - 0x00007ffd83847000 	C:\Users\COMPUTER\.gradle\native\1def1411415f61bf3af743bc5b6707747c0891f09f0c88961ee8f79bc544acac\windows-amd64\native-platform.dll
0x00007ffd66870000 - 0x00007ffd668e8000 	C:\Users\COMPUTER\.gradle\native\0.2.7\x86_64-windows-gnu\gradle-fileevents.dll
0x00007ffd83800000 - 0x00007ffd83809000 	C:\Program Files\Android\Android Studio\jbr\bin\management.dll
0x00007ffd80510000 - 0x00007ffd8051b000 	C:\Program Files\Android\Android Studio\jbr\bin\management_ext.dll
0x00007ffd98df0000 - 0x00007ffd98df8000 	C:\Windows\System32\PSAPI.DLL
0x00007ffd94c00000 - 0x00007ffd94c33000 	C:\Windows\SYSTEM32\IPHLPAPI.DLL
0x00007ffd98ec0000 - 0x00007ffd98eca000 	C:\Windows\System32\NSI.dll
0x00007ffd85370000 - 0x00007ffd85379000 	C:\Program Files\Android\Android Studio\jbr\bin\extnet.dll
0x00007ffd95b60000 - 0x00007ffd95b7b000 	C:\Windows\SYSTEM32\CRYPTSP.dll
0x00007ffd95170000 - 0x00007ffd951ab000 	C:\Windows\system32\rsaenh.dll
0x00007ffd95820000 - 0x00007ffd9584b000 	C:\Windows\SYSTEM32\USERENV.dll
0x00007ffd963c0000 - 0x00007ffd963e6000 	C:\Windows\SYSTEM32\bcrypt.dll
0x00007ffd959c0000 - 0x00007ffd959cc000 	C:\Windows\SYSTEM32\CRYPTBASE.dll
0x00007ffd6d1b0000 - 0x00007ffd6d1b8000 	C:\Windows\system32\wshunix.dll

JVMTI agents:
C:\Users\COMPUTER\.gradle\wrapper\dists\gradle-8.13-bin\5xuhj0ry160q40clulazy9h7d\gradle-8.13\lib\agents\gradle-instrumentation-agent-8.13.jar path:C:\Program Files\Android\Android Studio\jbr\bin\instrument.dll, loaded, initialized, instrumentlib options:none

dbghelp: loaded successfully - version: 4.0.5 - missing functions: none
symbol engine: initialized successfully - sym options: 0x614 - pdb path: .;C:\Program Files\Android\Android Studio\jbr\bin;C:\Windows\SYSTEM32;C:\Windows\WinSxS\amd64_microsoft.windows.common-controls_6595b64144ccf1df_6.0.26100.4768_none_3e0c112ce331287c;C:\Program Files\Android\Android Studio\jbr\bin\server;C:\Users\COMPUTER\.gradle\native\1def1411415f61bf3af743bc5b6707747c0891f09f0c88961ee8f79bc544acac\windows-amd64;C:\Users\COMPUTER\.gradle\native\0.2.7\x86_64-windows-gnu

VM Arguments:
jvm_args: --add-opens=java.base/java.lang=ALL-UNNAMED --add-opens=java.base/java.lang.invoke=ALL-UNNAMED --add-opens=java.base/java.util=ALL-UNNAMED --add-opens=java.prefs/java.util.prefs=ALL-UNNAMED --add-exports=jdk.compiler/com.sun.tools.javac.api=ALL-UNNAMED --add-exports=jdk.compiler/com.sun.tools.javac.util=ALL-UNNAMED --add-opens=java.base/java.util=ALL-UNNAMED --add-opens=java.prefs/java.util.prefs=ALL-UNNAMED --add-opens=java.base/java.nio.charset=ALL-UNNAMED --add-opens=java.base/java.net=ALL-UNNAMED --add-opens=java.base/java.util.concurrent.atomic=ALL-UNNAMED --add-opens=java.xml/javax.xml.namespace=ALL-UNNAMED -Xmx2048m -Dfile.encoding=UTF-8 -Duser.country=KR -Duser.language=ko -Duser.variant -javaagent:C:\Users\COMPUTER\.gradle\wrapper\dists\gradle-8.13-bin\5xuhj0ry160q40clulazy9h7d\gradle-8.13\lib\agents\gradle-instrumentation-agent-8.13.jar 
java_command: org.gradle.launcher.daemon.bootstrap.GradleDaemon 8.13
java_class_path (initial): C:\Users\COMPUTER\.gradle\wrapper\dists\gradle-8.13-bin\5xuhj0ry160q40clulazy9h7d\gradle-8.13\lib\gradle-daemon-main-8.13.jar
Launcher Type: SUN_STANDARD

[Global flags]
     intx CICompilerCount                          = 12                                        {product} {ergonomic}
     uint ConcGCThreads                            = 5                                         {product} {ergonomic}
     uint G1ConcRefinementThreads                  = 20                                        {product} {ergonomic}
   size_t G1HeapRegionSize                         = 1048576                                   {product} {ergonomic}
    uintx GCDrainStackTargetSize                   = 64                                        {product} {ergonomic}
   size_t InitialHeapSize                          = 264241152                                 {product} {ergonomic}
   size_t MarkStackSize                            = 4194304                                   {product} {ergonomic}
   size_t MaxHeapSize                              = 2147483648                                {product} {command line}
   size_t MaxNewSize                               = 1287651328                                {product} {ergonomic}
   size_t MinHeapDeltaBytes                        = 1048576                                   {product} {ergonomic}
   size_t MinHeapSize                              = 8388608                                   {product} {ergonomic}
    uintx NonNMethodCodeHeapSize                   = 7602480                                {pd product} {ergonomic}
    uintx NonProfiledCodeHeapSize                  = 122027880                              {pd product} {ergonomic}
    uintx ProfiledCodeHeapSize                     = 122027880                              {pd product} {ergonomic}
    uintx ReservedCodeCacheSize                    = 251658240                              {pd product} {ergonomic}
     bool SegmentedCodeCache                       = true                                      {product} {ergonomic}
   size_t SoftMaxHeapSize                          = 2147483648                             {manageable} {ergonomic}
     bool UseCompressedOops                        = true                           {product lp64_product} {ergonomic}
     bool UseG1GC                                  = true                                      {product} {ergonomic}
     bool UseLargePagesIndividualAllocation        = false                                  {pd product} {ergonomic}

Logging:
Log output configuration:
 #0: stdout all=warning uptime,level,tags foldmultilines=false
 #1: stderr all=off uptime,level,tags foldmultilines=false

Environment Variables:
PATH=C:\Program Files\Common Files\Oracle\Java\javapath;C:\Windows\system32;C:\Windows;C:\Windows\System32\Wbem;C:\Windows\System32\WindowsPowerShell\v1.0\;C:\Windows\System32\OpenSSH\;C:\Program Files (x86)\Windows Kits\10\Windows Performance Toolkit\;C:\Users\COMPUTER\AppData\Local\Android\Sdk\tools;C:\Users\COMPUTER\AppData\Local\Android\Sdk\platform-tools;C:\Program Files\Git\cmd;C:\Program Files\Git\bin\git.exe;C:\Program Files\Git\cmd\git.exe;C:\Users\COMPUTER\anaconda3;C:\Users\COMPUTER\anaconda3\Library\mingw-w64\bin;C:\Users\COMPUTER\anaconda3\Library\usr\bin;C:\Users\COMPUTER\anaconda3\Library\bin;C:\Users\COMPUTER\anaconda3\Scripts;C:\Users\COMPUTER\AppData\Local\Programs\Python\Launcher\;C:\Users\COMPUTER\AppData\Local\Microsoft\WindowsApps;C:\Users\COMPUTER\AppData\Local\GitHubDesktop\bin;C:\Program Files\JetBrains\IntelliJ IDEA Community Edition 2025.2\bin;C:\Users\COMPUTER\AppData\Local\Programs\Microsoft VS Code\bin;C:\Users\COMPUTER\AppData\Local\Android\Sdk;
USERNAME=COMPUTER
TMPDIR=C:\Users\Public\Documents\ESTsoft\CreatorTemp
OS=Windows_NT
PROCESSOR_IDENTIFIER=Intel64 Family 6 Model 183 Stepping 1, GenuineIntel
TMP=C:\Users\COMPUTER\AppData\Local\Temp
TEMP=C:\Users\COMPUTER\AppData\Local\Temp




Periodic native trim disabled

JNI global refs:
JNI global refs: 42, weak refs: 24

JNI global refs memory usage: 835, weak refs: 833

Process memory usage:
Resident Set Size: 572908K (3% of 16424388K total physical memory with 5393656K free physical memory)

OOME stack traces (most recent first):
Classloader memory used:
Loader org.gradle.internal.classloader.VisitableURLClassLoader                         : 43670K
Loader bootstrap                                                                       : 28429K
Loader org.gradle.internal.classloader.VisitableURLClassLoader$InstrumentingVisitableURLClassLoader: 24985K
Loader org.gradle.initialization.MixInLegacyTypesClassLoader                           : 12858K
Loader org.gradle.internal.classloader.VisitableURLClassLoader                         : 1122K
Loader jdk.internal.loader.ClassLoaders$PlatformClassLoader                            : 560K
Loader jdk.internal.reflect.DelegatingClassLoader                                      : 522K
Loader jdk.internal.loader.ClassLoaders$AppClassLoader                                 : 235K
Loader org.gradle.groovy.scripts.internal.DefaultScriptCompilationHandler$ScriptClassLoader: 210K
Loader org.codehaus.groovy.runtime.callsite.CallSiteClassLoader                        : 66576B
Loader sun.reflect.misc.MethodUtil                                                     : 2984B

Classes loaded by more than one classloader:
Class Program                                                                         : loaded 5 times (x 72B)
Class org.gradle.api.Action                                                           : loaded 3 times (x 70B)
Class org.gradle.internal.Cast                                                        : loaded 3 times (x 71B)
Class Build_gradle$1                                                                  : loaded 3 times (x 74B)
Class org.gradle.internal.IoActions                                                   : loaded 3 times (x 71B)
Class org.gradle.api.GradleException                                                  : loaded 3 times (x 82B)
Class Build_gradle                                                                    : loaded 3 times (x 130B)
Class org.gradle.api.UncheckedIOException                                             : loaded 3 times (x 82B)
Class com.intellij.gradle.toolingExtension.util.GradleVersionUtil                     : loaded 3 times (x 71B)
Class com.google.common.collect.ImmutableList$1                                       : loaded 2 times (x 97B)
Class org.gradle.api.internal.classpath.ManifestUtil                                  : loaded 2 times (x 71B)
Class com.google.common.collect.RegularImmutableMap                                   : loaded 2 times (x 121B)
Class com.google.common.collect.ImmutableMap$MapViewOfValuesAsSingletonSets           : loaded 2 times (x 126B)
Class org.gradle.internal.operations.MultipleBuildOperationFailures                   : loaded 2 times (x 95B)
Class com.google.common.reflect.TypeCapture                                           : loaded 2 times (x 71B)
Class [Lorg.objectweb.asm.Symbol;                                                     : loaded 2 times (x 69B)
Class org.objectweb.asm.ClassVisitor                                                  : loaded 2 times (x 88B)
Class com.google.common.collect.UnmodifiableListIterator                              : loaded 2 times (x 95B)
Class com.google.common.base.Platform$JdkPatternCompiler                              : loaded 2 times (x 75B)
Class org.objectweb.asm.MethodTooLargeException                                       : loaded 2 times (x 83B)
Class [Lcom.google.common.cache.CacheBuilder$OneWeigher;                              : loaded 2 times (x 69B)
Class com.google.common.base.Suppliers                                                : loaded 2 times (x 71B)
Class org.gradle.internal.classloader.DefaultClassLoaderFactory                       : loaded 2 times (x 82B)
Class kotlin.collections.AbstractList$Companion                                       : loaded 2 times (x 71B)
Class org.gradle.internal.classloader.ClassLoaderVisitor                              : loaded 2 times (x 76B)
Class [Lcom.google.common.collect.ImmutableMapEntry;                                  : loaded 2 times (x 69B)
Class org.gradle.api.internal.classpath.EffectiveClassPath                            : loaded 2 times (x 90B)
Class org.gradle.tooling.internal.gradle.DefaultProjectIdentifier                     : loaded 2 times (x 86B)
Class com.google.common.collect.ImmutableRangeSet                                     : loaded 2 times (x 115B)
Class com.google.common.collect.ListMultimap                                          : loaded 2 times (x 70B)
Class com.google.common.collect.ImmutableEnumMap                                      : loaded 2 times (x 126B)
Class com.google.common.collect.Sets$1                                                : loaded 2 times (x 139B)
Class org.objectweb.asm.AnnotationVisitor                                             : loaded 2 times (x 78B)
Class org.gradle.api.internal.DefaultClassPathProvider                                : loaded 2 times (x 76B)
Class com.google.common.collect.Sets$2                                                : loaded 2 times (x 139B)
Class [Lorg.gradle.api.internal.ClassPathProvider;                                    : loaded 2 times (x 69B)
Class org.gradle.api.internal.ClassPathProvider                                       : loaded 2 times (x 70B)
Class com.google.common.reflect.Types$ClassOwnership$1                                : loaded 2 times (x 80B)
Class [Lorg.objectweb.asm.AnnotationVisitor;                                          : loaded 2 times (x 69B)
Class com.google.common.collect.Sets$3                                                : loaded 2 times (x 139B)
Class com.google.common.util.concurrent.AbstractFuture$SafeAtomicHelper               : loaded 2 times (x 79B)
Class com.google.common.cache.LocalCache$LocalLoadingCache                            : loaded 2 times (x 134B)
Class org.gradle.internal.service.UnknownServiceException                             : loaded 2 times (x 83B)
Class com.google.common.reflect.Types$ClassOwnership$2                                : loaded 2 times (x 80B)
Class com.google.common.reflect.TypeResolver                                          : loaded 2 times (x 72B)
Class com.google.common.collect.Sets$4                                                : loaded 2 times (x 139B)
Class org.objectweb.asm.ModuleVisitor                                                 : loaded 2 times (x 81B)
Class com.google.common.cache.LocalCache$Strength$1                                   : loaded 2 times (x 81B)
Class com.google.common.reflect.Types$ClassOwnership$3                                : loaded 2 times (x 71B)
Class com.google.common.util.concurrent.SettableFuture                                : loaded 2 times (x 114B)
Class com.google.common.cache.LocalCache$Strength$2                                   : loaded 2 times (x 81B)
Class com.google.common.cache.LocalCache$Strength$3                                   : loaded 2 times (x 81B)
Class com.google.common.collect.MapDifference                                         : loaded 2 times (x 70B)
Class com.google.common.reflect.Invokable                                             : loaded 2 times (x 103B)
Class org.objectweb.asm.FieldWriter                                                   : loaded 2 times (x 78B)
Class com.google.common.cache.CacheBuilder$NullListener                               : loaded 2 times (x 82B)
Class org.gradle.internal.classpath.TransformedClassPath                              : loaded 2 times (x 96B)
Class org.gradle.internal.classloader.InstrumentingClassLoader                        : loaded 2 times (x 70B)
Class kotlin.enums.EnumEntriesList                                                    : loaded 2 times (x 223B)
Class com.google.common.reflect.Types$ParameterizedTypeImpl                           : loaded 2 times (x 81B)
Class com.google.common.collect.ImmutableRangeSet$AsSet                               : loaded 2 times (x 300B)
Class com.google.common.cache.CacheLoader$FunctionToCacheLoader                       : loaded 2 times (x 75B)
Class com.google.common.collect.Iterators$ArrayItr                                    : loaded 2 times (x 97B)
Class com.google.common.collect.ImmutableCollection$Builder                           : loaded 2 times (x 76B)
Class com.google.common.reflect.TypeResolver$TypeVariableKey                          : loaded 2 times (x 72B)
Class com.google.common.base.Joiner                                                   : loaded 2 times (x 79B)
Class com.google.common.base.MoreObjects                                              : loaded 2 times (x 71B)
Class com.google.common.collect.Platform                                              : loaded 2 times (x 71B)
Class [Lorg.objectweb.asm.Type;                                                       : loaded 2 times (x 69B)
Class com.google.common.collect.UnmodifiableIterator                                  : loaded 2 times (x 80B)
Class org.gradle.internal.service.ServiceLocator                                      : loaded 2 times (x 70B)
Class com.google.common.util.concurrent.ExecutionError                                : loaded 2 times (x 82B)
Class org.gradle.tooling.model.UnsupportedMethodException                             : loaded 2 times (x 82B)
Class com.google.common.base.Ascii                                                    : loaded 2 times (x 71B)
Class com.google.common.cache.LocalCache$1                                            : loaded 2 times (x 89B)
Class com.google.common.collect.SingletonImmutableBiMap                               : loaded 2 times (x 143B)
Class com.google.common.collect.AbstractMapEntry                                      : loaded 2 times (x 81B)
Class com.google.common.reflect.TypeToken$SimpleTypeToken                             : loaded 2 times (x 73B)
Class com.google.common.collect.Sets$ImprovedAbstractSet                              : loaded 2 times (x 135B)
Class com.google.common.collect.ImmutableList$Builder                                 : loaded 2 times (x 77B)
Class com.google.common.collect.AbstractMultimap                                      : loaded 2 times (x 123B)
Class com.google.common.cache.LocalCache$2                                            : loaded 2 times (x 142B)
Class com.google.common.collect.ImmutableRangeSet$1                                   : loaded 2 times (x 210B)
Class com.google.common.util.concurrent.AbstractFuture$UnsafeAtomicHelper$1           : loaded 2 times (x 76B)
Class com.google.common.collect.RegularImmutableAsList                                : loaded 2 times (x 217B)
Class com.google.common.collect.Range                                                 : loaded 2 times (x 87B)
Class com.google.common.util.concurrent.AbstractFuture$Trusted                        : loaded 2 times (x 70B)
Class com.google.common.collect.Iterators                                             : loaded 2 times (x 71B)
Class com.google.common.collect.Lists$StringAsImmutableList                           : loaded 2 times (x 207B)
Class com.google.common.util.concurrent.UncheckedExecutionException                   : loaded 2 times (x 82B)
Class org.gradle.kotlin.dsl.VersionCatalogAccessorsKt                                 : loaded 2 times (x 71B)
Class org.gradle.internal.InternalTransformer                                         : loaded 2 times (x 70B)
Class org.gradle.internal.time.DefaultTimer                                           : loaded 2 times (x 80B)
Class com.google.common.collect.AbstractMapBasedMultimap$KeySet$1                     : loaded 2 times (x 82B)
Class org.objectweb.asm.ClassWriter                                                   : loaded 2 times (x 106B)
Class com.google.common.cache.CacheLoader$UnsupportedLoadingOperationException        : loaded 2 times (x 82B)
Class com.google.common.base.CharMatcher$And                                          : loaded 2 times (x 112B)
Class org.gradle.internal.classloader.ClasspathUtil$1                                 : loaded 2 times (x 76B)
Class org.objectweb.asm.FieldVisitor                                                  : loaded 2 times (x 77B)
Class com.google.common.collect.IndexedImmutableSet                                   : loaded 2 times (x 152B)
Class com.google.common.collect.ImmutableMap$1                                        : loaded 2 times (x 81B)
Class com.google.common.collect.BiMap                                                 : loaded 2 times (x 70B)
Class org.gradle.api.internal.classpath.DefaultModuleRegistry$DefaultModule           : loaded 2 times (x 86B)
Class com.google.common.reflect.Reflection                                            : loaded 2 times (x 71B)
Class com.google.common.primitives.Ints                                               : loaded 2 times (x 71B)
Class com.google.common.collect.AbstractIterator                                      : loaded 2 times (x 82B)
Class org.gradle.internal.time.DefaultCountdownTimer                                  : loaded 2 times (x 88B)
Class com.google.common.collect.ObjectArrays                                          : loaded 2 times (x 71B)
Class com.google.common.collect.Multiset                                              : loaded 2 times (x 70B)
Class com.google.common.collect.ArrayListMultimapGwtSerializationDependencies         : loaded 2 times (x 172B)
Class com.google.common.collect.AbstractIndexedListIterator                           : loaded 2 times (x 96B)
Class com.google.common.math.MathPreconditions                                        : loaded 2 times (x 71B)
Class org.gradle.tooling.internal.gradle.DefaultBuildIdentifier                       : loaded 2 times (x 79B)
Class kotlin.Function                                                                 : loaded 2 times (x 70B)
Class com.google.common.collect.ImmutableMapEntrySet                                  : loaded 2 times (x 152B)
Class org.gradle.api.internal.classpath.Module                                        : loaded 2 times (x 70B)
Class com.google.common.cache.Weigher                                                 : loaded 2 times (x 70B)
Class org.gradle.api.internal.classpath.UnknownModuleException                        : loaded 2 times (x 82B)
Class com.google.common.base.Stopwatch                                                : loaded 2 times (x 72B)
Class com.google.common.cache.LocalCache$Strength                                     : loaded 2 times (x 81B)
Class com.google.common.cache.Cache                                                   : loaded 2 times (x 70B)
Class com.google.common.util.concurrent.AbstractFuture$Cancellation                   : loaded 2 times (x 72B)
Class com.google.common.collect.ImmutableMap$Builder                                  : loaded 2 times (x 82B)
Class org.gradle.tooling.internal.gradle.GradleProjectIdentity                        : loaded 2 times (x 70B)
Class com.google.common.cache.RemovalListener                                         : loaded 2 times (x 70B)
Class org.gradle.api.internal.DefaultClassPathRegistry                                : loaded 2 times (x 76B)
Class com.google.common.reflect.Invokable$ConstructorInvokable                        : loaded 2 times (x 107B)
Class com.google.common.primitives.IntsMethodsForWeb                                  : loaded 2 times (x 71B)
Class com.google.common.collect.Multimap                                              : loaded 2 times (x 70B)
Class org.gradle.api.internal.ClassPathRegistry                                       : loaded 2 times (x 70B)
Class org.gradle.internal.classpath.DefaultClassPath$ImmutableUniqueList              : loaded 2 times (x 199B)
Class com.google.common.reflect.TypeToken                                             : loaded 2 times (x 73B)
Class com.google.common.collect.ImmutableEnumSet                                      : loaded 2 times (x 146B)
Class org.gradle.internal.classloader.ClassLoaderHierarchy                            : loaded 2 times (x 70B)
Class com.google.common.cache.CacheBuilder                                            : loaded 2 times (x 72B)
Class com.google.common.collect.SingletonImmutableList                                : loaded 2 times (x 207B)
Class Settings_gradle$1                                                               : loaded 2 times (x 74B)
Class org.gradle.internal.classpath.ClassPath                                         : loaded 2 times (x 70B)
Class [Lcom.google.common.reflect.Types$JavaVersion;                                  : loaded 2 times (x 69B)
Class com.google.common.base.JdkPattern                                               : loaded 2 times (x 75B)
Class com.google.common.collect.ImmutableList$ReverseImmutableList                    : loaded 2 times (x 209B)
Class ijJvmDebugger2_8g869j4xt9t70z2h08yspeiyl                                        : loaded 2 times (x 179B)
Class org.objectweb.asm.SymbolTable$Entry                                             : loaded 2 times (x 74B)
Class com.google.common.util.concurrent.AbstractFuture$AtomicHelper                   : loaded 2 times (x 78B)
Class org.gradle.tooling.model.Model                                                  : loaded 2 times (x 70B)
Class org.objectweb.asm.Edge                                                          : loaded 2 times (x 72B)
Class com.google.common.base.Suppliers$SupplierOfInstance                             : loaded 2 times (x 79B)
Class com.google.common.collect.Iterators$1                                           : loaded 2 times (x 81B)
Class kotlin.UninitializedPropertyAccessException                                     : loaded 2 times (x 82B)
Class com.google.common.base.CharMatcher$IsEither                                     : loaded 2 times (x 111B)
Class com.google.common.cache.LocalCache$ComputingValueReference                      : loaded 2 times (x 96B)
Class com.google.common.collect.SingletonImmutableSet                                 : loaded 2 times (x 146B)
Class com.google.common.collect.ImmutableMap$IteratorBasedImmutableMap                : loaded 2 times (x 126B)
Class com.google.common.reflect.TypeToken$2                                           : loaded 2 times (x 110B)
Class com.google.common.cache.LocalCache$Segment                                      : loaded 2 times (x 154B)
Class com.google.common.collect.SortedIterable                                        : loaded 2 times (x 70B)
Class com.google.common.collect.AbstractListMultimap                                  : loaded 2 times (x 172B)
Class [Lorg.objectweb.asm.SymbolTable$Entry;                                          : loaded 2 times (x 69B)
Class com.google.common.cache.CacheLoader                                             : loaded 2 times (x 74B)
Class com.google.common.collect.Iterators$4                                           : loaded 2 times (x 82B)
Class com.google.common.collect.ImmutableBiMap                                        : loaded 2 times (x 143B)
Class org.gradle.internal.installation.GradleInstallation$1                           : loaded 2 times (x 75B)
Class org.gradle.api.internal.classpath.ModuleRegistry                                : loaded 2 times (x 70B)
Class com.google.common.util.concurrent.internal.InternalFutureFailureAccess          : loaded 2 times (x 72B)
Class com.google.common.collect.Iterators$5                                           : loaded 2 times (x 82B)
Class com.google.common.collect.ImmutableSet$JdkBackedSetBuilderImpl                  : loaded 2 times (x 76B)
Class com.google.common.util.concurrent.AbstractFuture$UnsafeAtomicHelper             : loaded 2 times (x 78B)
Class com.google.common.cache.LocalCache$LocalManualCache$1                           : loaded 2 times (x 75B)
Class com.google.common.base.CharMatcher$ForPredicate                                 : loaded 2 times (x 112B)
Class com.google.common.base.CharMatcher$AnyOf                                        : loaded 2 times (x 112B)
Class com.google.common.collect.ImmutableCollection                                   : loaded 2 times (x 125B)
Class org.gradle.api.internal.classpath.DefaultModuleRegistry                         : loaded 2 times (x 86B)
Class com.google.common.collect.Lists                                                 : loaded 2 times (x 71B)
Class com.google.common.util.concurrent.ListenableFuture                              : loaded 2 times (x 70B)
Class com.google.common.cache.ReferenceEntry                                          : loaded 2 times (x 70B)
Class com.google.common.base.Converter                                                : loaded 2 times (x 90B)
Class com.google.common.collect.ImmutableSet$CachingAsList                            : loaded 2 times (x 148B)
Class com.google.common.collect.AbstractMapBasedMultimap                              : loaded 2 times (x 139B)
Class com.google.common.util.concurrent.AbstractFuture                                : loaded 2 times (x 106B)
Class com.google.common.base.FunctionalEquivalence                                    : loaded 2 times (x 83B)
Class com.google.common.collect.Iterators$9                                           : loaded 2 times (x 81B)
Class com.google.common.collect.ImmutableAsList                                       : loaded 2 times (x 209B)
Class org.gradle.util.internal.DefaultGradleVersion$Stage                             : loaded 2 times (x 75B)
Class com.google.common.reflect.TypeResolver$TypeTable                                : loaded 2 times (x 73B)
Class org.objectweb.asm.RecordComponentVisitor                                        : loaded 2 times (x 77B)
Class com.google.common.cache.CacheLoader$SupplierToCacheLoader                       : loaded 2 times (x 75B)
Class org.gradle.internal.time.MonotonicClock                                         : loaded 2 times (x 77B)
Class com.google.common.reflect.TypeResolver$TypeTable$1                              : loaded 2 times (x 73B)
Class com.google.common.collect.Maps$EntryTransformer                                 : loaded 2 times (x 70B)
Class org.gradle.internal.service.ServiceLookupException                              : loaded 2 times (x 82B)
Class com.google.common.collect.ImmutableSortedSet                                    : loaded 2 times (x 300B)
Class [Lcom.google.common.cache.LocalCache$EntryFactory;                              : loaded 2 times (x 69B)
Class ijKotlinCoroutineJvmDebugInit2_ezbr0y5lgx6mgpo6abq1y1nio$_run_closure1          : loaded 2 times (x 139B)
Class org.gradle.internal.classloader.ClassLoaderFactory                              : loaded 2 times (x 70B)
Class com.google.common.base.CommonPattern                                            : loaded 2 times (x 74B)
Class com.google.common.cache.LocalCache$LocalManualCache                             : loaded 2 times (x 99B)
Class com.google.common.base.CharMatcher$IsNot                                        : loaded 2 times (x 111B)
Class org.gradle.internal.service.CachingServiceLocator                               : loaded 2 times (x 82B)
Class com.google.common.collect.AbstractMapBasedMultimap$KeySet                       : loaded 2 times (x 137B)
Class com.google.common.collect.RegularImmutableSortedSet                             : loaded 2 times (x 300B)
Class com.google.common.math.IntMath                                                  : loaded 2 times (x 71B)
Class org.gradle.internal.time.TimeSource                                             : loaded 2 times (x 70B)
Class com.google.common.reflect.Types$TypeVariableInvocationHandler                   : loaded 2 times (x 75B)
Class com.google.common.collect.ImmutableMapEntry                                     : loaded 2 times (x 85B)
Class ijKotlinCoroutineJvmDebugInit2_ezbr0y5lgx6mgpo6abq1y1nio                        : loaded 2 times (x 179B)
Class org.gradle.tooling.internal.gradle.GradleBuildIdentity                          : loaded 2 times (x 70B)
Class kotlin.enums.EnumEntries                                                        : loaded 2 times (x 70B)
Class com.google.common.base.Equivalence                                              : loaded 2 times (x 82B)
Class com.google.common.base.Function                                                 : loaded 2 times (x 70B)
Class com.google.common.collect.ImmutableMapEntry$NonTerminalImmutableMapEntry        : loaded 2 times (x 85B)
Class org.gradle.internal.exceptions.ResolutionProvider                               : loaded 2 times (x 70B)
Class com.google.common.cache.CacheBuilder$OneWeigher                                 : loaded 2 times (x 82B)
Class com.google.common.collect.RegularImmutableList                                  : loaded 2 times (x 213B)
Class org.gradle.tooling.model.ProjectIdentifier                                      : loaded 2 times (x 70B)
Class com.google.common.reflect.Types$ClassOwnership$1LocalClass                      : loaded 2 times (x 71B)
Class org.gradle.internal.classloader.ClasspathUtil                                   : loaded 2 times (x 71B)
Class org.jetbrains.kotlin.tooling.core.HasExtras                                     : loaded 2 times (x 70B)
Class com.google.common.base.Charsets                                                 : loaded 2 times (x 71B)
Class com.google.common.util.concurrent.Uninterruptibles                              : loaded 2 times (x 71B)
Class org.gradle.internal.time.TimeSource$1                                           : loaded 2 times (x 77B)
Class kotlin.jvm.internal.DefaultConstructorMarker                                    : loaded 2 times (x 71B)
Class com.google.common.collect.Maps                                                  : loaded 2 times (x 71B)
Class ijJvmDebugger2_8g869j4xt9t70z2h08yspeiyl$_run_closure1                          : loaded 2 times (x 139B)
Class org.gradle.api.specs.Spec                                                       : loaded 2 times (x 70B)
Class com.google.common.reflect.Types$JavaVersion                                     : loaded 2 times (x 83B)
Class [Lcom.google.common.collect.ImmutableEntry;                                     : loaded 2 times (x 69B)
Class com.google.common.cache.LocalCache$LoadingValueReference                        : loaded 2 times (x 96B)
Class ijJvmDebugger2_8g869j4xt9t70z2h08yspeiyl$_run_closure1$_closure2                : loaded 2 times (x 140B)
Class com.intellij.gradle.toolingExtension.impl.model.utilDummyModel.DummyModel       : loaded 2 times (x 70B)
Class org.gradle.internal.time.Clock                                                  : loaded 2 times (x 70B)
Class org.gradle.internal.classloader.FilteringClassLoader                            : loaded 2 times (x 105B)
Class com.google.common.reflect.Invokable$MethodInvokable                             : loaded 2 times (x 107B)
Class com.google.common.base.Platform                                                 : loaded 2 times (x 71B)
Class kotlin.collections.AbstractList                                                 : loaded 2 times (x 197B)
Class kotlin.collections.AbstractCollection                                           : loaded 2 times (x 117B)
Class [Lorg.objectweb.asm.AnnotationWriter;                                           : loaded 2 times (x 69B)
Class com.google.common.collect.Maps$8                                                : loaded 2 times (x 82B)
Class org.jetbrains.kotlin.tooling.core.Extras                                        : loaded 2 times (x 70B)
Class com.google.common.collect.ImmutableRangeSet$Builder                             : loaded 2 times (x 77B)
Class com.google.common.collect.Sets$SetView                                          : loaded 2 times (x 138B)
Class com.google.common.cache.LocalCache$StrongValueReference                         : loaded 2 times (x 90B)
Class com.google.common.util.concurrent.AbstractFuture$SynchronizedHelper             : loaded 2 times (x 78B)
Class org.gradle.internal.impldep.com.google.common.base.Preconditions                : loaded 2 times (x 71B)
Class org.objectweb.asm.Type                                                          : loaded 2 times (x 72B)
Class org.gradle.internal.classloader.VisitableURLClassLoader$InstrumentingVisitableURLClassLoader: loaded 2 times (x 123B)
Class org.objectweb.asm.ByteVector                                                    : loaded 2 times (x 79B)
Class [Lcom.google.common.cache.CacheBuilder$NullListener;                            : loaded 2 times (x 69B)
Class com.google.common.math.IntMath$1                                                : loaded 2 times (x 71B)
Class org.gradle.internal.classloader.VisitableURLClassLoader$Spec                    : loaded 2 times (x 74B)
Class org.gradle.internal.classpath.DefaultClassPath                                  : loaded 2 times (x 90B)
Class org.gradle.util.internal.DefaultGradleVersion                                   : loaded 2 times (x 80B)
Class com.google.common.reflect.Types$ClassOwnership                                  : loaded 2 times (x 80B)
Class org.objectweb.asm.Symbol                                                        : loaded 2 times (x 73B)
Class com.google.common.base.CharMatcher$Ascii                                        : loaded 2 times (x 112B)
Class com.google.common.base.CharMatcher$BitSetMatcher                                : loaded 2 times (x 112B)
Class com.google.common.collect.RegularImmutableMap$Values                            : loaded 2 times (x 207B)
Class com.google.common.collect.ImmutableSet                                          : loaded 2 times (x 145B)
Class org.gradle.internal.classloader.ClassLoaderSpec                                 : loaded 2 times (x 71B)
Class org.objectweb.asm.AnnotationWriter                                              : loaded 2 times (x 79B)
Class com.google.common.cache.CacheStats                                              : loaded 2 times (x 71B)
Class kotlin.Unit                                                                     : loaded 2 times (x 71B)
Class org.objectweb.asm.RecordComponentWriter                                         : loaded 2 times (x 78B)
Class com.google.common.util.concurrent.AbstractFuture$Listener                       : loaded 2 times (x 72B)
Class com.google.common.base.CharMatcher$Or                                           : loaded 2 times (x 112B)
Class Settings_gradle$1$1                                                             : loaded 2 times (x 74B)
Class org.objectweb.asm.Attribute                                                     : loaded 2 times (x 77B)
Class com.google.common.base.Supplier                                                 : loaded 2 times (x 70B)
Class org.gradle.internal.classloader.VisitableURLClassLoader                         : loaded 2 times (x 117B)
Class com.google.common.collect.RegularImmutableMap$KeySet                            : loaded 2 times (x 152B)
Class com.google.common.base.Equivalence$Identity                                     : loaded 2 times (x 82B)
Class com.google.common.util.concurrent.AbstractFuture$Waiter                         : loaded 2 times (x 72B)
Class Settings_gradle                                                                 : loaded 2 times (x 128B)
Class kotlin.jvm.functions.Function1                                                  : loaded 2 times (x 70B)
Class com.google.common.base.Strings                                                  : loaded 2 times (x 71B)
Class com.google.common.collect.Sets                                                  : loaded 2 times (x 71B)
Class org.objectweb.asm.Handler                                                       : loaded 2 times (x 72B)
Class com.google.common.base.Ticker                                                   : loaded 2 times (x 72B)
Class com.google.common.base.CharMatcher$FastMatcher                                  : loaded 2 times (x 111B)
Class [Lcom.google.common.cache.LocalCache$Segment;                                   : loaded 2 times (x 69B)
Class [Lcom.google.common.cache.LocalCache$Strength;                                  : loaded 2 times (x 69B)
Class com.google.common.cache.CacheBuilder$1                                          : loaded 2 times (x 85B)
Class com.google.common.base.Predicate                                                : loaded 2 times (x 70B)
Class com.google.common.collect.ImmutableMap                                          : loaded 2 times (x 120B)
Class org.gradle.internal.classpath.DefaultClassPath$ImmutableUniqueList$Builder      : loaded 2 times (x 75B)
Class com.google.common.collect.AbstractRangeSet                                      : loaded 2 times (x 114B)
Class com.google.common.cache.LocalCache                                              : loaded 2 times (x 187B)
Class com.google.common.cache.CacheBuilder$2                                          : loaded 2 times (x 79B)
Class com.google.common.base.CharMatcher$NegatedFastMatcher                           : loaded 2 times (x 113B)
Class com.google.common.base.PairwiseEquivalence                                      : loaded 2 times (x 83B)
Class org.gradle.internal.exceptions.NonGradleCauseExceptionsHolder                   : loaded 2 times (x 70B)
Class com.google.common.collect.ArrayListMultimap                                     : loaded 2 times (x 172B)
Class com.google.common.cache.CacheBuilder$3                                          : loaded 2 times (x 72B)
Class [Lcom.google.common.collect.AbstractMapEntry;                                   : loaded 2 times (x 69B)
Class com.google.common.collect.ImmutableEntry                                        : loaded 2 times (x 82B)
Class com.google.common.collect.CollectPreconditions                                  : loaded 2 times (x 71B)
Class org.jetbrains.plugins.gradle.tooling.ModelBuilderService$Parameter              : loaded 2 times (x 70B)
Class com.google.common.collect.SortedMapDifference                                   : loaded 2 times (x 70B)
Class com.google.common.cache.LocalCache$EntryFactory                                 : loaded 2 times (x 83B)
Class com.google.common.reflect.TypeToken$1                                           : loaded 2 times (x 110B)
Class kotlin.enums.EnumEntriesKt                                                      : loaded 2 times (x 71B)
Class org.jetbrains.kotlin.tooling.core.HasMutableExtras                              : loaded 2 times (x 70B)
Class com.google.common.reflect.Types$NativeTypeVariableEquals                        : loaded 2 times (x 71B)
Class com.google.common.reflect.TypeParameter                                         : loaded 2 times (x 72B)
Class com.google.common.cache.LocalCache$AbstractReferenceEntry                       : loaded 2 times (x 107B)
Class com.google.common.collect.ImmutableRangeSet$ComplementRanges                    : loaded 2 times (x 207B)
Class org.objectweb.asm.SymbolTable                                                   : loaded 2 times (x 72B)
Class com.google.common.cache.CacheLoader$InvalidCacheLoadException                   : loaded 2 times (x 82B)
Class com.google.common.collect.ImmutableSet$RegularSetBuilderImpl                    : loaded 2 times (x 77B)
Class org.gradle.internal.classloader.SystemClassLoaderSpec                           : loaded 2 times (x 71B)
Class org.gradle.internal.exceptions.MultiCauseException                              : loaded 2 times (x 70B)
Class org.gradle.internal.time.CountdownTimer                                         : loaded 2 times (x 70B)
Class kotlin.jvm.internal.Intrinsics                                                  : loaded 2 times (x 71B)
Class com.google.common.cache.LocalCache$StrongEntry                                  : loaded 2 times (x 108B)
Class com.google.common.util.concurrent.AbstractFuture$TrustedFuture                  : loaded 2 times (x 114B)
Class com.google.common.cache.LoadingCache                                            : loaded 2 times (x 70B)
Class org.gradle.tooling.model.ProjectModel                                           : loaded 2 times (x 70B)
Class org.objectweb.asm.MethodWriter                                                  : loaded 2 times (x 106B)
Class [Lcom.google.common.cache.Weigher;                                              : loaded 2 times (x 69B)
Class com.google.common.collect.RegularImmutableMap$BucketOverflowException           : loaded 2 times (x 82B)
Class kotlin.KotlinNullPointerException                                               : loaded 2 times (x 83B)
Class org.gradle.internal.exceptions.DefaultMultiCauseException                       : loaded 2 times (x 95B)
Class com.google.common.reflect.Types$JavaVersion$1                                   : loaded 2 times (x 83B)
Class com.google.common.cache.LocalCache$ValueReference                               : loaded 2 times (x 70B)
Class com.google.common.base.CharMatcher$Negated                                      : loaded 2 times (x 113B)
Class com.google.common.base.CharMatcher$Is                                           : loaded 2 times (x 111B)
Class com.google.common.collect.RegularImmutableBiMap                                 : loaded 2 times (x 149B)
Class ijKotlinCoroutineJvmDebugInit2_ezbr0y5lgx6mgpo6abq1y1nio$_run_closure1$_closure2: loaded 2 times (x 139B)
Class com.google.common.reflect.Types$JavaVersion$2                                   : loaded 2 times (x 83B)
Class com.google.common.reflect.Types                                                 : loaded 2 times (x 71B)
Class com.google.common.base.PatternCompiler                                          : loaded 2 times (x 70B)
Class com.google.common.util.concurrent.AbstractFuture$Failure                        : loaded 2 times (x 72B)
Class com.google.common.base.Equivalence$Equals                                       : loaded 2 times (x 82B)
Class com.google.common.collect.Hashing                                               : loaded 2 times (x 71B)
Class com.google.common.base.Preconditions                                            : loaded 2 times (x 71B)
Class org.gradle.internal.time.Time                                                   : loaded 2 times (x 71B)
Class com.google.common.reflect.Types$JavaVersion$3                                   : loaded 2 times (x 83B)
Class com.google.common.base.Joiner$1                                                 : loaded 2 times (x 80B)
Class org.objectweb.asm.Label                                                         : loaded 2 times (x 73B)
Class org.objectweb.asm.CurrentFrame                                                  : loaded 2 times (x 73B)
Class org.objectweb.asm.ClassTooLargeException                                        : loaded 2 times (x 83B)
Class com.google.common.base.CharMatcher                                              : loaded 2 times (x 111B)
Class com.google.common.collect.PeekingIterator                                       : loaded 2 times (x 70B)
Class com.google.common.reflect.Types$JavaVersion$4                                   : loaded 2 times (x 83B)
Class com.google.common.collect.RangeGwtSerializationDependencies                     : loaded 2 times (x 71B)
Class com.google.common.base.Joiner$2                                                 : loaded 2 times (x 79B)
Class org.objectweb.asm.Frame                                                         : loaded 2 times (x 73B)
Class org.objectweb.asm.MethodVisitor                                                 : loaded 2 times (x 105B)
Class com.google.common.cache.LocalCache$EntryFactory$1                               : loaded 2 times (x 83B)
Class [Lcom.google.common.cache.RemovalListener;                                      : loaded 2 times (x 69B)
Class com.google.common.base.CharMatcher$1                                            : loaded 2 times (x 113B)
Class com.google.common.base.CharMatcher$NamedFastMatcher                             : loaded 2 times (x 112B)
Class com.google.common.reflect.Types$JavaVersion$5                                   : loaded 2 times (x 71B)
Class [Lcom.google.common.reflect.Types$ClassOwnership;                               : loaded 2 times (x 69B)
Class com.google.common.collect.RangeSet                                              : loaded 2 times (x 70B)
Class com.google.common.cache.LocalCache$EntryFactory$2                               : loaded 2 times (x 83B)
Class org.gradle.api.internal.classpath.GlobalCacheRootsProvider                      : loaded 2 times (x 70B)
Class org.gradle.tooling.model.BuildIdentifier                                        : loaded 2 times (x 70B)
Class com.google.common.collect.CollectCollectors                                     : loaded 2 times (x 71B)
Class org.objectweb.asm.ModuleWriter                                                  : loaded 2 times (x 82B)
Class com.google.common.cache.LocalCache$EntryFactory$3                               : loaded 2 times (x 83B)
Class com.google.common.base.Ticker$1                                                 : loaded 2 times (x 72B)
Class com.google.common.collect.Maps$BiMapConverter                                   : loaded 2 times (x 90B)
Class com.google.common.collect.ImmutableMapEntrySet$RegularEntrySet                  : loaded 2 times (x 152B)
Class com.google.common.cache.LocalCache$EntryFactory$4                               : loaded 2 times (x 83B)
Class com.google.common.base.CharMatcher$InRange                                      : loaded 2 times (x 111B)
Class com.google.common.collect.ImmutableSet$Builder                                  : loaded 2 times (x 85B)
Class com.google.common.cache.LocalCache$EntryFactory$5                               : loaded 2 times (x 83B)
Class sync_studio_tooling2031_45vtryuwcnon31mtmngx683n0                               : loaded 2 times (x 179B)
Class org.gradle.internal.time.Timer                                                  : loaded 2 times (x 70B)
Class kotlin.jvm.internal.markers.KMappedMarker                                       : loaded 2 times (x 70B)
Class kotlin.NotImplementedError                                                      : loaded 2 times (x 82B)
Class com.google.common.cache.LocalCache$EntryFactory$6                               : loaded 2 times (x 83B)
Class org.gradle.internal.installation.CurrentGradleInstallationLocator               : loaded 2 times (x 71B)
Class com.google.common.collect.Maps$KeySet                                           : loaded 2 times (x 137B)
Class com.google.common.cache.LocalCache$EntryFactory$7                               : loaded 2 times (x 83B)
Class com.google.common.collect.ImmutableSet$EmptySetBuilderImpl                      : loaded 2 times (x 76B)
Class com.google.common.collect.ImmutableList                                         : loaded 2 times (x 206B)
Class org.gradle.internal.service.DefaultServiceLocator                               : loaded 2 times (x 83B)
Class org.gradle.util.GradleVersion                                                   : loaded 2 times (x 79B)
Class com.google.common.cache.LocalCache$EntryFactory$8                               : loaded 2 times (x 83B)
Class com.google.common.collect.ImmutableSet$SetBuilderImpl                           : loaded 2 times (x 76B)
Class org.gradle.internal.installation.CurrentGradleInstallation                      : loaded 2 times (x 73B)
Class com.google.common.cache.CacheLoader$1                                           : loaded 2 times (x 75B)
Class com.google.common.collect.ImmutableList$SubList                                 : loaded 2 times (x 209B)
Class org.gradle.util.internal.GUtil                                                  : loaded 2 times (x 71B)
Class com.google.common.util.concurrent.AbstractFuture$SetFuture                      : loaded 2 times (x 75B)
Class com.google.common.cache.AbstractCache$StatsCounter                              : loaded 2 times (x 70B)
Class com.google.common.reflect.Types$TypeVariableImpl                                : loaded 2 times (x 72B)
Class com.google.common.collect.Iterators$MergingIterator                             : loaded 2 times (x 81B)
Class com.google.common.collect.RegularImmutableSet                                   : loaded 2 times (x 149B)
Class org.gradle.internal.installation.GradleInstallation                             : loaded 2 times (x 75B)
Class ijInit9_8867d74oin0pckwnerzxybcqz                                               : loaded 2 times (x 179B)
Class com.google.common.collect.Iterables                                             : loaded 2 times (x 71B)

---------------  S Y S T E M  ---------------

OS:
 Windows 11 , 64 bit Build 26100 (10.0.26100.4768)
OS uptime: 8 days 4:54 hours
Hyper-V role detected

CPU: total 28 (initial active 28) (14 cores per cpu, 2 threads per core) family 6 model 183 stepping 1 microcode 0x12b, cx8, cmov, fxsr, ht, mmx, 3dnowpref, sse, sse2, sse3, ssse3, sse4.1, sse4.2, popcnt, lzcnt, tsc, tscinvbit, avx, avx2, aes, erms, clmul, bmi1, bmi2, adx, sha, fma, vzeroupper, clflush, clflushopt, clwb, hv, serialize, rdtscp, rdpid, fsrm, f16c, cet_ibt, cet_ss
Processor Information for the first 28 processors :
  Max Mhz: 2100, Current Mhz: 2100, Mhz Limit: 2100

Memory: 4k page, system-wide physical 16039M (5265M free)
TotalPageFile size 65191M (AvailPageFile size 11M)
current process WorkingSet (physical memory assigned to process): 560M, peak: 560M
current process commit charge ("private bytes"): 628M, peak: 629M

vm_info: OpenJDK 64-Bit Server VM (21.0.8+-14196175-b1038.72) for windows-amd64 JRE (21.0.8+-14196175-b1038.72), built on 2025-10-01T10:24:33Z by "builder" with MS VC++ 16.10 / 16.11 (VS2019)

END.
