#
# There is insufficient memory for the Java Runtime Environment to continue.
# Native memory allocation (mmap) failed to map 214958080 bytes. Error detail: G1 virtual space
# Possible reasons:
#   The system is out of physical RAM or swap space
#   This process is running with CompressedOops enabled, and the Java Heap may be blocking the growth of the native heap
# Possible solutions:
#   Reduce memory load on the system
#   Increase physical memory or swap space
#   Check if swap backing store is full
#   Decrease Java heap size (-Xmx/-Xms)
#   Decrease number of Java threads
#   Decrease Java thread stack sizes (-Xss)
#   Set larger code cache with -XX:ReservedCodeCacheSize=
#   JVM is running with Unscaled Compressed Oops mode in which the Java heap is
#     placed in the first 4GB address space. The Java Heap base address is the
#     maximum limit for the native heap growth. Please use -XX:HeapBaseMinAddress
#     to set the Java Heap base and to place the Java Heap above 4GB virtual address.
# This output file may be truncated or incomplete.
#
#  Out of Memory Error (os_windows.cpp:3925), pid=24836, tid=23108
#
# JRE version: OpenJDK Runtime Environment (21.0.8) (build 21.0.8+-14196175-b1038.72)
# Java VM: OpenJDK 64-Bit Server VM (21.0.8+-14196175-b1038.72, mixed mode, tiered, compressed oops, compressed class ptrs, g1 gc, windows-amd64)
# No core dump will be written. Minidumps are not enabled by default on client versions of Windows
#

---------------  S U M M A R Y ------------

Command Line: --add-opens=java.base/java.lang=ALL-UNNAMED --add-opens=java.base/java.lang.invoke=ALL-UNNAMED --add-opens=java.base/java.util=ALL-UNNAMED --add-opens=java.prefs/java.util.prefs=ALL-UNNAMED --add-exports=jdk.compiler/com.sun.tools.javac.api=ALL-UNNAMED --add-exports=jdk.compiler/com.sun.tools.javac.util=ALL-UNNAMED --add-opens=java.base/java.util=ALL-UNNAMED --add-opens=java.prefs/java.util.prefs=ALL-UNNAMED --add-opens=java.base/java.nio.charset=ALL-UNNAMED --add-opens=java.base/java.net=ALL-UNNAMED --add-opens=java.base/java.util.concurrent.atomic=ALL-UNNAMED --add-opens=java.xml/javax.xml.namespace=ALL-UNNAMED -Xmx2048m -Dfile.encoding=UTF-8 -Duser.country=KR -Duser.language=ko -Duser.variant -javaagent:C:\Users\COMPUTER\.gradle\wrapper\dists\gradle-8.13-bin\5xuhj0ry160q40clulazy9h7d\gradle-8.13\lib\agents\gradle-instrumentation-agent-8.13.jar org.gradle.launcher.daemon.bootstrap.GradleDaemon 8.13

Host: Intel(R) Core(TM) i7-14700, 28 cores, 15G,  Windows 11 , 64 bit Build 26100 (10.0.26100.4768)
Time: Fri Nov 14 13:34:42 2025 elapsed time: 9.303023 seconds (0d 0h 0m 9s)

---------------  T H R E A D  ---------------

Current thread (0x000001b07c15bc40):  VMThread "VM Thread"          [id=23108, stack(0x0000009f31a00000,0x0000009f31b00000) (1024K)]

Stack: [0x0000009f31a00000,0x0000009f31b00000]
Native frames: (J=compiled Java code, j=interpreted, Vv=VM code, C=native code)
V  [jvm.dll+0x6d68d9]
V  [jvm.dll+0x866693]
V  [jvm.dll+0x868c4e]
V  [jvm.dll+0x869333]
V  [jvm.dll+0x280566]
V  [jvm.dll+0x6d3195]
V  [jvm.dll+0x6c69ea]
V  [jvm.dll+0x3586db]
V  [jvm.dll+0x360336]
V  [jvm.dll+0x3b23f6]
V  [jvm.dll+0x3b26c8]
V  [jvm.dll+0x32ae6c]
V  [jvm.dll+0x32aef7]
V  [jvm.dll+0x370d3c]
V  [jvm.dll+0x36f4ee]
V  [jvm.dll+0x32a5c1]
V  [jvm.dll+0x36ebf0]
V  [jvm.dll+0x86f0b8]
V  [jvm.dll+0x870434]
V  [jvm.dll+0x870970]
V  [jvm.dll+0x870c03]
V  [jvm.dll+0x80eac8]
V  [jvm.dll+0x6d512d]
C  [ucrtbase.dll+0x37b0]
C  [KERNEL32.DLL+0x2e8d7]
C  [ntdll.dll+0x3c34c]

VM_Operation (0x0000009f34afe6d0): G1CollectForAllocation, mode: safepoint, requested by thread 0x000001b07e409c90


---------------  P R O C E S S  ---------------

Threads class SMR info:
_java_thread_list=0x000001b0134cd240, length=198, elements={
0x000001b071e6c870, 0x000001b07c1d32e0, 0x000001b07c1a2320, 0x000001b07c1a4da0,
0x000001b07c2036e0, 0x000001b07c204140, 0x000001b07c204ba0, 0x000001b07c215ee0,
0x000001b07c1f1c00, 0x000001b07c1f26a0, 0x000001b07c3c23d0, 0x000001b07c3c2a80,
0x000001b07c6b9ee0, 0x000001b07d5d9d60, 0x000001b07c6bb290, 0x000001b07c6ba570,
0x000001b07c6bb920, 0x000001b07c6bbfb0, 0x000001b07c6bac00, 0x000001b07c6b9850,
0x000001b07c6bc640, 0x000001b07e408250, 0x000001b07e40b6d0, 0x000001b07e40bd60,
0x000001b07e40b040, 0x000001b07e4088e0, 0x000001b07e409c90, 0x000001b07e40c3f0,
0x000001b07e408f70, 0x000001b07e409600, 0x000001b07e40ca80, 0x000001b07e40d110,
0x000001b07e40d7a0, 0x000001b07e40de30, 0x000001b07e40a9b0, 0x000001b07e40e4c0,
0x000001b07e40eb50, 0x000001b07e40f1e0, 0x000001b07e40f870, 0x000001b0138f9d10,
0x000001b0138f82d0, 0x000001b0138f8960, 0x000001b0138f75b0, 0x000001b0138f6f20,
0x000001b0138f6890, 0x000001b0138fa3a0, 0x000001b0138f7c40, 0x000001b0138f9680,
0x000001b0138fb750, 0x000001b0138fc470, 0x000001b0138f8ff0, 0x000001b0138fb0c0,
0x000001b0138fd820, 0x000001b0138fbde0, 0x000001b0138faa30, 0x000001b0168acd00,
0x000001b0168abfe0, 0x000001b0168aac30, 0x000001b0168ab2c0, 0x000001b0168ac670,
0x000001b0168ae0b0, 0x000001b0168ae740, 0x000001b0168ab950, 0x000001b0168b0ea0,
0x000001b0168afaf0, 0x000001b0168b1bc0, 0x000001b0168b0180, 0x000001b0168af460,
0x000001b0168b0810, 0x000001b015ad7af0, 0x000001b015ad60b0, 0x000001b015ad6740,
0x000001b015ad4670, 0x000001b015ad6dd0, 0x000001b015ad5390, 0x000001b015ad8180,
0x000001b015ad7460, 0x000001b015ad5a20, 0x000001b015ad4d00, 0x000001b015ada8e0,
0x000001b015ad9bc0, 0x000001b015ad8810, 0x000001b015ada250, 0x000001b015ad9530,
0x000001b017437e70, 0x000001b0174377e0, 0x000001b017438500, 0x000001b017435080,
0x000001b017436430, 0x000001b017438b90, 0x000001b017436ac0, 0x000001b017435710,
0x000001b017437150, 0x000001b017439220, 0x000001b017435da0, 0x000001b01743ac60,
0x000001b01743b980, 0x000001b0174398b0, 0x000001b017439f40, 0x000001b01743c010,
0x000001b01743a5d0, 0x000001b01743b2f0, 0x000001b01743c6a0, 0x000001b017b98a70,
0x000001b017b9bef0, 0x000001b017b9ab40, 0x000001b017b9b860, 0x000001b017b9b1d0,
0x000001b017b9c580, 0x000001b017b99100, 0x000001b017b9cc10, 0x000001b017b99790,
0x000001b017b9d2a0, 0x000001b017b99e20, 0x000001b017b9d930, 0x000001b017b9a4b0,
0x000001b017ba0090, 0x000001b017b9dfc0, 0x000001b017b9e650, 0x000001b017b9ece0,
0x000001b017b9f370, 0x000001b017b9fa00, 0x000001b017e4b160, 0x000001b017e4b7f0,
0x000001b017e48370, 0x000001b017e49720, 0x000001b017e4be80, 0x000001b017e48a00,
0x000001b017e4a440, 0x000001b017e4c510, 0x000001b017e4aad0, 0x000001b017e49090,
0x000001b017e4cba0, 0x000001b017e4d230, 0x000001b017e49db0, 0x000001b017e4f990,
0x000001b017e4df50, 0x000001b017e4e5e0, 0x000001b017e4ec70, 0x000001b017e4f300,
0x000001b017291ad0, 0x000001b017291440, 0x000001b017290720, 0x000001b017290090,
0x000001b017293510, 0x000001b017292160, 0x000001b0172927f0, 0x000001b017292e80,
0x000001b017290db0, 0x000001b017294230, 0x000001b0172955e0, 0x000001b017293ba0,
0x000001b017295c70, 0x000001b017296300, 0x000001b017296990, 0x000001b017297020,
0x000001b017294f50, 0x000001b0172976b0, 0x000001b0172948c0, 0x000001b017aa5610,
0x000001b017aa76e0, 0x000001b017aa8400, 0x000001b017aa9120, 0x000001b017aa5ca0,
0x000001b017aa69c0, 0x000001b017aa7050, 0x000001b015e413f0, 0x000001b015e41a80,
0x000001b015e42110, 0x000001b015e427a0, 0x000001b015e40d60, 0x000001b015e46940,
0x000001b015e47cf0, 0x000001b015e462b0, 0x000001b015e44f00, 0x000001b015e45590,
0x000001b015e45c20, 0x000001b015e44870, 0x000001b015e48a10, 0x000001b015e48380,
0x000001b015e490a0, 0x000001b015e46fd0, 0x000001b015e49730, 0x000001b015e49dc0,
0x000001b015e4a450, 0x000001b015e4aae0, 0x000001b015e47660, 0x000001b015e4b800,
0x000001b015e4cbb0, 0x000001b015e4b170, 0x000001b015e4d240, 0x000001b015e4df60,
0x000001b015e4be90, 0x000001b015e4e5f0, 0x000001b015e4d8d0, 0x000001b015e4c520,
0x000001b017ab0740, 0x000001b0155a79e0
}

Java Threads: ( => current thread )
  0x000001b071e6c870 JavaThread "main"                              [_thread_blocked, id=19756, stack(0x0000009f31300000,0x0000009f31400000) (1024K)]
  0x000001b07c1d32e0 JavaThread "Common-Cleaner"             daemon [_thread_blocked, id=9448, stack(0x0000009f31b00000,0x0000009f31c00000) (1024K)]
  0x000001b07c1a2320 JavaThread "Reference Handler"          daemon [_thread_blocked, id=21320, stack(0x0000009f31c00000,0x0000009f31d00000) (1024K)]
  0x000001b07c1a4da0 JavaThread "Finalizer"                  daemon [_thread_blocked, id=2952, stack(0x0000009f31d00000,0x0000009f31e00000) (1024K)]
  0x000001b07c2036e0 JavaThread "Signal Dispatcher"          daemon [_thread_blocked, id=18568, stack(0x0000009f31e00000,0x0000009f31f00000) (1024K)]
  0x000001b07c204140 JavaThread "Attach Listener"            daemon [_thread_blocked, id=8952, stack(0x0000009f31f00000,0x0000009f32000000) (1024K)]
  0x000001b07c204ba0 JavaThread "Service Thread"             daemon [_thread_blocked, id=23204, stack(0x0000009f32000000,0x0000009f32100000) (1024K)]
  0x000001b07c215ee0 JavaThread "Monitor Deflation Thread"   daemon [_thread_blocked, id=20836, stack(0x0000009f32100000,0x0000009f32200000) (1024K)]
  0x000001b07c1f1c00 JavaThread "C2 CompilerThread0"         daemon [_thread_blocked, id=25892, stack(0x0000009f32200000,0x0000009f32300000) (1024K)]
  0x000001b07c1f26a0 JavaThread "C1 CompilerThread0"         daemon [_thread_blocked, id=25340, stack(0x0000009f32300000,0x0000009f32400000) (1024K)]
  0x000001b07c3c23d0 JavaThread "C1 CompilerThread1"         daemon [_thread_blocked, id=20444, stack(0x0000009f32400000,0x0000009f32500000) (1024K)]
  0x000001b07c3c2a80 JavaThread "C1 CompilerThread2"         daemon [_thread_blocked, id=26260, stack(0x0000009f32500000,0x0000009f32600000) (1024K)]
  0x000001b07c6b9ee0 JavaThread "Notification Thread"        daemon [_thread_blocked, id=20736, stack(0x0000009f32600000,0x0000009f32700000) (1024K)]
  0x000001b07d5d9d60 JavaThread "C1 CompilerThread3"         daemon [_thread_blocked, id=14244, stack(0x0000009f32f00000,0x0000009f33000000) (1024K)]
  0x000001b07c6bb290 JavaThread "Daemon health stats"               [_thread_blocked, id=20724, stack(0x0000009f33000000,0x0000009f33100000) (1024K)]
  0x000001b07c6ba570 JavaThread "Incoming local TCP Connector on port 56646"        [_thread_in_native, id=21804, stack(0x0000009f33100000,0x0000009f33200000) (1024K)]
  0x000001b07c6bb920 JavaThread "Daemon periodic checks"            [_thread_blocked, id=19280, stack(0x0000009f33900000,0x0000009f33a00000) (1024K)]
  0x000001b07c6bbfb0 JavaThread "Daemon"                            [_thread_blocked, id=25356, stack(0x0000009f33a00000,0x0000009f33b00000) (1024K)]
  0x000001b07c6bac00 JavaThread "Handler for socket connection from /127.0.0.1:56646 to /127.0.0.1:56647"        [_thread_in_native, id=14656, stack(0x0000009f33b00000,0x0000009f33c00000) (1024K)]
  0x000001b07c6b9850 JavaThread "Cancel handler"                    [_thread_blocked, id=16876, stack(0x0000009f33c00000,0x0000009f33d00000) (1024K)]
  0x000001b07c6bc640 JavaThread "Daemon worker"                     [_thread_blocked, id=24224, stack(0x0000009f33d00000,0x0000009f33e00000) (1024K)]
  0x000001b07e408250 JavaThread "Asynchronous log dispatcher for DefaultDaemonConnection: socket connection from /127.0.0.1:56646 to /127.0.0.1:56647"        [_thread_blocked, id=2160, stack(0x0000009f34500000,0x0000009f34600000) (1024K)]
  0x000001b07e40b6d0 JavaThread "Stdin handler"                     [_thread_blocked, id=11616, stack(0x0000009f34600000,0x0000009f34700000) (1024K)]
  0x000001b07e40bd60 JavaThread "Daemon client event forwarder"        [_thread_blocked, id=24088, stack(0x0000009f34700000,0x0000009f34800000) (1024K)]
  0x000001b07e40b040 JavaThread "Cache worker for journal cache (C:\Users\COMPUTER\.gradle\caches\journal-1)"        [_thread_blocked, id=21792, stack(0x0000009f34800000,0x0000009f34900000) (1024K)]
  0x000001b07e4088e0 JavaThread "File lock request listener"        [_thread_in_native, id=12748, stack(0x0000009f34900000,0x0000009f34a00000) (1024K)]
  0x000001b07e409c90 JavaThread "Cache worker for file hash cache (C:\Users\COMPUTER\.gradle\caches\8.13\fileHashes)"        [_thread_blocked, id=9344, stack(0x0000009f34a00000,0x0000009f34b00000) (1024K)]
  0x000001b07e40c3f0 JavaThread "Cache worker for file hash cache (D:\project_1.4v\.gradle\8.13\fileHashes)"        [_thread_blocked, id=10512, stack(0x0000009f34f00000,0x0000009f35000000) (1024K)]
  0x000001b07e408f70 JavaThread "Cache worker for Build Output Cleanup Cache (D:\project_1.4v\.gradle\buildOutputCleanup)"        [_thread_blocked, id=14028, stack(0x0000009f35000000,0x0000009f35100000) (1024K)]
  0x000001b07e409600 JavaThread "File watcher server"        daemon [_thread_in_native, id=26440, stack(0x0000009f35100000,0x0000009f35200000) (1024K)]
  0x000001b07e40ca80 JavaThread "File watcher consumer"      daemon [_thread_blocked, id=10192, stack(0x0000009f35200000,0x0000009f35300000) (1024K)]
  0x000001b07e40d110 JavaThread "jar transforms"                    [_thread_blocked, id=22708, stack(0x0000009f35300000,0x0000009f35400000) (1024K)]
  0x000001b07e40d7a0 JavaThread "jar transforms Thread 2"           [_thread_blocked, id=4456, stack(0x0000009f35400000,0x0000009f35500000) (1024K)]
  0x000001b07e40de30 JavaThread "jar transforms Thread 3"           [_thread_blocked, id=8868, stack(0x0000009f35500000,0x0000009f35600000) (1024K)]
  0x000001b07e40a9b0 JavaThread "jar transforms Thread 4"           [_thread_blocked, id=3068, stack(0x0000009f35600000,0x0000009f35700000) (1024K)]
  0x000001b07e40e4c0 JavaThread "jar transforms Thread 5"           [_thread_blocked, id=14948, stack(0x0000009f35700000,0x0000009f35800000) (1024K)]
  0x000001b07e40eb50 JavaThread "jar transforms Thread 6"           [_thread_blocked, id=17236, stack(0x0000009f35800000,0x0000009f35900000) (1024K)]
  0x000001b07e40f1e0 JavaThread "jar transforms Thread 7"           [_thread_blocked, id=17188, stack(0x0000009f35900000,0x0000009f35a00000) (1024K)]
  0x000001b07e40f870 JavaThread "jar transforms Thread 8"           [_thread_blocked, id=14776, stack(0x0000009f35a00000,0x0000009f35b00000) (1024K)]
  0x000001b0138f9d10 JavaThread "jar transforms Thread 9"           [_thread_blocked, id=9008, stack(0x0000009f35b00000,0x0000009f35c00000) (1024K)]
  0x000001b0138f82d0 JavaThread "jar transforms Thread 10"          [_thread_blocked, id=18192, stack(0x0000009f35c00000,0x0000009f35d00000) (1024K)]
  0x000001b0138f8960 JavaThread "jar transforms Thread 11"          [_thread_blocked, id=2172, stack(0x0000009f35d00000,0x0000009f35e00000) (1024K)]
  0x000001b0138f75b0 JavaThread "jar transforms Thread 12"          [_thread_blocked, id=15608, stack(0x0000009f35e00000,0x0000009f35f00000) (1024K)]
  0x000001b0138f6f20 JavaThread "jar transforms Thread 13"          [_thread_blocked, id=25488, stack(0x0000009f35f00000,0x0000009f36000000) (1024K)]
  0x000001b0138f6890 JavaThread "jar transforms Thread 14"          [_thread_blocked, id=9184, stack(0x0000009f36000000,0x0000009f36100000) (1024K)]
  0x000001b0138fa3a0 JavaThread "jar transforms Thread 15"          [_thread_blocked, id=26568, stack(0x0000009f36100000,0x0000009f36200000) (1024K)]
  0x000001b0138f7c40 JavaThread "jar transforms Thread 16"          [_thread_blocked, id=14208, stack(0x0000009f36200000,0x0000009f36300000) (1024K)]
  0x000001b0138f9680 JavaThread "jar transforms Thread 17"          [_thread_blocked, id=14484, stack(0x0000009f36300000,0x0000009f36400000) (1024K)]
  0x000001b0138fb750 JavaThread "jar transforms Thread 18"          [_thread_blocked, id=4192, stack(0x0000009f36400000,0x0000009f36500000) (1024K)]
  0x000001b0138fc470 JavaThread "jar transforms Thread 19"          [_thread_blocked, id=10428, stack(0x0000009f36500000,0x0000009f36600000) (1024K)]
  0x000001b0138f8ff0 JavaThread "jar transforms Thread 20"          [_thread_blocked, id=17780, stack(0x0000009f36600000,0x0000009f36700000) (1024K)]
  0x000001b0138fb0c0 JavaThread "jar transforms Thread 21"          [_thread_blocked, id=25208, stack(0x0000009f36700000,0x0000009f36800000) (1024K)]
  0x000001b0138fd820 JavaThread "jar transforms Thread 22"          [_thread_blocked, id=23468, stack(0x0000009f36800000,0x0000009f36900000) (1024K)]
  0x000001b0138fbde0 JavaThread "jar transforms Thread 23"          [_thread_blocked, id=11316, stack(0x0000009f36900000,0x0000009f36a00000) (1024K)]
  0x000001b0138faa30 JavaThread "Cache worker for checksums cache (D:\project_1.4v\.gradle\8.13\checksums)"        [_thread_blocked, id=21496, stack(0x0000009f36b00000,0x0000009f36c00000) (1024K)]
  0x000001b0168acd00 JavaThread "Cache worker for file content cache (C:\Users\COMPUTER\.gradle\caches\8.13\fileContent)"        [_thread_blocked, id=22272, stack(0x0000009f32700000,0x0000009f32800000) (1024K)]
  0x000001b0168abfe0 JavaThread "jar transforms Thread 24"          [_thread_blocked, id=18164, stack(0x0000009f32800000,0x0000009f32900000) (1024K)]
  0x000001b0168aac30 JavaThread "Cache worker for cache directory md-supplier (C:\Users\COMPUTER\.gradle\caches\8.13\md-supplier)"        [_thread_blocked, id=1788, stack(0x0000009f36c00000,0x0000009f36d00000) (1024K)]
  0x000001b0168ab2c0 JavaThread "Cache worker for cache directory md-rule (C:\Users\COMPUTER\.gradle\caches\8.13\md-rule)"        [_thread_blocked, id=8960, stack(0x0000009f36d00000,0x0000009f36e00000) (1024K)]
  0x000001b0168ac670 JavaThread "Unconstrained build operations"        [_thread_blocked, id=21492, stack(0x0000009f36e00000,0x0000009f36f00000) (1024K)]
  0x000001b0168ae0b0 JavaThread "Unconstrained build operations Thread 2"        [_thread_blocked, id=22668, stack(0x0000009f36f00000,0x0000009f37000000) (1024K)]
  0x000001b0168ae740 JavaThread "Unconstrained build operations Thread 3"        [_thread_blocked, id=14092, stack(0x0000009f37000000,0x0000009f37100000) (1024K)]
  0x000001b0168ab950 JavaThread "Unconstrained build operations Thread 4"        [_thread_blocked, id=18060, stack(0x0000009f37100000,0x0000009f37200000) (1024K)]
  0x000001b0168b0ea0 JavaThread "jar transforms Thread 25"          [_thread_blocked, id=19924, stack(0x0000009f37200000,0x0000009f37300000) (1024K)]
  0x000001b0168afaf0 JavaThread "jar transforms Thread 26"          [_thread_blocked, id=19984, stack(0x0000009f37700000,0x0000009f37800000) (1024K)]
  0x000001b0168b1bc0 JavaThread "Unconstrained build operations Thread 5"        [_thread_blocked, id=14864, stack(0x0000009f37800000,0x0000009f37900000) (1024K)]
  0x000001b0168b0180 JavaThread "Unconstrained build operations Thread 6"        [_thread_blocked, id=8460, stack(0x0000009f37900000,0x0000009f37a00000) (1024K)]
  0x000001b0168af460 JavaThread "Unconstrained build operations Thread 7"        [_thread_blocked, id=19064, stack(0x0000009f37a00000,0x0000009f37b00000) (1024K)]
  0x000001b0168b0810 JavaThread "Unconstrained build operations Thread 8"        [_thread_blocked, id=11152, stack(0x0000009f37b00000,0x0000009f37c00000) (1024K)]
  0x000001b015ad7af0 JavaThread "Unconstrained build operations Thread 9"        [_thread_blocked, id=25276, stack(0x0000009f37c00000,0x0000009f37d00000) (1024K)]
  0x000001b015ad60b0 JavaThread "Unconstrained build operations Thread 10"        [_thread_blocked, id=16344, stack(0x0000009f37d00000,0x0000009f37e00000) (1024K)]
  0x000001b015ad6740 JavaThread "Unconstrained build operations Thread 11"        [_thread_blocked, id=18012, stack(0x0000009f37e00000,0x0000009f37f00000) (1024K)]
  0x000001b015ad4670 JavaThread "Unconstrained build operations Thread 12"        [_thread_blocked, id=24900, stack(0x0000009f37f00000,0x0000009f38000000) (1024K)]
  0x000001b015ad6dd0 JavaThread "Unconstrained build operations Thread 13"        [_thread_blocked, id=21188, stack(0x0000009f38000000,0x0000009f38100000) (1024K)]
  0x000001b015ad5390 JavaThread "Unconstrained build operations Thread 14"        [_thread_blocked, id=18520, stack(0x0000009f38100000,0x0000009f38200000) (1024K)]
  0x000001b015ad8180 JavaThread "Unconstrained build operations Thread 15"        [_thread_blocked, id=23936, stack(0x0000009f38200000,0x0000009f38300000) (1024K)]
  0x000001b015ad7460 JavaThread "Unconstrained build operations Thread 16"        [_thread_blocked, id=14648, stack(0x0000009f38300000,0x0000009f38400000) (1024K)]
  0x000001b015ad5a20 JavaThread "Unconstrained build operations Thread 17"        [_thread_blocked, id=21580, stack(0x0000009f38400000,0x0000009f38500000) (1024K)]
  0x000001b015ad4d00 JavaThread "Unconstrained build operations Thread 18"        [_thread_blocked, id=9748, stack(0x0000009f38500000,0x0000009f38600000) (1024K)]
  0x000001b015ada8e0 JavaThread "Unconstrained build operations Thread 19"        [_thread_blocked, id=15236, stack(0x0000009f38600000,0x0000009f38700000) (1024K)]
  0x000001b015ad9bc0 JavaThread "Unconstrained build operations Thread 20"        [_thread_blocked, id=4160, stack(0x0000009f38700000,0x0000009f38800000) (1024K)]
  0x000001b015ad8810 JavaThread "Unconstrained build operations Thread 21"        [_thread_blocked, id=16068, stack(0x0000009f38800000,0x0000009f38900000) (1024K)]
  0x000001b015ada250 JavaThread "jar transforms Thread 27"          [_thread_blocked, id=25964, stack(0x0000009f38900000,0x0000009f38a00000) (1024K)]
  0x000001b015ad9530 JavaThread "Unconstrained build operations Thread 22"        [_thread_blocked, id=26352, stack(0x0000009f37600000,0x0000009f37700000) (1024K)]
  0x000001b017437e70 JavaThread "Unconstrained build operations Thread 23"        [_thread_blocked, id=18380, stack(0x0000009f38a00000,0x0000009f38b00000) (1024K)]
  0x000001b0174377e0 JavaThread "Unconstrained build operations Thread 24"        [_thread_blocked, id=17404, stack(0x0000009f38b00000,0x0000009f38c00000) (1024K)]
  0x000001b017438500 JavaThread "Unconstrained build operations Thread 25"        [_thread_blocked, id=19396, stack(0x0000009f38c00000,0x0000009f38d00000) (1024K)]
  0x000001b017435080 JavaThread "Unconstrained build operations Thread 26"        [_thread_blocked, id=23500, stack(0x0000009f38d00000,0x0000009f38e00000) (1024K)]
  0x000001b017436430 JavaThread "Unconstrained build operations Thread 27"        [_thread_blocked, id=25168, stack(0x0000009f38e00000,0x0000009f38f00000) (1024K)]
  0x000001b017438b90 JavaThread "Unconstrained build operations Thread 28"        [_thread_blocked, id=7452, stack(0x0000009f38f00000,0x0000009f39000000) (1024K)]
  0x000001b017436ac0 JavaThread "Unconstrained build operations Thread 29"        [_thread_blocked, id=5016, stack(0x0000009f39000000,0x0000009f39100000) (1024K)]
  0x000001b017435710 JavaThread "Unconstrained build operations Thread 30"        [_thread_blocked, id=15048, stack(0x0000009f39100000,0x0000009f39200000) (1024K)]
  0x000001b017437150 JavaThread "Unconstrained build operations Thread 31"        [_thread_blocked, id=16332, stack(0x0000009f39200000,0x0000009f39300000) (1024K)]
  0x000001b017439220 JavaThread "Unconstrained build operations Thread 32"        [_thread_blocked, id=3532, stack(0x0000009f39300000,0x0000009f39400000) (1024K)]
  0x000001b017435da0 JavaThread "Unconstrained build operations Thread 33"        [_thread_blocked, id=2076, stack(0x0000009f39400000,0x0000009f39500000) (1024K)]
  0x000001b01743ac60 JavaThread "Unconstrained build operations Thread 34"        [_thread_blocked, id=5524, stack(0x0000009f39500000,0x0000009f39600000) (1024K)]
  0x000001b01743b980 JavaThread "Unconstrained build operations Thread 35"        [_thread_blocked, id=21768, stack(0x0000009f39600000,0x0000009f39700000) (1024K)]
  0x000001b0174398b0 JavaThread "Unconstrained build operations Thread 36"        [_thread_blocked, id=19472, stack(0x0000009f39700000,0x0000009f39800000) (1024K)]
  0x000001b017439f40 JavaThread "Unconstrained build operations Thread 37"        [_thread_blocked, id=25912, stack(0x0000009f39800000,0x0000009f39900000) (1024K)]
  0x000001b01743c010 JavaThread "Unconstrained build operations Thread 38"        [_thread_blocked, id=21616, stack(0x0000009f39900000,0x0000009f39a00000) (1024K)]
  0x000001b01743a5d0 JavaThread "Unconstrained build operations Thread 39"        [_thread_blocked, id=15268, stack(0x0000009f39a00000,0x0000009f39b00000) (1024K)]
  0x000001b01743b2f0 JavaThread "Unconstrained build operations Thread 40"        [_thread_blocked, id=892, stack(0x0000009f39b00000,0x0000009f39c00000) (1024K)]
  0x000001b01743c6a0 JavaThread "Unconstrained build operations Thread 41"        [_thread_blocked, id=14192, stack(0x0000009f39c00000,0x0000009f39d00000) (1024K)]
  0x000001b017b98a70 JavaThread "Unconstrained build operations Thread 42"        [_thread_blocked, id=9248, stack(0x0000009f39d00000,0x0000009f39e00000) (1024K)]
  0x000001b017b9bef0 JavaThread "Unconstrained build operations Thread 43"        [_thread_blocked, id=21112, stack(0x0000009f39e00000,0x0000009f39f00000) (1024K)]
  0x000001b017b9ab40 JavaThread "Unconstrained build operations Thread 44"        [_thread_blocked, id=13592, stack(0x0000009f39f00000,0x0000009f3a000000) (1024K)]
  0x000001b017b9b860 JavaThread "Unconstrained build operations Thread 45"        [_thread_blocked, id=23788, stack(0x0000009f3a000000,0x0000009f3a100000) (1024K)]
  0x000001b017b9b1d0 JavaThread "Unconstrained build operations Thread 46"        [_thread_blocked, id=7456, stack(0x0000009f3a100000,0x0000009f3a200000) (1024K)]
  0x000001b017b9c580 JavaThread "Unconstrained build operations Thread 47"        [_thread_blocked, id=26196, stack(0x0000009f3a200000,0x0000009f3a300000) (1024K)]
  0x000001b017b99100 JavaThread "Unconstrained build operations Thread 48"        [_thread_blocked, id=10588, stack(0x0000009f3a300000,0x0000009f3a400000) (1024K)]
  0x000001b017b9cc10 JavaThread "Unconstrained build operations Thread 49"        [_thread_blocked, id=14692, stack(0x0000009f3a400000,0x0000009f3a500000) (1024K)]
  0x000001b017b99790 JavaThread "Unconstrained build operations Thread 50"        [_thread_blocked, id=10436, stack(0x0000009f3a500000,0x0000009f3a600000) (1024K)]
  0x000001b017b9d2a0 JavaThread "Unconstrained build operations Thread 51"        [_thread_blocked, id=4884, stack(0x0000009f3a600000,0x0000009f3a700000) (1024K)]
  0x000001b017b99e20 JavaThread "Unconstrained build operations Thread 52"        [_thread_blocked, id=24184, stack(0x0000009f3a700000,0x0000009f3a800000) (1024K)]
  0x000001b017b9d930 JavaThread "Unconstrained build operations Thread 53"        [_thread_blocked, id=11240, stack(0x0000009f3a800000,0x0000009f3a900000) (1024K)]
  0x000001b017b9a4b0 JavaThread "Unconstrained build operations Thread 54"        [_thread_blocked, id=20700, stack(0x0000009f3a900000,0x0000009f3aa00000) (1024K)]
  0x000001b017ba0090 JavaThread "Unconstrained build operations Thread 55"        [_thread_blocked, id=15192, stack(0x0000009f3aa00000,0x0000009f3ab00000) (1024K)]
  0x000001b017b9dfc0 JavaThread "Unconstrained build operations Thread 56"        [_thread_blocked, id=16772, stack(0x0000009f3ab00000,0x0000009f3ac00000) (1024K)]
  0x000001b017b9e650 JavaThread "Unconstrained build operations Thread 57"        [_thread_blocked, id=8152, stack(0x0000009f3ac00000,0x0000009f3ad00000) (1024K)]
  0x000001b017b9ece0 JavaThread "Unconstrained build operations Thread 58"        [_thread_blocked, id=22488, stack(0x0000009f3ad00000,0x0000009f3ae00000) (1024K)]
  0x000001b017b9f370 JavaThread "Unconstrained build operations Thread 59"        [_thread_blocked, id=24688, stack(0x0000009f3ae00000,0x0000009f3af00000) (1024K)]
  0x000001b017b9fa00 JavaThread "Unconstrained build operations Thread 60"        [_thread_blocked, id=16020, stack(0x0000009f3af00000,0x0000009f3b000000) (1024K)]
  0x000001b017e4b160 JavaThread "Unconstrained build operations Thread 61"        [_thread_blocked, id=21060, stack(0x0000009f3b000000,0x0000009f3b100000) (1024K)]
  0x000001b017e4b7f0 JavaThread "Unconstrained build operations Thread 62"        [_thread_blocked, id=19360, stack(0x0000009f3b100000,0x0000009f3b200000) (1024K)]
  0x000001b017e48370 JavaThread "Unconstrained build operations Thread 63"        [_thread_blocked, id=18836, stack(0x0000009f3b200000,0x0000009f3b300000) (1024K)]
  0x000001b017e49720 JavaThread "Unconstrained build operations Thread 64"        [_thread_blocked, id=23716, stack(0x0000009f3b300000,0x0000009f3b400000) (1024K)]
  0x000001b017e4be80 JavaThread "Unconstrained build operations Thread 65"        [_thread_blocked, id=14144, stack(0x0000009f3b400000,0x0000009f3b500000) (1024K)]
  0x000001b017e48a00 JavaThread "Unconstrained build operations Thread 66"        [_thread_blocked, id=8892, stack(0x0000009f3b500000,0x0000009f3b600000) (1024K)]
  0x000001b017e4a440 JavaThread "Unconstrained build operations Thread 67"        [_thread_blocked, id=20100, stack(0x0000009f3b600000,0x0000009f3b700000) (1024K)]
  0x000001b017e4c510 JavaThread "Unconstrained build operations Thread 68"        [_thread_blocked, id=8936, stack(0x0000009f3b700000,0x0000009f3b800000) (1024K)]
  0x000001b017e4aad0 JavaThread "Unconstrained build operations Thread 69"        [_thread_blocked, id=17668, stack(0x0000009f3b800000,0x0000009f3b900000) (1024K)]
  0x000001b017e49090 JavaThread "Unconstrained build operations Thread 70"        [_thread_blocked, id=18832, stack(0x0000009f3b900000,0x0000009f3ba00000) (1024K)]
  0x000001b017e4cba0 JavaThread "Unconstrained build operations Thread 71"        [_thread_blocked, id=14492, stack(0x0000009f3ba00000,0x0000009f3bb00000) (1024K)]
  0x000001b017e4d230 JavaThread "Unconstrained build operations Thread 72"        [_thread_blocked, id=24824, stack(0x0000009f3bb00000,0x0000009f3bc00000) (1024K)]
  0x000001b017e49db0 JavaThread "Unconstrained build operations Thread 73"        [_thread_blocked, id=25536, stack(0x0000009f3bc00000,0x0000009f3bd00000) (1024K)]
  0x000001b017e4f990 JavaThread "Unconstrained build operations Thread 74"        [_thread_blocked, id=5940, stack(0x0000009f3bd00000,0x0000009f3be00000) (1024K)]
  0x000001b017e4df50 JavaThread "Unconstrained build operations Thread 75"        [_thread_blocked, id=24152, stack(0x0000009f3be00000,0x0000009f3bf00000) (1024K)]
  0x000001b017e4e5e0 JavaThread "Unconstrained build operations Thread 76"        [_thread_blocked, id=14672, stack(0x0000009f3bf00000,0x0000009f3c000000) (1024K)]
  0x000001b017e4ec70 JavaThread "Unconstrained build operations Thread 77"        [_thread_blocked, id=4896, stack(0x0000009f3c000000,0x0000009f3c100000) (1024K)]
  0x000001b017e4f300 JavaThread "Unconstrained build operations Thread 78"        [_thread_blocked, id=20484, stack(0x0000009f3c100000,0x0000009f3c200000) (1024K)]
  0x000001b017291ad0 JavaThread "Unconstrained build operations Thread 79"        [_thread_blocked, id=25012, stack(0x0000009f3c200000,0x0000009f3c300000) (1024K)]
  0x000001b017291440 JavaThread "Unconstrained build operations Thread 80"        [_thread_blocked, id=4924, stack(0x0000009f3c300000,0x0000009f3c400000) (1024K)]
  0x000001b017290720 JavaThread "Unconstrained build operations Thread 81"        [_thread_blocked, id=9416, stack(0x0000009f3c400000,0x0000009f3c500000) (1024K)]
  0x000001b017290090 JavaThread "Unconstrained build operations Thread 82"        [_thread_blocked, id=24808, stack(0x0000009f3c500000,0x0000009f3c600000) (1024K)]
  0x000001b017293510 JavaThread "Unconstrained build operations Thread 83"        [_thread_blocked, id=17468, stack(0x0000009f3c600000,0x0000009f3c700000) (1024K)]
  0x000001b017292160 JavaThread "Unconstrained build operations Thread 84"        [_thread_blocked, id=6380, stack(0x0000009f3c700000,0x0000009f3c800000) (1024K)]
  0x000001b0172927f0 JavaThread "Unconstrained build operations Thread 85"        [_thread_blocked, id=17012, stack(0x0000009f3c800000,0x0000009f3c900000) (1024K)]
  0x000001b017292e80 JavaThread "Unconstrained build operations Thread 86"        [_thread_blocked, id=9236, stack(0x0000009f3c900000,0x0000009f3ca00000) (1024K)]
  0x000001b017290db0 JavaThread "Unconstrained build operations Thread 87"        [_thread_blocked, id=4184, stack(0x0000009f3ca00000,0x0000009f3cb00000) (1024K)]
  0x000001b017294230 JavaThread "Unconstrained build operations Thread 88"        [_thread_blocked, id=11484, stack(0x0000009f3cb00000,0x0000009f3cc00000) (1024K)]
  0x000001b0172955e0 JavaThread "Unconstrained build operations Thread 89"        [_thread_blocked, id=2656, stack(0x0000009f3cc00000,0x0000009f3cd00000) (1024K)]
  0x000001b017293ba0 JavaThread "Unconstrained build operations Thread 90"        [_thread_blocked, id=26428, stack(0x0000009f3cd00000,0x0000009f3ce00000) (1024K)]
  0x000001b017295c70 JavaThread "Unconstrained build operations Thread 91"        [_thread_blocked, id=6460, stack(0x0000009f3ce00000,0x0000009f3cf00000) (1024K)]
  0x000001b017296300 JavaThread "Unconstrained build operations Thread 92"        [_thread_blocked, id=1932, stack(0x0000009f3cf00000,0x0000009f3d000000) (1024K)]
  0x000001b017296990 JavaThread "Unconstrained build operations Thread 93"        [_thread_blocked, id=18032, stack(0x0000009f3d000000,0x0000009f3d100000) (1024K)]
  0x000001b017297020 JavaThread "Unconstrained build operations Thread 94"        [_thread_blocked, id=2932, stack(0x0000009f3d100000,0x0000009f3d200000) (1024K)]
  0x000001b017294f50 JavaThread "Unconstrained build operations Thread 95"        [_thread_blocked, id=16628, stack(0x0000009f3d200000,0x0000009f3d300000) (1024K)]
  0x000001b0172976b0 JavaThread "Unconstrained build operations Thread 96"        [_thread_blocked, id=23164, stack(0x0000009f3d300000,0x0000009f3d400000) (1024K)]
  0x000001b0172948c0 JavaThread "Unconstrained build operations Thread 97"        [_thread_blocked, id=15336, stack(0x0000009f3d400000,0x0000009f3d500000) (1024K)]
  0x000001b017aa5610 JavaThread "Unconstrained build operations Thread 98"        [_thread_blocked, id=22544, stack(0x0000009f3d500000,0x0000009f3d600000) (1024K)]
  0x000001b017aa76e0 JavaThread "Unconstrained build operations Thread 99"        [_thread_blocked, id=23452, stack(0x0000009f3d600000,0x0000009f3d700000) (1024K)]
  0x000001b017aa8400 JavaThread "Unconstrained build operations Thread 100"        [_thread_blocked, id=12960, stack(0x0000009f3d700000,0x0000009f3d800000) (1024K)]
  0x000001b017aa9120 JavaThread "Unconstrained build operations Thread 101"        [_thread_blocked, id=8420, stack(0x0000009f3d800000,0x0000009f3d900000) (1024K)]
  0x000001b017aa5ca0 JavaThread "Unconstrained build operations Thread 102"        [_thread_blocked, id=9544, stack(0x0000009f3d900000,0x0000009f3da00000) (1024K)]
  0x000001b017aa69c0 JavaThread "Memory manager"                    [_thread_blocked, id=4008, stack(0x0000009f37300000,0x0000009f37400000) (1024K)]
  0x000001b017aa7050 JavaThread "build event listener"              [_thread_blocked, id=7712, stack(0x0000009f37400000,0x0000009f37500000) (1024K)]
  0x000001b015e413f0 JavaThread "included builds"                   [_thread_blocked, id=22204, stack(0x0000009f37500000,0x0000009f37600000) (1024K)]
  0x000001b015e41a80 JavaThread "Execution worker"                  [_thread_blocked, id=11864, stack(0x0000009f3da00000,0x0000009f3db00000) (1024K)]
  0x000001b015e42110 JavaThread "Execution worker Thread 2"         [_thread_blocked, id=22336, stack(0x0000009f3db00000,0x0000009f3dc00000) (1024K)]
  0x000001b015e427a0 JavaThread "Execution worker Thread 3"         [_thread_blocked, id=9208, stack(0x0000009f3dc00000,0x0000009f3dd00000) (1024K)]
  0x000001b015e40d60 JavaThread "Execution worker Thread 4"         [_thread_blocked, id=10340, stack(0x0000009f3dd00000,0x0000009f3de00000) (1024K)]
  0x000001b015e46940 JavaThread "Execution worker Thread 5"         [_thread_blocked, id=20516, stack(0x0000009f3de00000,0x0000009f3df00000) (1024K)]
  0x000001b015e47cf0 JavaThread "Execution worker Thread 6"         [_thread_blocked, id=18152, stack(0x0000009f3df00000,0x0000009f3e000000) (1024K)]
  0x000001b015e462b0 JavaThread "Execution worker Thread 7"         [_thread_blocked, id=14852, stack(0x0000009f3e000000,0x0000009f3e100000) (1024K)]
  0x000001b015e44f00 JavaThread "Execution worker Thread 8"         [_thread_blocked, id=17632, stack(0x0000009f3e100000,0x0000009f3e200000) (1024K)]
  0x000001b015e45590 JavaThread "Execution worker Thread 9"         [_thread_blocked, id=4156, stack(0x0000009f3e200000,0x0000009f3e300000) (1024K)]
  0x000001b015e45c20 JavaThread "Execution worker Thread 10"        [_thread_blocked, id=15780, stack(0x0000009f3e300000,0x0000009f3e400000) (1024K)]
  0x000001b015e44870 JavaThread "Execution worker Thread 11"        [_thread_blocked, id=21936, stack(0x0000009f3e400000,0x0000009f3e500000) (1024K)]
  0x000001b015e48a10 JavaThread "Execution worker Thread 12"        [_thread_blocked, id=19736, stack(0x0000009f3e500000,0x0000009f3e600000) (1024K)]
  0x000001b015e48380 JavaThread "Execution worker Thread 13"        [_thread_blocked, id=22076, stack(0x0000009f3e600000,0x0000009f3e700000) (1024K)]
  0x000001b015e490a0 JavaThread "Execution worker Thread 14"        [_thread_blocked, id=9960, stack(0x0000009f3e700000,0x0000009f3e800000) (1024K)]
  0x000001b015e46fd0 JavaThread "Execution worker Thread 15"        [_thread_blocked, id=10756, stack(0x0000009f3e800000,0x0000009f3e900000) (1024K)]
  0x000001b015e49730 JavaThread "Execution worker Thread 16"        [_thread_blocked, id=10416, stack(0x0000009f3e900000,0x0000009f3ea00000) (1024K)]
  0x000001b015e49dc0 JavaThread "Execution worker Thread 17"        [_thread_blocked, id=20208, stack(0x0000009f3ea00000,0x0000009f3eb00000) (1024K)]
  0x000001b015e4a450 JavaThread "Execution worker Thread 18"        [_thread_blocked, id=22060, stack(0x0000009f3eb00000,0x0000009f3ec00000) (1024K)]
  0x000001b015e4aae0 JavaThread "Execution worker Thread 19"        [_thread_blocked, id=14924, stack(0x0000009f3ec00000,0x0000009f3ed00000) (1024K)]
  0x000001b015e47660 JavaThread "Execution worker Thread 20"        [_thread_blocked, id=15324, stack(0x0000009f3ed00000,0x0000009f3ee00000) (1024K)]
  0x000001b015e4b800 JavaThread "Execution worker Thread 21"        [_thread_blocked, id=9144, stack(0x0000009f3ee00000,0x0000009f3ef00000) (1024K)]
  0x000001b015e4cbb0 JavaThread "Execution worker Thread 22"        [_thread_blocked, id=24560, stack(0x0000009f3ef00000,0x0000009f3f000000) (1024K)]
  0x000001b015e4b170 JavaThread "Execution worker Thread 23"        [_thread_blocked, id=25852, stack(0x0000009f3f000000,0x0000009f3f100000) (1024K)]
  0x000001b015e4d240 JavaThread "Execution worker Thread 24"        [_thread_blocked, id=25104, stack(0x0000009f3f100000,0x0000009f3f200000) (1024K)]
  0x000001b015e4df60 JavaThread "Execution worker Thread 25"        [_thread_blocked, id=17460, stack(0x0000009f3f200000,0x0000009f3f300000) (1024K)]
  0x000001b015e4be90 JavaThread "Execution worker Thread 26"        [_thread_blocked, id=19848, stack(0x0000009f3f300000,0x0000009f3f400000) (1024K)]
  0x000001b015e4e5f0 JavaThread "Execution worker Thread 27"        [_thread_blocked, id=9180, stack(0x0000009f3f400000,0x0000009f3f500000) (1024K)]
  0x000001b015e4d8d0 JavaThread "Cache worker for execution history cache (D:\project_1.4v\.gradle\8.13\executionHistory)"        [_thread_blocked, id=22548, stack(0x0000009f3f500000,0x0000009f3f600000) (1024K)]
  0x000001b015e4c520 JavaThread "idea-tooling-model-converter"        [_thread_blocked, id=1952, stack(0x0000009f3f600000,0x0000009f3f700000) (1024K)]
  0x000001b017ab0740 JavaThread "Unconstrained build operations Thread 103"        [_thread_blocked, id=13356, stack(0x0000009f3f700000,0x0000009f3f800000) (1024K)]
  0x000001b0155a79e0 JavaThread "C2 CompilerThread1"         daemon [_thread_blocked, id=25904, stack(0x0000009f32900000,0x0000009f32a00000) (1024K)]
Total: 198

Other Threads:
=>0x000001b07c15bc40 VMThread "VM Thread"                           [id=23108, stack(0x0000009f31a00000,0x0000009f31b00000) (1024K)]
  0x000001b07c0d19e0 WatcherThread "VM Periodic Task Thread"        [id=20896, stack(0x0000009f31900000,0x0000009f31a00000) (1024K)]
  0x000001b071ec68b0 WorkerThread "GC Thread#0"                     [id=16424, stack(0x0000009f31400000,0x0000009f31500000) (1024K)]
  0x000001b07cbc0660 WorkerThread "GC Thread#1"                     [id=13448, stack(0x0000009f32a00000,0x0000009f32b00000) (1024K)]
  0x000001b07cbc0a00 WorkerThread "GC Thread#2"                     [id=3264, stack(0x0000009f32b00000,0x0000009f32c00000) (1024K)]
  0x000001b07ccef1e0 WorkerThread "GC Thread#3"                     [id=9132, stack(0x0000009f32c00000,0x0000009f32d00000) (1024K)]
  0x000001b07cce14c0 WorkerThread "GC Thread#4"                     [id=13348, stack(0x0000009f32d00000,0x0000009f32e00000) (1024K)]
  0x000001b07cce1120 WorkerThread "GC Thread#5"                     [id=10920, stack(0x0000009f32e00000,0x0000009f32f00000) (1024K)]
  0x000001b07cce1fa0 WorkerThread "GC Thread#6"                     [id=11700, stack(0x0000009f33200000,0x0000009f33300000) (1024K)]
  0x000001b07cce1c00 WorkerThread "GC Thread#7"                     [id=26064, stack(0x0000009f33300000,0x0000009f33400000) (1024K)]
  0x000001b07cce2340 WorkerThread "GC Thread#8"                     [id=1332, stack(0x0000009f33400000,0x0000009f33500000) (1024K)]
  0x000001b07e460cf0 WorkerThread "GC Thread#9"                     [id=15928, stack(0x0000009f33500000,0x0000009f33600000) (1024K)]
  0x000001b07e460950 WorkerThread "GC Thread#10"                    [id=25712, stack(0x0000009f33600000,0x0000009f33700000) (1024K)]
  0x000001b07e462650 WorkerThread "GC Thread#11"                    [id=3548, stack(0x0000009f33700000,0x0000009f33800000) (1024K)]
  0x000001b07e45fe70 WorkerThread "GC Thread#12"                    [id=14060, stack(0x0000009f33800000,0x0000009f33900000) (1024K)]
  0x000001b07e461090 WorkerThread "GC Thread#13"                    [id=21984, stack(0x0000009f33e00000,0x0000009f33f00000) (1024K)]
  0x000001b07e4622b0 WorkerThread "GC Thread#14"                    [id=16192, stack(0x0000009f33f00000,0x0000009f34000000) (1024K)]
  0x000001b07e45ec50 WorkerThread "GC Thread#15"                    [id=17908, stack(0x0000009f34000000,0x0000009f34100000) (1024K)]
  0x000001b07e4617d0 WorkerThread "GC Thread#16"                    [id=22472, stack(0x0000009f34b00000,0x0000009f34c00000) (1024K)]
  0x000001b07e45f730 WorkerThread "GC Thread#17"                    [id=23180, stack(0x0000009f34c00000,0x0000009f34d00000) (1024K)]
  0x000001b0136ec030 WorkerThread "GC Thread#18"                    [id=10252, stack(0x0000009f34d00000,0x0000009f34e00000) (1024K)]
  0x000001b0136ed5f0 WorkerThread "GC Thread#19"                    [id=3648, stack(0x0000009f34e00000,0x0000009f34f00000) (1024K)]
  0x000001b071ed8690 ConcurrentGCThread "G1 Main Marker"            [id=25804, stack(0x0000009f31500000,0x0000009f31600000) (1024K)]
  0x000001b071ed90a0 WorkerThread "G1 Conc#0"                       [id=24408, stack(0x0000009f31600000,0x0000009f31700000) (1024K)]
  0x000001b07e45eff0 WorkerThread "G1 Conc#1"                       [id=17900, stack(0x0000009f34100000,0x0000009f34200000) (1024K)]
  0x000001b07e45fad0 WorkerThread "G1 Conc#2"                       [id=18276, stack(0x0000009f34200000,0x0000009f34300000) (1024K)]
  0x000001b07e461b70 WorkerThread "G1 Conc#3"                       [id=12052, stack(0x0000009f34300000,0x0000009f34400000) (1024K)]
  0x000001b07e45f390 WorkerThread "G1 Conc#4"                       [id=19292, stack(0x0000009f34400000,0x0000009f34500000) (1024K)]
  0x000001b07ad87960 ConcurrentGCThread "G1 Refine#0"               [id=21080, stack(0x0000009f31700000,0x0000009f31800000) (1024K)]
  0x000001b07ad89290 ConcurrentGCThread "G1 Service"                [id=4024, stack(0x0000009f31800000,0x0000009f31900000) (1024K)]
Total: 30

Threads with active compile tasks:
Total: 0

VM state: at safepoint (normal execution)

VM Mutex/Monitor currently owned by a thread:  ([mutex/lock_event])
[0x00007ffd256785b8] Threads_lock - owner thread: 0x000001b07c15bc40
[0x00007ffd256786b8] Heap_lock - owner thread: 0x000001b07e409c90

Heap address: 0x0000000080000000, size: 2048 MB, Compressed Oops mode: 32-bit

CDS archive(s) not mapped
Compressed class space mapped at: 0x0000000100000000-0x0000000140000000, reserved size: 1073741824
Narrow klass base: 0x0000000000000000, Narrow klass shift: 3, Narrow klass range: 0x140000000

GC Precious Log:
 CardTable entry size: 512
 Card Set container configuration: InlinePtr #cards 5 size 8 Array Of Cards #cards 12 size 40 Howl #buckets 4 coarsen threshold 1843 Howl Bitmap #cards 512 size 80 coarsen threshold 460 Card regions per heap region 1 cards per card region 2048
 CPUs: 28 total, 28 available
 Memory: 16039M
 Large Page Support: Disabled
 NUMA Support: Disabled
 Compressed Oops: Enabled (32-bit)
 Heap Region Size: 1M
 Heap Min Capacity: 8M
 Heap Initial Capacity: 252M
 Heap Max Capacity: 2G
 Pre-touch: Disabled
 Parallel Workers: 20
 Concurrent Workers: 5
 Concurrent Refinement Workers: 20
 Periodic GC: Disabled

Heap:
 garbage-first heap   total 280576K, used 169569K [0x0000000080000000, 0x0000000100000000)
  region size 1024K, 8 young (8192K), 8 survivors (8192K)
 Metaspace       used 120070K, committed 122368K, reserved 1179648K
  class space    used 16899K, committed 18048K, reserved 1048576K

Heap Regions: E=young(eden), S=young(survivor), O=old, HS=humongous(starts), HC=humongous(continues), CS=collection set, F=free, TAMS=top-at-mark-start, PB=parsable bottom
|   0|0x0000000080000000, 0x0000000080100000, 0x0000000080100000|100%|HS|  |TAMS 0x0000000080000000| PB 0x0000000080000000| Complete 
|   1|0x0000000080100000, 0x0000000080200000, 0x0000000080200000|100%|HC|  |TAMS 0x0000000080100000| PB 0x0000000080100000| Complete 
|   2|0x0000000080200000, 0x0000000080300000, 0x0000000080300000|100%|HC|  |TAMS 0x0000000080200000| PB 0x0000000080200000| Complete 
|   3|0x0000000080300000, 0x0000000080400000, 0x0000000080400000|100%| O|  |TAMS 0x0000000080300000| PB 0x0000000080300000| Untracked 
|   4|0x0000000080400000, 0x0000000080500000, 0x0000000080500000|100%| O|  |TAMS 0x0000000080400000| PB 0x0000000080400000| Untracked 
|   5|0x0000000080500000, 0x0000000080600000, 0x0000000080600000|100%| O|  |TAMS 0x0000000080500000| PB 0x0000000080500000| Untracked 
|   6|0x0000000080600000, 0x0000000080700000, 0x0000000080700000|100%|HS|  |TAMS 0x0000000080600000| PB 0x0000000080600000| Complete 
|   7|0x0000000080700000, 0x0000000080800000, 0x0000000080800000|100%| O|  |TAMS 0x0000000080700000| PB 0x0000000080700000| Untracked 
|   8|0x0000000080800000, 0x0000000080900000, 0x0000000080900000|100%| O|  |TAMS 0x0000000080800000| PB 0x0000000080800000| Untracked 
|   9|0x0000000080900000, 0x0000000080a00000, 0x0000000080a00000|100%| O|  |TAMS 0x0000000080900000| PB 0x0000000080900000| Untracked 
|  10|0x0000000080a00000, 0x0000000080b00000, 0x0000000080b00000|100%| O|  |TAMS 0x0000000080a00000| PB 0x0000000080a00000| Untracked 
|  11|0x0000000080b00000, 0x0000000080c00000, 0x0000000080c00000|100%| O|  |TAMS 0x0000000080b00000| PB 0x0000000080b00000| Untracked 
|  12|0x0000000080c00000, 0x0000000080d00000, 0x0000000080d00000|100%| O|  |TAMS 0x0000000080c00000| PB 0x0000000080c00000| Untracked 
|  13|0x0000000080d00000, 0x0000000080e00000, 0x0000000080e00000|100%| O|  |TAMS 0x0000000080d00000| PB 0x0000000080d00000| Untracked 
|  14|0x0000000080e00000, 0x0000000080f00000, 0x0000000080f00000|100%| O|  |TAMS 0x0000000080e00000| PB 0x0000000080e00000| Untracked 
|  15|0x0000000080f00000, 0x0000000081000000, 0x0000000081000000|100%| O|  |TAMS 0x0000000080f00000| PB 0x0000000080f00000| Untracked 
|  16|0x0000000081000000, 0x0000000081100000, 0x0000000081100000|100%| O|  |TAMS 0x0000000081000000| PB 0x0000000081000000| Untracked 
|  17|0x0000000081100000, 0x0000000081200000, 0x0000000081200000|100%| O|  |TAMS 0x0000000081100000| PB 0x0000000081100000| Untracked 
|  18|0x0000000081200000, 0x0000000081300000, 0x0000000081300000|100%| O|  |TAMS 0x0000000081200000| PB 0x0000000081200000| Untracked 
|  19|0x0000000081300000, 0x0000000081400000, 0x0000000081400000|100%| O|  |TAMS 0x0000000081300000| PB 0x0000000081300000| Untracked 
|  20|0x0000000081400000, 0x0000000081500000, 0x0000000081500000|100%| O|  |TAMS 0x0000000081400000| PB 0x0000000081400000| Untracked 
|  21|0x0000000081500000, 0x0000000081600000, 0x0000000081600000|100%| O|  |TAMS 0x0000000081500000| PB 0x0000000081500000| Untracked 
|  22|0x0000000081600000, 0x0000000081700000, 0x0000000081700000|100%|HS|  |TAMS 0x0000000081600000| PB 0x0000000081600000| Complete 
|  23|0x0000000081700000, 0x0000000081800000, 0x0000000081800000|100%|HC|  |TAMS 0x0000000081700000| PB 0x0000000081700000| Complete 
|  24|0x0000000081800000, 0x0000000081900000, 0x0000000081900000|100%|HC|  |TAMS 0x0000000081800000| PB 0x0000000081800000| Complete 
|  25|0x0000000081900000, 0x0000000081a00000, 0x0000000081a00000|100%|HC|  |TAMS 0x0000000081900000| PB 0x0000000081900000| Complete 
|  26|0x0000000081a00000, 0x0000000081b00000, 0x0000000081b00000|100%|HC|  |TAMS 0x0000000081a00000| PB 0x0000000081a00000| Complete 
|  27|0x0000000081b00000, 0x0000000081c00000, 0x0000000081c00000|100%|HC|  |TAMS 0x0000000081b00000| PB 0x0000000081b00000| Complete 
|  28|0x0000000081c00000, 0x0000000081d00000, 0x0000000081d00000|100%|HS|  |TAMS 0x0000000081c00000| PB 0x0000000081c00000| Complete 
|  29|0x0000000081d00000, 0x0000000081e00000, 0x0000000081e00000|100%|HS|  |TAMS 0x0000000081d00000| PB 0x0000000081d00000| Complete 
|  30|0x0000000081e00000, 0x0000000081f00000, 0x0000000081f00000|100%|HC|  |TAMS 0x0000000081e00000| PB 0x0000000081e00000| Complete 
|  31|0x0000000081f00000, 0x0000000082000000, 0x0000000082000000|100%|HS|  |TAMS 0x0000000081f00000| PB 0x0000000081f00000| Complete 
|  32|0x0000000082000000, 0x0000000082100000, 0x0000000082100000|100%|HC|  |TAMS 0x0000000082000000| PB 0x0000000082000000| Complete 
|  33|0x0000000082100000, 0x0000000082200000, 0x0000000082200000|100%|HC|  |TAMS 0x0000000082100000| PB 0x0000000082100000| Complete 
|  34|0x0000000082200000, 0x0000000082300000, 0x0000000082300000|100%|HC|  |TAMS 0x0000000082200000| PB 0x0000000082200000| Complete 
|  35|0x0000000082300000, 0x0000000082400000, 0x0000000082400000|100%|HS|  |TAMS 0x0000000082300000| PB 0x0000000082300000| Complete 
|  36|0x0000000082400000, 0x0000000082500000, 0x0000000082500000|100%|HS|  |TAMS 0x0000000082400000| PB 0x0000000082400000| Complete 
|  37|0x0000000082500000, 0x0000000082600000, 0x0000000082600000|100%|HC|  |TAMS 0x0000000082500000| PB 0x0000000082500000| Complete 
|  38|0x0000000082600000, 0x0000000082700000, 0x0000000082700000|100%|HC|  |TAMS 0x0000000082600000| PB 0x0000000082600000| Complete 
|  39|0x0000000082700000, 0x0000000082800000, 0x0000000082800000|100%|HC|  |TAMS 0x0000000082700000| PB 0x0000000082700000| Complete 
|  40|0x0000000082800000, 0x0000000082900000, 0x0000000082900000|100%|HC|  |TAMS 0x0000000082800000| PB 0x0000000082800000| Complete 
|  41|0x0000000082900000, 0x0000000082a00000, 0x0000000082a00000|100%|HC|  |TAMS 0x0000000082900000| PB 0x0000000082900000| Complete 
|  42|0x0000000082a00000, 0x0000000082b00000, 0x0000000082b00000|100%|HS|  |TAMS 0x0000000082a00000| PB 0x0000000082a00000| Complete 
|  43|0x0000000082b00000, 0x0000000082c00000, 0x0000000082c00000|100%|HS|  |TAMS 0x0000000082b00000| PB 0x0000000082b00000| Complete 
|  44|0x0000000082c00000, 0x0000000082d00000, 0x0000000082d00000|100%|HC|  |TAMS 0x0000000082c00000| PB 0x0000000082c00000| Complete 
|  45|0x0000000082d00000, 0x0000000082e00000, 0x0000000082e00000|100%|HS|  |TAMS 0x0000000082d00000| PB 0x0000000082d00000| Complete 
|  46|0x0000000082e00000, 0x0000000082f00000, 0x0000000082f00000|100%|HC|  |TAMS 0x0000000082e00000| PB 0x0000000082e00000| Complete 
|  47|0x0000000082f00000, 0x0000000083000000, 0x0000000083000000|100%|HC|  |TAMS 0x0000000082f00000| PB 0x0000000082f00000| Complete 
|  48|0x0000000083000000, 0x0000000083100000, 0x0000000083100000|100%|HC|  |TAMS 0x0000000083000000| PB 0x0000000083000000| Complete 
|  49|0x0000000083100000, 0x0000000083200000, 0x0000000083200000|100%|HS|  |TAMS 0x0000000083100000| PB 0x0000000083100000| Complete 
|  50|0x0000000083200000, 0x0000000083300000, 0x0000000083300000|100%| O|  |TAMS 0x0000000083200000| PB 0x0000000083200000| Untracked 
|  51|0x0000000083300000, 0x0000000083400000, 0x0000000083400000|100%| O|  |TAMS 0x0000000083300000| PB 0x0000000083300000| Untracked 
|  52|0x0000000083400000, 0x0000000083500000, 0x0000000083500000|100%| O|  |TAMS 0x0000000083400000| PB 0x0000000083400000| Untracked 
|  53|0x0000000083500000, 0x0000000083600000, 0x0000000083600000|100%| O|  |TAMS 0x0000000083500000| PB 0x0000000083500000| Untracked 
|  54|0x0000000083600000, 0x0000000083700000, 0x0000000083700000|100%| O|  |TAMS 0x0000000083600000| PB 0x0000000083600000| Untracked 
|  55|0x0000000083700000, 0x0000000083800000, 0x0000000083800000|100%| O|  |TAMS 0x0000000083700000| PB 0x0000000083700000| Untracked 
|  56|0x0000000083800000, 0x0000000083900000, 0x0000000083900000|100%|HS|  |TAMS 0x0000000083800000| PB 0x0000000083800000| Complete 
|  57|0x0000000083900000, 0x0000000083a00000, 0x0000000083a00000|100%| O|  |TAMS 0x0000000083900000| PB 0x0000000083900000| Untracked 
|  58|0x0000000083a00000, 0x0000000083b00000, 0x0000000083b00000|100%| O|  |TAMS 0x0000000083a00000| PB 0x0000000083a00000| Untracked 
|  59|0x0000000083b00000, 0x0000000083c00000, 0x0000000083c00000|100%| O|  |TAMS 0x0000000083b00000| PB 0x0000000083b00000| Untracked 
|  60|0x0000000083c00000, 0x0000000083d00000, 0x0000000083d00000|100%| O|  |TAMS 0x0000000083c00000| PB 0x0000000083c00000| Untracked 
|  61|0x0000000083d00000, 0x0000000083e00000, 0x0000000083e00000|100%| O|  |TAMS 0x0000000083d00000| PB 0x0000000083d00000| Untracked 
|  62|0x0000000083e00000, 0x0000000083f00000, 0x0000000083f00000|100%| O|  |TAMS 0x0000000083e00000| PB 0x0000000083e00000| Untracked 
|  63|0x0000000083f00000, 0x0000000084000000, 0x0000000084000000|100%| O|  |TAMS 0x0000000083f00000| PB 0x0000000083f00000| Untracked 
|  64|0x0000000084000000, 0x0000000084100000, 0x0000000084100000|100%| O|  |TAMS 0x0000000084000000| PB 0x0000000084000000| Untracked 
|  65|0x0000000084100000, 0x0000000084200000, 0x0000000084200000|100%|HS|  |TAMS 0x0000000084100000| PB 0x0000000084100000| Complete 
|  66|0x0000000084200000, 0x0000000084300000, 0x0000000084300000|100%|HC|  |TAMS 0x0000000084200000| PB 0x0000000084200000| Complete 
|  67|0x0000000084300000, 0x0000000084400000, 0x0000000084400000|100%| O|  |TAMS 0x0000000084300000| PB 0x0000000084300000| Untracked 
|  68|0x0000000084400000, 0x0000000084500000, 0x0000000084500000|100%| O|  |TAMS 0x0000000084400000| PB 0x0000000084400000| Untracked 
|  69|0x0000000084500000, 0x0000000084600000, 0x0000000084600000|100%| O|  |TAMS 0x0000000084500000| PB 0x0000000084500000| Untracked 
|  70|0x0000000084600000, 0x0000000084700000, 0x0000000084700000|100%| O|  |TAMS 0x0000000084600000| PB 0x0000000084600000| Untracked 
|  71|0x0000000084700000, 0x0000000084700000, 0x0000000084800000|  0%| F|  |TAMS 0x0000000084700000| PB 0x0000000084700000| Untracked 
|  72|0x0000000084800000, 0x0000000084900000, 0x0000000084900000|100%| O|  |TAMS 0x0000000084800000| PB 0x0000000084800000| Untracked 
|  73|0x0000000084900000, 0x0000000084a00000, 0x0000000084a00000|100%| O|  |TAMS 0x0000000084900000| PB 0x0000000084900000| Untracked 
|  74|0x0000000084a00000, 0x0000000084b00000, 0x0000000084b00000|100%| O|  |TAMS 0x0000000084a00000| PB 0x0000000084a00000| Untracked 
|  75|0x0000000084b00000, 0x0000000084c00000, 0x0000000084c00000|100%|HS|  |TAMS 0x0000000084b00000| PB 0x0000000084b00000| Complete 
|  76|0x0000000084c00000, 0x0000000084d00000, 0x0000000084d00000|100%|HC|  |TAMS 0x0000000084c00000| PB 0x0000000084c00000| Complete 
|  77|0x0000000084d00000, 0x0000000084e00000, 0x0000000084e00000|100%|HC|  |TAMS 0x0000000084d00000| PB 0x0000000084d00000| Complete 
|  78|0x0000000084e00000, 0x0000000084f00000, 0x0000000084f00000|100%|HC|  |TAMS 0x0000000084e00000| PB 0x0000000084e00000| Complete 
|  79|0x0000000084f00000, 0x0000000085000000, 0x0000000085000000|100%|HC|  |TAMS 0x0000000084f00000| PB 0x0000000084f00000| Complete 
|  80|0x0000000085000000, 0x0000000085100000, 0x0000000085100000|100%|HC|  |TAMS 0x0000000085000000| PB 0x0000000085000000| Complete 
|  81|0x0000000085100000, 0x0000000085200000, 0x0000000085200000|100%| O|  |TAMS 0x0000000085100000| PB 0x0000000085100000| Untracked 
|  82|0x0000000085200000, 0x0000000085300000, 0x0000000085300000|100%| O|  |TAMS 0x0000000085200000| PB 0x0000000085200000| Untracked 
|  83|0x0000000085300000, 0x0000000085400000, 0x0000000085400000|100%| O|  |TAMS 0x0000000085300000| PB 0x0000000085300000| Untracked 
|  84|0x0000000085400000, 0x0000000085500000, 0x0000000085500000|100%|HS|  |TAMS 0x0000000085400000| PB 0x0000000085400000| Complete 
|  85|0x0000000085500000, 0x0000000085600000, 0x0000000085600000|100%| O|  |TAMS 0x0000000085500000| PB 0x0000000085500000| Untracked 
|  86|0x0000000085600000, 0x0000000085700000, 0x0000000085700000|100%| O|  |TAMS 0x0000000085600000| PB 0x0000000085600000| Untracked 
|  87|0x0000000085700000, 0x0000000085800000, 0x0000000085800000|100%| O|  |TAMS 0x0000000085700000| PB 0x0000000085700000| Untracked 
|  88|0x0000000085800000, 0x0000000085900000, 0x0000000085900000|100%| O|  |TAMS 0x0000000085800000| PB 0x0000000085800000| Untracked 
|  89|0x0000000085900000, 0x0000000085a00000, 0x0000000085a00000|100%| O|  |TAMS 0x0000000085900000| PB 0x0000000085900000| Untracked 
|  90|0x0000000085a00000, 0x0000000085b00000, 0x0000000085b00000|100%|HS|  |TAMS 0x0000000085a00000| PB 0x0000000085a00000| Complete 
|  91|0x0000000085b00000, 0x0000000085c00000, 0x0000000085c00000|100%|HS|  |TAMS 0x0000000085b00000| PB 0x0000000085b00000| Complete 
|  92|0x0000000085c00000, 0x0000000085d00000, 0x0000000085d00000|100%|HS|  |TAMS 0x0000000085c00000| PB 0x0000000085c00000| Complete 
|  93|0x0000000085d00000, 0x0000000085e00000, 0x0000000085e00000|100%|HS|  |TAMS 0x0000000085d00000| PB 0x0000000085d00000| Complete 
|  94|0x0000000085e00000, 0x0000000085f00000, 0x0000000085f00000|100%|HC|  |TAMS 0x0000000085e00000| PB 0x0000000085e00000| Complete 
|  95|0x0000000085f00000, 0x0000000086000000, 0x0000000086000000|100%|HC|  |TAMS 0x0000000085f00000| PB 0x0000000085f00000| Complete 
|  96|0x0000000086000000, 0x0000000086100000, 0x0000000086100000|100%|HC|  |TAMS 0x0000000086000000| PB 0x0000000086000000| Complete 
|  97|0x0000000086100000, 0x0000000086200000, 0x0000000086200000|100%|HC|  |TAMS 0x0000000086100000| PB 0x0000000086100000| Complete 
|  98|0x0000000086200000, 0x0000000086300000, 0x0000000086300000|100%|HC|  |TAMS 0x0000000086200000| PB 0x0000000086200000| Complete 
|  99|0x0000000086300000, 0x0000000086400000, 0x0000000086400000|100%| O|  |TAMS 0x0000000086300000| PB 0x0000000086300000| Untracked 
| 100|0x0000000086400000, 0x0000000086500000, 0x0000000086500000|100%| O|  |TAMS 0x0000000086400000| PB 0x0000000086400000| Untracked 
| 101|0x0000000086500000, 0x0000000086600000, 0x0000000086600000|100%| O|  |TAMS 0x0000000086500000| PB 0x0000000086500000| Untracked 
| 102|0x0000000086600000, 0x0000000086700000, 0x0000000086700000|100%| O|  |TAMS 0x0000000086600000| PB 0x0000000086600000| Untracked 
| 103|0x0000000086700000, 0x0000000086800000, 0x0000000086800000|100%|HS|  |TAMS 0x0000000086700000| PB 0x0000000086700000| Complete 
| 104|0x0000000086800000, 0x0000000086900000, 0x0000000086900000|100%|HC|  |TAMS 0x0000000086800000| PB 0x0000000086800000| Complete 
| 105|0x0000000086900000, 0x0000000086a00000, 0x0000000086a00000|100%|HS|  |TAMS 0x0000000086900000| PB 0x0000000086900000| Complete 
| 106|0x0000000086a00000, 0x0000000086b00000, 0x0000000086b00000|100%|HC|  |TAMS 0x0000000086a00000| PB 0x0000000086a00000| Complete 
| 107|0x0000000086b00000, 0x0000000086c00000, 0x0000000086c00000|100%|HS|  |TAMS 0x0000000086b00000| PB 0x0000000086b00000| Complete 
| 108|0x0000000086c00000, 0x0000000086d00000, 0x0000000086d00000|100%|HC|  |TAMS 0x0000000086c00000| PB 0x0000000086c00000| Complete 
| 109|0x0000000086d00000, 0x0000000086e00000, 0x0000000086e00000|100%|HC|  |TAMS 0x0000000086d00000| PB 0x0000000086d00000| Complete 
| 110|0x0000000086e00000, 0x0000000086f00000, 0x0000000086f00000|100%| O|  |TAMS 0x0000000086e00000| PB 0x0000000086e00000| Untracked 
| 111|0x0000000086f00000, 0x0000000087000000, 0x0000000087000000|100%| O|  |TAMS 0x0000000086f00000| PB 0x0000000086f00000| Untracked 
| 112|0x0000000087000000, 0x0000000087100000, 0x0000000087100000|100%| O|  |TAMS 0x0000000087000000| PB 0x0000000087000000| Untracked 
| 113|0x0000000087100000, 0x0000000087200000, 0x0000000087200000|100%| O|  |TAMS 0x0000000087100000| PB 0x0000000087100000| Untracked 
| 114|0x0000000087200000, 0x0000000087300000, 0x0000000087300000|100%| O|  |TAMS 0x0000000087200000| PB 0x0000000087200000| Untracked 
| 115|0x0000000087300000, 0x0000000087400000, 0x0000000087400000|100%| O|  |TAMS 0x0000000087300000| PB 0x0000000087300000| Untracked 
| 116|0x0000000087400000, 0x0000000087500000, 0x0000000087500000|100%| O|  |TAMS 0x0000000087400000| PB 0x0000000087400000| Untracked 
| 117|0x0000000087500000, 0x0000000087600000, 0x0000000087600000|100%| O|  |TAMS 0x0000000087500000| PB 0x0000000087500000| Untracked 
| 118|0x0000000087600000, 0x0000000087700000, 0x0000000087700000|100%| O|  |TAMS 0x0000000087600000| PB 0x0000000087600000| Untracked 
| 119|0x0000000087700000, 0x0000000087800000, 0x0000000087800000|100%| O|  |TAMS 0x0000000087700000| PB 0x0000000087700000| Untracked 
| 120|0x0000000087800000, 0x0000000087900000, 0x0000000087900000|100%|HS|  |TAMS 0x0000000087800000| PB 0x0000000087800000| Complete 
| 121|0x0000000087900000, 0x0000000087a00000, 0x0000000087a00000|100%|HS|  |TAMS 0x0000000087900000| PB 0x0000000087900000| Complete 
| 122|0x0000000087a00000, 0x0000000087b00000, 0x0000000087b00000|100%| O|  |TAMS 0x0000000087a00000| PB 0x0000000087a00000| Untracked 
| 123|0x0000000087b00000, 0x0000000087c00000, 0x0000000087c00000|100%| O|  |TAMS 0x0000000087b00000| PB 0x0000000087b00000| Untracked 
| 124|0x0000000087c00000, 0x0000000087d00000, 0x0000000087d00000|100%|HS|  |TAMS 0x0000000087c00000| PB 0x0000000087c00000| Complete 
| 125|0x0000000087d00000, 0x0000000087e00000, 0x0000000087e00000|100%|HS|  |TAMS 0x0000000087d00000| PB 0x0000000087d00000| Complete 
| 126|0x0000000087e00000, 0x0000000087f00000, 0x0000000087f00000|100%|HC|  |TAMS 0x0000000087e00000| PB 0x0000000087e00000| Complete 
| 127|0x0000000087f00000, 0x0000000088000000, 0x0000000088000000|100%|HC|  |TAMS 0x0000000087f00000| PB 0x0000000087f00000| Complete 
| 128|0x0000000088000000, 0x0000000088100000, 0x0000000088100000|100%| O|  |TAMS 0x0000000088000000| PB 0x0000000088000000| Untracked 
| 129|0x0000000088100000, 0x0000000088200000, 0x0000000088200000|100%|HS|  |TAMS 0x0000000088100000| PB 0x0000000088100000| Complete 
| 130|0x0000000088200000, 0x0000000088300000, 0x0000000088300000|100%| O|  |TAMS 0x0000000088200000| PB 0x0000000088200000| Untracked 
| 131|0x0000000088300000, 0x0000000088400000, 0x0000000088400000|100%| O|  |TAMS 0x0000000088300000| PB 0x0000000088300000| Untracked 
| 132|0x0000000088400000, 0x0000000088500000, 0x0000000088500000|100%| O|  |TAMS 0x0000000088400000| PB 0x0000000088400000| Untracked 
| 133|0x0000000088500000, 0x0000000088600000, 0x0000000088600000|100%| O|  |TAMS 0x0000000088500000| PB 0x0000000088500000| Untracked 
| 134|0x0000000088600000, 0x0000000088700000, 0x0000000088700000|100%| O|  |TAMS 0x0000000088600000| PB 0x0000000088600000| Untracked 
| 135|0x0000000088700000, 0x0000000088800000, 0x0000000088800000|100%| O|  |TAMS 0x0000000088700000| PB 0x0000000088700000| Untracked 
| 136|0x0000000088800000, 0x0000000088900000, 0x0000000088900000|100%| O|  |TAMS 0x0000000088800000| PB 0x0000000088800000| Untracked 
| 137|0x0000000088900000, 0x0000000088900000, 0x0000000088a00000|  0%| F|  |TAMS 0x0000000088900000| PB 0x0000000088900000| Untracked 
| 138|0x0000000088a00000, 0x0000000088b00000, 0x0000000088b00000|100%|HS|  |TAMS 0x0000000088a00000| PB 0x0000000088a00000| Complete 
| 139|0x0000000088b00000, 0x0000000088c00000, 0x0000000088c00000|100%|HC|  |TAMS 0x0000000088b00000| PB 0x0000000088b00000| Complete 
| 140|0x0000000088c00000, 0x0000000088d00000, 0x0000000088d00000|100%| O|  |TAMS 0x0000000088c00000| PB 0x0000000088c00000| Untracked 
| 141|0x0000000088d00000, 0x0000000088e00000, 0x0000000088e00000|100%| O|  |TAMS 0x0000000088d00000| PB 0x0000000088d00000| Untracked 
| 142|0x0000000088e00000, 0x0000000088f00000, 0x0000000088f00000|100%| O|  |TAMS 0x0000000088e00000| PB 0x0000000088e00000| Untracked 
| 143|0x0000000088f00000, 0x0000000089000000, 0x0000000089000000|100%| O|  |TAMS 0x0000000088f00000| PB 0x0000000088f00000| Untracked 
| 144|0x0000000089000000, 0x0000000089100000, 0x0000000089100000|100%| O|  |TAMS 0x0000000089000000| PB 0x0000000089000000| Untracked 
| 145|0x0000000089100000, 0x0000000089200000, 0x0000000089200000|100%| O|  |TAMS 0x0000000089100000| PB 0x0000000089100000| Untracked 
| 146|0x0000000089200000, 0x0000000089300000, 0x0000000089300000|100%| O|  |TAMS 0x0000000089200000| PB 0x0000000089200000| Untracked 
| 147|0x0000000089300000, 0x0000000089400000, 0x0000000089400000|100%| O|  |TAMS 0x0000000089300000| PB 0x0000000089300000| Untracked 
| 148|0x0000000089400000, 0x0000000089500000, 0x0000000089500000|100%| O|  |TAMS 0x0000000089400000| PB 0x0000000089400000| Untracked 
| 149|0x0000000089500000, 0x0000000089600000, 0x0000000089600000|100%| O|  |TAMS 0x0000000089500000| PB 0x0000000089500000| Untracked 
| 150|0x0000000089600000, 0x0000000089600000, 0x0000000089700000|  0%| F|  |TAMS 0x0000000089600000| PB 0x0000000089600000| Untracked 
| 151|0x0000000089700000, 0x0000000089800000, 0x0000000089800000|100%| O|  |TAMS 0x0000000089700000| PB 0x0000000089700000| Untracked 
| 152|0x0000000089800000, 0x0000000089900000, 0x0000000089900000|100%| O|  |TAMS 0x0000000089800000| PB 0x0000000089800000| Untracked 
| 153|0x0000000089900000, 0x0000000089a00000, 0x0000000089a00000|100%| O|  |TAMS 0x0000000089900000| PB 0x0000000089900000| Untracked 
| 154|0x0000000089a00000, 0x0000000089aab828, 0x0000000089b00000| 66%| O|  |TAMS 0x0000000089a00000| PB 0x0000000089a00000| Untracked 
| 155|0x0000000089b00000, 0x0000000089b00000, 0x0000000089c00000|  0%| F|  |TAMS 0x0000000089b00000| PB 0x0000000089b00000| Untracked 
| 156|0x0000000089c00000, 0x0000000089c00000, 0x0000000089d00000|  0%| F|  |TAMS 0x0000000089c00000| PB 0x0000000089c00000| Untracked 
| 157|0x0000000089d00000, 0x0000000089d00000, 0x0000000089e00000|  0%| F|  |TAMS 0x0000000089d00000| PB 0x0000000089d00000| Untracked 
| 158|0x0000000089e00000, 0x0000000089e00000, 0x0000000089f00000|  0%| F|  |TAMS 0x0000000089e00000| PB 0x0000000089e00000| Untracked 
| 159|0x0000000089f00000, 0x0000000089f00000, 0x000000008a000000|  0%| F|  |TAMS 0x0000000089f00000| PB 0x0000000089f00000| Untracked 
| 160|0x000000008a000000, 0x000000008a000000, 0x000000008a100000|  0%| F|  |TAMS 0x000000008a000000| PB 0x000000008a000000| Untracked 
| 161|0x000000008a100000, 0x000000008a100000, 0x000000008a200000|  0%| F|  |TAMS 0x000000008a100000| PB 0x000000008a100000| Untracked 
| 162|0x000000008a200000, 0x000000008a200000, 0x000000008a300000|  0%| F|  |TAMS 0x000000008a200000| PB 0x000000008a200000| Untracked 
| 163|0x000000008a300000, 0x000000008a300000, 0x000000008a400000|  0%| F|  |TAMS 0x000000008a300000| PB 0x000000008a300000| Untracked 
| 164|0x000000008a400000, 0x000000008a400000, 0x000000008a500000|  0%| F|  |TAMS 0x000000008a400000| PB 0x000000008a400000| Untracked 
| 165|0x000000008a500000, 0x000000008a5ece00, 0x000000008a600000| 92%| S|CS|TAMS 0x000000008a500000| PB 0x000000008a500000| Complete 
| 166|0x000000008a600000, 0x000000008a700000, 0x000000008a700000|100%| S|CS|TAMS 0x000000008a600000| PB 0x000000008a600000| Complete 
| 167|0x000000008a700000, 0x000000008a800000, 0x000000008a800000|100%| S|CS|TAMS 0x000000008a700000| PB 0x000000008a700000| Complete 
| 168|0x000000008a800000, 0x000000008a900000, 0x000000008a900000|100%| S|CS|TAMS 0x000000008a800000| PB 0x000000008a800000| Complete 
| 169|0x000000008a900000, 0x000000008aa00000, 0x000000008aa00000|100%| S|CS|TAMS 0x000000008a900000| PB 0x000000008a900000| Complete 
| 170|0x000000008aa00000, 0x000000008ab00000, 0x000000008ab00000|100%| S|CS|TAMS 0x000000008aa00000| PB 0x000000008aa00000| Complete 
| 171|0x000000008ab00000, 0x000000008ac00000, 0x000000008ac00000|100%| S|CS|TAMS 0x000000008ab00000| PB 0x000000008ab00000| Complete 
| 172|0x000000008ac00000, 0x000000008ad00000, 0x000000008ad00000|100%| S|CS|TAMS 0x000000008ac00000| PB 0x000000008ac00000| Complete 
| 173|0x000000008ad00000, 0x000000008ad00000, 0x000000008ae00000|  0%| F|  |TAMS 0x000000008ad00000| PB 0x000000008ad00000| Untracked 
| 174|0x000000008ae00000, 0x000000008ae00000, 0x000000008af00000|  0%| F|  |TAMS 0x000000008ae00000| PB 0x000000008ae00000| Untracked 
| 175|0x000000008af00000, 0x000000008af00000, 0x000000008b000000|  0%| F|  |TAMS 0x000000008af00000| PB 0x000000008af00000| Untracked 
| 176|0x000000008b000000, 0x000000008b000000, 0x000000008b100000|  0%| F|  |TAMS 0x000000008b000000| PB 0x000000008b000000| Untracked 
| 177|0x000000008b100000, 0x000000008b100000, 0x000000008b200000|  0%| F|  |TAMS 0x000000008b100000| PB 0x000000008b100000| Untracked 
| 178|0x000000008b200000, 0x000000008b200000, 0x000000008b300000|  0%| F|  |TAMS 0x000000008b200000| PB 0x000000008b200000| Untracked 
| 179|0x000000008b300000, 0x000000008b300000, 0x000000008b400000|  0%| F|  |TAMS 0x000000008b300000| PB 0x000000008b300000| Untracked 
| 180|0x000000008b400000, 0x000000008b400000, 0x000000008b500000|  0%| F|  |TAMS 0x000000008b400000| PB 0x000000008b400000| Untracked 
| 181|0x000000008b500000, 0x000000008b500000, 0x000000008b600000|  0%| F|  |TAMS 0x000000008b500000| PB 0x000000008b500000| Untracked 
| 182|0x000000008b600000, 0x000000008b600000, 0x000000008b700000|  0%| F|  |TAMS 0x000000008b600000| PB 0x000000008b600000| Untracked 
| 183|0x000000008b700000, 0x000000008b700000, 0x000000008b800000|  0%| F|  |TAMS 0x000000008b700000| PB 0x000000008b700000| Untracked 
| 184|0x000000008b800000, 0x000000008b800000, 0x000000008b900000|  0%| F|  |TAMS 0x000000008b800000| PB 0x000000008b800000| Untracked 
| 185|0x000000008b900000, 0x000000008b900000, 0x000000008ba00000|  0%| F|  |TAMS 0x000000008b900000| PB 0x000000008b900000| Untracked 
| 186|0x000000008ba00000, 0x000000008ba00000, 0x000000008bb00000|  0%| F|  |TAMS 0x000000008ba00000| PB 0x000000008ba00000| Untracked 
| 187|0x000000008bb00000, 0x000000008bb00000, 0x000000008bc00000|  0%| F|  |TAMS 0x000000008bb00000| PB 0x000000008bb00000| Untracked 
| 188|0x000000008bc00000, 0x000000008bc00000, 0x000000008bd00000|  0%| F|  |TAMS 0x000000008bc00000| PB 0x000000008bc00000| Untracked 
| 189|0x000000008bd00000, 0x000000008bd00000, 0x000000008be00000|  0%| F|  |TAMS 0x000000008bd00000| PB 0x000000008bd00000| Untracked 
| 190|0x000000008be00000, 0x000000008be00000, 0x000000008bf00000|  0%| F|  |TAMS 0x000000008be00000| PB 0x000000008be00000| Untracked 
| 191|0x000000008bf00000, 0x000000008bf00000, 0x000000008c000000|  0%| F|  |TAMS 0x000000008bf00000| PB 0x000000008bf00000| Untracked 
| 192|0x000000008c000000, 0x000000008c000000, 0x000000008c100000|  0%| F|  |TAMS 0x000000008c000000| PB 0x000000008c000000| Untracked 
| 193|0x000000008c100000, 0x000000008c100000, 0x000000008c200000|  0%| F|  |TAMS 0x000000008c100000| PB 0x000000008c100000| Untracked 
| 194|0x000000008c200000, 0x000000008c200000, 0x000000008c300000|  0%| F|  |TAMS 0x000000008c200000| PB 0x000000008c200000| Untracked 
| 195|0x000000008c300000, 0x000000008c300000, 0x000000008c400000|  0%| F|  |TAMS 0x000000008c300000| PB 0x000000008c300000| Untracked 
| 196|0x000000008c400000, 0x000000008c400000, 0x000000008c500000|  0%| F|  |TAMS 0x000000008c400000| PB 0x000000008c400000| Untracked 
| 197|0x000000008c500000, 0x000000008c500000, 0x000000008c600000|  0%| F|  |TAMS 0x000000008c500000| PB 0x000000008c500000| Untracked 
| 198|0x000000008c600000, 0x000000008c600000, 0x000000008c700000|  0%| F|  |TAMS 0x000000008c600000| PB 0x000000008c600000| Untracked 
| 199|0x000000008c700000, 0x000000008c700000, 0x000000008c800000|  0%| F|  |TAMS 0x000000008c700000| PB 0x000000008c700000| Untracked 
| 200|0x000000008c800000, 0x000000008c800000, 0x000000008c900000|  0%| F|  |TAMS 0x000000008c800000| PB 0x000000008c800000| Untracked 
| 201|0x000000008c900000, 0x000000008c900000, 0x000000008ca00000|  0%| F|  |TAMS 0x000000008c900000| PB 0x000000008c900000| Untracked 
| 202|0x000000008ca00000, 0x000000008ca00000, 0x000000008cb00000|  0%| F|  |TAMS 0x000000008ca00000| PB 0x000000008ca00000| Untracked 
| 203|0x000000008cb00000, 0x000000008cb00000, 0x000000008cc00000|  0%| F|  |TAMS 0x000000008cb00000| PB 0x000000008cb00000| Untracked 
| 204|0x000000008cc00000, 0x000000008cc00000, 0x000000008cd00000|  0%| F|  |TAMS 0x000000008cc00000| PB 0x000000008cc00000| Untracked 
| 205|0x000000008cd00000, 0x000000008cd00000, 0x000000008ce00000|  0%| F|  |TAMS 0x000000008cd00000| PB 0x000000008cd00000| Untracked 
| 206|0x000000008ce00000, 0x000000008ce00000, 0x000000008cf00000|  0%| F|  |TAMS 0x000000008ce00000| PB 0x000000008ce00000| Untracked 
| 207|0x000000008cf00000, 0x000000008cf00000, 0x000000008d000000|  0%| F|  |TAMS 0x000000008cf00000| PB 0x000000008cf00000| Untracked 
| 208|0x000000008d000000, 0x000000008d000000, 0x000000008d100000|  0%| F|  |TAMS 0x000000008d000000| PB 0x000000008d000000| Untracked 
| 209|0x000000008d100000, 0x000000008d100000, 0x000000008d200000|  0%| F|  |TAMS 0x000000008d100000| PB 0x000000008d100000| Untracked 
| 210|0x000000008d200000, 0x000000008d200000, 0x000000008d300000|  0%| F|  |TAMS 0x000000008d200000| PB 0x000000008d200000| Untracked 
| 211|0x000000008d300000, 0x000000008d300000, 0x000000008d400000|  0%| F|  |TAMS 0x000000008d300000| PB 0x000000008d300000| Untracked 
| 212|0x000000008d400000, 0x000000008d400000, 0x000000008d500000|  0%| F|  |TAMS 0x000000008d400000| PB 0x000000008d400000| Untracked 
| 213|0x000000008d500000, 0x000000008d500000, 0x000000008d600000|  0%| F|  |TAMS 0x000000008d500000| PB 0x000000008d500000| Untracked 
| 214|0x000000008d600000, 0x000000008d600000, 0x000000008d700000|  0%| F|  |TAMS 0x000000008d600000| PB 0x000000008d600000| Untracked 
| 215|0x000000008d700000, 0x000000008d700000, 0x000000008d800000|  0%| F|  |TAMS 0x000000008d700000| PB 0x000000008d700000| Untracked 
| 216|0x000000008d800000, 0x000000008d800000, 0x000000008d900000|  0%| F|  |TAMS 0x000000008d800000| PB 0x000000008d800000| Untracked 
| 217|0x000000008d900000, 0x000000008d900000, 0x000000008da00000|  0%| F|  |TAMS 0x000000008d900000| PB 0x000000008d900000| Untracked 
| 218|0x000000008da00000, 0x000000008da00000, 0x000000008db00000|  0%| F|  |TAMS 0x000000008da00000| PB 0x000000008da00000| Untracked 
| 219|0x000000008db00000, 0x000000008db00000, 0x000000008dc00000|  0%| F|  |TAMS 0x000000008db00000| PB 0x000000008db00000| Untracked 
| 220|0x000000008dc00000, 0x000000008dc00000, 0x000000008dd00000|  0%| F|  |TAMS 0x000000008dc00000| PB 0x000000008dc00000| Untracked 
| 221|0x000000008dd00000, 0x000000008dd00000, 0x000000008de00000|  0%| F|  |TAMS 0x000000008dd00000| PB 0x000000008dd00000| Untracked 
| 222|0x000000008de00000, 0x000000008de00000, 0x000000008df00000|  0%| F|  |TAMS 0x000000008de00000| PB 0x000000008de00000| Untracked 
| 223|0x000000008df00000, 0x000000008df00000, 0x000000008e000000|  0%| F|  |TAMS 0x000000008df00000| PB 0x000000008df00000| Untracked 
| 224|0x000000008e000000, 0x000000008e000000, 0x000000008e100000|  0%| F|  |TAMS 0x000000008e000000| PB 0x000000008e000000| Untracked 
| 225|0x000000008e100000, 0x000000008e100000, 0x000000008e200000|  0%| F|  |TAMS 0x000000008e100000| PB 0x000000008e100000| Untracked 
| 226|0x000000008e200000, 0x000000008e200000, 0x000000008e300000|  0%| F|  |TAMS 0x000000008e200000| PB 0x000000008e200000| Untracked 
| 227|0x000000008e300000, 0x000000008e300000, 0x000000008e400000|  0%| F|  |TAMS 0x000000008e300000| PB 0x000000008e300000| Untracked 
| 228|0x000000008e400000, 0x000000008e400000, 0x000000008e500000|  0%| F|  |TAMS 0x000000008e400000| PB 0x000000008e400000| Untracked 
| 229|0x000000008e500000, 0x000000008e500000, 0x000000008e600000|  0%| F|  |TAMS 0x000000008e500000| PB 0x000000008e500000| Untracked 
| 230|0x000000008e600000, 0x000000008e600000, 0x000000008e700000|  0%| F|  |TAMS 0x000000008e600000| PB 0x000000008e600000| Untracked 
| 231|0x000000008e700000, 0x000000008e700000, 0x000000008e800000|  0%| F|  |TAMS 0x000000008e700000| PB 0x000000008e700000| Untracked 
| 232|0x000000008e800000, 0x000000008e800000, 0x000000008e900000|  0%| F|  |TAMS 0x000000008e800000| PB 0x000000008e800000| Untracked 
| 233|0x000000008e900000, 0x000000008e900000, 0x000000008ea00000|  0%| F|  |TAMS 0x000000008e900000| PB 0x000000008e900000| Untracked 
| 234|0x000000008ea00000, 0x000000008ea00000, 0x000000008eb00000|  0%| F|  |TAMS 0x000000008ea00000| PB 0x000000008ea00000| Untracked 
| 235|0x000000008eb00000, 0x000000008eb00000, 0x000000008ec00000|  0%| F|  |TAMS 0x000000008eb00000| PB 0x000000008eb00000| Untracked 
| 236|0x000000008ec00000, 0x000000008ec00000, 0x000000008ed00000|  0%| F|  |TAMS 0x000000008ec00000| PB 0x000000008ec00000| Untracked 
| 237|0x000000008ed00000, 0x000000008ed00000, 0x000000008ee00000|  0%| F|  |TAMS 0x000000008ed00000| PB 0x000000008ed00000| Untracked 
| 238|0x000000008ee00000, 0x000000008ee00000, 0x000000008ef00000|  0%| F|  |TAMS 0x000000008ee00000| PB 0x000000008ee00000| Untracked 
| 239|0x000000008ef00000, 0x000000008ef00000, 0x000000008f000000|  0%| F|  |TAMS 0x000000008ef00000| PB 0x000000008ef00000| Untracked 
| 240|0x000000008f000000, 0x000000008f000000, 0x000000008f100000|  0%| F|  |TAMS 0x000000008f000000| PB 0x000000008f000000| Untracked 
| 241|0x000000008f100000, 0x000000008f100000, 0x000000008f200000|  0%| F|  |TAMS 0x000000008f100000| PB 0x000000008f100000| Untracked 
| 242|0x000000008f200000, 0x000000008f200000, 0x000000008f300000|  0%| F|  |TAMS 0x000000008f200000| PB 0x000000008f200000| Untracked 
| 243|0x000000008f300000, 0x000000008f300000, 0x000000008f400000|  0%| F|  |TAMS 0x000000008f300000| PB 0x000000008f300000| Untracked 
| 244|0x000000008f400000, 0x000000008f400000, 0x000000008f500000|  0%| F|  |TAMS 0x000000008f400000| PB 0x000000008f400000| Untracked 
| 245|0x000000008f500000, 0x000000008f500000, 0x000000008f600000|  0%| F|  |TAMS 0x000000008f500000| PB 0x000000008f500000| Untracked 
| 246|0x000000008f600000, 0x000000008f600000, 0x000000008f700000|  0%| F|  |TAMS 0x000000008f600000| PB 0x000000008f600000| Untracked 
| 247|0x000000008f700000, 0x000000008f700000, 0x000000008f800000|  0%| F|  |TAMS 0x000000008f700000| PB 0x000000008f700000| Untracked 
| 248|0x000000008f800000, 0x000000008f800000, 0x000000008f900000|  0%| F|  |TAMS 0x000000008f800000| PB 0x000000008f800000| Untracked 
| 249|0x000000008f900000, 0x000000008f900000, 0x000000008fa00000|  0%| F|  |TAMS 0x000000008f900000| PB 0x000000008f900000| Untracked 
| 250|0x000000008fa00000, 0x000000008fa00000, 0x000000008fb00000|  0%| F|  |TAMS 0x000000008fa00000| PB 0x000000008fa00000| Untracked 
| 251|0x000000008fb00000, 0x000000008fb00000, 0x000000008fc00000|  0%| F|  |TAMS 0x000000008fb00000| PB 0x000000008fb00000| Untracked 
| 252|0x000000008fc00000, 0x000000008fc00000, 0x000000008fd00000|  0%| F|  |TAMS 0x000000008fc00000| PB 0x000000008fc00000| Untracked 
| 253|0x000000008fd00000, 0x000000008fd00000, 0x000000008fe00000|  0%| F|  |TAMS 0x000000008fd00000| PB 0x000000008fd00000| Untracked 
| 254|0x000000008fe00000, 0x000000008fe00000, 0x000000008ff00000|  0%| F|  |TAMS 0x000000008fe00000| PB 0x000000008fe00000| Untracked 
| 255|0x000000008ff00000, 0x000000008ff00000, 0x0000000090000000|  0%| F|  |TAMS 0x000000008ff00000| PB 0x000000008ff00000| Untracked 
| 256|0x0000000090000000, 0x0000000090000000, 0x0000000090100000|  0%| F|  |TAMS 0x0000000090000000| PB 0x0000000090000000| Untracked 
| 257|0x0000000090100000, 0x0000000090100000, 0x0000000090200000|  0%| F|  |TAMS 0x0000000090100000| PB 0x0000000090100000| Untracked 
| 258|0x0000000090200000, 0x0000000090200000, 0x0000000090300000|  0%| F|  |TAMS 0x0000000090200000| PB 0x0000000090200000| Untracked 
| 259|0x0000000090300000, 0x0000000090300000, 0x0000000090400000|  0%| F|  |TAMS 0x0000000090300000| PB 0x0000000090300000| Untracked 
| 260|0x0000000090400000, 0x0000000090400000, 0x0000000090500000|  0%| F|  |TAMS 0x0000000090400000| PB 0x0000000090400000| Untracked 
| 261|0x0000000090500000, 0x0000000090500000, 0x0000000090600000|  0%| F|  |TAMS 0x0000000090500000| PB 0x0000000090500000| Untracked 
| 262|0x0000000090600000, 0x0000000090600000, 0x0000000090700000|  0%| F|  |TAMS 0x0000000090600000| PB 0x0000000090600000| Untracked 
| 263|0x0000000090700000, 0x0000000090700000, 0x0000000090800000|  0%| F|  |TAMS 0x0000000090700000| PB 0x0000000090700000| Untracked 
| 264|0x0000000090800000, 0x0000000090800000, 0x0000000090900000|  0%| F|  |TAMS 0x0000000090800000| PB 0x0000000090800000| Untracked 
|2039|0x00000000ff700000, 0x00000000ff800000, 0x00000000ff800000|100%| O|  |TAMS 0x00000000ff700000| PB 0x00000000ff700000| Untracked 
|2040|0x00000000ff800000, 0x00000000ff800000, 0x00000000ff900000|  0%| F|  |TAMS 0x00000000ff800000| PB 0x00000000ff800000| Untracked 
|2041|0x00000000ff900000, 0x00000000ff900000, 0x00000000ffa00000|  0%| F|  |TAMS 0x00000000ff900000| PB 0x00000000ff900000| Untracked 
|2042|0x00000000ffa00000, 0x00000000ffb00000, 0x00000000ffb00000|100%| O|  |TAMS 0x00000000ffa00000| PB 0x00000000ffa00000| Untracked 
|2043|0x00000000ffb00000, 0x00000000ffb00000, 0x00000000ffc00000|  0%| F|  |TAMS 0x00000000ffb00000| PB 0x00000000ffb00000| Untracked 
|2044|0x00000000ffc00000, 0x00000000ffd00000, 0x00000000ffd00000|100%| O|  |TAMS 0x00000000ffc00000| PB 0x00000000ffc00000| Untracked 
|2045|0x00000000ffd00000, 0x00000000ffe00000, 0x00000000ffe00000|100%| O|  |TAMS 0x00000000ffd00000| PB 0x00000000ffd00000| Untracked 
|2046|0x00000000ffe00000, 0x00000000fff00000, 0x00000000fff00000|100%| O|  |TAMS 0x00000000ffe00000| PB 0x00000000ffe00000| Untracked 
|2047|0x00000000fff00000, 0x0000000100000000, 0x0000000100000000|100%| O|  |TAMS 0x00000000fff00000| PB 0x00000000fff00000| Untracked 

Card table byte_map: [0x000001b0763c0000,0x000001b0767c0000] _byte_map_base: 0x000001b075fc0000

Marking Bits: (CMBitMap*) 0x000001b071ec6ec0
 Bits: [0x000001b0767c0000, 0x000001b0787c0000)

Polling page: 0x000001b06f9e0000

Metaspace:

Usage:
  Non-class:    100.75 MB used.
      Class:     16.50 MB used.
       Both:    117.26 MB used.

Virtual space:
  Non-class space:      128.00 MB reserved,     101.88 MB ( 80%) committed,  2 nodes.
      Class space:        1.00 GB reserved,      17.62 MB (  2%) committed,  1 nodes.
             Both:        1.12 GB reserved,     119.50 MB ( 10%) committed. 

Chunk freelists:
   Non-Class:  9.86 MB
       Class:  14.43 MB
        Both:  24.29 MB

MaxMetaspaceSize: unlimited
CompressedClassSpaceSize: 1.00 GB
Initial GC threshold: 21.00 MB
Current GC threshold: 199.19 MB
CDS: off
 - commit_granule_bytes: 65536.
 - commit_granule_words: 8192.
 - virtual_space_node_default_size: 8388608.
 - enlarge_chunks_in_place: 1.
 - use_allocation_guard: 0.


Internal statistics:

num_allocs_failed_limit: 6.
num_arena_births: 4376.
num_arena_deaths: 4.
num_vsnodes_births: 3.
num_vsnodes_deaths: 0.
num_space_committed: 1912.
num_space_uncommitted: 0.
num_chunks_returned_to_freelist: 15.
num_chunks_taken_from_freelist: 9571.
num_chunk_merges: 6.
num_chunk_splits: 6252.
num_chunks_enlarged: 3905.
num_inconsistent_stats: 0.

CodeHeap 'non-profiled nmethods': size=119168Kb used=7591Kb max_used=7879Kb free=111576Kb
 bounds [0x000001b007ba0000, 0x000001b008360000, 0x000001b00f000000]
CodeHeap 'profiled nmethods': size=119104Kb used=22247Kb max_used=23248Kb free=96856Kb
 bounds [0x000001b000000000, 0x000001b0016c0000, 0x000001b007450000]
CodeHeap 'non-nmethods': size=7488Kb used=4593Kb max_used=4659Kb free=2894Kb
 bounds [0x000001b007450000, 0x000001b0078f0000, 0x000001b007ba0000]
CodeCache: size=245760Kb, used=34431Kb, max_used=35786Kb, free=211326Kb
 total_blobs=12914, nmethods=11897, adapters=918, full_count=0
Compilation: enabled, stopped_count=0, restarted_count=0

Compilation events (20 events):
Event: 7.818 Thread 0x000001b07c3c2a80 14179       3       sun.nio.fs.NativeBuffer$Deallocator::run (11 bytes)
Event: 7.818 Thread 0x000001b07c3c2a80 nmethod 14179 0x000001b00011ee10 code [0x000001b00011efe0, 0x000001b00011f300]
Event: 7.830 Thread 0x000001b07c3c23d0 14180       1       sun.management.MemoryPoolImpl::getName (5 bytes)
Event: 7.830 Thread 0x000001b07c1f26a0 14181       3       java.lang.invoke.DirectMethodHandle$Holder::invokeStatic (14 bytes)
Event: 7.830 Thread 0x000001b07c3c23d0 nmethod 14180 0x000001b007d43290 code [0x000001b007d43420, 0x000001b007d434e8]
Event: 7.830 Thread 0x000001b07c1f26a0 nmethod 14181 0x000001b000022510 code [0x000001b0000226e0, 0x000001b000022b00]
Event: 7.870 Thread 0x000001b07c1f1c00 14182       4       java.util.ArrayList$ArrayListSpliterator::forEachRemaining (127 bytes)
Event: 7.872 Thread 0x000001b07c1f1c00 nmethod 14182 0x000001b007cea810 code [0x000001b007cea9c0, 0x000001b007ceace8]
Event: 7.952 Thread 0x000001b07c1f1c00 14183   !   4       java.nio.file.Files::walkFileTree (297 bytes)
Event: 8.033 Thread 0x000001b07c1f1c00 nmethod 14183 0x000001b007f91010 code [0x000001b007f918a0, 0x000001b007f97d28]
Event: 8.033 Thread 0x000001b07c1f1c00 14185       4       com.google.common.collect.MapMakerInternalMap$Segment::copyEntry (19 bytes)
Event: 8.033 Thread 0x000001b0155a79e0 14186       4       com.google.common.collect.MapMakerInternalMap$WeakKeyDummyValueEntry$Helper::copy (17 bytes)
Event: 8.035 Thread 0x000001b0155a79e0 nmethod 14186 0x000001b007bcdf90 code [0x000001b007bce160, 0x000001b007bce768]
Event: 8.035 Thread 0x000001b0155a79e0 14187       4       com.google.common.collect.MapMakerInternalMap$WeakKeyDummyValueEntry$Helper::copy (26 bytes)
Event: 8.036 Thread 0x000001b07c1f1c00 nmethod 14185 0x000001b0081e8c90 code [0x000001b0081e8ea0, 0x000001b0081e9630]
Event: 8.036 Thread 0x000001b07c1f1c00 14188       4       jdk.internal.misc.Unsafe::checkSize (32 bytes)
Event: 8.036 Thread 0x000001b07c1f1c00 nmethod 14188 0x000001b007df0190 code [0x000001b007df0320, 0x000001b007df03d8]
Event: 8.036 Thread 0x000001b07c1f1c00 14184       4       com.google.common.collect.MapMakerInternalMap$Segment::expand (276 bytes)
Event: 8.037 Thread 0x000001b0155a79e0 nmethod 14187 0x000001b007c78090 code [0x000001b007c78240, 0x000001b007c78890]
Event: 8.049 Thread 0x000001b07c1f1c00 nmethod 14184 0x000001b00816d110 code [0x000001b00816d440, 0x000001b00816f358]

GC Heap History (20 events):
Event: 5.203 GC heap after
{Heap after GC invocations=29 (full 0):
 garbage-first heap   total 212992K, used 135168K [0x0000000080000000, 0x0000000100000000)
  region size 1024K, 9 young (9216K), 9 survivors (9216K)
 Metaspace       used 82816K, committed 84608K, reserved 1179648K
  class space    used 11565K, committed 12480K, reserved 1048576K
}
Event: 5.211 GC heap before
{Heap before GC invocations=29 (full 0):
 garbage-first heap   total 212992K, used 136192K [0x0000000080000000, 0x0000000100000000)
  region size 1024K, 11 young (11264K), 9 survivors (9216K)
 Metaspace       used 82937K, committed 84736K, reserved 1179648K
  class space    used 11574K, committed 12480K, reserved 1048576K
}
Event: 5.213 GC heap after
{Heap after GC invocations=30 (full 0):
 garbage-first heap   total 256000K, used 135773K [0x0000000080000000, 0x0000000100000000)
  region size 1024K, 1 young (1024K), 1 survivors (1024K)
 Metaspace       used 82937K, committed 84736K, reserved 1179648K
  class space    used 11574K, committed 12480K, reserved 1048576K
}
Event: 5.672 GC heap before
{Heap before GC invocations=30 (full 0):
 garbage-first heap   total 256000K, used 221789K [0x0000000080000000, 0x0000000100000000)
  region size 1024K, 85 young (87040K), 1 survivors (1024K)
 Metaspace       used 91815K, committed 93760K, reserved 1179648K
  class space    used 12746K, committed 13696K, reserved 1048576K
}
Event: 5.674 GC heap after
{Heap after GC invocations=31 (full 0):
 garbage-first heap   total 256000K, used 141264K [0x0000000080000000, 0x0000000100000000)
  region size 1024K, 5 young (5120K), 5 survivors (5120K)
 Metaspace       used 91815K, committed 93760K, reserved 1179648K
  class space    used 12746K, committed 13696K, reserved 1048576K
}
Event: 6.055 GC heap before
{Heap before GC invocations=32 (full 0):
 garbage-first heap   total 256000K, used 236496K [0x0000000080000000, 0x0000000100000000)
  region size 1024K, 93 young (95232K), 5 survivors (5120K)
 Metaspace       used 97841K, committed 99776K, reserved 1179648K
  class space    used 13565K, committed 14528K, reserved 1048576K
}
Event: 6.058 GC heap after
{Heap after GC invocations=33 (full 0):
 garbage-first heap   total 256000K, used 148055K [0x0000000080000000, 0x0000000100000000)
  region size 1024K, 11 young (11264K), 11 survivors (11264K)
 Metaspace       used 97841K, committed 99776K, reserved 1179648K
  class space    used 13565K, committed 14528K, reserved 1048576K
}
Event: 6.446 GC heap before
{Heap before GC invocations=33 (full 0):
 garbage-first heap   total 256000K, used 233047K [0x0000000080000000, 0x0000000100000000)
  region size 1024K, 91 young (93184K), 11 survivors (11264K)
 Metaspace       used 104123K, committed 106112K, reserved 1179648K
  class space    used 14438K, committed 15424K, reserved 1048576K
}
Event: 6.450 GC heap after
{Heap after GC invocations=34 (full 0):
 garbage-first heap   total 256000K, used 156963K [0x0000000080000000, 0x0000000100000000)
  region size 1024K, 7 young (7168K), 7 survivors (7168K)
 Metaspace       used 104123K, committed 106112K, reserved 1179648K
  class space    used 14438K, committed 15424K, reserved 1048576K
}
Event: 6.670 GC heap before
{Heap before GC invocations=34 (full 0):
 garbage-first heap   total 256000K, used 218403K [0x0000000080000000, 0x0000000100000000)
  region size 1024K, 68 young (69632K), 7 survivors (7168K)
 Metaspace       used 107126K, committed 109184K, reserved 1179648K
  class space    used 14853K, committed 15872K, reserved 1048576K
}
Event: 6.673 GC heap after
{Heap after GC invocations=35 (full 0):
 garbage-first heap   total 256000K, used 159088K [0x0000000080000000, 0x0000000100000000)
  region size 1024K, 5 young (5120K), 5 survivors (5120K)
 Metaspace       used 107126K, committed 109184K, reserved 1179648K
  class space    used 14853K, committed 15872K, reserved 1048576K
}
Event: 7.034 GC heap before
{Heap before GC invocations=36 (full 0):
 garbage-first heap   total 268288K, used 236912K [0x0000000080000000, 0x0000000100000000)
  region size 1024K, 80 young (81920K), 5 survivors (5120K)
 Metaspace       used 112914K, committed 115072K, reserved 1179648K
  class space    used 15835K, committed 16896K, reserved 1048576K
}
Event: 7.037 GC heap after
{Heap after GC invocations=37 (full 0):
 garbage-first heap   total 268288K, used 161636K [0x0000000080000000, 0x0000000100000000)
  region size 1024K, 7 young (7168K), 7 survivors (7168K)
 Metaspace       used 112914K, committed 115072K, reserved 1179648K
  class space    used 15835K, committed 16896K, reserved 1048576K
}
Event: 7.430 GC heap before
{Heap before GC invocations=37 (full 0):
 garbage-first heap   total 268288K, used 247652K [0x0000000080000000, 0x0000000100000000)
  region size 1024K, 90 young (92160K), 7 survivors (7168K)
 Metaspace       used 120070K, committed 122368K, reserved 1179648K
  class space    used 16899K, committed 18048K, reserved 1048576K
}
Event: 7.434 GC heap after
{Heap after GC invocations=38 (full 0):
 garbage-first heap   total 268288K, used 165282K [0x0000000080000000, 0x0000000100000000)
  region size 1024K, 9 young (9216K), 9 survivors (9216K)
 Metaspace       used 120070K, committed 122368K, reserved 1179648K
  class space    used 16899K, committed 18048K, reserved 1048576K
}
Event: 7.653 GC heap before
{Heap before GC invocations=38 (full 0):
 garbage-first heap   total 268288K, used 244130K [0x0000000080000000, 0x0000000100000000)
  region size 1024K, 86 young (88064K), 9 survivors (9216K)
 Metaspace       used 120070K, committed 122368K, reserved 1179648K
  class space    used 16899K, committed 18048K, reserved 1048576K
}
Event: 7.657 GC heap after
{Heap after GC invocations=39 (full 0):
 garbage-first heap   total 268288K, used 167488K [0x0000000080000000, 0x0000000100000000)
  region size 1024K, 8 young (8192K), 8 survivors (8192K)
 Metaspace       used 120070K, committed 122368K, reserved 1179648K
  class space    used 16899K, committed 18048K, reserved 1048576K
}
Event: 7.834 GC heap before
{Heap before GC invocations=40 (full 0):
 garbage-first heap   total 280576K, used 244288K [0x0000000080000000, 0x0000000100000000)
  region size 1024K, 83 young (84992K), 8 survivors (8192K)
 Metaspace       used 120070K, committed 122368K, reserved 1179648K
  class space    used 16899K, committed 18048K, reserved 1048576K
}
Event: 7.839 GC heap after
{Heap after GC invocations=41 (full 0):
 garbage-first heap   total 280576K, used 168548K [0x0000000080000000, 0x0000000100000000)
  region size 1024K, 6 young (6144K), 6 survivors (6144K)
 Metaspace       used 120070K, committed 122368K, reserved 1179648K
  class space    used 16899K, committed 18048K, reserved 1048576K
}
Event: 8.056 GC heap before
{Heap before GC invocations=41 (full 0):
 garbage-first heap   total 280576K, used 258660K [0x0000000080000000, 0x0000000100000000)
  region size 1024K, 94 young (96256K), 6 survivors (6144K)
 Metaspace       used 120070K, committed 122368K, reserved 1179648K
  class space    used 16899K, committed 18048K, reserved 1048576K
}

Dll operation events (3 events):
Event: 0.004 Loaded shared library C:\Program Files\Android\Android Studio\jbr\bin\java.dll
Event: 0.007 Loaded shared library C:\Program Files\Android\Android Studio\jbr\bin\zip.dll
Event: 0.281 Loaded shared library C:\Program Files\Android\Android Studio\jbr\bin\verify.dll

Deoptimization events (20 events):
Event: 7.384 Thread 0x000001b07c6bc640 DEOPT PACKING pc=0x000001b007c31dfc sp=0x0000009f33df5d80
Event: 7.384 Thread 0x000001b07c6bc640 DEOPT UNPACKING pc=0x000001b0074a46a2 sp=0x0000009f33df5d08 mode 2
Event: 7.539 Thread 0x000001b07c6bc640 DEOPT PACKING pc=0x000001b0016b2a82 sp=0x0000009f33df5dc0
Event: 7.539 Thread 0x000001b07c6bc640 DEOPT UNPACKING pc=0x000001b0074a4e42 sp=0x0000009f33df5288 mode 0
Event: 7.997 Thread 0x000001b07c6bc640 Uncommon trap: trap_request=0xffffffbe fr.pc=0x000001b00834efac relative=0x0000000000001b0c
Event: 7.997 Thread 0x000001b07c6bc640 Uncommon trap: reason=profile_predicate action=maybe_recompile pc=0x000001b00834efac method=com.google.common.collect.MapMakerInternalMap$Segment.expand()V @ 56 c2
Event: 7.997 Thread 0x000001b07c6bc640 DEOPT PACKING pc=0x000001b00834efac sp=0x0000009f33df63b0
Event: 7.997 Thread 0x000001b07c6bc640 DEOPT UNPACKING pc=0x000001b0074a46a2 sp=0x0000009f33df6358 mode 2
Event: 7.997 Thread 0x000001b07c6bc640 Uncommon trap: trap_request=0xffffffbe fr.pc=0x000001b00834efac relative=0x0000000000001b0c
Event: 7.997 Thread 0x000001b07c6bc640 Uncommon trap: reason=profile_predicate action=maybe_recompile pc=0x000001b00834efac method=com.google.common.collect.MapMakerInternalMap$Segment.expand()V @ 56 c2
Event: 7.997 Thread 0x000001b07c6bc640 DEOPT PACKING pc=0x000001b00834efac sp=0x0000009f33df63b0
Event: 7.997 Thread 0x000001b07c6bc640 DEOPT UNPACKING pc=0x000001b0074a46a2 sp=0x0000009f33df6358 mode 2
Event: 7.997 Thread 0x000001b07c6bc640 Uncommon trap: trap_request=0xffffffbe fr.pc=0x000001b00834efac relative=0x0000000000001b0c
Event: 7.997 Thread 0x000001b07c6bc640 Uncommon trap: reason=profile_predicate action=maybe_recompile pc=0x000001b00834efac method=com.google.common.collect.MapMakerInternalMap$Segment.expand()V @ 56 c2
Event: 7.997 Thread 0x000001b07c6bc640 DEOPT PACKING pc=0x000001b00834efac sp=0x0000009f33df63b0
Event: 7.997 Thread 0x000001b07c6bc640 DEOPT UNPACKING pc=0x000001b0074a46a2 sp=0x0000009f33df6358 mode 2
Event: 7.997 Thread 0x000001b07c6bc640 Uncommon trap: trap_request=0xffffffbe fr.pc=0x000001b00834efac relative=0x0000000000001b0c
Event: 7.997 Thread 0x000001b07c6bc640 Uncommon trap: reason=profile_predicate action=maybe_recompile pc=0x000001b00834efac method=com.google.common.collect.MapMakerInternalMap$Segment.expand()V @ 56 c2
Event: 7.997 Thread 0x000001b07c6bc640 DEOPT PACKING pc=0x000001b00834efac sp=0x0000009f33df63b0
Event: 7.997 Thread 0x000001b07c6bc640 DEOPT UNPACKING pc=0x000001b0074a46a2 sp=0x0000009f33df6358 mode 2

Classes loaded (20 events):
Event: 7.174 Loading class java/io/NotSerializableException
Event: 7.174 Loading class java/io/NotSerializableException done
Event: 7.224 Loading class java/util/TreeMap$AscendingSubMap
Event: 7.224 Loading class java/util/TreeMap$NavigableSubMap
Event: 7.224 Loading class java/util/TreeMap$NavigableSubMap done
Event: 7.224 Loading class java/util/TreeMap$AscendingSubMap done
Event: 7.225 Loading class java/util/TreeMap$NavigableSubMap$SubMapKeyIterator
Event: 7.225 Loading class java/util/TreeMap$NavigableSubMap$SubMapIterator
Event: 7.225 Loading class java/util/TreeMap$NavigableSubMap$SubMapIterator done
Event: 7.225 Loading class java/util/TreeMap$NavigableSubMap$SubMapKeyIterator done
Event: 7.269 Loading class java/util/IdentityHashMap$KeyIterator
Event: 7.269 Loading class java/util/IdentityHashMap$KeyIterator done
Event: 7.305 Loading class java/util/TreeMap$KeySpliterator
Event: 7.305 Loading class java/util/TreeMap$TreeMapSpliterator
Event: 7.305 Loading class java/util/TreeMap$TreeMapSpliterator done
Event: 7.305 Loading class java/util/TreeMap$KeySpliterator done
Event: 7.311 Loading class java/util/concurrent/ConcurrentLinkedQueue$Itr
Event: 7.311 Loading class java/util/concurrent/ConcurrentLinkedQueue$Itr done
Event: 7.336 Loading class java/io/PushbackInputStream
Event: 7.336 Loading class java/io/PushbackInputStream done

Classes unloaded (12 events):
Event: 4.965 Thread 0x000001b07c15bc40 Unloading class 0x0000000100998988 '_BuildScript_$_run_closure1$_closure2'
Event: 4.965 Thread 0x000001b07c15bc40 Unloading class 0x0000000100998568 '_BuildScript_$_run_closure1'
Event: 4.965 Thread 0x000001b07c15bc40 Unloading class 0x0000000100998000 '_BuildScript_'
Event: 5.684 Thread 0x000001b07c15bc40 Unloading class 0x00000001009c11c8 '_BuildScript_$_run_closure1$_closure3'
Event: 5.684 Thread 0x000001b07c15bc40 Unloading class 0x00000001009c0da8 '_BuildScript_$_run_closure1$_closure2'
Event: 5.684 Thread 0x000001b07c15bc40 Unloading class 0x00000001009c0988 '_BuildScript_$_run_closure1'
Event: 5.684 Thread 0x000001b07c15bc40 Unloading class 0x00000001009c0420 '_BuildScript_'
Event: 5.684 Thread 0x000001b07c15bc40 Unloading class 0x00000001009c0000 'JetGradlePlugin$_apply_closure1$_closure2$_closure3'
Event: 5.684 Thread 0x000001b07c15bc40 Unloading class 0x00000001009b99f0 'JetGradlePlugin$_apply_closure1$_closure2'
Event: 5.684 Thread 0x000001b07c15bc40 Unloading class 0x00000001009b95d0 'JetGradlePlugin$_apply_closure1'
Event: 5.684 Thread 0x000001b07c15bc40 Unloading class 0x00000001009b9300 'JetGradlePlugin'
Event: 5.684 Thread 0x000001b07c15bc40 Unloading class 0x00000001009b9000 'RegistryProcessor'

Classes redefined (0 events):
No events

Internal exceptions (20 events):
Event: 7.223 Thread 0x000001b015e40d60 Implicit null exception at 0x000001b0080de28b to 0x000001b0080de350
Event: 7.223 Thread 0x000001b015e40d60 Implicit null exception at 0x000001b007e14e8e to 0x000001b007e15624
Event: 7.225 Thread 0x000001b07c6bc640 Exception <a 'java/lang/NoSuchMethodError'{0x000000008da42a98}: 'void java.lang.invoke.DirectMethodHandle$Holder.invokeSpecial(java.lang.Object, java.lang.Object, java.lang.Object, java.lang.Object, java.lang.Object, java.lang.Object, java.lang.Object, java.lang.Object, java.lang.Object)'> (0x000000008da42a98) 
thrown [s\src\hotspot\share\interpreter\linkResolver.cpp, line 784]
Event: 7.238 Thread 0x000001b07e40bd60 Exception <a 'java/lang/NoSuchMethodError'{0x000000008d808470}: static Lorg/gradle/tooling/internal/provider/PhasedBuildActionResult;.<clinit>()V> (0x000000008d808470) 
thrown [s\src\hotspot\share\prims\jni.cpp, line 1144]
Event: 7.238 Thread 0x000001b07e40bd60 Exception <a 'java/lang/NoSuchMethodError'{0x000000008d8123b0}: static Lorg/gradle/tooling/internal/provider/serialization/SerializedPayload;.<clinit>()V> (0x000000008d8123b0) 
thrown [s\src\hotspot\share\prims\jni.cpp, line 1144]
Event: 7.238 Thread 0x000001b07e40bd60 Exception <a 'java/lang/NoSuchMethodError'{0x000000008d816118}: static [B.<clinit>()V> (0x000000008d816118) 
thrown [s\src\hotspot\share\prims\jni.cpp, line 1144]
Event: 7.263 Thread 0x000001b07c6bc640 Implicit null exception at 0x000001b007cf4679 to 0x000001b007cf46a4
Event: 7.284 Thread 0x000001b015e413f0 Exception <a 'java/lang/NoSuchMethodError'{0x000000008d239338}: 'java.lang.Object java.lang.invoke.DirectMethodHandle$Holder.newInvokeSpecial(java.lang.Object, java.lang.Object, int, java.lang.Object, java.lang.Object)'> (0x000000008d239338) 
thrown [s\src\hotspot\share\interpreter\linkResolver.cpp, line 784]
Event: 7.302 Thread 0x000001b015e41a80 Exception <a 'java/lang/NoSuchMethodError'{0x000000008ccae8f0}: 'java.lang.Object java.lang.invoke.DirectMethodHandle$Holder.invokeVirtual(java.lang.Object, java.lang.Object, java.lang.Object, java.lang.Object, java.lang.Object, java.lang.Object, java.lang.Object, java.lang.Object, java.lang.Object, java.lang.Object, java.lang.Object, java.lang.Object, java.lang.Object, java.lang.Object, java.lang.Object, java.lang.Object, java.lang.Object, java.lang.Object, java.lang.Object)'> (0x000000008ccae8f0) 
thrown
Event: 7.308 Thread 0x000001b07e40bd60 Exception <a 'java/lang/NoSuchMethodError'{0x000000008cba4d40}: static Lorg/gradle/internal/build/event/types/DefaultTaskStartedProgressEvent;.<clinit>()V> (0x000000008cba4d40) 
thrown [s\src\hotspot\share\prims\jni.cpp, line 1144]
Event: 7.308 Thread 0x000001b07e40bd60 Exception <a 'java/lang/NoSuchMethodError'{0x000000008cbaffb8}: static Lorg/gradle/internal/build/event/types/DefaultTaskDescriptor;.<clinit>()V> (0x000000008cbaffb8) 
thrown [s\src\hotspot\share\prims\jni.cpp, line 1144]
Event: 7.310 Thread 0x000001b07e40bd60 Exception <a 'java/lang/NoSuchMethodError'{0x000000008cbf1e38}: static Lorg/gradle/internal/build/event/types/DefaultTaskFinishedProgressEvent;.<clinit>()V> (0x000000008cbf1e38) 
thrown [s\src\hotspot\share\prims\jni.cpp, line 1144]
Event: 7.310 Thread 0x000001b07e40bd60 Exception <a 'java/lang/NoSuchMethodError'{0x000000008ca40df8}: static Lorg/gradle/internal/build/event/types/DefaultTaskSuccessResult;.<clinit>()V> (0x000000008ca40df8) 
thrown [s\src\hotspot\share\prims\jni.cpp, line 1144]
Event: 7.310 Thread 0x000001b07e40bd60 Exception <a 'java/lang/NoSuchMethodError'{0x000000008ca556c0}: static Lorg/gradle/internal/build/event/types/AbstractTaskResult;.<clinit>()V> (0x000000008ca556c0) 
thrown [s\src\hotspot\share\prims\jni.cpp, line 1144]
Event: 7.316 Thread 0x000001b017aa7050 Exception <a 'java/lang/NoSuchMethodError'{0x000000008c9489f0}: static Ljava/lang/Object;.<clinit>()V> (0x000000008c9489f0) 
thrown [s\src\hotspot\share\prims\jni.cpp, line 1144]
Event: 7.316 Thread 0x000001b017aa7050 Exception <a 'java/lang/NoSuchMethodError'{0x000000008c953d08}: static Lorg/jetbrains/kotlin/gradle/plugin/statistics/MetricContainer;.<clinit>()V> (0x000000008c953d08) 
thrown [s\src\hotspot\share\prims\jni.cpp, line 1144]
Event: 7.323 Thread 0x000001b015e4c520 Implicit null exception at 0x000001b007e36707 to 0x000001b007e367d4
Event: 7.348 Thread 0x000001b015e4c520 Exception <a 'java/lang/NoSuchMethodError'{0x000000008c24efc8}: 'void java.lang.invoke.DirectMethodHandle$Holder.invokeStaticInit(java.lang.Object)'> (0x000000008c24efc8) 
thrown [s\src\hotspot\share\interpreter\linkResolver.cpp, line 784]
Event: 7.348 Thread 0x000001b015e4c520 Exception <a 'java/lang/NoSuchMethodError'{0x000000008c260c78}: 'void java.lang.invoke.DirectMethodHandle$Holder.invokeStatic(java.lang.Object, int)'> (0x000000008c260c78) 
thrown [s\src\hotspot\share\interpreter\linkResolver.cpp, line 784]
Event: 7.348 Thread 0x000001b015e4c520 Exception <a 'java/lang/NoSuchMethodError'{0x000000008c264038}: 'void java.lang.invoke.DirectMethodHandle$Holder.invokeStaticInit(java.lang.Object, int)'> (0x000000008c264038) 
thrown [s\src\hotspot\share\interpreter\linkResolver.cpp, line 784]

ZGC Phase Switch (0 events):
No events

VM Operations (20 events):
Event: 7.368 Executing VM operation: ICBufferFull done
Event: 7.369 Executing VM operation: HandshakeAllThreads (Deoptimize)
Event: 7.369 Executing VM operation: HandshakeAllThreads (Deoptimize) done
Event: 7.371 Executing VM operation: HandshakeAllThreads (Deoptimize)
Event: 7.371 Executing VM operation: HandshakeAllThreads (Deoptimize) done
Event: 7.372 Executing VM operation: HandshakeAllThreads (Deoptimize)
Event: 7.372 Executing VM operation: HandshakeAllThreads (Deoptimize) done
Event: 7.374 Executing VM operation: HandshakeAllThreads (Deoptimize)
Event: 7.374 Executing VM operation: HandshakeAllThreads (Deoptimize) done
Event: 7.430 Executing VM operation: G1CollectForAllocation (G1 Evacuation Pause)
Event: 7.434 Executing VM operation: G1CollectForAllocation (G1 Evacuation Pause) done
Event: 7.653 Executing VM operation: G1CollectForAllocation (G1 Evacuation Pause)
Event: 7.657 Executing VM operation: G1CollectForAllocation (G1 Evacuation Pause) done
Event: 7.668 Executing VM operation: G1PauseRemark
Event: 7.671 Executing VM operation: G1PauseRemark done
Event: 7.679 Executing VM operation: G1PauseCleanup
Event: 7.679 Executing VM operation: G1PauseCleanup done
Event: 7.834 Executing VM operation: G1CollectForAllocation (G1 Evacuation Pause)
Event: 7.839 Executing VM operation: G1CollectForAllocation (G1 Evacuation Pause) done
Event: 8.056 Executing VM operation: G1CollectForAllocation (G1 Evacuation Pause)

Memory protections (0 events):
No events

Nmethod flushes (20 events):
Event: 7.671 Thread 0x000001b07c15bc40 flushing  nmethod 0x000001b000bc1310
Event: 7.671 Thread 0x000001b07c15bc40 flushing  nmethod 0x000001b000d66490
Event: 7.671 Thread 0x000001b07c15bc40 flushing  nmethod 0x000001b000d67d90
Event: 7.671 Thread 0x000001b07c15bc40 flushing  nmethod 0x000001b000e5ae90
Event: 7.671 Thread 0x000001b07c15bc40 flushing  nmethod 0x000001b000f7a790
Event: 7.671 Thread 0x000001b07c15bc40 flushing  nmethod 0x000001b000f7b610
Event: 7.671 Thread 0x000001b07c15bc40 flushing  nmethod 0x000001b000f7c690
Event: 7.671 Thread 0x000001b07c15bc40 flushing  nmethod 0x000001b000f7d390
Event: 7.671 Thread 0x000001b07c15bc40 flushing  nmethod 0x000001b000f7d910
Event: 7.671 Thread 0x000001b07c15bc40 flushing  nmethod 0x000001b0010da210
Event: 7.671 Thread 0x000001b07c15bc40 flushing  nmethod 0x000001b0010db810
Event: 7.671 Thread 0x000001b07c15bc40 flushing  nmethod 0x000001b0010e2c90
Event: 7.671 Thread 0x000001b07c15bc40 flushing  nmethod 0x000001b0011fc510
Event: 7.671 Thread 0x000001b07c15bc40 flushing  nmethod 0x000001b001334190
Event: 7.671 Thread 0x000001b07c15bc40 flushing  nmethod 0x000001b001334690
Event: 7.671 Thread 0x000001b07c15bc40 flushing  nmethod 0x000001b001335190
Event: 7.671 Thread 0x000001b07c15bc40 flushing  nmethod 0x000001b001335710
Event: 7.671 Thread 0x000001b07c15bc40 flushing  nmethod 0x000001b001335b10
Event: 7.671 Thread 0x000001b07c15bc40 flushing  nmethod 0x000001b0013a9a10
Event: 7.671 Thread 0x000001b07c15bc40 flushing  nmethod 0x000001b0014cde90

Events (20 events):
Event: 7.286 Thread 0x000001b015e413f0 Thread added: 0x000001b015e490a0
Event: 7.286 Thread 0x000001b015e413f0 Thread added: 0x000001b015e46fd0
Event: 7.286 Thread 0x000001b015e413f0 Thread added: 0x000001b015e49730
Event: 7.286 Thread 0x000001b015e413f0 Thread added: 0x000001b015e49dc0
Event: 7.286 Thread 0x000001b015e413f0 Thread added: 0x000001b015e4a450
Event: 7.286 Thread 0x000001b015e413f0 Thread added: 0x000001b015e4aae0
Event: 7.286 Thread 0x000001b015e413f0 Thread added: 0x000001b015e47660
Event: 7.286 Thread 0x000001b015e413f0 Thread added: 0x000001b015e4b800
Event: 7.286 Thread 0x000001b015e413f0 Thread added: 0x000001b015e4cbb0
Event: 7.286 Thread 0x000001b015e413f0 Thread added: 0x000001b015e4b170
Event: 7.286 Thread 0x000001b015e413f0 Thread added: 0x000001b015e4d240
Event: 7.286 Thread 0x000001b015e413f0 Thread added: 0x000001b015e4df60
Event: 7.286 Thread 0x000001b015e413f0 Thread added: 0x000001b015e4be90
Event: 7.286 Thread 0x000001b015e413f0 Thread added: 0x000001b015e4e5f0
Event: 7.295 Thread 0x000001b015e41a80 Thread added: 0x000001b015e4d8d0
Event: 7.323 Thread 0x000001b07c6bc640 Thread added: 0x000001b015e4c520
Event: 7.375 Thread 0x000001b07c6bc640 Thread added: 0x000001b017ab0740
Event: 7.678 Thread 0x000001b015cbd280 Thread exited: 0x000001b015cbd280
Event: 7.801 Thread 0x000001b01316f3f0 Thread exited: 0x000001b01316f3f0
Event: 8.033 Thread 0x000001b07c1f1c00 Thread added: 0x000001b0155a79e0


Dynamic libraries:
0x00007ff74f6b0000 - 0x00007ff74f6ba000 	C:\Program Files\Android\Android Studio\jbr\bin\java.exe
0x00007ffd993a0000 - 0x00007ffd99607000 	C:\Windows\SYSTEM32\ntdll.dll
0x00007ffd985e0000 - 0x00007ffd986a9000 	C:\Windows\System32\KERNEL32.DLL
0x00007ffd96850000 - 0x00007ffd96c40000 	C:\Windows\System32\KERNELBASE.dll
0x00007ffd96fe0000 - 0x00007ffd9712b000 	C:\Windows\System32\ucrtbase.dll
0x00007ffd93540000 - 0x00007ffd9355b000 	C:\Program Files\Android\Android Studio\jbr\bin\VCRUNTIME140.dll
0x00007ffd7b2a0000 - 0x00007ffd7b2b8000 	C:\Program Files\Android\Android Studio\jbr\bin\jli.dll
0x00007ffd980c0000 - 0x00007ffd98285000 	C:\Windows\System32\USER32.dll
0x00007ffd96820000 - 0x00007ffd96847000 	C:\Windows\System32\win32u.dll
0x00007ffd98d40000 - 0x00007ffd98d6b000 	C:\Windows\System32\GDI32.dll
0x00007ffd81bb0000 - 0x00007ffd81e4a000 	C:\Windows\WinSxS\amd64_microsoft.windows.common-controls_6595b64144ccf1df_6.0.26100.4768_none_3e0c112ce331287c\COMCTL32.dll
0x00007ffd96640000 - 0x00007ffd96778000 	C:\Windows\System32\gdi32full.dll
0x00007ffd98010000 - 0x00007ffd980b9000 	C:\Windows\System32\msvcrt.dll
0x00007ffd96590000 - 0x00007ffd96633000 	C:\Windows\System32\msvcp_win.dll
0x00007ffd98a80000 - 0x00007ffd98aaf000 	C:\Windows\System32\IMM32.DLL
0x00007ffd93530000 - 0x00007ffd9353c000 	C:\Program Files\Android\Android Studio\jbr\bin\vcruntime140_1.dll
0x00007ffd65960000 - 0x00007ffd659ed000 	C:\Program Files\Android\Android Studio\jbr\bin\msvcp140.dll
0x00007ffd24ac0000 - 0x00007ffd25756000 	C:\Program Files\Android\Android Studio\jbr\bin\server\jvm.dll
0x00007ffd974f0000 - 0x00007ffd975a4000 	C:\Windows\System32\ADVAPI32.dll
0x00007ffd98e10000 - 0x00007ffd98eb6000 	C:\Windows\System32\sechost.dll
0x00007ffd98300000 - 0x00007ffd98418000 	C:\Windows\System32\RPCRT4.dll
0x00007ffd97d90000 - 0x00007ffd97e04000 	C:\Windows\System32\WS2_32.dll
0x00007ffd96330000 - 0x00007ffd9638e000 	C:\Windows\SYSTEM32\POWRPROF.dll
0x00007ffd839d0000 - 0x00007ffd839db000 	C:\Windows\SYSTEM32\VERSION.dll
0x00007ffd8e1a0000 - 0x00007ffd8e1d5000 	C:\Windows\SYSTEM32\WINMM.dll
0x00007ffd96310000 - 0x00007ffd96324000 	C:\Windows\SYSTEM32\UMPDC.dll
0x00007ffd95210000 - 0x00007ffd9522b000 	C:\Windows\SYSTEM32\kernel.appcore.dll
0x00007ffd912a0000 - 0x00007ffd912aa000 	C:\Program Files\Android\Android Studio\jbr\bin\jimage.dll
0x00007ffd81e90000 - 0x00007ffd820d1000 	C:\Windows\SYSTEM32\DBGHELP.DLL
0x00007ffd97160000 - 0x00007ffd974e5000 	C:\Windows\System32\combase.dll
0x00007ffd98440000 - 0x00007ffd98520000 	C:\Windows\System32\OLEAUT32.dll
0x00007ffd7d3f0000 - 0x00007ffd7d433000 	C:\Windows\SYSTEM32\dbgcore.DLL
0x00007ffd96780000 - 0x00007ffd96819000 	C:\Windows\System32\bcryptPrimitives.dll
0x00007ffd83810000 - 0x00007ffd8381e000 	C:\Program Files\Android\Android Studio\jbr\bin\instrument.dll
0x00007ffd91280000 - 0x00007ffd912a0000 	C:\Program Files\Android\Android Studio\jbr\bin\java.dll
0x00007ffd7b190000 - 0x00007ffd7b1a8000 	C:\Program Files\Android\Android Studio\jbr\bin\zip.dll
0x00007ffd97640000 - 0x00007ffd97d8d000 	C:\Windows\System32\SHELL32.dll
0x00007ffd96c50000 - 0x00007ffd96dc3000 	C:\Windows\System32\wintypes.dll
0x00007ffd94090000 - 0x00007ffd948f0000 	C:\Windows\SYSTEM32\windows.storage.dll
0x00007ffd98730000 - 0x00007ffd98825000 	C:\Windows\System32\SHCORE.dll
0x00007ffd98290000 - 0x00007ffd982fa000 	C:\Windows\System32\shlwapi.dll
0x00007ffd963f0000 - 0x00007ffd96419000 	C:\Windows\SYSTEM32\profapi.dll
0x00007ffd85430000 - 0x00007ffd85440000 	C:\Program Files\Android\Android Studio\jbr\bin\net.dll
0x00007ffd883a0000 - 0x00007ffd884be000 	C:\Windows\SYSTEM32\WINHTTP.dll
0x00007ffd95780000 - 0x00007ffd957eb000 	C:\Windows\system32\mswsock.dll
0x00007ffd738b0000 - 0x00007ffd738c6000 	C:\Program Files\Android\Android Studio\jbr\bin\nio.dll
0x00007ffd7a290000 - 0x00007ffd7a2a0000 	C:\Program Files\Android\Android Studio\jbr\bin\verify.dll
0x00007ffd83820000 - 0x00007ffd83847000 	C:\Users\COMPUTER\.gradle\native\1def1411415f61bf3af743bc5b6707747c0891f09f0c88961ee8f79bc544acac\windows-amd64\native-platform.dll
0x00007ffd66870000 - 0x00007ffd668e8000 	C:\Users\COMPUTER\.gradle\native\0.2.7\x86_64-windows-gnu\gradle-fileevents.dll
0x00007ffd83800000 - 0x00007ffd83809000 	C:\Program Files\Android\Android Studio\jbr\bin\management.dll
0x00007ffd80510000 - 0x00007ffd8051b000 	C:\Program Files\Android\Android Studio\jbr\bin\management_ext.dll
0x00007ffd98df0000 - 0x00007ffd98df8000 	C:\Windows\System32\PSAPI.DLL
0x00007ffd94c00000 - 0x00007ffd94c33000 	C:\Windows\SYSTEM32\IPHLPAPI.DLL
0x00007ffd98ec0000 - 0x00007ffd98eca000 	C:\Windows\System32\NSI.dll
0x00007ffd85370000 - 0x00007ffd85379000 	C:\Program Files\Android\Android Studio\jbr\bin\extnet.dll
0x00007ffd95b60000 - 0x00007ffd95b7b000 	C:\Windows\SYSTEM32\CRYPTSP.dll
0x00007ffd95170000 - 0x00007ffd951ab000 	C:\Windows\system32\rsaenh.dll
0x00007ffd95820000 - 0x00007ffd9584b000 	C:\Windows\SYSTEM32\USERENV.dll
0x00007ffd963c0000 - 0x00007ffd963e6000 	C:\Windows\SYSTEM32\bcrypt.dll
0x00007ffd959c0000 - 0x00007ffd959cc000 	C:\Windows\SYSTEM32\CRYPTBASE.dll
0x00007ffd6d1b0000 - 0x00007ffd6d1b8000 	C:\Windows\system32\wshunix.dll

JVMTI agents:
C:\Users\COMPUTER\.gradle\wrapper\dists\gradle-8.13-bin\5xuhj0ry160q40clulazy9h7d\gradle-8.13\lib\agents\gradle-instrumentation-agent-8.13.jar path:C:\Program Files\Android\Android Studio\jbr\bin\instrument.dll, loaded, initialized, instrumentlib options:none

dbghelp: loaded successfully - version: 4.0.5 - missing functions: none
symbol engine: initialized successfully - sym options: 0x614 - pdb path: .;C:\Program Files\Android\Android Studio\jbr\bin;C:\Windows\SYSTEM32;C:\Windows\WinSxS\amd64_microsoft.windows.common-controls_6595b64144ccf1df_6.0.26100.4768_none_3e0c112ce331287c;C:\Program Files\Android\Android Studio\jbr\bin\server;C:\Users\COMPUTER\.gradle\native\1def1411415f61bf3af743bc5b6707747c0891f09f0c88961ee8f79bc544acac\windows-amd64;C:\Users\COMPUTER\.gradle\native\0.2.7\x86_64-windows-gnu

VM Arguments:
jvm_args: --add-opens=java.base/java.lang=ALL-UNNAMED --add-opens=java.base/java.lang.invoke=ALL-UNNAMED --add-opens=java.base/java.util=ALL-UNNAMED --add-opens=java.prefs/java.util.prefs=ALL-UNNAMED --add-exports=jdk.compiler/com.sun.tools.javac.api=ALL-UNNAMED --add-exports=jdk.compiler/com.sun.tools.javac.util=ALL-UNNAMED --add-opens=java.base/java.util=ALL-UNNAMED --add-opens=java.prefs/java.util.prefs=ALL-UNNAMED --add-opens=java.base/java.nio.charset=ALL-UNNAMED --add-opens=java.base/java.net=ALL-UNNAMED --add-opens=java.base/java.util.concurrent.atomic=ALL-UNNAMED --add-opens=java.xml/javax.xml.namespace=ALL-UNNAMED -Xmx2048m -Dfile.encoding=UTF-8 -Duser.country=KR -Duser.language=ko -Duser.variant -javaagent:C:\Users\COMPUTER\.gradle\wrapper\dists\gradle-8.13-bin\5xuhj0ry160q40clulazy9h7d\gradle-8.13\lib\agents\gradle-instrumentation-agent-8.13.jar 
java_command: org.gradle.launcher.daemon.bootstrap.GradleDaemon 8.13
java_class_path (initial): C:\Users\COMPUTER\.gradle\wrapper\dists\gradle-8.13-bin\5xuhj0ry160q40clulazy9h7d\gradle-8.13\lib\gradle-daemon-main-8.13.jar
Launcher Type: SUN_STANDARD

[Global flags]
     intx CICompilerCount                          = 12                                        {product} {ergonomic}
     uint ConcGCThreads                            = 5                                         {product} {ergonomic}
     uint G1ConcRefinementThreads                  = 20                                        {product} {ergonomic}
   size_t G1HeapRegionSize                         = 1048576                                   {product} {ergonomic}
    uintx GCDrainStackTargetSize                   = 64                                        {product} {ergonomic}
   size_t InitialHeapSize                          = 264241152                                 {product} {ergonomic}
   size_t MarkStackSize                            = 4194304                                   {product} {ergonomic}
   size_t MaxHeapSize                              = 2147483648                                {product} {command line}
   size_t MaxNewSize                               = 1287651328                                {product} {ergonomic}
   size_t MinHeapDeltaBytes                        = 1048576                                   {product} {ergonomic}
   size_t MinHeapSize                              = 8388608                                   {product} {ergonomic}
    uintx NonNMethodCodeHeapSize                   = 7602480                                {pd product} {ergonomic}
    uintx NonProfiledCodeHeapSize                  = 122027880                              {pd product} {ergonomic}
    uintx ProfiledCodeHeapSize                     = 122027880                              {pd product} {ergonomic}
    uintx ReservedCodeCacheSize                    = 251658240                              {pd product} {ergonomic}
     bool SegmentedCodeCache                       = true                                      {product} {ergonomic}
   size_t SoftMaxHeapSize                          = 2147483648                             {manageable} {ergonomic}
     bool UseCompressedOops                        = true                           {product lp64_product} {ergonomic}
     bool UseG1GC                                  = true                                      {product} {ergonomic}
     bool UseLargePagesIndividualAllocation        = false                                  {pd product} {ergonomic}

Logging:
Log output configuration:
 #0: stdout all=warning uptime,level,tags foldmultilines=false
 #1: stderr all=off uptime,level,tags foldmultilines=false

Environment Variables:
PATH=C:\Program Files\Common Files\Oracle\Java\javapath;C:\Windows\system32;C:\Windows;C:\Windows\System32\Wbem;C:\Windows\System32\WindowsPowerShell\v1.0\;C:\Windows\System32\OpenSSH\;C:\Program Files (x86)\Windows Kits\10\Windows Performance Toolkit\;C:\Users\COMPUTER\AppData\Local\Android\Sdk\tools;C:\Users\COMPUTER\AppData\Local\Android\Sdk\platform-tools;C:\Program Files\Git\cmd;C:\Program Files\Git\bin\git.exe;C:\Program Files\Git\cmd\git.exe;C:\Users\COMPUTER\anaconda3;C:\Users\COMPUTER\anaconda3\Library\mingw-w64\bin;C:\Users\COMPUTER\anaconda3\Library\usr\bin;C:\Users\COMPUTER\anaconda3\Library\bin;C:\Users\COMPUTER\anaconda3\Scripts;C:\Users\COMPUTER\AppData\Local\Programs\Python\Launcher\;C:\Users\COMPUTER\AppData\Local\Microsoft\WindowsApps;C:\Users\COMPUTER\AppData\Local\GitHubDesktop\bin;C:\Program Files\JetBrains\IntelliJ IDEA Community Edition 2025.2\bin;C:\Users\COMPUTER\AppData\Local\Programs\Microsoft VS Code\bin;C:\Users\COMPUTER\AppData\Local\Android\Sdk;
USERNAME=COMPUTER
TMPDIR=C:\Users\Public\Documents\ESTsoft\CreatorTemp
OS=Windows_NT
PROCESSOR_IDENTIFIER=Intel64 Family 6 Model 183 Stepping 1, GenuineIntel
TMP=C:\Users\COMPUTER\AppData\Local\Temp
TEMP=C:\Users\COMPUTER\AppData\Local\Temp




Periodic native trim disabled

JNI global refs:
JNI global refs: 36, weak refs: 0

JNI global refs memory usage: 835, weak refs: 833

Process memory usage:
Resident Set Size: 606240K (3% of 16424388K total physical memory with 5591740K free physical memory)

OOME stack traces (most recent first):
Classloader memory used:
Loader org.gradle.internal.classloader.VisitableURLClassLoader                         : 49400K
Loader bootstrap                                                                       : 28545K
Loader org.gradle.internal.classloader.VisitableURLClassLoader$InstrumentingVisitableURLClassLoader: 26033K
Loader org.gradle.initialization.MixInLegacyTypesClassLoader                           : 12744K
Loader org.gradle.internal.classloader.VisitableURLClassLoader                         : 1934K
Loader jdk.internal.loader.ClassLoaders$PlatformClassLoader                            : 560K
Loader jdk.internal.reflect.DelegatingClassLoader                                      : 479K
Loader jdk.internal.loader.ClassLoaders$AppClassLoader                                 : 235K
Loader org.gradle.groovy.scripts.internal.DefaultScriptCompilationHandler$ScriptClassLoader: 90104B
Loader org.codehaus.groovy.runtime.callsite.CallSiteClassLoader                        : 49912B

Classes loaded by more than one classloader:
Class Program                                                                         : loaded 5 times (x 72B)
Class org.gradle.api.Action                                                           : loaded 3 times (x 70B)
Class org.gradle.internal.Cast                                                        : loaded 3 times (x 71B)
Class Build_gradle$1                                                                  : loaded 3 times (x 74B)
Class org.gradle.internal.IoActions                                                   : loaded 3 times (x 71B)
Class org.gradle.api.UncheckedIOException                                             : loaded 3 times (x 82B)
Class org.gradle.api.GradleException                                                  : loaded 3 times (x 82B)
Class Build_gradle                                                                    : loaded 3 times (x 130B)
Class kotlin.collections.CollectionsKt__ReversedViewsKt                               : loaded 2 times (x 71B)
Class org.gradle.internal.classloader.ClassLoaderHierarchy                            : loaded 2 times (x 70B)
Class com.google.common.collect.ImmutableEnumSet                                      : loaded 2 times (x 146B)
Class com.google.common.util.concurrent.ExecutionError                                : loaded 2 times (x 82B)
Class com.google.common.collect.ImmutableList$1                                       : loaded 2 times (x 97B)
Class org.jetbrains.plugins.gradle.tooling.util.IntObjectMap$ObjectFactory            : loaded 2 times (x 70B)
Class org.gradle.api.internal.classpath.ManifestUtil                                  : loaded 2 times (x 71B)
Class com.google.common.collect.RegularImmutableMap                                   : loaded 2 times (x 121B)
Class com.google.common.collect.ImmutableMap$MapViewOfValuesAsSingletonSets           : loaded 2 times (x 126B)
Class org.jetbrains.plugins.gradle.model.AnnotationProcessingModel                    : loaded 2 times (x 70B)
Class org.jetbrains.plugins.gradle.model.GradleExtensions                             : loaded 2 times (x 70B)
Class org.gradle.tooling.internal.adapter.TargetTypeProvider                          : loaded 2 times (x 70B)
Class [Lorg.objectweb.asm.Symbol;                                                     : loaded 2 times (x 69B)
Class org.objectweb.asm.ClassVisitor                                                  : loaded 2 times (x 88B)
Class com.google.common.collect.UnmodifiableListIterator                              : loaded 2 times (x 95B)
Class org.gradle.internal.operations.MultipleBuildOperationFailures                   : loaded 2 times (x 95B)
Class com.google.common.base.Platform$JdkPatternCompiler                              : loaded 2 times (x 75B)
Class org.objectweb.asm.MethodTooLargeException                                       : loaded 2 times (x 83B)
Class [Lcom.google.common.cache.CacheBuilder$OneWeigher;                              : loaded 2 times (x 69B)
Class com.google.common.base.Suppliers                                                : loaded 2 times (x 71B)
Class com.intellij.util.containers.IntObjectHashMap$ArrayProducer                     : loaded 2 times (x 70B)
Class org.gradle.internal.classloader.DefaultClassLoaderFactory                       : loaded 2 times (x 82B)
Class kotlin.collections.AbstractList$Companion                                       : loaded 2 times (x 71B)
Class org.gradle.internal.classloader.ClassLoaderVisitor                              : loaded 2 times (x 76B)
Class [Lcom.google.common.collect.ImmutableMapEntry;                                  : loaded 2 times (x 69B)
Class org.jetbrains.plugins.gradle.tooling.serialization.internal.IdeaProjectSerializationService: loaded 2 times (x 77B)
Class org.gradle.api.internal.classpath.EffectiveClassPath                            : loaded 2 times (x 90B)
Class com.google.common.collect.ImmutableRangeSet                                     : loaded 2 times (x 115B)
Class com.google.common.collect.ListMultimap                                          : loaded 2 times (x 70B)
Class com.google.common.collect.ImmutableEnumMap                                      : loaded 2 times (x 126B)
Class org.gradle.tooling.internal.gradle.DefaultProjectIdentifier                     : loaded 2 times (x 86B)
Class com.google.common.collect.Sets$1                                                : loaded 2 times (x 139B)
Class org.objectweb.asm.AnnotationVisitor                                             : loaded 2 times (x 78B)
Class com.intellij.gradle.toolingExtension.impl.model.buildScriptClasspathModel.GradleBuildScriptClasspathSerializationService$ReadContext: loaded 2 times (x 72B)
Class org.gradle.internal.impldep.gnu.trove.TObjectIntHashMap                         : loaded 2 times (x 109B)
Class org.gradle.api.internal.DefaultClassPathProvider                                : loaded 2 times (x 76B)
Class com.google.common.collect.Sets$2                                                : loaded 2 times (x 139B)
Class [Lorg.gradle.api.internal.ClassPathProvider;                                    : loaded 2 times (x 69B)
Class org.gradle.api.internal.ClassPathProvider                                       : loaded 2 times (x 70B)
Class [Lorg.objectweb.asm.AnnotationVisitor;                                          : loaded 2 times (x 69B)
Class com.google.common.collect.Sets$3                                                : loaded 2 times (x 139B)
Class com.google.common.util.concurrent.AbstractFuture$SafeAtomicHelper               : loaded 2 times (x 79B)
Class com.google.common.cache.LocalCache$LocalLoadingCache                            : loaded 2 times (x 134B)
Class org.gradle.internal.impldep.gnu.trove.TObjectHash$NULL                          : loaded 2 times (x 71B)
Class org.gradle.internal.service.UnknownServiceException                             : loaded 2 times (x 83B)
Class com.google.common.collect.Sets$4                                                : loaded 2 times (x 139B)
Class org.objectweb.asm.ModuleVisitor                                                 : loaded 2 times (x 81B)
Class com.google.common.cache.LocalCache$Strength$1                                   : loaded 2 times (x 81B)
Class org.jetbrains.kotlin.idea.gradleTooling.KotlinDslScriptAdditionalTask           : loaded 2 times (x 70B)
Class org.jetbrains.plugins.gradle.model.ClasspathEntryModel                          : loaded 2 times (x 70B)
Class com.google.common.util.concurrent.SettableFuture                                : loaded 2 times (x 114B)
Class com.google.common.cache.LocalCache$Strength$2                                   : loaded 2 times (x 81B)
Class org.jetbrains.plugins.gradle.tooling.serialization.GradleExtensionsSerializationService: loaded 2 times (x 77B)
Class org.gradle.tooling.model.Dependency                                             : loaded 2 times (x 70B)
Class com.google.common.cache.LocalCache$Strength$3                                   : loaded 2 times (x 81B)
Class com.google.common.collect.MapDifference                                         : loaded 2 times (x 70B)
Class com.intellij.openapi.externalSystem.model.project.dependencies.ResolutionState  : loaded 2 times (x 79B)
Class kotlin.collections.CollectionsKt__CollectionsKt                                 : loaded 2 times (x 71B)
Class org.objectweb.asm.FieldWriter                                                   : loaded 2 times (x 78B)
Class com.google.common.cache.CacheBuilder$NullListener                               : loaded 2 times (x 82B)
Class org.gradle.internal.classpath.TransformedClassPath                              : loaded 2 times (x 96B)
Class org.gradle.internal.classloader.InstrumentingClassLoader                        : loaded 2 times (x 70B)
Class com.google.common.collect.ImmutableRangeSet$AsSet                               : loaded 2 times (x 300B)
Class com.google.common.cache.CacheLoader$FunctionToCacheLoader                       : loaded 2 times (x 75B)
Class com.google.common.collect.Iterators$ArrayItr                                    : loaded 2 times (x 97B)
Class com.google.common.collect.ImmutableCollection$Builder                           : loaded 2 times (x 76B)
Class kotlin.enums.EnumEntriesList                                                    : loaded 2 times (x 223B)
Class com.google.common.base.Joiner                                                   : loaded 2 times (x 79B)
Class com.google.common.base.MoreObjects                                              : loaded 2 times (x 71B)
Class kotlin.collections.CollectionsKt__IteratorsJVMKt                                : loaded 2 times (x 71B)
Class com.google.common.collect.Platform                                              : loaded 2 times (x 71B)
Class [Lorg.objectweb.asm.Type;                                                       : loaded 2 times (x 69B)
Class com.google.common.collect.UnmodifiableIterator                                  : loaded 2 times (x 80B)
Class org.jetbrains.kotlin.idea.gradleTooling.KotlinSourceSetContainer                : loaded 2 times (x 70B)
Class org.jetbrains.plugins.gradle.model.IntelliJSettings                             : loaded 2 times (x 70B)
Class org.gradle.internal.service.ServiceLocator                                      : loaded 2 times (x 70B)
Class com.google.common.base.Ascii                                                    : loaded 2 times (x 71B)
Class com.google.common.collect.SingletonImmutableBiMap                               : loaded 2 times (x 143B)
Class com.google.common.cache.LocalCache$1                                            : loaded 2 times (x 89B)
Class com.google.common.collect.AbstractMapEntry                                      : loaded 2 times (x 81B)
Class com.intellij.gradle.toolingExtension.util.GradleVersionUtil                     : loaded 2 times (x 71B)
Class org.gradle.tooling.model.UnsupportedMethodException                             : loaded 2 times (x 82B)
Class com.google.common.collect.Sets$ImprovedAbstractSet                              : loaded 2 times (x 135B)
Class com.google.common.collect.ImmutableList$Builder                                 : loaded 2 times (x 77B)
Class com.google.common.collect.AbstractMultimap                                      : loaded 2 times (x 123B)
Class com.google.common.cache.LocalCache$2                                            : loaded 2 times (x 142B)
Class kotlin.collections.CollectionsKt__MutableCollectionsKt                          : loaded 2 times (x 71B)
Class com.google.common.collect.ImmutableRangeSet$1                                   : loaded 2 times (x 210B)
Class com.google.common.util.concurrent.AbstractFuture$UnsafeAtomicHelper$1           : loaded 2 times (x 76B)
Class com.google.common.collect.RegularImmutableAsList                                : loaded 2 times (x 217B)
Class org.jetbrains.plugins.gradle.tooling.serialization.AnnotationProcessingModelSerializationService$WriteContext: loaded 2 times (x 72B)
Class org.gradle.internal.impldep.gnu.trove.THash                                     : loaded 2 times (x 81B)
Class com.google.common.collect.Range                                                 : loaded 2 times (x 87B)
Class com.google.common.util.concurrent.AbstractFuture$Trusted                        : loaded 2 times (x 70B)
Class com.google.common.collect.Iterators                                             : loaded 2 times (x 71B)
Class com.intellij.compose.ide.plugin.gradleTooling.rt.ComposeResourcesModel          : loaded 2 times (x 70B)
Class org.jetbrains.plugins.gradle.tooling.serialization.ProjectDependenciesSerializationService$WriteContext: loaded 2 times (x 72B)
Class org.jetbrains.plugins.gradle.tooling.serialization.ProjectDependenciesSerializationService: loaded 2 times (x 77B)
Class org.gradle.tooling.internal.adapter.CollectionMapper                            : loaded 2 times (x 73B)
Class com.google.common.collect.Lists$StringAsImmutableList                           : loaded 2 times (x 207B)
Class com.google.common.util.concurrent.UncheckedExecutionException                   : loaded 2 times (x 82B)
Class org.gradle.kotlin.dsl.VersionCatalogAccessorsKt                                 : loaded 2 times (x 71B)
Class org.gradle.internal.impldep.gnu.trove.Equality                                  : loaded 2 times (x 70B)
Class com.intellij.gradle.toolingExtension.impl.model.buildScriptClasspathModel.GradleBuildScriptClasspathSerializationService$WriteContext: loaded 2 times (x 72B)
Class org.gradle.tooling.internal.adapter.ProtocolToModelAdapter                      : loaded 2 times (x 80B)
Class org.gradle.internal.InternalTransformer                                         : loaded 2 times (x 70B)
Class com.google.common.collect.AbstractMapBasedMultimap$KeySet$1                     : loaded 2 times (x 82B)
Class org.objectweb.asm.ClassWriter                                                   : loaded 2 times (x 106B)
Class com.google.common.cache.CacheLoader$UnsupportedLoadingOperationException        : loaded 2 times (x 82B)
Class com.google.common.base.CharMatcher$And                                          : loaded 2 times (x 112B)
Class org.gradle.internal.impldep.gnu.trove.TObjectCanonicalHashingStrategy           : loaded 2 times (x 80B)
Class org.gradle.internal.time.DefaultTimer                                           : loaded 2 times (x 80B)
Class org.gradle.internal.classloader.ClasspathUtil$1                                 : loaded 2 times (x 76B)
Class org.objectweb.asm.FieldVisitor                                                  : loaded 2 times (x 77B)
Class com.google.common.collect.IndexedImmutableSet                                   : loaded 2 times (x 152B)
Class com.google.common.collect.ImmutableMap$1                                        : loaded 2 times (x 81B)
Class com.google.common.collect.BiMap                                                 : loaded 2 times (x 70B)
Class org.gradle.api.internal.classpath.DefaultModuleRegistry$DefaultModule           : loaded 2 times (x 86B)
Class com.google.common.primitives.Ints                                               : loaded 2 times (x 71B)
Class com.google.common.collect.AbstractIterator                                      : loaded 2 times (x 82B)
Class com.google.common.collect.ObjectArrays                                          : loaded 2 times (x 71B)
Class com.google.common.collect.Multiset                                              : loaded 2 times (x 70B)
Class com.google.common.collect.ArrayListMultimapGwtSerializationDependencies         : loaded 2 times (x 172B)
Class com.google.common.collect.AbstractIndexedListIterator                           : loaded 2 times (x 96B)
Class com.google.common.math.MathPreconditions                                        : loaded 2 times (x 71B)
Class org.jetbrains.plugins.gradle.model.ExternalTask                                 : loaded 2 times (x 70B)
Class org.gradle.internal.time.DefaultCountdownTimer                                  : loaded 2 times (x 88B)
Class com.google.common.collect.ImmutableMapEntrySet                                  : loaded 2 times (x 152B)
Class org.jetbrains.plugins.gradle.model.GradleTaskModel                              : loaded 2 times (x 70B)
Class org.jetbrains.plugins.gradle.tooling.util.ObjectCollector                       : loaded 2 times (x 72B)
Class org.gradle.tooling.internal.gradle.DefaultBuildIdentifier                       : loaded 2 times (x 79B)
Class kotlin.Function                                                                 : loaded 2 times (x 70B)
Class org.gradle.api.internal.classpath.Module                                        : loaded 2 times (x 70B)
Class com.google.common.cache.Weigher                                                 : loaded 2 times (x 70B)
Class com.intellij.openapi.externalSystem.model.project.IExternalSystemSourceType     : loaded 2 times (x 70B)
Class org.gradle.api.internal.classpath.UnknownModuleException                        : loaded 2 times (x 82B)
Class com.google.common.base.Stopwatch                                                : loaded 2 times (x 72B)
Class com.google.common.cache.LocalCache$Strength                                     : loaded 2 times (x 81B)
Class com.google.common.cache.Cache                                                   : loaded 2 times (x 70B)
Class com.intellij.openapi.externalSystem.model.project.dependencies.ProjectDependencies: loaded 2 times (x 70B)
Class org.jetbrains.plugins.gradle.tooling.serialization.ProjectDependenciesSerializationService$ReadContext: loaded 2 times (x 72B)
Class org.gradle.internal.impldep.gnu.trove.TObjectIdentityHashingStrategy            : loaded 2 times (x 78B)
Class com.google.common.util.concurrent.AbstractFuture$Cancellation                   : loaded 2 times (x 72B)
Class com.google.common.collect.ImmutableMap$Builder                                  : loaded 2 times (x 82B)
Class com.google.common.cache.RemovalListener                                         : loaded 2 times (x 70B)
Class org.jetbrains.plugins.gradle.tooling.serialization.RepositoriesModelSerializationService: loaded 2 times (x 82B)
Class org.gradle.tooling.internal.gradle.GradleProjectIdentity                        : loaded 2 times (x 70B)
Class org.gradle.api.internal.DefaultClassPathRegistry                                : loaded 2 times (x 76B)
Class com.google.common.primitives.IntsMethodsForWeb                                  : loaded 2 times (x 71B)
Class com.google.common.collect.Multimap                                              : loaded 2 times (x 70B)
Class org.jetbrains.plugins.gradle.tooling.serialization.RepositoriesModelSerializationService$ReadContext: loaded 2 times (x 72B)
Class org.gradle.api.internal.ClassPathRegistry                                       : loaded 2 times (x 70B)
Class org.gradle.internal.classpath.DefaultClassPath$ImmutableUniqueList              : loaded 2 times (x 199B)
Class com.intellij.gradle.toolingExtension.impl.model.projectModel.GradleExternalProjectSerializationService$WriteContext: loaded 2 times (x 73B)
Class com.intellij.gradle.toolingExtension.impl.model.sourceSetModel.GradleSourceSetSerialisationService$Companion: loaded 2 times (x 71B)
Class com.google.common.cache.CacheBuilder                                            : loaded 2 times (x 72B)
Class com.google.common.collect.SingletonImmutableList                                : loaded 2 times (x 207B)
Class Settings_gradle$1                                                               : loaded 2 times (x 74B)
Class com.google.common.base.CharMatcher$IsEither                                     : loaded 2 times (x 111B)
Class org.gradle.internal.classpath.ClassPath                                         : loaded 2 times (x 70B)
Class com.google.common.base.JdkPattern                                               : loaded 2 times (x 75B)
Class com.google.common.collect.ImmutableList$ReverseImmutableList                    : loaded 2 times (x 209B)
Class org.jetbrains.plugins.gradle.tooling.serialization.KotlinDslScriptsModelSerializationService: loaded 2 times (x 81B)
Class sync_studio_tooling4_f3l8xjc8j2iz3ugjo3o5qs6wx                                  : loaded 2 times (x 179B)
Class org.objectweb.asm.SymbolTable$Entry                                             : loaded 2 times (x 74B)
Class com.google.common.util.concurrent.AbstractFuture$AtomicHelper                   : loaded 2 times (x 78B)
Class org.jetbrains.kotlin.idea.gradleTooling.KotlinGradleModel                       : loaded 2 times (x 70B)
Class org.jetbrains.plugins.gradle.tooling.serialization.ExternalTestsSerializationService$WriteContext: loaded 2 times (x 72B)
Class org.objectweb.asm.Edge                                                          : loaded 2 times (x 72B)
Class com.google.common.base.Suppliers$SupplierOfInstance                             : loaded 2 times (x 79B)
Class com.google.common.collect.Iterators$1                                           : loaded 2 times (x 81B)
Class org.gradle.tooling.model.Model                                                  : loaded 2 times (x 70B)
Class com.google.common.cache.LocalCache$ComputingValueReference                      : loaded 2 times (x 96B)
Class com.google.common.collect.SingletonImmutableSet                                 : loaded 2 times (x 146B)
Class com.google.common.collect.ImmutableMap$IteratorBasedImmutableMap                : loaded 2 times (x 126B)
Class kotlin.UninitializedPropertyAccessException                                     : loaded 2 times (x 82B)
Class com.google.common.cache.LocalCache$Segment                                      : loaded 2 times (x 154B)
Class org.jetbrains.plugins.gradle.model.IntelliJProjectSettings                      : loaded 2 times (x 70B)
Class org.gradle.tooling.internal.adapter.ProtocolToModelAdapter$MethodInvocationCache: loaded 2 times (x 73B)
Class com.google.common.collect.SortedIterable                                        : loaded 2 times (x 70B)
Class org.gradle.internal.classloader.FilteringClassLoader                            : loaded 2 times (x 105B)
Class [Lorg.objectweb.asm.SymbolTable$Entry;                                          : loaded 2 times (x 69B)
Class com.google.common.cache.CacheLoader                                             : loaded 2 times (x 74B)
Class com.google.common.collect.Iterators$4                                           : loaded 2 times (x 82B)
Class com.google.common.collect.ImmutableBiMap                                        : loaded 2 times (x 143B)
Class org.jetbrains.plugins.gradle.model.ExternalDependency                           : loaded 2 times (x 70B)
Class com.intellij.util.containers.IntObjectHashMap                                   : loaded 2 times (x 72B)
Class org.gradle.internal.installation.GradleInstallation$1                           : loaded 2 times (x 75B)
Class org.gradle.api.internal.classpath.ModuleRegistry                                : loaded 2 times (x 70B)
Class com.google.common.util.concurrent.internal.InternalFutureFailureAccess          : loaded 2 times (x 72B)
Class com.google.common.collect.Iterators$5                                           : loaded 2 times (x 82B)
Class com.google.common.collect.ImmutableSet$JdkBackedSetBuilderImpl                  : loaded 2 times (x 76B)
Class org.jetbrains.plugins.gradle.model.VersionCatalogsModel                         : loaded 2 times (x 70B)
Class com.intellij.gradle.toolingExtension.impl.model.sourceSetDependencyModel.GradleSourceSetDependencySerialisationService$SourceSetDependencyModelReadContext: loaded 2 times (x 72B)
Class com.intellij.gradle.toolingExtension.impl.model.dependencyModel.DependencyReadContext: loaded 2 times (x 72B)
Class org.gradle.tooling.internal.adapter.ObjectGraphAdapter                          : loaded 2 times (x 70B)
Class com.google.common.util.concurrent.AbstractFuture$UnsafeAtomicHelper             : loaded 2 times (x 78B)
Class com.google.common.cache.LocalCache$LocalManualCache$1                           : loaded 2 times (x 75B)
Class com.google.common.base.CharMatcher$ForPredicate                                 : loaded 2 times (x 112B)
Class org.jetbrains.plugins.gradle.model.ExternalSourceSet                            : loaded 2 times (x 70B)
Class com.intellij.gradle.toolingExtension.impl.model.warmUp.GradleTaskWarmUpRequest  : loaded 2 times (x 70B)
Class com.google.common.base.CharMatcher$AnyOf                                        : loaded 2 times (x 112B)
Class com.google.common.collect.ImmutableCollection                                   : loaded 2 times (x 125B)
Class com.intellij.gradle.toolingExtension.impl.model.sourceSetArtifactIndex.GradleSourceSetArtifactBuildRequest: loaded 2 times (x 70B)
Class kotlin.collections.CollectionsKt__CollectionsJVMKt                              : loaded 2 times (x 71B)
Class org.gradle.api.internal.classpath.DefaultModuleRegistry                         : loaded 2 times (x 86B)
Class com.google.common.collect.Lists                                                 : loaded 2 times (x 71B)
Class com.google.common.util.concurrent.ListenableFuture                              : loaded 2 times (x 70B)
Class com.google.common.cache.ReferenceEntry                                          : loaded 2 times (x 70B)
Class com.google.common.base.Converter                                                : loaded 2 times (x 90B)
Class com.google.common.collect.ImmutableSet$CachingAsList                            : loaded 2 times (x 148B)
Class org.jetbrains.plugins.gradle.tooling.serialization.internal.IdeaProjectSerializationService$WriteContext$1: loaded 2 times (x 83B)
Class org.jetbrains.plugins.gradle.model.ExternalProject                              : loaded 2 times (x 70B)
Class kotlin.collections.CollectionsKt__IteratorsKt                                   : loaded 2 times (x 71B)
Class com.google.common.collect.AbstractMapBasedMultimap                              : loaded 2 times (x 139B)
Class com.google.common.util.concurrent.AbstractFuture                                : loaded 2 times (x 106B)
Class com.google.common.base.FunctionalEquivalence                                    : loaded 2 times (x 83B)
Class com.google.common.collect.Iterators$9                                           : loaded 2 times (x 81B)
Class com.google.common.collect.ImmutableAsList                                       : loaded 2 times (x 209B)
Class org.jetbrains.plugins.gradle.tooling.serialization.internal.IdeaProjectSerializationService$WriteContext$2: loaded 2 times (x 83B)
Class org.objectweb.asm.RecordComponentVisitor                                        : loaded 2 times (x 77B)
Class com.google.common.cache.CacheLoader$SupplierToCacheLoader                       : loaded 2 times (x 75B)
Class org.jetbrains.plugins.gradle.tooling.serialization.AnnotationProcessingModelSerializationService$ReadContext: loaded 2 times (x 72B)
Class org.jetbrains.plugins.gradle.tooling.serialization.internal.IdeaProjectSerializationService$WriteContext$3: loaded 2 times (x 83B)
Class org.gradle.util.internal.DefaultGradleVersion$Stage                             : loaded 2 times (x 75B)
Class com.google.common.collect.Maps$EntryTransformer                                 : loaded 2 times (x 70B)
Class org.jetbrains.plugins.gradle.tooling.serialization.internal.IdeaProjectSerializationService$WriteContext$4: loaded 2 times (x 83B)
Class com.intellij.gradle.toolingExtension.impl.model.sourceSetDependencyModel.GradleSourceSetDependencySerialisationService$Companion: loaded 2 times (x 71B)
Class org.gradle.internal.time.MonotonicClock                                         : loaded 2 times (x 77B)
Class org.gradle.internal.service.ServiceLookupException                              : loaded 2 times (x 82B)
Class com.google.common.collect.ImmutableSortedSet                                    : loaded 2 times (x 300B)
Class [Lcom.google.common.cache.LocalCache$EntryFactory;                              : loaded 2 times (x 69B)
Class org.jetbrains.plugins.gradle.tooling.serialization.internal.IdeaProjectSerializationService$WriteContext$5: loaded 2 times (x 83B)
Class com.intellij.gradle.toolingExtension.impl.model.sourceSetDependencyModel.GradleSourceSetDependencySerialisationService$SourceSetDependencyModelWriteContext: loaded 2 times (x 72B)
Class org.gradle.internal.classloader.ClassLoaderFactory                              : loaded 2 times (x 70B)
Class com.google.common.base.CommonPattern                                            : loaded 2 times (x 74B)
Class com.google.common.cache.LocalCache$LocalManualCache                             : loaded 2 times (x 99B)
Class com.google.common.base.CharMatcher$IsNot                                        : loaded 2 times (x 111B)
Class org.jetbrains.plugins.gradle.tooling.serialization.internal.IdeaProjectSerializationService$WriteContext$6: loaded 2 times (x 83B)
Class org.jetbrains.plugins.gradle.tooling.util.IntObjectMap                          : loaded 2 times (x 73B)
Class org.gradle.internal.service.CachingServiceLocator                               : loaded 2 times (x 82B)
Class com.google.common.collect.AbstractMapBasedMultimap$KeySet                       : loaded 2 times (x 137B)
Class com.google.common.collect.RegularImmutableSortedSet                             : loaded 2 times (x 300B)
Class com.google.common.math.IntMath                                                  : loaded 2 times (x 71B)
Class org.jetbrains.plugins.gradle.model.RepositoryModels                             : loaded 2 times (x 70B)
Class org.jetbrains.plugins.gradle.tooling.serialization.internal.IdeaProjectSerializationService$WriteContext$7: loaded 2 times (x 83B)
Class org.objectweb.asm.commons.InstructionAdapter                                    : loaded 2 times (x 188B)
Class com.google.common.collect.ImmutableMapEntry                                     : loaded 2 times (x 85B)
Class org.jetbrains.plugins.gradle.tooling.serialization.internal.IdeaProjectSerializationService$WriteContext$8: loaded 2 times (x 83B)
Class org.gradle.internal.time.TimeSource                                             : loaded 2 times (x 70B)
Class org.gradle.tooling.model.kotlin.dsl.KotlinDslScriptsModel                       : loaded 2 times (x 70B)
Class com.google.common.base.Equivalence                                              : loaded 2 times (x 82B)
Class com.google.common.base.Function                                                 : loaded 2 times (x 70B)
Class com.google.common.collect.ImmutableMapEntry$NonTerminalImmutableMapEntry        : loaded 2 times (x 85B)
Class org.jetbrains.plugins.gradle.tooling.serialization.SerializationService         : loaded 2 times (x 70B)
Class org.gradle.tooling.internal.gradle.GradleBuildIdentity                          : loaded 2 times (x 70B)
Class kotlin.enums.EnumEntries                                                        : loaded 2 times (x 70B)
Class com.google.common.cache.CacheBuilder$OneWeigher                                 : loaded 2 times (x 82B)
Class com.google.common.collect.RegularImmutableList                                  : loaded 2 times (x 213B)
Class org.jetbrains.plugins.gradle.tooling.serialization.internal.adapter.Supplier    : loaded 2 times (x 70B)
Class org.gradle.internal.exceptions.ResolutionProvider                               : loaded 2 times (x 70B)
Class org.gradle.tooling.model.ProjectIdentifier                                      : loaded 2 times (x 70B)
Class org.gradle.internal.classloader.ClasspathUtil                                   : loaded 2 times (x 71B)
Class org.jetbrains.kotlin.tooling.core.HasExtras                                     : loaded 2 times (x 70B)
Class com.google.common.base.Charsets                                                 : loaded 2 times (x 71B)
Class com.google.common.util.concurrent.Uninterruptibles                              : loaded 2 times (x 71B)
Class com.intellij.gradle.toolingExtension.impl.model.sourceSetModel.GradleSourceSetSerialisationService: loaded 2 times (x 77B)
Class com.google.common.collect.Maps                                                  : loaded 2 times (x 71B)
Class org.gradle.internal.time.TimeSource$1                                           : loaded 2 times (x 77B)
Class kotlin.jvm.internal.DefaultConstructorMarker                                    : loaded 2 times (x 71B)
Class org.gradle.api.specs.Spec                                                       : loaded 2 times (x 70B)
Class [Lcom.google.common.collect.ImmutableEntry;                                     : loaded 2 times (x 69B)
Class com.google.common.cache.LocalCache$LoadingValueReference                        : loaded 2 times (x 96B)
Class com.intellij.gradle.toolingExtension.impl.model.buildScriptClasspathModel.GradleBuildScriptClasspathSerializationService: loaded 2 times (x 77B)
Class kotlin.NotImplementedError                                                      : loaded 2 times (x 82B)
Class com.google.common.base.Platform                                                 : loaded 2 times (x 71B)
Class org.jetbrains.plugins.gradle.model.FileCollectionDependency                     : loaded 2 times (x 70B)
Class org.gradle.internal.impldep.gnu.trove.TObjectHashingStrategy                    : loaded 2 times (x 70B)
Class com.intellij.gradle.toolingExtension.impl.model.utilDummyModel.DummyModel       : loaded 2 times (x 70B)
Class org.gradle.internal.time.Clock                                                  : loaded 2 times (x 70B)
Class [Lorg.objectweb.asm.AnnotationWriter;                                           : loaded 2 times (x 69B)
Class com.google.common.collect.Maps$8                                                : loaded 2 times (x 82B)
Class org.jetbrains.plugins.gradle.model.GradleSourceSetDependencyModel               : loaded 2 times (x 70B)
Class org.gradle.tooling.internal.adapter.TypeInspector                               : loaded 2 times (x 73B)
Class org.gradle.tooling.internal.adapter.ProtocolToModelAdapter$NoOpDecoration       : loaded 2 times (x 79B)
Class org.gradle.tooling.model.Element                                                : loaded 2 times (x 70B)
Class kotlin.collections.AbstractList                                                 : loaded 2 times (x 197B)
Class kotlin.collections.AbstractCollection                                           : loaded 2 times (x 117B)
Class com.google.common.collect.ImmutableRangeSet$Builder                             : loaded 2 times (x 77B)
Class org.jetbrains.kotlin.tooling.core.Extras                                        : loaded 2 times (x 70B)
Class com.google.common.collect.Sets$SetView                                          : loaded 2 times (x 138B)
Class com.google.common.cache.LocalCache$StrongValueReference                         : loaded 2 times (x 90B)
Class com.google.common.util.concurrent.AbstractFuture$SynchronizedHelper             : loaded 2 times (x 78B)
Class com.intellij.gradle.toolingExtension.impl.model.taskModel.GradleTaskSerialisationService: loaded 2 times (x 76B)
Class org.objectweb.asm.Type                                                          : loaded 2 times (x 72B)
Class org.jetbrains.plugins.gradle.tooling.util.IntObjectMap$1                        : loaded 2 times (x 77B)
Class org.gradle.internal.impldep.com.google.common.base.Preconditions                : loaded 2 times (x 71B)
Class org.gradle.internal.classloader.VisitableURLClassLoader$InstrumentingVisitableURLClassLoader: loaded 2 times (x 123B)
Class org.objectweb.asm.ByteVector                                                    : loaded 2 times (x 79B)
Class [Lcom.google.common.cache.CacheBuilder$NullListener;                            : loaded 2 times (x 69B)
Class com.google.common.math.IntMath$1                                                : loaded 2 times (x 71B)
Class org.gradle.internal.classloader.VisitableURLClassLoader$Spec                    : loaded 2 times (x 74B)
Class org.gradle.internal.classpath.DefaultClassPath                                  : loaded 2 times (x 90B)
Class org.objectweb.asm.Symbol                                                        : loaded 2 times (x 73B)
Class org.jetbrains.plugins.gradle.model.GradleBuildScriptClasspathModel              : loaded 2 times (x 70B)
Class org.gradle.util.internal.DefaultGradleVersion                                   : loaded 2 times (x 80B)
Class com.google.common.base.CharMatcher$Ascii                                        : loaded 2 times (x 112B)
Class com.google.common.base.CharMatcher$BitSetMatcher                                : loaded 2 times (x 112B)
Class com.google.common.collect.RegularImmutableMap$Values                            : loaded 2 times (x 207B)
Class com.google.common.collect.ImmutableSet                                          : loaded 2 times (x 145B)
Class org.gradle.internal.classloader.ClassLoaderSpec                                 : loaded 2 times (x 71B)
Class org.objectweb.asm.AnnotationWriter                                              : loaded 2 times (x 79B)
Class com.google.common.cache.CacheStats                                              : loaded 2 times (x 71B)
Class kotlin.collections.CollectionsKt___CollectionsJvmKt                             : loaded 2 times (x 71B)
Class org.objectweb.asm.RecordComponentWriter                                         : loaded 2 times (x 78B)
Class com.google.common.util.concurrent.AbstractFuture$Listener                       : loaded 2 times (x 72B)
Class com.google.common.base.CharMatcher$Or                                           : loaded 2 times (x 112B)
Class Settings_gradle$1$1                                                             : loaded 2 times (x 74B)
Class kotlin.Unit                                                                     : loaded 2 times (x 71B)
Class org.objectweb.asm.Attribute                                                     : loaded 2 times (x 77B)
Class com.google.common.base.Supplier                                                 : loaded 2 times (x 70B)
Class org.gradle.internal.classloader.VisitableURLClassLoader                         : loaded 2 times (x 117B)
Class com.google.common.util.concurrent.AbstractFuture$Waiter                         : loaded 2 times (x 72B)
Class Settings_gradle                                                                 : loaded 2 times (x 128B)
Class org.jetbrains.plugins.gradle.tooling.serialization.ExternalTestsSerializationService$ReadContext: loaded 2 times (x 72B)
Class org.jetbrains.plugins.gradle.tooling.serialization.internal.IdeaProjectSerializationService$ReadContext: loaded 2 times (x 72B)
Class com.google.common.collect.RegularImmutableMap$KeySet                            : loaded 2 times (x 152B)
Class org.gradle.tooling.model.idea.IdeaDependency                                    : loaded 2 times (x 70B)
Class com.google.common.base.Strings                                                  : loaded 2 times (x 71B)
Class com.google.common.collect.Sets                                                  : loaded 2 times (x 71B)
Class org.objectweb.asm.Handler                                                       : loaded 2 times (x 72B)
Class com.google.common.base.Ticker                                                   : loaded 2 times (x 72B)
Class com.google.common.base.CharMatcher$FastMatcher                                  : loaded 2 times (x 111B)
Class kotlin.jvm.functions.Function1                                                  : loaded 2 times (x 70B)
Class [Lcom.google.common.cache.LocalCache$Segment;                                   : loaded 2 times (x 69B)
Class [Lcom.google.common.cache.LocalCache$Strength;                                  : loaded 2 times (x 69B)
Class com.google.common.cache.CacheBuilder$1                                          : loaded 2 times (x 85B)
Class com.google.common.base.Predicate                                                : loaded 2 times (x 70B)
Class com.google.common.collect.ImmutableMap                                          : loaded 2 times (x 120B)
Class org.jetbrains.plugins.gradle.tooling.serialization.internal.IdeaProjectSerializationService$WriteContext: loaded 2 times (x 72B)
Class com.intellij.gradle.toolingExtension.impl.model.sourceSetDependencyModel.GradleSourceSetDependencySerialisationService: loaded 2 times (x 77B)
Class org.jetbrains.plugins.gradle.model.GradleSourceSetModel                         : loaded 2 times (x 70B)
Class org.gradle.internal.classpath.DefaultClassPath$ImmutableUniqueList$Builder      : loaded 2 times (x 75B)
Class com.google.common.collect.AbstractRangeSet                                      : loaded 2 times (x 114B)
Class com.google.common.cache.LocalCache                                              : loaded 2 times (x 187B)
Class com.google.common.cache.CacheBuilder$2                                          : loaded 2 times (x 79B)
Class com.google.common.base.CharMatcher$NegatedFastMatcher                           : loaded 2 times (x 113B)
Class com.google.common.collect.ArrayListMultimap                                     : loaded 2 times (x 172B)
Class com.google.common.cache.CacheBuilder$3                                          : loaded 2 times (x 72B)
Class [Lcom.google.common.collect.AbstractMapEntry;                                   : loaded 2 times (x 69B)
Class com.google.common.collect.ImmutableEntry                                        : loaded 2 times (x 82B)
Class org.jetbrains.plugins.gradle.tooling.util.ObjectCollector$Processor             : loaded 2 times (x 70B)
Class kotlin.collections.CollectionsKt___CollectionsKt                                : loaded 2 times (x 71B)
Class com.google.common.base.Equivalence$Identity                                     : loaded 2 times (x 82B)
Class org.gradle.internal.exceptions.NonGradleCauseExceptionsHolder                   : loaded 2 times (x 70B)
Class org.gradle.tooling.model.idea.IdeaModuleDependency                              : loaded 2 times (x 70B)
Class org.gradle.tooling.internal.adapter.ViewBuilder                                 : loaded 2 times (x 70B)
Class com.google.common.collect.CollectPreconditions                                  : loaded 2 times (x 71B)
Class org.jetbrains.plugins.gradle.model.AnnotationProcessingConfig                   : loaded 2 times (x 70B)
Class com.google.common.collect.SortedMapDifference                                   : loaded 2 times (x 70B)
Class org.jetbrains.plugins.gradle.tooling.ModelBuilderService$Parameter              : loaded 2 times (x 70B)
Class com.google.common.cache.LocalCache$EntryFactory                                 : loaded 2 times (x 83B)
Class org.gradle.internal.impldep.gnu.trove.TObjectIntProcedure                       : loaded 2 times (x 70B)
Class org.gradle.tooling.internal.adapter.ProtocolToModelAdapter$ReflectionMethodInvoker: loaded 2 times (x 76B)
Class org.jetbrains.kotlin.tooling.core.HasMutableExtras                              : loaded 2 times (x 70B)
Class com.google.common.cache.LocalCache$AbstractReferenceEntry                       : loaded 2 times (x 107B)
Class kotlin.collections.CollectionsKt__MutableCollectionsJVMKt                       : loaded 2 times (x 71B)
Class com.google.common.collect.AbstractListMultimap                                  : loaded 2 times (x 172B)
Class kotlin.enums.EnumEntriesKt                                                      : loaded 2 times (x 71B)
Class com.google.common.collect.ImmutableRangeSet$ComplementRanges                    : loaded 2 times (x 207B)
Class org.objectweb.asm.SymbolTable                                                   : loaded 2 times (x 72B)
Class com.google.common.cache.CacheLoader$InvalidCacheLoadException                   : loaded 2 times (x 82B)
Class com.google.common.collect.ImmutableSet$RegularSetBuilderImpl                    : loaded 2 times (x 77B)
Class com.intellij.gradle.toolingExtension.model.repositoryModel.ProjectRepositoriesModel: loaded 2 times (x 70B)
Class org.jetbrains.plugins.gradle.model.GradleProperty                               : loaded 2 times (x 70B)
Class org.gradle.internal.classloader.SystemClassLoaderSpec                           : loaded 2 times (x 71B)
Class com.google.common.cache.LocalCache$StrongEntry                                  : loaded 2 times (x 108B)
Class com.google.common.util.concurrent.AbstractFuture$TrustedFuture                  : loaded 2 times (x 114B)
Class com.google.common.cache.LoadingCache                                            : loaded 2 times (x 70B)
Class org.gradle.internal.exceptions.MultiCauseException                              : loaded 2 times (x 70B)
Class org.gradle.internal.time.CountdownTimer                                         : loaded 2 times (x 70B)
Class kotlin.jvm.internal.Intrinsics                                                  : loaded 2 times (x 71B)
Class org.objectweb.asm.MethodWriter                                                  : loaded 2 times (x 106B)
Class [Lcom.google.common.cache.Weigher;                                              : loaded 2 times (x 69B)
Class com.google.common.collect.RegularImmutableMap$BucketOverflowException           : loaded 2 times (x 82B)
Class com.intellij.gradle.toolingExtension.impl.model.projectModel.GradleExternalProjectSerializationService$ReadContext: loaded 2 times (x 73B)
Class com.intellij.gradle.toolingExtension.impl.model.dependencyModel.DependencyWriteContext: loaded 2 times (x 72B)
Class kotlin.collections.CollectionsKt__IterablesKt                                   : loaded 2 times (x 71B)
Class org.gradle.tooling.model.ProjectModel                                           : loaded 2 times (x 70B)
Class kotlin.KotlinNullPointerException                                               : loaded 2 times (x 83B)
Class com.google.common.collect.RegularImmutableBiMap                                 : loaded 2 times (x 149B)
Class com.google.common.cache.LocalCache$ValueReference                               : loaded 2 times (x 70B)
Class com.google.common.base.CharMatcher$Is                                           : loaded 2 times (x 111B)
Class com.google.common.base.CharMatcher$Negated                                      : loaded 2 times (x 113B)
Class org.jetbrains.plugins.gradle.model.tests.ExternalTestsModel                     : loaded 2 times (x 70B)
Class org.gradle.internal.exceptions.DefaultMultiCauseException                       : loaded 2 times (x 95B)
Class com.google.common.base.PatternCompiler                                          : loaded 2 times (x 70B)
Class com.google.common.util.concurrent.AbstractFuture$Failure                        : loaded 2 times (x 72B)
Class com.google.common.base.Equivalence$Equals                                       : loaded 2 times (x 82B)
Class com.google.common.collect.Hashing                                               : loaded 2 times (x 71B)
Class com.google.common.base.Preconditions                                            : loaded 2 times (x 71B)
Class com.intellij.gradle.toolingExtension.impl.model.projectModel.GradleExternalProjectSerializationService: loaded 2 times (x 77B)
Class org.gradle.tooling.model.HierarchicalElement                                    : loaded 2 times (x 70B)
Class com.google.common.base.Joiner$1                                                 : loaded 2 times (x 80B)
Class org.objectweb.asm.Label                                                         : loaded 2 times (x 73B)
Class org.objectweb.asm.CurrentFrame                                                  : loaded 2 times (x 73B)
Class org.objectweb.asm.ClassTooLargeException                                        : loaded 2 times (x 83B)
Class com.google.common.base.CharMatcher                                              : loaded 2 times (x 111B)
Class com.google.common.collect.PeekingIterator                                       : loaded 2 times (x 70B)
Class org.jetbrains.plugins.gradle.tooling.serialization.ExternalTestsSerializationService: loaded 2 times (x 77B)
Class org.gradle.internal.time.Time                                                   : loaded 2 times (x 71B)
Class com.google.common.collect.RangeGwtSerializationDependencies                     : loaded 2 times (x 71B)
Class com.google.common.base.Joiner$2                                                 : loaded 2 times (x 79B)
Class org.objectweb.asm.Frame                                                         : loaded 2 times (x 73B)
Class org.objectweb.asm.MethodVisitor                                                 : loaded 2 times (x 105B)
Class com.google.common.cache.LocalCache$EntryFactory$1                               : loaded 2 times (x 83B)
Class [Lcom.google.common.cache.RemovalListener;                                      : loaded 2 times (x 69B)
Class com.google.common.base.CharMatcher$1                                            : loaded 2 times (x 113B)
Class com.google.common.base.CharMatcher$NamedFastMatcher                             : loaded 2 times (x 112B)
Class org.jetbrains.plugins.gradle.tooling.serialization.AnnotationProcessingModelSerializationService: loaded 2 times (x 77B)
Class com.google.common.collect.RangeSet                                              : loaded 2 times (x 70B)
Class com.google.common.cache.LocalCache$EntryFactory$2                               : loaded 2 times (x 83B)
Class org.jetbrains.plugins.gradle.model.DependencyAccessorsModel                     : loaded 2 times (x 70B)
Class [Lcom.intellij.openapi.externalSystem.model.project.dependencies.ResolutionState;: loaded 2 times (x 69B)
Class org.gradle.internal.impldep.gnu.trove.TObjectHash                               : loaded 2 times (x 94B)
Class org.gradle.api.internal.classpath.GlobalCacheRootsProvider                      : loaded 2 times (x 70B)
Class com.google.common.collect.CollectCollectors                                     : loaded 2 times (x 71B)
Class org.objectweb.asm.ModuleWriter                                                  : loaded 2 times (x 82B)
Class com.google.common.cache.LocalCache$EntryFactory$3                               : loaded 2 times (x 83B)
Class com.google.common.base.Ticker$1                                                 : loaded 2 times (x 72B)
Class com.google.common.collect.Maps$BiMapConverter                                   : loaded 2 times (x 90B)
Class com.google.common.collect.ImmutableMapEntrySet$RegularEntrySet                  : loaded 2 times (x 152B)
Class org.jetbrains.kotlin.idea.gradleTooling.KotlinMPPGradleModel                    : loaded 2 times (x 70B)
Class com.intellij.gradle.toolingExtension.impl.model.dependencyDownloadPolicyModel.GradleDependencyDownloadPolicy: loaded 2 times (x 70B)
Class org.gradle.tooling.model.BuildIdentifier                                        : loaded 2 times (x 70B)
Class com.google.common.cache.LocalCache$EntryFactory$4                               : loaded 2 times (x 83B)
Class com.google.common.base.CharMatcher$InRange                                      : loaded 2 times (x 111B)
Class com.google.common.collect.ImmutableSet$Builder                                  : loaded 2 times (x 85B)
Class org.jetbrains.kotlin.idea.gradleTooling.PrepareKotlinIdeImportTaskModel         : loaded 2 times (x 70B)
Class com.google.common.cache.LocalCache$EntryFactory$5                               : loaded 2 times (x 83B)
Class com.google.common.base.PairwiseEquivalence                                      : loaded 2 times (x 83B)
Class com.google.common.cache.LocalCache$EntryFactory$6                               : loaded 2 times (x 83B)
Class org.gradle.internal.time.Timer                                                  : loaded 2 times (x 70B)
Class kotlin.jvm.internal.markers.KMappedMarker                                       : loaded 2 times (x 70B)
Class org.gradle.internal.installation.CurrentGradleInstallationLocator               : loaded 2 times (x 71B)
Class com.google.common.collect.Maps$KeySet                                           : loaded 2 times (x 137B)
Class com.google.common.cache.LocalCache$EntryFactory$7                               : loaded 2 times (x 83B)
Class com.google.common.collect.ImmutableSet$EmptySetBuilderImpl                      : loaded 2 times (x 76B)
Class com.google.common.collect.ImmutableList                                         : loaded 2 times (x 206B)
Class org.gradle.tooling.model.idea.IdeaProject                                       : loaded 2 times (x 70B)
Class org.gradle.tooling.model.DomainObjectSet                                        : loaded 2 times (x 70B)
Class org.gradle.internal.service.DefaultServiceLocator                               : loaded 2 times (x 83B)
Class com.google.common.cache.LocalCache$EntryFactory$8                               : loaded 2 times (x 83B)
Class com.google.common.collect.ImmutableSet$SetBuilderImpl                           : loaded 2 times (x 76B)
Class org.gradle.util.GradleVersion                                                   : loaded 2 times (x 79B)
Class org.gradle.internal.installation.CurrentGradleInstallation                      : loaded 2 times (x 73B)
Class com.google.common.cache.CacheLoader$1                                           : loaded 2 times (x 75B)
Class com.google.common.collect.ImmutableList$SubList                                 : loaded 2 times (x 209B)
Class org.jetbrains.plugins.gradle.javaModel.JavaGradleManifestModel                  : loaded 2 times (x 70B)
Class org.jetbrains.plugins.gradle.tooling.serialization.GradleExtensionsSerializationService$WriteContext: loaded 2 times (x 72B)
Class com.intellij.gradle.toolingExtension.impl.model.taskModel.GradleTaskSerialisationService$Companion: loaded 2 times (x 71B)
Class org.gradle.util.internal.GUtil                                                  : loaded 2 times (x 71B)
Class com.google.common.util.concurrent.AbstractFuture$SetFuture                      : loaded 2 times (x 75B)
Class com.google.common.cache.AbstractCache$StatsCounter                              : loaded 2 times (x 70B)
Class com.intellij.gradle.toolingExtension.impl.model.utilTurnOffDefaultTasksModel.TurnOffDefaultTasks: loaded 2 times (x 70B)
Class com.intellij.gradle.toolingExtension.impl.model.sourceSetModel.GradleSourceSetSerialisationService$SourceSetModelReadContext: loaded 2 times (x 72B)
Class kotlin.collections.CollectionsKt                                                : loaded 2 times (x 71B)
Class com.google.common.collect.Iterators$MergingIterator                             : loaded 2 times (x 81B)
Class com.google.common.collect.RegularImmutableSet                                   : loaded 2 times (x 149B)
Class com.intellij.gradle.toolingExtension.impl.model.sourceSetModel.GradleSourceSetSerialisationService$SourceSetModelWriteContext: loaded 2 times (x 72B)
Class org.gradle.tooling.internal.adapter.ProtocolToModelAdapter$1                    : loaded 2 times (x 75B)
Class org.gradle.tooling.internal.adapter.ProtocolToModelAdapter$ViewDecoration       : loaded 2 times (x 70B)
Class org.gradle.internal.installation.GradleInstallation                             : loaded 2 times (x 75B)
Class com.google.common.collect.Iterables                                             : loaded 2 times (x 71B)
Class org.jetbrains.plugins.gradle.tooling.serialization.GradleExtensionsSerializationService$ReadContext: loaded 2 times (x 72B)
Class ijInit9_8867d74oin0pckwnerzxybcqz                                               : loaded 2 times (x 179B)
Class org.gradle.tooling.internal.adapter.MethodInvoker                               : loaded 2 times (x 70B)
Class org.jetbrains.plugins.gradle.tooling.serialization.RepositoriesModelSerializationService$WriteContext: loaded 2 times (x 72B)

---------------  S Y S T E M  ---------------

OS:
 Windows 11 , 64 bit Build 26100 (10.0.26100.4768)
OS uptime: 8 days 4:53 hours
Hyper-V role detected

CPU: total 28 (initial active 28) (14 cores per cpu, 2 threads per core) family 6 model 183 stepping 1 microcode 0x12b, cx8, cmov, fxsr, ht, mmx, 3dnowpref, sse, sse2, sse3, ssse3, sse4.1, sse4.2, popcnt, lzcnt, tsc, tscinvbit, avx, avx2, aes, erms, clmul, bmi1, bmi2, adx, sha, fma, vzeroupper, clflush, clflushopt, clwb, hv, serialize, rdtscp, rdpid, fsrm, f16c, cet_ibt, cet_ss
Processor Information for the first 28 processors :
  Max Mhz: 2100, Current Mhz: 2100, Mhz Limit: 2100

Memory: 4k page, system-wide physical 16039M (5460M free)
TotalPageFile size 65191M (AvailPageFile size 169M)
current process WorkingSet (physical memory assigned to process): 592M, peak: 593M
current process commit charge ("private bytes"): 657M, peak: 863M

vm_info: OpenJDK 64-Bit Server VM (21.0.8+-14196175-b1038.72) for windows-amd64 JRE (21.0.8+-14196175-b1038.72), built on 2025-10-01T10:24:33Z by "builder" with MS VC++ 16.10 / 16.11 (VS2019)

END.
