#
# There is insufficient memory for the Java Runtime Environment to continue.
# Native memory allocation (mmap) failed to map 15728640 bytes. Error detail: G1 virtual space
# Possible reasons:
#   The system is out of physical RAM or swap space
#   This process is running with CompressedOops enabled, and the Java Heap may be blocking the growth of the native heap
# Possible solutions:
#   Reduce memory load on the system
#   Increase physical memory or swap space
#   Check if swap backing store is full
#   Decrease Java heap size (-Xmx/-Xms)
#   Decrease number of Java threads
#   Decrease Java thread stack sizes (-Xss)
#   Set larger code cache with -XX:ReservedCodeCacheSize=
#   JVM is running with Unscaled Compressed Oops mode in which the Java heap is
#     placed in the first 4GB address space. The Java Heap base address is the
#     maximum limit for the native heap growth. Please use -XX:HeapBaseMinAddress
#     to set the Java Heap base and to place the Java Heap above 4GB virtual address.
# This output file may be truncated or incomplete.
#
#  Out of Memory Error (os_windows.cpp:3925), pid=22584, tid=20904
#
# JRE version: OpenJDK Runtime Environment (21.0.8) (build 21.0.8+-14196175-b1038.72)
# Java VM: OpenJDK 64-Bit Server VM (21.0.8+-14196175-b1038.72, mixed mode, tiered, compressed oops, compressed class ptrs, g1 gc, windows-amd64)
# No core dump will be written. Minidumps are not enabled by default on client versions of Windows
#

---------------  S U M M A R Y ------------

Command Line: --add-opens=java.base/java.lang=ALL-UNNAMED --add-opens=java.base/java.lang.invoke=ALL-UNNAMED --add-opens=java.base/java.util=ALL-UNNAMED --add-opens=java.prefs/java.util.prefs=ALL-UNNAMED --add-exports=jdk.compiler/com.sun.tools.javac.api=ALL-UNNAMED --add-exports=jdk.compiler/com.sun.tools.javac.util=ALL-UNNAMED --add-opens=java.base/java.util=ALL-UNNAMED --add-opens=java.prefs/java.util.prefs=ALL-UNNAMED --add-opens=java.base/java.nio.charset=ALL-UNNAMED --add-opens=java.base/java.net=ALL-UNNAMED --add-opens=java.base/java.util.concurrent.atomic=ALL-UNNAMED --add-opens=java.xml/javax.xml.namespace=ALL-UNNAMED -Xmx2048m -Dfile.encoding=UTF-8 -Duser.country=KR -Duser.language=ko -Duser.variant -javaagent:C:\Users\COMPUTER\.gradle\wrapper\dists\gradle-8.13-bin\5xuhj0ry160q40clulazy9h7d\gradle-8.13\lib\agents\gradle-instrumentation-agent-8.13.jar org.gradle.launcher.daemon.bootstrap.GradleDaemon 8.13

Host: Intel(R) Core(TM) i7-14700, 28 cores, 15G,  Windows 11 , 64 bit Build 26100 (10.0.26100.4768)
Time: Fri Nov 14 13:35:11 2025 elapsed time: 12.946313 seconds (0d 0h 0m 12s)

---------------  T H R E A D  ---------------

Current thread (0x0000022b5a8361b0):  VMThread "VM Thread"          [id=20904, stack(0x000000a907100000,0x000000a907200000) (1024K)]

Stack: [0x000000a907100000,0x000000a907200000]
Native frames: (J=compiled Java code, j=interpreted, Vv=VM code, C=native code)
V  [jvm.dll+0x6d68d9]
V  [jvm.dll+0x866693]
V  [jvm.dll+0x868c4e]
V  [jvm.dll+0x869333]
V  [jvm.dll+0x280566]
V  [jvm.dll+0x6d3195]
V  [jvm.dll+0x6c69ea]
V  [jvm.dll+0x3586db]
V  [jvm.dll+0x360336]
V  [jvm.dll+0x3b23f6]
V  [jvm.dll+0x3b26c8]
V  [jvm.dll+0x32ae6c]
V  [jvm.dll+0x32d806]
V  [jvm.dll+0x3376dd]
V  [jvm.dll+0x36ee15]
V  [jvm.dll+0x86f0b8]
V  [jvm.dll+0x870434]
V  [jvm.dll+0x870970]
V  [jvm.dll+0x870c03]
V  [jvm.dll+0x80eac8]
V  [jvm.dll+0x6d512d]
C  [ucrtbase.dll+0x37b0]
C  [KERNEL32.DLL+0x2e8d7]
C  [ntdll.dll+0x3c34c]

VM_Operation (0x000000a906cffa30): G1PauseRemark, mode: safepoint, requested by thread 0x0000022b415a8250


---------------  P R O C E S S  ---------------

Threads class SMR info:
_java_thread_list=0x0000022b649a53c0, length=327, elements={
0x0000022b3f1f8240, 0x0000022b5a8d7810, 0x0000022b5a8d8270, 0x0000022b5a8dace0,
0x0000022b5a906640, 0x0000022b5a9070a0, 0x0000022b5a907b00, 0x0000022b5a908560,
0x0000022b5a90a300, 0x0000022b5a932dd0, 0x0000022b5a9acf50, 0x0000022b5f0a9800,
0x0000022b60d30d40, 0x0000022b60e31fb0, 0x0000022b60e1c0b0, 0x0000022b60d5b3d0,
0x0000022b60d54730, 0x0000022b60f9da70, 0x0000022b60fa3260, 0x0000022b60e4a870,
0x0000022b60e4af00, 0x0000022b60e4b590, 0x0000022b60e4a1e0, 0x0000022b60e4bc20,
0x0000022b60e4c2b0, 0x0000022b60e494c0, 0x0000022b60e49b50, 0x0000022b654acb10,
0x0000022b654b0620, 0x0000022b654ad830, 0x0000022b654ad1a0, 0x0000022b654aff90,
0x0000022b654af270, 0x0000022b654b0cb0, 0x0000022b654b1340, 0x0000022b654af900,
0x0000022b654adec0, 0x0000022b654b19d0, 0x0000022b654ae550, 0x0000022b654b2060,
0x0000022b654aebe0, 0x0000022b654b26f0, 0x0000022b654b2d80, 0x0000022b654b3410,
0x0000022b654b4130, 0x0000022b654b3aa0, 0x0000022b64c8a1c0, 0x0000022b64c8aee0,
0x0000022b64c8a850, 0x0000022b64c880f0, 0x0000022b64c8b570, 0x0000022b64c88780,
0x0000022b64c8bc00, 0x0000022b64c8c290, 0x0000022b64c88e10, 0x0000022b64c8c920,
0x0000022b64c894a0, 0x0000022b64c8cfb0, 0x0000022b64c8e9f0, 0x0000022b64c8d640,
0x0000022b64c8f080, 0x0000022b64c8f710, 0x0000022b64c8dcd0, 0x0000022b65d71c10,
0x0000022b65d73650, 0x0000022b65d71580, 0x0000022b65d73ce0, 0x0000022b65d70860,
0x0000022b65d722a0, 0x0000022b65d70ef0, 0x0000022b65d72930, 0x0000022b65d72fc0,
0x0000022b62121050, 0x0000022b62124b60, 0x0000022b621244d0, 0x0000022b621216e0,
0x0000022b621251f0, 0x0000022b62122a90, 0x0000022b62121d70, 0x0000022b62123e40,
0x0000022b62125880, 0x0000022b621265a0, 0x0000022b62123120, 0x0000022b62126c30,
0x0000022b621272c0, 0x0000022b62127950, 0x0000022b62127fe0, 0x0000022b62128670,
0x0000022b66070420, 0x0000022b66070ab0, 0x0000022b6606fd90, 0x0000022b66071140,
0x0000022b6606f070, 0x0000022b660717d0, 0x0000022b66071e60, 0x0000022b6606f700,
0x0000022b66073f30, 0x0000022b660738a0, 0x0000022b66075970, 0x0000022b66073210,
0x0000022b660745c0, 0x0000022b66074c50, 0x0000022b660752e0, 0x0000022b660724f0,
0x0000022b66076000, 0x0000022b66072b80, 0x0000022b66076690, 0x0000022b66bd6220,
0x0000022b66bd7c60, 0x0000022b66bd5b90, 0x0000022b66bd8980, 0x0000022b66bd68b0,
0x0000022b66bd5500, 0x0000022b66bda3c0, 0x0000022b66bd9010, 0x0000022b66bd6f40,
0x0000022b66bd96a0, 0x0000022b66bd9d30, 0x0000022b66bd82f0, 0x0000022b66bdaa50,
0x0000022b66bd75d0, 0x0000022b66bdc490, 0x0000022b66bdb0e0, 0x0000022b66bdcb20,
0x0000022b66bdb770, 0x0000022b66bdbe00, 0x0000022b66c30a30, 0x0000022b66c31de0,
0x0000022b66c33820, 0x0000022b66c303a0, 0x0000022b66c32470, 0x0000022b66c33190,
0x0000022b66c310c0, 0x0000022b66c33eb0, 0x0000022b66c34540, 0x0000022b66c32b00,
0x0000022b66c34bd0, 0x0000022b66c31750, 0x0000022b66c35260, 0x0000022b66c358f0,
0x0000022b66c36610, 0x0000022b66c36ca0, 0x0000022b66c35f80, 0x0000022b66c37330,
0x0000022b66c379c0, 0x0000022b659a7800, 0x0000022b659a7170, 0x0000022b659aac80,
0x0000022b659a9f60, 0x0000022b659a9240, 0x0000022b659a8bb0, 0x0000022b659ab310,
0x0000022b659a7e90, 0x0000022b659aa5f0, 0x0000022b659a98d0, 0x0000022b659ab9a0,
0x0000022b659a8520, 0x0000022b659ac030, 0x0000022b659ac6c0, 0x0000022b659acd50,
0x0000022b659ae100, 0x0000022b659ad3e0, 0x0000022b6c774e10, 0x0000022b6c778290,
0x0000022b6c273bf0, 0x0000022b616415f0, 0x0000022b6163e170, 0x0000022b6163f520,
0x0000022b61641c80, 0x0000022b6163e800, 0x0000022b61644a70, 0x0000022b61643d50,
0x0000022b61645100, 0x0000022b616443e0, 0x0000022b61643030, 0x0000022b616436c0,
0x0000022b61645790, 0x0000022b61642310, 0x0000022b61645e20, 0x0000022b616429a0,
0x0000022b616464b0, 0x0000022b61647ef0, 0x0000022b61646b40, 0x0000022b616471d0,
0x0000022b61647860, 0x0000022b61648580, 0x0000022b61648c10, 0x0000022b6c475d70,
0x0000022b6c4756e0, 0x0000022b6c477120, 0x0000022b6c473ca0, 0x0000022b6c4777b0,
0x0000022b6c474330, 0x0000022b6c477e40, 0x0000022b6c4749c0, 0x0000022b6c476a90,
0x0000022b6c276ba0, 0x0000022b6163c730, 0x0000022b61639940, 0x0000022b6163a660,
0x0000022b616408d0, 0x0000022b61640f60, 0x0000022b6163fbb0, 0x0000022b6163ee90,
0x0000022b6c4791f0, 0x0000022b6c47b950, 0x0000022b6c478b60, 0x0000022b6c479880,
0x0000022b6c476400, 0x0000022b6c47d390, 0x0000022b6c47b2c0, 0x0000022b6c479f10,
0x0000022b6c47a5a0, 0x0000022b6c47e0b0, 0x0000022b6c47c670, 0x0000022b6c47ac30,
0x0000022b6c481530, 0x0000022b6c480ea0, 0x0000022b6c481bc0, 0x0000022b6c47e740,
0x0000022b6c482250, 0x0000022b6c47edd0, 0x0000022b6c47f460, 0x0000022b6c480180,
0x0000022b6c778920, 0x0000022b6c779cd0, 0x0000022b6c47da20, 0x0000022b61640240,
0x0000022b633f60c0, 0x0000022b633f5a30, 0x0000022b633f4d10, 0x0000022b633f6750,
0x0000022b633f3ff0, 0x0000022b633f6de0, 0x0000022b633f53a0, 0x0000022b633f7470,
0x0000022b633f7b00, 0x0000022b633f4680, 0x0000022b633faf80, 0x0000022b633f9540,
0x0000022b633fb610, 0x0000022b633f8190, 0x0000022b633fbca0, 0x0000022b633f8eb0,
0x0000022b633fa260, 0x0000022b633fa8f0, 0x0000022b633f9bd0, 0x0000022b633f8820,
0x0000022b633fd6e0, 0x0000022b633fd050, 0x0000022b633fea90, 0x0000022b633fdd70,
0x0000022b633fe400, 0x0000022b633fc330, 0x0000022b633ff120, 0x0000022b633ff7b0,
0x0000022b633ffe40, 0x0000022b633fc9c0, 0x0000022b63402c30, 0x0000022b634011f0,
0x0000022b634032c0, 0x0000022b63400b60, 0x0000022b634004d0, 0x0000022b63401f10,
0x0000022b634025a0, 0x0000022b63401880, 0x0000022b5f688a00, 0x0000022b5f689090,
0x0000022b5f688370, 0x0000022b5f689720, 0x0000022b5f689db0, 0x0000022b5f687650,
0x0000022b5f68a440, 0x0000022b5f68aad0, 0x0000022b5f68b160, 0x0000022b5f687ce0,
0x0000022b5f68cba0, 0x0000022b5f68b7f0, 0x0000022b5f68d230, 0x0000022b5f68ec70,
0x0000022b5f68d8c0, 0x0000022b5f68df50, 0x0000022b5f68e5e0, 0x0000022b5f68f300,
0x0000022b5f68be80, 0x0000022b5f68f990, 0x0000022b5f68c510, 0x0000022b5f6934a0,
0x0000022b5f692e10, 0x0000022b5f690020, 0x0000022b5f693b30, 0x0000022b5f6906b0,
0x0000022b5f692780, 0x0000022b5f6941c0, 0x0000022b5f691a60, 0x0000022b5f690d40,
0x0000022b5f6920f0, 0x0000022b5f694850, 0x0000022b5f6913d0, 0x0000022b5f696290,
0x0000022b5f694ee0, 0x0000022b5f696920, 0x0000022b5f695c00, 0x0000022b5f695570,
0x0000022b64153f70, 0x0000022b64154c90, 0x0000022b64155320, 0x0000022b64156040,
0x0000022b641566d0, 0x0000022b64156d60, 0x0000022b641559b0, 0x0000022b641538e0,
0x0000022b641573f0, 0x0000022b64157a80, 0x0000022b64154600, 0x0000022b6415b590,
0x0000022b64159b50, 0x0000022b6415a1e0, 0x0000022b6415a870, 0x0000022b641594c0,
0x0000022b6415af00, 0x0000022b64158110, 0x0000022b6415bc20, 0x0000022b641587a0,
0x0000022b6415c2b0, 0x0000022b6c05b040, 0x0000022b6c05ed90
}

Java Threads: ( => current thread )
  0x0000022b3f1f8240 JavaThread "main"                              [_thread_blocked, id=17004, stack(0x000000a906a00000,0x000000a906b00000) (1024K)]
  0x0000022b5a8d7810 JavaThread "Common-Cleaner"             daemon [_thread_blocked, id=14292, stack(0x000000a907200000,0x000000a907300000) (1024K)]
  0x0000022b5a8d8270 JavaThread "Reference Handler"          daemon [_thread_blocked, id=20252, stack(0x000000a907300000,0x000000a907400000) (1024K)]
  0x0000022b5a8dace0 JavaThread "Finalizer"                  daemon [_thread_blocked, id=18320, stack(0x000000a907400000,0x000000a907500000) (1024K)]
  0x0000022b5a906640 JavaThread "Signal Dispatcher"          daemon [_thread_blocked, id=1984, stack(0x000000a907500000,0x000000a907600000) (1024K)]
  0x0000022b5a9070a0 JavaThread "Attach Listener"            daemon [_thread_blocked, id=16412, stack(0x000000a907600000,0x000000a907700000) (1024K)]
  0x0000022b5a907b00 JavaThread "Service Thread"             daemon [_thread_blocked, id=9260, stack(0x000000a907700000,0x000000a907800000) (1024K)]
  0x0000022b5a908560 JavaThread "Monitor Deflation Thread"   daemon [_thread_blocked, id=19404, stack(0x000000a907800000,0x000000a907900000) (1024K)]
  0x0000022b5a90a300 JavaThread "C2 CompilerThread0"         daemon [_thread_blocked, id=12756, stack(0x000000a907900000,0x000000a907a00000) (1024K)]
  0x0000022b5a932dd0 JavaThread "C1 CompilerThread0"         daemon [_thread_blocked, id=7976, stack(0x000000a907a00000,0x000000a907b00000) (1024K)]
  0x0000022b5a9acf50 JavaThread "C1 CompilerThread1"         daemon [_thread_blocked, id=12308, stack(0x000000a907b00000,0x000000a907c00000) (1024K)]
  0x0000022b5f0a9800 JavaThread "Notification Thread"        daemon [_thread_blocked, id=3844, stack(0x000000a907d00000,0x000000a907e00000) (1024K)]
  0x0000022b60d30d40 JavaThread "Daemon health stats"               [_thread_blocked, id=19476, stack(0x000000a908900000,0x000000a908a00000) (1024K)]
  0x0000022b60e31fb0 JavaThread "Incoming local TCP Connector on port 62182"        [_thread_in_native, id=9444, stack(0x000000a908d00000,0x000000a908e00000) (1024K)]
  0x0000022b60e1c0b0 JavaThread "Daemon periodic checks"            [_thread_blocked, id=21028, stack(0x000000a908e00000,0x000000a908f00000) (1024K)]
  0x0000022b60d5b3d0 JavaThread "Daemon"                            [_thread_blocked, id=10660, stack(0x000000a908f00000,0x000000a909000000) (1024K)]
  0x0000022b60d54730 JavaThread "Handler for socket connection from /127.0.0.1:62182 to /127.0.0.1:62183"        [_thread_in_native, id=19500, stack(0x000000a909000000,0x000000a909100000) (1024K)]
  0x0000022b60f9da70 JavaThread "Cancel handler"                    [_thread_blocked, id=7804, stack(0x000000a909100000,0x000000a909200000) (1024K)]
  0x0000022b60fa3260 JavaThread "Daemon worker"                     [_thread_blocked, id=19664, stack(0x000000a909200000,0x000000a909300000) (1024K)]
  0x0000022b60e4a870 JavaThread "Asynchronous log dispatcher for DefaultDaemonConnection: socket connection from /127.0.0.1:62182 to /127.0.0.1:62183"        [_thread_blocked, id=23704, stack(0x000000a909e00000,0x000000a909f00000) (1024K)]
  0x0000022b60e4af00 JavaThread "Stdin handler"                     [_thread_blocked, id=10876, stack(0x000000a909f00000,0x000000a90a000000) (1024K)]
  0x0000022b60e4b590 JavaThread "Daemon client event forwarder"        [_thread_blocked, id=16740, stack(0x000000a90a000000,0x000000a90a100000) (1024K)]
  0x0000022b60e4a1e0 JavaThread "Cache worker for journal cache (C:\Users\COMPUTER\.gradle\caches\journal-1)"        [_thread_blocked, id=3864, stack(0x000000a90a100000,0x000000a90a200000) (1024K)]
  0x0000022b60e4bc20 JavaThread "File lock request listener"        [_thread_in_native, id=20672, stack(0x000000a90a200000,0x000000a90a300000) (1024K)]
  0x0000022b60e4c2b0 JavaThread "Cache worker for file hash cache (C:\Users\COMPUTER\.gradle\caches\8.13\fileHashes)"        [_thread_blocked, id=19108, stack(0x000000a90a300000,0x000000a90a400000) (1024K)]
  0x0000022b60e494c0 JavaThread "Cache worker for file hash cache (D:\project_1.4v\.gradle\8.13\fileHashes)"        [_thread_blocked, id=20392, stack(0x000000a90a800000,0x000000a90a900000) (1024K)]
  0x0000022b60e49b50 JavaThread "Cache worker for Build Output Cleanup Cache (D:\project_1.4v\.gradle\buildOutputCleanup)"        [_thread_blocked, id=6132, stack(0x000000a90a900000,0x000000a90aa00000) (1024K)]
  0x0000022b654acb10 JavaThread "File watcher server"        daemon [_thread_in_native, id=19032, stack(0x000000a90aa00000,0x000000a90ab00000) (1024K)]
  0x0000022b654b0620 JavaThread "File watcher consumer"      daemon [_thread_blocked, id=14268, stack(0x000000a90ab00000,0x000000a90ac00000) (1024K)]
  0x0000022b654ad830 JavaThread "jar transforms"                    [_thread_blocked, id=2040, stack(0x000000a90ac00000,0x000000a90ad00000) (1024K)]
  0x0000022b654ad1a0 JavaThread "jar transforms Thread 2"           [_thread_blocked, id=5932, stack(0x000000a90ad00000,0x000000a90ae00000) (1024K)]
  0x0000022b654aff90 JavaThread "jar transforms Thread 3"           [_thread_blocked, id=4740, stack(0x000000a90ae00000,0x000000a90af00000) (1024K)]
  0x0000022b654af270 JavaThread "jar transforms Thread 4"           [_thread_blocked, id=8432, stack(0x000000a90af00000,0x000000a90b000000) (1024K)]
  0x0000022b654b0cb0 JavaThread "jar transforms Thread 5"           [_thread_blocked, id=5904, stack(0x000000a90b000000,0x000000a90b100000) (1024K)]
  0x0000022b654b1340 JavaThread "jar transforms Thread 6"           [_thread_blocked, id=11996, stack(0x000000a90b100000,0x000000a90b200000) (1024K)]
  0x0000022b654af900 JavaThread "jar transforms Thread 7"           [_thread_blocked, id=23288, stack(0x000000a90b200000,0x000000a90b300000) (1024K)]
  0x0000022b654adec0 JavaThread "jar transforms Thread 8"           [_thread_blocked, id=18144, stack(0x000000a90b300000,0x000000a90b400000) (1024K)]
  0x0000022b654b19d0 JavaThread "jar transforms Thread 9"           [_thread_blocked, id=20832, stack(0x000000a90b400000,0x000000a90b500000) (1024K)]
  0x0000022b654ae550 JavaThread "jar transforms Thread 10"          [_thread_blocked, id=19864, stack(0x000000a90b500000,0x000000a90b600000) (1024K)]
  0x0000022b654b2060 JavaThread "jar transforms Thread 11"          [_thread_blocked, id=20344, stack(0x000000a90b600000,0x000000a90b700000) (1024K)]
  0x0000022b654aebe0 JavaThread "jar transforms Thread 12"          [_thread_blocked, id=4676, stack(0x000000a90b700000,0x000000a90b800000) (1024K)]
  0x0000022b654b26f0 JavaThread "jar transforms Thread 13"          [_thread_blocked, id=26024, stack(0x000000a90b800000,0x000000a90b900000) (1024K)]
  0x0000022b654b2d80 JavaThread "jar transforms Thread 14"          [_thread_blocked, id=18776, stack(0x000000a90b900000,0x000000a90ba00000) (1024K)]
  0x0000022b654b3410 JavaThread "jar transforms Thread 15"          [_thread_blocked, id=19644, stack(0x000000a90ba00000,0x000000a90bb00000) (1024K)]
  0x0000022b654b4130 JavaThread "jar transforms Thread 16"          [_thread_blocked, id=19356, stack(0x000000a90bb00000,0x000000a90bc00000) (1024K)]
  0x0000022b654b3aa0 JavaThread "jar transforms Thread 17"          [_thread_blocked, id=26044, stack(0x000000a90bc00000,0x000000a90bd00000) (1024K)]
  0x0000022b64c8a1c0 JavaThread "jar transforms Thread 18"          [_thread_blocked, id=12856, stack(0x000000a90bd00000,0x000000a90be00000) (1024K)]
  0x0000022b64c8aee0 JavaThread "jar transforms Thread 19"          [_thread_blocked, id=23104, stack(0x000000a90be00000,0x000000a90bf00000) (1024K)]
  0x0000022b64c8a850 JavaThread "jar transforms Thread 20"          [_thread_blocked, id=15304, stack(0x000000a90bf00000,0x000000a90c000000) (1024K)]
  0x0000022b64c880f0 JavaThread "jar transforms Thread 21"          [_thread_blocked, id=8072, stack(0x000000a90c000000,0x000000a90c100000) (1024K)]
  0x0000022b64c8b570 JavaThread "jar transforms Thread 22"          [_thread_blocked, id=24428, stack(0x000000a90c100000,0x000000a90c200000) (1024K)]
  0x0000022b64c88780 JavaThread "jar transforms Thread 23"          [_thread_blocked, id=1680, stack(0x000000a90c200000,0x000000a90c300000) (1024K)]
  0x0000022b64c8bc00 JavaThread "Cache worker for checksums cache (D:\project_1.4v\.gradle\8.13\checksums)"        [_thread_blocked, id=24404, stack(0x000000a90c300000,0x000000a90c400000) (1024K)]
  0x0000022b64c8c290 JavaThread "Cache worker for file content cache (C:\Users\COMPUTER\.gradle\caches\8.13\fileContent)"        [_thread_blocked, id=25008, stack(0x000000a90c400000,0x000000a90c500000) (1024K)]
  0x0000022b64c88e10 JavaThread "jar transforms Thread 24"          [_thread_blocked, id=8556, stack(0x000000a90c500000,0x000000a90c600000) (1024K)]
  0x0000022b64c8c920 JavaThread "Cache worker for cache directory md-supplier (C:\Users\COMPUTER\.gradle\caches\8.13\md-supplier)"        [_thread_blocked, id=16636, stack(0x000000a90c600000,0x000000a90c700000) (1024K)]
  0x0000022b64c894a0 JavaThread "Cache worker for cache directory md-rule (C:\Users\COMPUTER\.gradle\caches\8.13\md-rule)"        [_thread_blocked, id=26448, stack(0x000000a90c700000,0x000000a90c800000) (1024K)]
  0x0000022b64c8cfb0 JavaThread "Unconstrained build operations"        [_thread_blocked, id=9552, stack(0x000000a90c800000,0x000000a90c900000) (1024K)]
  0x0000022b64c8e9f0 JavaThread "Unconstrained build operations Thread 2"        [_thread_blocked, id=13852, stack(0x000000a90c900000,0x000000a90ca00000) (1024K)]
  0x0000022b64c8d640 JavaThread "Unconstrained build operations Thread 3"        [_thread_blocked, id=17064, stack(0x000000a90ca00000,0x000000a90cb00000) (1024K)]
  0x0000022b64c8f080 JavaThread "Unconstrained build operations Thread 4"        [_thread_blocked, id=16632, stack(0x000000a90cb00000,0x000000a90cc00000) (1024K)]
  0x0000022b64c8f710 JavaThread "jar transforms Thread 25"          [_thread_blocked, id=23840, stack(0x000000a90cc00000,0x000000a90cd00000) (1024K)]
  0x0000022b64c8dcd0 JavaThread "jar transforms Thread 26"          [_thread_blocked, id=13776, stack(0x000000a90cd00000,0x000000a90ce00000) (1024K)]
  0x0000022b65d71c10 JavaThread "Unconstrained build operations Thread 5"        [_thread_blocked, id=23256, stack(0x000000a90ce00000,0x000000a90cf00000) (1024K)]
  0x0000022b65d73650 JavaThread "Unconstrained build operations Thread 6"        [_thread_blocked, id=14744, stack(0x000000a90cf00000,0x000000a90d000000) (1024K)]
  0x0000022b65d71580 JavaThread "Unconstrained build operations Thread 7"        [_thread_blocked, id=7724, stack(0x000000a90d000000,0x000000a90d100000) (1024K)]
  0x0000022b65d73ce0 JavaThread "Unconstrained build operations Thread 8"        [_thread_blocked, id=20708, stack(0x000000a90d100000,0x000000a90d200000) (1024K)]
  0x0000022b65d70860 JavaThread "Unconstrained build operations Thread 9"        [_thread_blocked, id=11532, stack(0x000000a90d200000,0x000000a90d300000) (1024K)]
  0x0000022b65d722a0 JavaThread "Unconstrained build operations Thread 10"        [_thread_blocked, id=24316, stack(0x000000a90d300000,0x000000a90d400000) (1024K)]
  0x0000022b65d70ef0 JavaThread "Unconstrained build operations Thread 11"        [_thread_blocked, id=22772, stack(0x000000a90d400000,0x000000a90d500000) (1024K)]
  0x0000022b65d72930 JavaThread "Unconstrained build operations Thread 12"        [_thread_blocked, id=26552, stack(0x000000a90d500000,0x000000a90d600000) (1024K)]
  0x0000022b65d72fc0 JavaThread "Unconstrained build operations Thread 13"        [_thread_blocked, id=2948, stack(0x000000a90d600000,0x000000a90d700000) (1024K)]
  0x0000022b62121050 JavaThread "Unconstrained build operations Thread 14"        [_thread_blocked, id=20008, stack(0x000000a90d700000,0x000000a90d800000) (1024K)]
  0x0000022b62124b60 JavaThread "Unconstrained build operations Thread 15"        [_thread_blocked, id=10964, stack(0x000000a90d800000,0x000000a90d900000) (1024K)]
  0x0000022b621244d0 JavaThread "Unconstrained build operations Thread 16"        [_thread_blocked, id=17172, stack(0x000000a90d900000,0x000000a90da00000) (1024K)]
  0x0000022b621216e0 JavaThread "Unconstrained build operations Thread 17"        [_thread_blocked, id=9924, stack(0x000000a90da00000,0x000000a90db00000) (1024K)]
  0x0000022b621251f0 JavaThread "Unconstrained build operations Thread 18"        [_thread_blocked, id=18176, stack(0x000000a90db00000,0x000000a90dc00000) (1024K)]
  0x0000022b62122a90 JavaThread "Unconstrained build operations Thread 19"        [_thread_blocked, id=23848, stack(0x000000a90dc00000,0x000000a90dd00000) (1024K)]
  0x0000022b62121d70 JavaThread "Unconstrained build operations Thread 20"        [_thread_blocked, id=15168, stack(0x000000a90dd00000,0x000000a90de00000) (1024K)]
  0x0000022b62123e40 JavaThread "Unconstrained build operations Thread 21"        [_thread_blocked, id=20196, stack(0x000000a90de00000,0x000000a90df00000) (1024K)]
  0x0000022b62125880 JavaThread "jar transforms Thread 27"          [_thread_blocked, id=8584, stack(0x000000a90df00000,0x000000a90e000000) (1024K)]
  0x0000022b621265a0 JavaThread "Unconstrained build operations Thread 22"        [_thread_blocked, id=22608, stack(0x000000a908000000,0x000000a908100000) (1024K)]
  0x0000022b62123120 JavaThread "Unconstrained build operations Thread 23"        [_thread_blocked, id=23752, stack(0x000000a908100000,0x000000a908200000) (1024K)]
  0x0000022b62126c30 JavaThread "Unconstrained build operations Thread 24"        [_thread_blocked, id=1600, stack(0x000000a908200000,0x000000a908300000) (1024K)]
  0x0000022b621272c0 JavaThread "Unconstrained build operations Thread 25"        [_thread_blocked, id=18960, stack(0x000000a90e000000,0x000000a90e100000) (1024K)]
  0x0000022b62127950 JavaThread "Unconstrained build operations Thread 26"        [_thread_blocked, id=20156, stack(0x000000a90e100000,0x000000a90e200000) (1024K)]
  0x0000022b62127fe0 JavaThread "Unconstrained build operations Thread 27"        [_thread_blocked, id=23036, stack(0x000000a90e200000,0x000000a90e300000) (1024K)]
  0x0000022b62128670 JavaThread "Unconstrained build operations Thread 28"        [_thread_blocked, id=25332, stack(0x000000a90e300000,0x000000a90e400000) (1024K)]
  0x0000022b66070420 JavaThread "Unconstrained build operations Thread 29"        [_thread_blocked, id=12572, stack(0x000000a90e400000,0x000000a90e500000) (1024K)]
  0x0000022b66070ab0 JavaThread "Unconstrained build operations Thread 30"        [_thread_blocked, id=8288, stack(0x000000a90e500000,0x000000a90e600000) (1024K)]
  0x0000022b6606fd90 JavaThread "Unconstrained build operations Thread 31"        [_thread_blocked, id=11548, stack(0x000000a90e600000,0x000000a90e700000) (1024K)]
  0x0000022b66071140 JavaThread "Unconstrained build operations Thread 32"        [_thread_blocked, id=21884, stack(0x000000a90e700000,0x000000a90e800000) (1024K)]
  0x0000022b6606f070 JavaThread "Unconstrained build operations Thread 33"        [_thread_blocked, id=16560, stack(0x000000a90e800000,0x000000a90e900000) (1024K)]
  0x0000022b660717d0 JavaThread "Unconstrained build operations Thread 34"        [_thread_blocked, id=21608, stack(0x000000a90e900000,0x000000a90ea00000) (1024K)]
  0x0000022b66071e60 JavaThread "Unconstrained build operations Thread 35"        [_thread_blocked, id=5024, stack(0x000000a90ea00000,0x000000a90eb00000) (1024K)]
  0x0000022b6606f700 JavaThread "Unconstrained build operations Thread 36"        [_thread_blocked, id=7672, stack(0x000000a90eb00000,0x000000a90ec00000) (1024K)]
  0x0000022b66073f30 JavaThread "Unconstrained build operations Thread 37"        [_thread_blocked, id=23644, stack(0x000000a90ec00000,0x000000a90ed00000) (1024K)]
  0x0000022b660738a0 JavaThread "Unconstrained build operations Thread 38"        [_thread_blocked, id=20000, stack(0x000000a90ed00000,0x000000a90ee00000) (1024K)]
  0x0000022b66075970 JavaThread "Unconstrained build operations Thread 39"        [_thread_blocked, id=9308, stack(0x000000a90ee00000,0x000000a90ef00000) (1024K)]
  0x0000022b66073210 JavaThread "Unconstrained build operations Thread 40"        [_thread_blocked, id=14752, stack(0x000000a90ef00000,0x000000a90f000000) (1024K)]
  0x0000022b660745c0 JavaThread "Unconstrained build operations Thread 41"        [_thread_blocked, id=24620, stack(0x000000a90f000000,0x000000a90f100000) (1024K)]
  0x0000022b66074c50 JavaThread "Unconstrained build operations Thread 42"        [_thread_blocked, id=16216, stack(0x000000a90f100000,0x000000a90f200000) (1024K)]
  0x0000022b660752e0 JavaThread "Unconstrained build operations Thread 43"        [_thread_blocked, id=15508, stack(0x000000a90f200000,0x000000a90f300000) (1024K)]
  0x0000022b660724f0 JavaThread "Unconstrained build operations Thread 44"        [_thread_blocked, id=9664, stack(0x000000a90f300000,0x000000a90f400000) (1024K)]
  0x0000022b66076000 JavaThread "Unconstrained build operations Thread 45"        [_thread_blocked, id=15944, stack(0x000000a90f400000,0x000000a90f500000) (1024K)]
  0x0000022b66072b80 JavaThread "Unconstrained build operations Thread 46"        [_thread_blocked, id=26164, stack(0x000000a90f500000,0x000000a90f600000) (1024K)]
  0x0000022b66076690 JavaThread "Unconstrained build operations Thread 47"        [_thread_blocked, id=1356, stack(0x000000a90f600000,0x000000a90f700000) (1024K)]
  0x0000022b66bd6220 JavaThread "Unconstrained build operations Thread 48"        [_thread_blocked, id=20176, stack(0x000000a90f700000,0x000000a90f800000) (1024K)]
  0x0000022b66bd7c60 JavaThread "Unconstrained build operations Thread 49"        [_thread_blocked, id=3208, stack(0x000000a90f800000,0x000000a90f900000) (1024K)]
  0x0000022b66bd5b90 JavaThread "Unconstrained build operations Thread 50"        [_thread_blocked, id=24136, stack(0x000000a90f900000,0x000000a90fa00000) (1024K)]
  0x0000022b66bd8980 JavaThread "Unconstrained build operations Thread 51"        [_thread_blocked, id=6100, stack(0x000000a90fa00000,0x000000a90fb00000) (1024K)]
  0x0000022b66bd68b0 JavaThread "Unconstrained build operations Thread 52"        [_thread_blocked, id=14580, stack(0x000000a90fb00000,0x000000a90fc00000) (1024K)]
  0x0000022b66bd5500 JavaThread "Unconstrained build operations Thread 53"        [_thread_blocked, id=18148, stack(0x000000a90fc00000,0x000000a90fd00000) (1024K)]
  0x0000022b66bda3c0 JavaThread "Unconstrained build operations Thread 54"        [_thread_blocked, id=5156, stack(0x000000a90fd00000,0x000000a90fe00000) (1024K)]
  0x0000022b66bd9010 JavaThread "Unconstrained build operations Thread 55"        [_thread_blocked, id=11368, stack(0x000000a90fe00000,0x000000a90ff00000) (1024K)]
  0x0000022b66bd6f40 JavaThread "Unconstrained build operations Thread 56"        [_thread_blocked, id=8052, stack(0x000000a90ff00000,0x000000a910000000) (1024K)]
  0x0000022b66bd96a0 JavaThread "Unconstrained build operations Thread 57"        [_thread_blocked, id=22952, stack(0x000000a910000000,0x000000a910100000) (1024K)]
  0x0000022b66bd9d30 JavaThread "Unconstrained build operations Thread 58"        [_thread_blocked, id=2672, stack(0x000000a910100000,0x000000a910200000) (1024K)]
  0x0000022b66bd82f0 JavaThread "Unconstrained build operations Thread 59"        [_thread_blocked, id=9512, stack(0x000000a910200000,0x000000a910300000) (1024K)]
  0x0000022b66bdaa50 JavaThread "Unconstrained build operations Thread 60"        [_thread_blocked, id=16812, stack(0x000000a910300000,0x000000a910400000) (1024K)]
  0x0000022b66bd75d0 JavaThread "Unconstrained build operations Thread 61"        [_thread_blocked, id=2288, stack(0x000000a910400000,0x000000a910500000) (1024K)]
  0x0000022b66bdc490 JavaThread "Unconstrained build operations Thread 62"        [_thread_blocked, id=9948, stack(0x000000a910500000,0x000000a910600000) (1024K)]
  0x0000022b66bdb0e0 JavaThread "Unconstrained build operations Thread 63"        [_thread_blocked, id=17996, stack(0x000000a910600000,0x000000a910700000) (1024K)]
  0x0000022b66bdcb20 JavaThread "Unconstrained build operations Thread 64"        [_thread_blocked, id=9900, stack(0x000000a910700000,0x000000a910800000) (1024K)]
  0x0000022b66bdb770 JavaThread "Unconstrained build operations Thread 65"        [_thread_blocked, id=12336, stack(0x000000a910800000,0x000000a910900000) (1024K)]
  0x0000022b66bdbe00 JavaThread "Unconstrained build operations Thread 66"        [_thread_blocked, id=3580, stack(0x000000a910900000,0x000000a910a00000) (1024K)]
  0x0000022b66c30a30 JavaThread "Unconstrained build operations Thread 67"        [_thread_blocked, id=22628, stack(0x000000a910a00000,0x000000a910b00000) (1024K)]
  0x0000022b66c31de0 JavaThread "Unconstrained build operations Thread 68"        [_thread_blocked, id=6016, stack(0x000000a910b00000,0x000000a910c00000) (1024K)]
  0x0000022b66c33820 JavaThread "Unconstrained build operations Thread 69"        [_thread_blocked, id=16972, stack(0x000000a910c00000,0x000000a910d00000) (1024K)]
  0x0000022b66c303a0 JavaThread "Unconstrained build operations Thread 70"        [_thread_blocked, id=19688, stack(0x000000a910d00000,0x000000a910e00000) (1024K)]
  0x0000022b66c32470 JavaThread "Unconstrained build operations Thread 71"        [_thread_blocked, id=26020, stack(0x000000a910e00000,0x000000a910f00000) (1024K)]
  0x0000022b66c33190 JavaThread "Unconstrained build operations Thread 72"        [_thread_blocked, id=11816, stack(0x000000a910f00000,0x000000a911000000) (1024K)]
  0x0000022b66c310c0 JavaThread "Unconstrained build operations Thread 73"        [_thread_blocked, id=3108, stack(0x000000a911000000,0x000000a911100000) (1024K)]
  0x0000022b66c33eb0 JavaThread "Unconstrained build operations Thread 74"        [_thread_blocked, id=23636, stack(0x000000a911100000,0x000000a911200000) (1024K)]
  0x0000022b66c34540 JavaThread "Unconstrained build operations Thread 75"        [_thread_blocked, id=20256, stack(0x000000a911200000,0x000000a911300000) (1024K)]
  0x0000022b66c32b00 JavaThread "Unconstrained build operations Thread 76"        [_thread_blocked, id=10096, stack(0x000000a911300000,0x000000a911400000) (1024K)]
  0x0000022b66c34bd0 JavaThread "Unconstrained build operations Thread 77"        [_thread_blocked, id=9300, stack(0x000000a911400000,0x000000a911500000) (1024K)]
  0x0000022b66c31750 JavaThread "Unconstrained build operations Thread 78"        [_thread_blocked, id=10792, stack(0x000000a911500000,0x000000a911600000) (1024K)]
  0x0000022b66c35260 JavaThread "Unconstrained build operations Thread 79"        [_thread_blocked, id=18484, stack(0x000000a911600000,0x000000a911700000) (1024K)]
  0x0000022b66c358f0 JavaThread "Unconstrained build operations Thread 80"        [_thread_blocked, id=17980, stack(0x000000a911700000,0x000000a911800000) (1024K)]
  0x0000022b66c36610 JavaThread "Unconstrained build operations Thread 81"        [_thread_blocked, id=20352, stack(0x000000a911800000,0x000000a911900000) (1024K)]
  0x0000022b66c36ca0 JavaThread "Unconstrained build operations Thread 82"        [_thread_blocked, id=14400, stack(0x000000a911900000,0x000000a911a00000) (1024K)]
  0x0000022b66c35f80 JavaThread "Unconstrained build operations Thread 83"        [_thread_blocked, id=16036, stack(0x000000a911a00000,0x000000a911b00000) (1024K)]
  0x0000022b66c37330 JavaThread "Unconstrained build operations Thread 84"        [_thread_blocked, id=20816, stack(0x000000a911b00000,0x000000a911c00000) (1024K)]
  0x0000022b66c379c0 JavaThread "Unconstrained build operations Thread 85"        [_thread_blocked, id=1800, stack(0x000000a911c00000,0x000000a911d00000) (1024K)]
  0x0000022b659a7800 JavaThread "Unconstrained build operations Thread 86"        [_thread_blocked, id=25528, stack(0x000000a911d00000,0x000000a911e00000) (1024K)]
  0x0000022b659a7170 JavaThread "Unconstrained build operations Thread 87"        [_thread_blocked, id=16028, stack(0x000000a911e00000,0x000000a911f00000) (1024K)]
  0x0000022b659aac80 JavaThread "Unconstrained build operations Thread 88"        [_thread_blocked, id=2800, stack(0x000000a911f00000,0x000000a912000000) (1024K)]
  0x0000022b659a9f60 JavaThread "Unconstrained build operations Thread 89"        [_thread_blocked, id=9848, stack(0x000000a912000000,0x000000a912100000) (1024K)]
  0x0000022b659a9240 JavaThread "Unconstrained build operations Thread 90"        [_thread_blocked, id=20488, stack(0x000000a912100000,0x000000a912200000) (1024K)]
  0x0000022b659a8bb0 JavaThread "Unconstrained build operations Thread 91"        [_thread_blocked, id=12252, stack(0x000000a912200000,0x000000a912300000) (1024K)]
  0x0000022b659ab310 JavaThread "Unconstrained build operations Thread 92"        [_thread_blocked, id=25296, stack(0x000000a912300000,0x000000a912400000) (1024K)]
  0x0000022b659a7e90 JavaThread "Unconstrained build operations Thread 93"        [_thread_blocked, id=18096, stack(0x000000a912400000,0x000000a912500000) (1024K)]
  0x0000022b659aa5f0 JavaThread "Unconstrained build operations Thread 94"        [_thread_blocked, id=19744, stack(0x000000a912500000,0x000000a912600000) (1024K)]
  0x0000022b659a98d0 JavaThread "Unconstrained build operations Thread 95"        [_thread_blocked, id=22840, stack(0x000000a912600000,0x000000a912700000) (1024K)]
  0x0000022b659ab9a0 JavaThread "Unconstrained build operations Thread 96"        [_thread_blocked, id=13276, stack(0x000000a912700000,0x000000a912800000) (1024K)]
  0x0000022b659a8520 JavaThread "Unconstrained build operations Thread 97"        [_thread_blocked, id=25728, stack(0x000000a912800000,0x000000a912900000) (1024K)]
  0x0000022b659ac030 JavaThread "Unconstrained build operations Thread 98"        [_thread_blocked, id=9536, stack(0x000000a912900000,0x000000a912a00000) (1024K)]
  0x0000022b659ac6c0 JavaThread "Unconstrained build operations Thread 99"        [_thread_blocked, id=22480, stack(0x000000a912a00000,0x000000a912b00000) (1024K)]
  0x0000022b659acd50 JavaThread "Unconstrained build operations Thread 100"        [_thread_blocked, id=26000, stack(0x000000a912b00000,0x000000a912c00000) (1024K)]
  0x0000022b659ae100 JavaThread "Unconstrained build operations Thread 101"        [_thread_blocked, id=17620, stack(0x000000a912c00000,0x000000a912d00000) (1024K)]
  0x0000022b659ad3e0 JavaThread "Unconstrained build operations Thread 102"        [_thread_blocked, id=9440, stack(0x000000a912d00000,0x000000a912e00000) (1024K)]
  0x0000022b6c774e10 JavaThread "Memory manager"                    [_thread_blocked, id=14172, stack(0x000000a912e00000,0x000000a912f00000) (1024K)]
  0x0000022b6c778290 JavaThread "build event listener"              [_thread_blocked, id=3760, stack(0x000000a912f00000,0x000000a913000000) (1024K)]
  0x0000022b6c273bf0 JavaThread "C2 CompilerThread1"         daemon [_thread_blocked, id=3324, stack(0x000000a907e00000,0x000000a907f00000) (1024K)]
  0x0000022b616415f0 JavaThread "included builds"                   [_thread_blocked, id=3664, stack(0x000000a907f00000,0x000000a908000000) (1024K)]
  0x0000022b6163e170 JavaThread "Execution worker"                  [_thread_blocked, id=16600, stack(0x000000a913000000,0x000000a913100000) (1024K)]
  0x0000022b6163f520 JavaThread "Execution worker Thread 2"         [_thread_blocked, id=8140, stack(0x000000a913100000,0x000000a913200000) (1024K)]
  0x0000022b61641c80 JavaThread "Execution worker Thread 3"         [_thread_blocked, id=8956, stack(0x000000a913200000,0x000000a913300000) (1024K)]
  0x0000022b6163e800 JavaThread "Execution worker Thread 4"         [_thread_blocked, id=23228, stack(0x000000a913300000,0x000000a913400000) (1024K)]
  0x0000022b61644a70 JavaThread "Execution worker Thread 5"         [_thread_blocked, id=6000, stack(0x000000a913400000,0x000000a913500000) (1024K)]
  0x0000022b61643d50 JavaThread "Execution worker Thread 6"         [_thread_blocked, id=11672, stack(0x000000a913500000,0x000000a913600000) (1024K)]
  0x0000022b61645100 JavaThread "Execution worker Thread 7"         [_thread_blocked, id=17568, stack(0x000000a913600000,0x000000a913700000) (1024K)]
  0x0000022b616443e0 JavaThread "Execution worker Thread 8"         [_thread_blocked, id=21160, stack(0x000000a913700000,0x000000a913800000) (1024K)]
  0x0000022b61643030 JavaThread "Execution worker Thread 9"         [_thread_blocked, id=3040, stack(0x000000a913800000,0x000000a913900000) (1024K)]
  0x0000022b616436c0 JavaThread "Execution worker Thread 10"        [_thread_blocked, id=21444, stack(0x000000a913900000,0x000000a913a00000) (1024K)]
  0x0000022b61645790 JavaThread "Execution worker Thread 11"        [_thread_blocked, id=25972, stack(0x000000a913a00000,0x000000a913b00000) (1024K)]
  0x0000022b61642310 JavaThread "Execution worker Thread 12"        [_thread_blocked, id=14444, stack(0x000000a913b00000,0x000000a913c00000) (1024K)]
  0x0000022b61645e20 JavaThread "Execution worker Thread 13"        [_thread_blocked, id=18496, stack(0x000000a913c00000,0x000000a913d00000) (1024K)]
  0x0000022b616429a0 JavaThread "Execution worker Thread 14"        [_thread_blocked, id=21020, stack(0x000000a913d00000,0x000000a913e00000) (1024K)]
  0x0000022b616464b0 JavaThread "Execution worker Thread 15"        [_thread_blocked, id=20328, stack(0x000000a913e00000,0x000000a913f00000) (1024K)]
  0x0000022b61647ef0 JavaThread "Execution worker Thread 16"        [_thread_blocked, id=21688, stack(0x000000a913f00000,0x000000a914000000) (1024K)]
  0x0000022b61646b40 JavaThread "Execution worker Thread 17"        [_thread_blocked, id=2988, stack(0x000000a914000000,0x000000a914100000) (1024K)]
  0x0000022b616471d0 JavaThread "Execution worker Thread 18"        [_thread_blocked, id=16940, stack(0x000000a914100000,0x000000a914200000) (1024K)]
  0x0000022b61647860 JavaThread "Execution worker Thread 19"        [_thread_blocked, id=6112, stack(0x000000a914200000,0x000000a914300000) (1024K)]
  0x0000022b61648580 JavaThread "Execution worker Thread 20"        [_thread_blocked, id=1908, stack(0x000000a914300000,0x000000a914400000) (1024K)]
  0x0000022b61648c10 JavaThread "Execution worker Thread 21"        [_thread_blocked, id=18892, stack(0x000000a914400000,0x000000a914500000) (1024K)]
  0x0000022b6c475d70 JavaThread "Execution worker Thread 22"        [_thread_blocked, id=23212, stack(0x000000a914500000,0x000000a914600000) (1024K)]
  0x0000022b6c4756e0 JavaThread "Execution worker Thread 23"        [_thread_blocked, id=11824, stack(0x000000a914600000,0x000000a914700000) (1024K)]
  0x0000022b6c477120 JavaThread "Execution worker Thread 24"        [_thread_blocked, id=16480, stack(0x000000a914700000,0x000000a914800000) (1024K)]
  0x0000022b6c473ca0 JavaThread "Execution worker Thread 25"        [_thread_blocked, id=23456, stack(0x000000a914800000,0x000000a914900000) (1024K)]
  0x0000022b6c4777b0 JavaThread "Execution worker Thread 26"        [_thread_blocked, id=12924, stack(0x000000a914900000,0x000000a914a00000) (1024K)]
  0x0000022b6c474330 JavaThread "Execution worker Thread 27"        [_thread_blocked, id=22176, stack(0x000000a914a00000,0x000000a914b00000) (1024K)]
  0x0000022b6c477e40 JavaThread "Cache worker for execution history cache (D:\project_1.4v\.gradle\8.13\executionHistory)"        [_thread_blocked, id=14880, stack(0x000000a914b00000,0x000000a914c00000) (1024K)]
  0x0000022b6c4749c0 JavaThread "idea-tooling-model-converter"        [_thread_blocked, id=10372, stack(0x000000a914c00000,0x000000a914d00000) (1024K)]
  0x0000022b6c476a90 JavaThread "Unconstrained build operations Thread 103"        [_thread_blocked, id=2360, stack(0x000000a914d00000,0x000000a914e00000) (1024K)]
  0x0000022b6c276ba0 JavaThread "C2 CompilerThread2"         daemon [_thread_blocked, id=22540, stack(0x000000a914e00000,0x000000a914f00000) (1024K)]
  0x0000022b6163c730 JavaThread "Unconstrained build operations Thread 104"        [_thread_blocked, id=14136, stack(0x000000a915000000,0x000000a915100000) (1024K)]
  0x0000022b61639940 JavaThread "Unconstrained build operations Thread 105"        [_thread_blocked, id=13280, stack(0x000000a915100000,0x000000a915200000) (1024K)]
  0x0000022b6163a660 JavaThread "Unconstrained build operations Thread 106"        [_thread_blocked, id=10564, stack(0x000000a915200000,0x000000a915300000) (1024K)]
  0x0000022b616408d0 JavaThread "Unconstrained build operations Thread 107"        [_thread_blocked, id=13416, stack(0x000000a915300000,0x000000a915400000) (1024K)]
  0x0000022b61640f60 JavaThread "Unconstrained build operations Thread 108"        [_thread_blocked, id=24896, stack(0x000000a915400000,0x000000a915500000) (1024K)]
  0x0000022b6163fbb0 JavaThread "Unconstrained build operations Thread 109"        [_thread_blocked, id=21728, stack(0x000000a915500000,0x000000a915600000) (1024K)]
  0x0000022b6163ee90 JavaThread "Unconstrained build operations Thread 110"        [_thread_blocked, id=24732, stack(0x000000a915600000,0x000000a915700000) (1024K)]
  0x0000022b6c4791f0 JavaThread "Unconstrained build operations Thread 111"        [_thread_blocked, id=7660, stack(0x000000a915700000,0x000000a915800000) (1024K)]
  0x0000022b6c47b950 JavaThread "Unconstrained build operations Thread 112"        [_thread_blocked, id=13256, stack(0x000000a915800000,0x000000a915900000) (1024K)]
  0x0000022b6c478b60 JavaThread "Unconstrained build operations Thread 113"        [_thread_blocked, id=3184, stack(0x000000a915900000,0x000000a915a00000) (1024K)]
  0x0000022b6c479880 JavaThread "Unconstrained build operations Thread 114"        [_thread_blocked, id=1852, stack(0x000000a915a00000,0x000000a915b00000) (1024K)]
  0x0000022b6c476400 JavaThread "Unconstrained build operations Thread 115"        [_thread_blocked, id=15648, stack(0x000000a915b00000,0x000000a915c00000) (1024K)]
  0x0000022b6c47d390 JavaThread "Unconstrained build operations Thread 116"        [_thread_blocked, id=1780, stack(0x000000a915c00000,0x000000a915d00000) (1024K)]
  0x0000022b6c47b2c0 JavaThread "Unconstrained build operations Thread 117"        [_thread_blocked, id=8656, stack(0x000000a915d00000,0x000000a915e00000) (1024K)]
  0x0000022b6c479f10 JavaThread "Unconstrained build operations Thread 118"        [_thread_blocked, id=9400, stack(0x000000a915e00000,0x000000a915f00000) (1024K)]
  0x0000022b6c47a5a0 JavaThread "Unconstrained build operations Thread 119"        [_thread_blocked, id=11396, stack(0x000000a915f00000,0x000000a916000000) (1024K)]
  0x0000022b6c47e0b0 JavaThread "Unconstrained build operations Thread 120"        [_thread_blocked, id=9516, stack(0x000000a916000000,0x000000a916100000) (1024K)]
  0x0000022b6c47c670 JavaThread "Unconstrained build operations Thread 121"        [_thread_blocked, id=13616, stack(0x000000a916100000,0x000000a916200000) (1024K)]
  0x0000022b6c47ac30 JavaThread "Unconstrained build operations Thread 122"        [_thread_blocked, id=26224, stack(0x000000a916200000,0x000000a916300000) (1024K)]
  0x0000022b6c481530 JavaThread "Unconstrained build operations Thread 123"        [_thread_blocked, id=18108, stack(0x000000a916300000,0x000000a916400000) (1024K)]
  0x0000022b6c480ea0 JavaThread "Unconstrained build operations Thread 124"        [_thread_blocked, id=16116, stack(0x000000a916400000,0x000000a916500000) (1024K)]
  0x0000022b6c481bc0 JavaThread "Unconstrained build operations Thread 125"        [_thread_blocked, id=22172, stack(0x000000a916500000,0x000000a916600000) (1024K)]
  0x0000022b6c47e740 JavaThread "Unconstrained build operations Thread 126"        [_thread_blocked, id=16312, stack(0x000000a916800000,0x000000a916900000) (1024K)]
  0x0000022b6c482250 JavaThread "Unconstrained build operations Thread 127"        [_thread_blocked, id=14828, stack(0x000000a916900000,0x000000a916a00000) (1024K)]
  0x0000022b6c47edd0 JavaThread "Unconstrained build operations Thread 128"        [_thread_blocked, id=22024, stack(0x000000a916a00000,0x000000a916b00000) (1024K)]
  0x0000022b6c47f460 JavaThread "Unconstrained build operations Thread 129"        [_thread_blocked, id=4548, stack(0x000000a916b00000,0x000000a916c00000) (1024K)]
  0x0000022b6c480180 JavaThread "Unconstrained build operations Thread 130"        [_thread_blocked, id=22936, stack(0x000000a916c00000,0x000000a916d00000) (1024K)]
  0x0000022b6c778920 JavaThread "Unconstrained build operations Thread 131"        [_thread_blocked, id=2848, stack(0x000000a916d00000,0x000000a916e00000) (1024K)]
  0x0000022b6c779cd0 JavaThread "Unconstrained build operations Thread 132"        [_thread_blocked, id=16960, stack(0x000000a916e00000,0x000000a916f00000) (1024K)]
  0x0000022b6c47da20 JavaThread "Unconstrained build operations Thread 133"        [_thread_blocked, id=15636, stack(0x000000a916f00000,0x000000a917000000) (1024K)]
  0x0000022b61640240 JavaThread "Unconstrained build operations Thread 134"        [_thread_blocked, id=588, stack(0x000000a917000000,0x000000a917100000) (1024K)]
  0x0000022b633f60c0 JavaThread "Unconstrained build operations Thread 135"        [_thread_blocked, id=25172, stack(0x000000a917100000,0x000000a917200000) (1024K)]
  0x0000022b633f5a30 JavaThread "Unconstrained build operations Thread 136"        [_thread_blocked, id=15388, stack(0x000000a917200000,0x000000a917300000) (1024K)]
  0x0000022b633f4d10 JavaThread "Unconstrained build operations Thread 137"        [_thread_blocked, id=24108, stack(0x000000a917300000,0x000000a917400000) (1024K)]
  0x0000022b633f6750 JavaThread "Unconstrained build operations Thread 138"        [_thread_blocked, id=14756, stack(0x000000a917400000,0x000000a917500000) (1024K)]
  0x0000022b633f3ff0 JavaThread "Unconstrained build operations Thread 139"        [_thread_blocked, id=19776, stack(0x000000a917500000,0x000000a917600000) (1024K)]
  0x0000022b633f6de0 JavaThread "Unconstrained build operations Thread 140"        [_thread_blocked, id=15520, stack(0x000000a917600000,0x000000a917700000) (1024K)]
  0x0000022b633f53a0 JavaThread "Unconstrained build operations Thread 141"        [_thread_blocked, id=21548, stack(0x000000a917700000,0x000000a917800000) (1024K)]
  0x0000022b633f7470 JavaThread "Unconstrained build operations Thread 142"        [_thread_blocked, id=21256, stack(0x000000a917800000,0x000000a917900000) (1024K)]
  0x0000022b633f7b00 JavaThread "Unconstrained build operations Thread 143"        [_thread_blocked, id=12404, stack(0x000000a917900000,0x000000a917a00000) (1024K)]
  0x0000022b633f4680 JavaThread "Unconstrained build operations Thread 144"        [_thread_blocked, id=25704, stack(0x000000a917a00000,0x000000a917b00000) (1024K)]
  0x0000022b633faf80 JavaThread "Unconstrained build operations Thread 145"        [_thread_blocked, id=25880, stack(0x000000a917b00000,0x000000a917c00000) (1024K)]
  0x0000022b633f9540 JavaThread "Unconstrained build operations Thread 146"        [_thread_blocked, id=15096, stack(0x000000a917c00000,0x000000a917d00000) (1024K)]
  0x0000022b633fb610 JavaThread "Unconstrained build operations Thread 147"        [_thread_blocked, id=11092, stack(0x000000a917d00000,0x000000a917e00000) (1024K)]
  0x0000022b633f8190 JavaThread "Unconstrained build operations Thread 148"        [_thread_blocked, id=22500, stack(0x000000a917e00000,0x000000a917f00000) (1024K)]
  0x0000022b633fbca0 JavaThread "Unconstrained build operations Thread 149"        [_thread_blocked, id=18364, stack(0x000000a917f00000,0x000000a918000000) (1024K)]
  0x0000022b633f8eb0 JavaThread "Unconstrained build operations Thread 150"        [_thread_blocked, id=26420, stack(0x000000a918000000,0x000000a918100000) (1024K)]
  0x0000022b633fa260 JavaThread "Unconstrained build operations Thread 151"        [_thread_blocked, id=17800, stack(0x000000a918100000,0x000000a918200000) (1024K)]
  0x0000022b633fa8f0 JavaThread "Unconstrained build operations Thread 152"        [_thread_blocked, id=18592, stack(0x000000a918200000,0x000000a918300000) (1024K)]
  0x0000022b633f9bd0 JavaThread "Unconstrained build operations Thread 153"        [_thread_blocked, id=9528, stack(0x000000a918300000,0x000000a918400000) (1024K)]
  0x0000022b633f8820 JavaThread "Unconstrained build operations Thread 154"        [_thread_blocked, id=24840, stack(0x000000a918400000,0x000000a918500000) (1024K)]
  0x0000022b633fd6e0 JavaThread "Unconstrained build operations Thread 155"        [_thread_blocked, id=1440, stack(0x000000a918500000,0x000000a918600000) (1024K)]
  0x0000022b633fd050 JavaThread "Unconstrained build operations Thread 156"        [_thread_blocked, id=18280, stack(0x000000a918600000,0x000000a918700000) (1024K)]
  0x0000022b633fea90 JavaThread "Unconstrained build operations Thread 157"        [_thread_blocked, id=21908, stack(0x000000a918700000,0x000000a918800000) (1024K)]
  0x0000022b633fdd70 JavaThread "Unconstrained build operations Thread 158"        [_thread_blocked, id=13676, stack(0x000000a918800000,0x000000a918900000) (1024K)]
  0x0000022b633fe400 JavaThread "Unconstrained build operations Thread 159"        [_thread_blocked, id=15248, stack(0x000000a918900000,0x000000a918a00000) (1024K)]
  0x0000022b633fc330 JavaThread "Unconstrained build operations Thread 160"        [_thread_blocked, id=13572, stack(0x000000a918a00000,0x000000a918b00000) (1024K)]
  0x0000022b633ff120 JavaThread "Unconstrained build operations Thread 161"        [_thread_blocked, id=19812, stack(0x000000a918b00000,0x000000a918c00000) (1024K)]
  0x0000022b633ff7b0 JavaThread "Unconstrained build operations Thread 162"        [_thread_blocked, id=2560, stack(0x000000a918c00000,0x000000a918d00000) (1024K)]
  0x0000022b633ffe40 JavaThread "Unconstrained build operations Thread 163"        [_thread_blocked, id=19464, stack(0x000000a918d00000,0x000000a918e00000) (1024K)]
  0x0000022b633fc9c0 JavaThread "Unconstrained build operations Thread 164"        [_thread_blocked, id=6364, stack(0x000000a918e00000,0x000000a918f00000) (1024K)]
  0x0000022b63402c30 JavaThread "Unconstrained build operations Thread 165"        [_thread_blocked, id=14432, stack(0x000000a918f00000,0x000000a919000000) (1024K)]
  0x0000022b634011f0 JavaThread "Unconstrained build operations Thread 166"        [_thread_blocked, id=23484, stack(0x000000a919000000,0x000000a919100000) (1024K)]
  0x0000022b634032c0 JavaThread "Unconstrained build operations Thread 167"        [_thread_blocked, id=5104, stack(0x000000a919100000,0x000000a919200000) (1024K)]
  0x0000022b63400b60 JavaThread "Unconstrained build operations Thread 168"        [_thread_blocked, id=13424, stack(0x000000a919200000,0x000000a919300000) (1024K)]
  0x0000022b634004d0 JavaThread "Unconstrained build operations Thread 169"        [_thread_blocked, id=21596, stack(0x000000a919300000,0x000000a919400000) (1024K)]
  0x0000022b63401f10 JavaThread "Unconstrained build operations Thread 170"        [_thread_blocked, id=2252, stack(0x000000a919400000,0x000000a919500000) (1024K)]
  0x0000022b634025a0 JavaThread "Unconstrained build operations Thread 171"        [_thread_blocked, id=3784, stack(0x000000a919500000,0x000000a919600000) (1024K)]
  0x0000022b63401880 JavaThread "Unconstrained build operations Thread 172"        [_thread_blocked, id=2420, stack(0x000000a919600000,0x000000a919700000) (1024K)]
  0x0000022b5f688a00 JavaThread "Unconstrained build operations Thread 173"        [_thread_blocked, id=2444, stack(0x000000a919700000,0x000000a919800000) (1024K)]
  0x0000022b5f689090 JavaThread "Unconstrained build operations Thread 174"        [_thread_blocked, id=13456, stack(0x000000a919800000,0x000000a919900000) (1024K)]
  0x0000022b5f688370 JavaThread "Unconstrained build operations Thread 175"        [_thread_blocked, id=11360, stack(0x000000a919900000,0x000000a919a00000) (1024K)]
  0x0000022b5f689720 JavaThread "Unconstrained build operations Thread 176"        [_thread_blocked, id=11016, stack(0x000000a919a00000,0x000000a919b00000) (1024K)]
  0x0000022b5f689db0 JavaThread "Unconstrained build operations Thread 177"        [_thread_blocked, id=3600, stack(0x000000a919b00000,0x000000a919c00000) (1024K)]
  0x0000022b5f687650 JavaThread "Unconstrained build operations Thread 178"        [_thread_blocked, id=16140, stack(0x000000a919c00000,0x000000a919d00000) (1024K)]
  0x0000022b5f68a440 JavaThread "Unconstrained build operations Thread 179"        [_thread_blocked, id=12080, stack(0x000000a919d00000,0x000000a919e00000) (1024K)]
  0x0000022b5f68aad0 JavaThread "Unconstrained build operations Thread 180"        [_thread_blocked, id=4420, stack(0x000000a919e00000,0x000000a919f00000) (1024K)]
  0x0000022b5f68b160 JavaThread "Unconstrained build operations Thread 181"        [_thread_blocked, id=13180, stack(0x000000a919f00000,0x000000a91a000000) (1024K)]
  0x0000022b5f687ce0 JavaThread "Unconstrained build operations Thread 182"        [_thread_blocked, id=12268, stack(0x000000a91a000000,0x000000a91a100000) (1024K)]
  0x0000022b5f68cba0 JavaThread "Unconstrained build operations Thread 183"        [_thread_blocked, id=21132, stack(0x000000a91a100000,0x000000a91a200000) (1024K)]
  0x0000022b5f68b7f0 JavaThread "Unconstrained build operations Thread 184"        [_thread_blocked, id=22380, stack(0x000000a91a200000,0x000000a91a300000) (1024K)]
  0x0000022b5f68d230 JavaThread "Unconstrained build operations Thread 185"        [_thread_blocked, id=23216, stack(0x000000a91a300000,0x000000a91a400000) (1024K)]
  0x0000022b5f68ec70 JavaThread "Unconstrained build operations Thread 186"        [_thread_blocked, id=19012, stack(0x000000a91a400000,0x000000a91a500000) (1024K)]
  0x0000022b5f68d8c0 JavaThread "Unconstrained build operations Thread 187"        [_thread_blocked, id=26028, stack(0x000000a91a500000,0x000000a91a600000) (1024K)]
  0x0000022b5f68df50 JavaThread "Unconstrained build operations Thread 188"        [_thread_blocked, id=13932, stack(0x000000a91a600000,0x000000a91a700000) (1024K)]
  0x0000022b5f68e5e0 JavaThread "Unconstrained build operations Thread 189"        [_thread_blocked, id=6456, stack(0x000000a91a700000,0x000000a91a800000) (1024K)]
  0x0000022b5f68f300 JavaThread "Unconstrained build operations Thread 190"        [_thread_blocked, id=8132, stack(0x000000a91a800000,0x000000a91a900000) (1024K)]
  0x0000022b5f68be80 JavaThread "Unconstrained build operations Thread 191"        [_thread_blocked, id=12320, stack(0x000000a91a900000,0x000000a91aa00000) (1024K)]
  0x0000022b5f68f990 JavaThread "Unconstrained build operations Thread 192"        [_thread_blocked, id=8676, stack(0x000000a91aa00000,0x000000a91ab00000) (1024K)]
  0x0000022b5f68c510 JavaThread "Unconstrained build operations Thread 193"        [_thread_blocked, id=20884, stack(0x000000a91ab00000,0x000000a91ac00000) (1024K)]
  0x0000022b5f6934a0 JavaThread "Unconstrained build operations Thread 194"        [_thread_blocked, id=12840, stack(0x000000a91ac00000,0x000000a91ad00000) (1024K)]
  0x0000022b5f692e10 JavaThread "Unconstrained build operations Thread 195"        [_thread_blocked, id=3224, stack(0x000000a91ad00000,0x000000a91ae00000) (1024K)]
  0x0000022b5f690020 JavaThread "Unconstrained build operations Thread 196"        [_thread_blocked, id=3060, stack(0x000000a91ae00000,0x000000a91af00000) (1024K)]
  0x0000022b5f693b30 JavaThread "Unconstrained build operations Thread 197"        [_thread_blocked, id=11380, stack(0x000000a91af00000,0x000000a91b000000) (1024K)]
  0x0000022b5f6906b0 JavaThread "Unconstrained build operations Thread 198"        [_thread_blocked, id=14476, stack(0x000000a91b000000,0x000000a91b100000) (1024K)]
  0x0000022b5f692780 JavaThread "Unconstrained build operations Thread 199"        [_thread_blocked, id=16744, stack(0x000000a91b100000,0x000000a91b200000) (1024K)]
  0x0000022b5f6941c0 JavaThread "Unconstrained build operations Thread 200"        [_thread_blocked, id=10720, stack(0x000000a91b200000,0x000000a91b300000) (1024K)]
  0x0000022b5f691a60 JavaThread "Unconstrained build operations Thread 201"        [_thread_blocked, id=13820, stack(0x000000a91b300000,0x000000a91b400000) (1024K)]
  0x0000022b5f690d40 JavaThread "Unconstrained build operations Thread 202"        [_thread_blocked, id=1476, stack(0x000000a91b400000,0x000000a91b500000) (1024K)]
  0x0000022b5f6920f0 JavaThread "Unconstrained build operations Thread 203"        [_thread_blocked, id=14848, stack(0x000000a91b500000,0x000000a91b600000) (1024K)]
  0x0000022b5f694850 JavaThread "Unconstrained build operations Thread 204"        [_thread_blocked, id=17380, stack(0x000000a91b600000,0x000000a91b700000) (1024K)]
  0x0000022b5f6913d0 JavaThread "Unconstrained build operations Thread 205"        [_thread_blocked, id=15040, stack(0x000000a91b700000,0x000000a91b800000) (1024K)]
  0x0000022b5f696290 JavaThread "Unconstrained build operations Thread 206"        [_thread_blocked, id=26360, stack(0x000000a91b800000,0x000000a91b900000) (1024K)]
  0x0000022b5f694ee0 JavaThread "Unconstrained build operations Thread 207"        [_thread_blocked, id=20240, stack(0x000000a91b900000,0x000000a91ba00000) (1024K)]
  0x0000022b5f696920 JavaThread "Unconstrained build operations Thread 208"        [_thread_blocked, id=13832, stack(0x000000a91ba00000,0x000000a91bb00000) (1024K)]
  0x0000022b5f695c00 JavaThread "Unconstrained build operations Thread 209"        [_thread_blocked, id=14376, stack(0x000000a91bb00000,0x000000a91bc00000) (1024K)]
  0x0000022b5f695570 JavaThread "Unconstrained build operations Thread 210"        [_thread_blocked, id=16552, stack(0x000000a907c00000,0x000000a907d00000) (1024K)]
  0x0000022b64153f70 JavaThread "Unconstrained build operations Thread 211"        [_thread_blocked, id=9808, stack(0x000000a908800000,0x000000a908900000) (1024K)]
  0x0000022b64154c90 JavaThread "Unconstrained build operations Thread 212"        [_thread_blocked, id=22916, stack(0x000000a914f00000,0x000000a915000000) (1024K)]
  0x0000022b64155320 JavaThread "Unconstrained build operations Thread 213"        [_thread_blocked, id=22184, stack(0x000000a91bc00000,0x000000a91bd00000) (1024K)]
  0x0000022b64156040 JavaThread "Unconstrained build operations Thread 214"        [_thread_blocked, id=23984, stack(0x000000a91bd00000,0x000000a91be00000) (1024K)]
  0x0000022b641566d0 JavaThread "Unconstrained build operations Thread 215"        [_thread_blocked, id=19672, stack(0x000000a91be00000,0x000000a91bf00000) (1024K)]
  0x0000022b64156d60 JavaThread "Unconstrained build operations Thread 216"        [_thread_blocked, id=21048, stack(0x000000a91bf00000,0x000000a91c000000) (1024K)]
  0x0000022b641559b0 JavaThread "Unconstrained build operations Thread 217"        [_thread_blocked, id=15808, stack(0x000000a91c000000,0x000000a91c100000) (1024K)]
  0x0000022b641538e0 JavaThread "Unconstrained build operations Thread 218"        [_thread_blocked, id=11000, stack(0x000000a91c100000,0x000000a91c200000) (1024K)]
  0x0000022b641573f0 JavaThread "Unconstrained build operations Thread 219"        [_thread_blocked, id=23412, stack(0x000000a91c200000,0x000000a91c300000) (1024K)]
  0x0000022b64157a80 JavaThread "Unconstrained build operations Thread 220"        [_thread_blocked, id=1964, stack(0x000000a91c300000,0x000000a91c400000) (1024K)]
  0x0000022b64154600 JavaThread "Unconstrained build operations Thread 221"        [_thread_blocked, id=2996, stack(0x000000a91c400000,0x000000a91c500000) (1024K)]
  0x0000022b6415b590 JavaThread "Unconstrained build operations Thread 222"        [_thread_blocked, id=14908, stack(0x000000a91c500000,0x000000a91c600000) (1024K)]
  0x0000022b64159b50 JavaThread "Unconstrained build operations Thread 223"        [_thread_blocked, id=23904, stack(0x000000a91c600000,0x000000a91c700000) (1024K)]
  0x0000022b6415a1e0 JavaThread "Unconstrained build operations Thread 224"        [_thread_blocked, id=8564, stack(0x000000a91c700000,0x000000a91c800000) (1024K)]
  0x0000022b6415a870 JavaThread "Unconstrained build operations Thread 225"        [_thread_blocked, id=20544, stack(0x000000a91c800000,0x000000a91c900000) (1024K)]
  0x0000022b641594c0 JavaThread "Unconstrained build operations Thread 226"        [_thread_blocked, id=17776, stack(0x000000a91c900000,0x000000a91ca00000) (1024K)]
  0x0000022b6415af00 JavaThread "Unconstrained build operations Thread 227"        [_thread_blocked, id=5380, stack(0x000000a91ca00000,0x000000a91cb00000) (1024K)]
  0x0000022b64158110 JavaThread "Unconstrained build operations Thread 228"        [_thread_blocked, id=5880, stack(0x000000a91cb00000,0x000000a91cc00000) (1024K)]
  0x0000022b6415bc20 JavaThread "Unconstrained build operations Thread 229"        [_thread_blocked, id=23600, stack(0x000000a91cc00000,0x000000a91cd00000) (1024K)]
  0x0000022b641587a0 JavaThread "Unconstrained build operations Thread 230"        [_thread_blocked, id=10264, stack(0x000000a91cd00000,0x000000a91ce00000) (1024K)]
  0x0000022b6415c2b0 JavaThread "Unconstrained build operations Thread 231"        [_thread_blocked, id=23804, stack(0x000000a91ce00000,0x000000a91cf00000) (1024K)]
  0x0000022b6c05b040 JavaThread "C1 CompilerThread2"         daemon [_thread_blocked, id=2376, stack(0x000000a91cf00000,0x000000a91d000000) (1024K)]
  0x0000022b6c05ed90 JavaThread "C1 CompilerThread3"         daemon [_thread_blocked, id=25408, stack(0x000000a91d000000,0x000000a91d100000) (1024K)]
Total: 327

Other Threads:
=>0x0000022b5a8361b0 VMThread "VM Thread"                           [id=20904, stack(0x000000a907100000,0x000000a907200000) (1024K)]
  0x0000022b59b930d0 WatcherThread "VM Periodic Task Thread"        [id=23520, stack(0x000000a907000000,0x000000a907100000) (1024K)]
  0x0000022b415972b0 WorkerThread "GC Thread#0"                     [id=25620, stack(0x000000a906b00000,0x000000a906c00000) (1024K)]
  0x0000022b5f61f290 WorkerThread "GC Thread#1"                     [id=15020, stack(0x000000a908300000,0x000000a908400000) (1024K)]
  0x0000022b5f500d60 WorkerThread "GC Thread#2"                     [id=21488, stack(0x000000a908400000,0x000000a908500000) (1024K)]
  0x0000022b5f501100 WorkerThread "GC Thread#3"                     [id=14700, stack(0x000000a908500000,0x000000a908600000) (1024K)]
  0x0000022b5f0a81f0 WorkerThread "GC Thread#4"                     [id=14624, stack(0x000000a908600000,0x000000a908700000) (1024K)]
  0x0000022b5f6d3500 WorkerThread "GC Thread#5"                     [id=9872, stack(0x000000a908700000,0x000000a908800000) (1024K)]
  0x0000022b60d380b0 WorkerThread "GC Thread#6"                     [id=13136, stack(0x000000a908a00000,0x000000a908b00000) (1024K)]
  0x0000022b60d38450 WorkerThread "GC Thread#7"                     [id=25308, stack(0x000000a908b00000,0x000000a908c00000) (1024K)]
  0x0000022b60d834d0 WorkerThread "GC Thread#8"                     [id=11108, stack(0x000000a908c00000,0x000000a908d00000) (1024K)]
  0x0000022b60d83870 WorkerThread "GC Thread#9"                     [id=19180, stack(0x000000a909300000,0x000000a909400000) (1024K)]
  0x0000022b60d83130 WorkerThread "GC Thread#10"                    [id=7512, stack(0x000000a909400000,0x000000a909500000) (1024K)]
  0x0000022b60d83c10 WorkerThread "GC Thread#11"                    [id=9404, stack(0x000000a909500000,0x000000a909600000) (1024K)]
  0x0000022b60d84350 WorkerThread "GC Thread#12"                    [id=13496, stack(0x000000a909600000,0x000000a909700000) (1024K)]
  0x0000022b60d83fb0 WorkerThread "GC Thread#13"                    [id=22396, stack(0x000000a909700000,0x000000a909800000) (1024K)]
  0x0000022b60d846f0 WorkerThread "GC Thread#14"                    [id=19564, stack(0x000000a909800000,0x000000a909900000) (1024K)]
  0x0000022b60fbfff0 WorkerThread "GC Thread#15"                    [id=12912, stack(0x000000a909900000,0x000000a909a00000) (1024K)]
  0x0000022b60fc0730 WorkerThread "GC Thread#16"                    [id=2820, stack(0x000000a90a400000,0x000000a90a500000) (1024K)]
  0x0000022b60fbd810 WorkerThread "GC Thread#17"                    [id=20376, stack(0x000000a90a500000,0x000000a90a600000) (1024K)]
  0x0000022b60fbfc50 WorkerThread "GC Thread#18"                    [id=22940, stack(0x000000a90a600000,0x000000a90a700000) (1024K)]
  0x0000022b60fbdbb0 WorkerThread "GC Thread#19"                    [id=22996, stack(0x000000a90a700000,0x000000a90a800000) (1024K)]
  0x0000022b415a8250 ConcurrentGCThread "G1 Main Marker"            [id=16708, stack(0x000000a906c00000,0x000000a906d00000) (1024K)]
  0x0000022b415a8c60 WorkerThread "G1 Conc#0"                       [id=16132, stack(0x000000a906d00000,0x000000a906e00000) (1024K)]
  0x0000022b60fc0390 WorkerThread "G1 Conc#1"                       [id=23540, stack(0x000000a909a00000,0x000000a909b00000) (1024K)]
  0x0000022b60fc0e70 WorkerThread "G1 Conc#2"                       [id=4724, stack(0x000000a909b00000,0x000000a909c00000) (1024K)]
  0x0000022b60fbf8b0 WorkerThread "G1 Conc#3"                       [id=22604, stack(0x000000a909c00000,0x000000a909d00000) (1024K)]
  0x0000022b60fbd470 WorkerThread "G1 Conc#4"                       [id=1588, stack(0x000000a909d00000,0x000000a909e00000) (1024K)]
  0x0000022b59ae7e20 ConcurrentGCThread "G1 Refine#0"               [id=24400, stack(0x000000a906e00000,0x000000a906f00000) (1024K)]
  0x0000022b59ae8740 ConcurrentGCThread "G1 Service"                [id=14768, stack(0x000000a906f00000,0x000000a907000000) (1024K)]
Total: 30

Threads with active compile tasks:
C2 CompilerThread0  12966 15074       4       kotlin.io.FilesKt__UtilsKt::normalize$FilesKt__UtilsKt (154 bytes)
C1 CompilerThread0  12966 15105       1       com.android.build.gradle.internal.ide.v2.LibraryImpl::getArtifact (5 bytes)
C2 CompilerThread1  12966 15089       4       org.gradle.tooling.internal.adapter.ProtocolToModelAdapter$InvocationHandlerImpl::invoke (176 bytes)
C2 CompilerThread2  12966 15073       4       kotlin.io.FilesKt__FilePathComponentsKt::toComponents (231 bytes)
Total: 4

VM state: at safepoint (normal execution)

VM Mutex/Monitor currently owned by a thread:  ([mutex/lock_event])
[0x00007ffd256785b8] Threads_lock - owner thread: 0x0000022b5a8361b0
[0x00007ffd256786b8] Heap_lock - owner thread: 0x0000022b415a8250

Heap address: 0x0000000080000000, size: 2048 MB, Compressed Oops mode: 32-bit

CDS archive(s) not mapped
Compressed class space mapped at: 0x0000000100000000-0x0000000140000000, reserved size: 1073741824
Narrow klass base: 0x0000000000000000, Narrow klass shift: 3, Narrow klass range: 0x140000000

GC Precious Log:
 CardTable entry size: 512
 Card Set container configuration: InlinePtr #cards 5 size 8 Array Of Cards #cards 12 size 40 Howl #buckets 4 coarsen threshold 1843 Howl Bitmap #cards 512 size 80 coarsen threshold 460 Card regions per heap region 1 cards per card region 2048
 CPUs: 28 total, 28 available
 Memory: 16039M
 Large Page Support: Disabled
 NUMA Support: Disabled
 Compressed Oops: Enabled (32-bit)
 Heap Region Size: 1M
 Heap Min Capacity: 8M
 Heap Initial Capacity: 252M
 Heap Max Capacity: 2G
 Pre-touch: Disabled
 Parallel Workers: 20
 Concurrent Workers: 5
 Concurrent Refinement Workers: 20
 Periodic GC: Disabled

Heap:
 garbage-first heap   total 280576K, used 178799K [0x0000000080000000, 0x0000000100000000)
  region size 1024K, 11 young (11264K), 7 survivors (7168K)
 Metaspace       used 129964K, committed 132352K, reserved 1179648K
  class space    used 18007K, committed 19200K, reserved 1048576K

Heap Regions: E=young(eden), S=young(survivor), O=old, HS=humongous(starts), HC=humongous(continues), CS=collection set, F=free, TAMS=top-at-mark-start, PB=parsable bottom
|   0|0x0000000080000000, 0x0000000080100000, 0x0000000080100000|100%|HS|  |TAMS 0x0000000080100000| PB 0x0000000080000000| Complete 
|   1|0x0000000080100000, 0x0000000080200000, 0x0000000080200000|100%|HC|  |TAMS 0x0000000080200000| PB 0x0000000080100000| Complete 
|   2|0x0000000080200000, 0x0000000080300000, 0x0000000080300000|100%|HC|  |TAMS 0x0000000080300000| PB 0x0000000080200000| Complete 
|   3|0x0000000080300000, 0x0000000080400000, 0x0000000080400000|100%| O|  |TAMS 0x0000000080400000| PB 0x0000000080400000| Untracked 
|   4|0x0000000080400000, 0x0000000080500000, 0x0000000080500000|100%| O|  |TAMS 0x0000000080500000| PB 0x0000000080500000| Untracked 
|   5|0x0000000080500000, 0x0000000080600000, 0x0000000080600000|100%| O|  |TAMS 0x0000000080600000| PB 0x0000000080600000| Untracked 
|   6|0x0000000080600000, 0x0000000080700000, 0x0000000080700000|100%|HS|  |TAMS 0x0000000080700000| PB 0x0000000080600000| Complete 
|   7|0x0000000080700000, 0x0000000080800000, 0x0000000080800000|100%| O|  |TAMS 0x0000000080800000| PB 0x0000000080800000| Untracked 
|   8|0x0000000080800000, 0x0000000080900000, 0x0000000080900000|100%| O|  |TAMS 0x0000000080900000| PB 0x0000000080900000| Untracked 
|   9|0x0000000080900000, 0x0000000080a00000, 0x0000000080a00000|100%| O|  |TAMS 0x0000000080a00000| PB 0x0000000080a00000| Untracked 
|  10|0x0000000080a00000, 0x0000000080b00000, 0x0000000080b00000|100%| O|  |TAMS 0x0000000080b00000| PB 0x0000000080b00000| Untracked 
|  11|0x0000000080b00000, 0x0000000080c00000, 0x0000000080c00000|100%| O|  |TAMS 0x0000000080c00000| PB 0x0000000080c00000| Untracked 
|  12|0x0000000080c00000, 0x0000000080d00000, 0x0000000080d00000|100%| O|  |TAMS 0x0000000080d00000| PB 0x0000000080d00000| Untracked 
|  13|0x0000000080d00000, 0x0000000080e00000, 0x0000000080e00000|100%| O|  |TAMS 0x0000000080e00000| PB 0x0000000080e00000| Untracked 
|  14|0x0000000080e00000, 0x0000000080f00000, 0x0000000080f00000|100%| O|  |TAMS 0x0000000080f00000| PB 0x0000000080f00000| Untracked 
|  15|0x0000000080f00000, 0x0000000081000000, 0x0000000081000000|100%| O|  |TAMS 0x0000000081000000| PB 0x0000000081000000| Untracked 
|  16|0x0000000081000000, 0x0000000081100000, 0x0000000081100000|100%| O|  |TAMS 0x0000000081100000| PB 0x0000000081100000| Untracked 
|  17|0x0000000081100000, 0x0000000081200000, 0x0000000081200000|100%| O|  |TAMS 0x0000000081200000| PB 0x0000000081200000| Untracked 
|  18|0x0000000081200000, 0x0000000081300000, 0x0000000081300000|100%| O|  |TAMS 0x0000000081300000| PB 0x0000000081300000| Untracked 
|  19|0x0000000081300000, 0x0000000081400000, 0x0000000081400000|100%| O|  |TAMS 0x0000000081400000| PB 0x0000000081400000| Untracked 
|  20|0x0000000081400000, 0x0000000081500000, 0x0000000081500000|100%| O|  |TAMS 0x0000000081500000| PB 0x0000000081500000| Untracked 
|  21|0x0000000081500000, 0x0000000081600000, 0x0000000081600000|100%| O|  |TAMS 0x0000000081600000| PB 0x0000000081600000| Untracked 
|  22|0x0000000081600000, 0x0000000081700000, 0x0000000081700000|100%|HS|  |TAMS 0x0000000081700000| PB 0x0000000081600000| Complete 
|  23|0x0000000081700000, 0x0000000081800000, 0x0000000081800000|100%|HC|  |TAMS 0x0000000081800000| PB 0x0000000081700000| Complete 
|  24|0x0000000081800000, 0x0000000081900000, 0x0000000081900000|100%|HC|  |TAMS 0x0000000081900000| PB 0x0000000081800000| Complete 
|  25|0x0000000081900000, 0x0000000081a00000, 0x0000000081a00000|100%|HC|  |TAMS 0x0000000081a00000| PB 0x0000000081900000| Complete 
|  26|0x0000000081a00000, 0x0000000081b00000, 0x0000000081b00000|100%|HC|  |TAMS 0x0000000081b00000| PB 0x0000000081a00000| Complete 
|  27|0x0000000081b00000, 0x0000000081c00000, 0x0000000081c00000|100%|HC|  |TAMS 0x0000000081c00000| PB 0x0000000081b00000| Complete 
|  28|0x0000000081c00000, 0x0000000081d00000, 0x0000000081d00000|100%|HS|  |TAMS 0x0000000081d00000| PB 0x0000000081c00000| Complete 
|  29|0x0000000081d00000, 0x0000000081e00000, 0x0000000081e00000|100%|HS|  |TAMS 0x0000000081e00000| PB 0x0000000081d00000| Complete 
|  30|0x0000000081e00000, 0x0000000081f00000, 0x0000000081f00000|100%|HC|  |TAMS 0x0000000081f00000| PB 0x0000000081e00000| Complete 
|  31|0x0000000081f00000, 0x0000000082000000, 0x0000000082000000|100%|HS|  |TAMS 0x0000000082000000| PB 0x0000000081f00000| Complete 
|  32|0x0000000082000000, 0x0000000082100000, 0x0000000082100000|100%|HC|  |TAMS 0x0000000082100000| PB 0x0000000082000000| Complete 
|  33|0x0000000082100000, 0x0000000082200000, 0x0000000082200000|100%|HC|  |TAMS 0x0000000082200000| PB 0x0000000082100000| Complete 
|  34|0x0000000082200000, 0x0000000082300000, 0x0000000082300000|100%|HC|  |TAMS 0x0000000082300000| PB 0x0000000082200000| Complete 
|  35|0x0000000082300000, 0x0000000082400000, 0x0000000082400000|100%|HS|  |TAMS 0x0000000082400000| PB 0x0000000082300000| Complete 
|  36|0x0000000082400000, 0x0000000082500000, 0x0000000082500000|100%|HS|  |TAMS 0x0000000082500000| PB 0x0000000082400000| Complete 
|  37|0x0000000082500000, 0x0000000082600000, 0x0000000082600000|100%|HC|  |TAMS 0x0000000082600000| PB 0x0000000082500000| Complete 
|  38|0x0000000082600000, 0x0000000082700000, 0x0000000082700000|100%|HC|  |TAMS 0x0000000082700000| PB 0x0000000082600000| Complete 
|  39|0x0000000082700000, 0x0000000082800000, 0x0000000082800000|100%|HC|  |TAMS 0x0000000082800000| PB 0x0000000082700000| Complete 
|  40|0x0000000082800000, 0x0000000082900000, 0x0000000082900000|100%|HC|  |TAMS 0x0000000082900000| PB 0x0000000082800000| Complete 
|  41|0x0000000082900000, 0x0000000082a00000, 0x0000000082a00000|100%|HC|  |TAMS 0x0000000082a00000| PB 0x0000000082900000| Complete 
|  42|0x0000000082a00000, 0x0000000082b00000, 0x0000000082b00000|100%|HS|  |TAMS 0x0000000082b00000| PB 0x0000000082a00000| Complete 
|  43|0x0000000082b00000, 0x0000000082c00000, 0x0000000082c00000|100%|HS|  |TAMS 0x0000000082c00000| PB 0x0000000082b00000| Complete 
|  44|0x0000000082c00000, 0x0000000082d00000, 0x0000000082d00000|100%|HC|  |TAMS 0x0000000082d00000| PB 0x0000000082c00000| Complete 
|  45|0x0000000082d00000, 0x0000000082e00000, 0x0000000082e00000|100%|HS|  |TAMS 0x0000000082e00000| PB 0x0000000082d00000| Complete 
|  46|0x0000000082e00000, 0x0000000082f00000, 0x0000000082f00000|100%|HC|  |TAMS 0x0000000082f00000| PB 0x0000000082e00000| Complete 
|  47|0x0000000082f00000, 0x0000000083000000, 0x0000000083000000|100%|HC|  |TAMS 0x0000000083000000| PB 0x0000000082f00000| Complete 
|  48|0x0000000083000000, 0x0000000083100000, 0x0000000083100000|100%|HC|  |TAMS 0x0000000083100000| PB 0x0000000083000000| Complete 
|  49|0x0000000083100000, 0x0000000083200000, 0x0000000083200000|100%|HS|  |TAMS 0x0000000083200000| PB 0x0000000083100000| Complete 
|  50|0x0000000083200000, 0x0000000083300000, 0x0000000083300000|100%| O|  |TAMS 0x0000000083300000| PB 0x0000000083300000| Untracked 
|  51|0x0000000083300000, 0x0000000083400000, 0x0000000083400000|100%| O|  |TAMS 0x0000000083400000| PB 0x0000000083400000| Updating 
|  52|0x0000000083400000, 0x0000000083500000, 0x0000000083500000|100%| O|  |TAMS 0x0000000083500000| PB 0x0000000083500000| Untracked 
|  53|0x0000000083500000, 0x0000000083600000, 0x0000000083600000|100%| O|  |TAMS 0x0000000083600000| PB 0x0000000083600000| Untracked 
|  54|0x0000000083600000, 0x0000000083700000, 0x0000000083700000|100%|HS|  |TAMS 0x0000000083700000| PB 0x0000000083600000| Complete 
|  55|0x0000000083700000, 0x0000000083800000, 0x0000000083800000|100%|HC|  |TAMS 0x0000000083800000| PB 0x0000000083700000| Complete 
|  56|0x0000000083800000, 0x0000000083900000, 0x0000000083900000|100%| O|  |TAMS 0x0000000083900000| PB 0x0000000083900000| Untracked 
|  57|0x0000000083900000, 0x0000000083a00000, 0x0000000083a00000|100%| O|  |TAMS 0x0000000083a00000| PB 0x0000000083a00000| Untracked 
|  58|0x0000000083a00000, 0x0000000083b00000, 0x0000000083b00000|100%| O|  |TAMS 0x0000000083b00000| PB 0x0000000083b00000| Untracked 
|  59|0x0000000083b00000, 0x0000000083c00000, 0x0000000083c00000|100%|HS|  |TAMS 0x0000000083c00000| PB 0x0000000083b00000| Complete 
|  60|0x0000000083c00000, 0x0000000083d00000, 0x0000000083d00000|100%| O|  |TAMS 0x0000000083d00000| PB 0x0000000083d00000| Updating 
|  61|0x0000000083d00000, 0x0000000083e00000, 0x0000000083e00000|100%| O|  |TAMS 0x0000000083e00000| PB 0x0000000083e00000| Untracked 
|  62|0x0000000083e00000, 0x0000000083f00000, 0x0000000083f00000|100%| O|  |TAMS 0x0000000083f00000| PB 0x0000000083f00000| Updating 
|  63|0x0000000083f00000, 0x0000000084000000, 0x0000000084000000|100%| O|  |TAMS 0x0000000084000000| PB 0x0000000084000000| Updating 
|  64|0x0000000084000000, 0x0000000084100000, 0x0000000084100000|100%|HS|  |TAMS 0x0000000084100000| PB 0x0000000084000000| Complete 
|  65|0x0000000084100000, 0x0000000084200000, 0x0000000084200000|100%| O|  |TAMS 0x0000000084200000| PB 0x0000000084200000| Untracked 
|  66|0x0000000084200000, 0x0000000084300000, 0x0000000084300000|100%| O|  |TAMS 0x0000000084300000| PB 0x0000000084300000| Untracked 
|  67|0x0000000084300000, 0x0000000084400000, 0x0000000084400000|100%| O|  |TAMS 0x0000000084400000| PB 0x0000000084400000| Updating 
|  68|0x0000000084400000, 0x0000000084500000, 0x0000000084500000|100%| O|  |TAMS 0x0000000084400000| PB 0x0000000084400000| Untracked 
|  69|0x0000000084500000, 0x0000000084600000, 0x0000000084600000|100%| O|  |TAMS 0x0000000084600000| PB 0x0000000084600000| Untracked 
|  70|0x0000000084600000, 0x0000000084700000, 0x0000000084700000|100%| O|  |TAMS 0x0000000084700000| PB 0x0000000084700000| Untracked 
|  71|0x0000000084700000, 0x0000000084800000, 0x0000000084800000|100%| O|  |TAMS 0x0000000084800000| PB 0x0000000084800000| Untracked 
|  72|0x0000000084800000, 0x0000000084900000, 0x0000000084900000|100%| O|  |TAMS 0x0000000084900000| PB 0x0000000084900000| Updating 
|  73|0x0000000084900000, 0x0000000084a00000, 0x0000000084a00000|100%| O|  |TAMS 0x0000000084a00000| PB 0x0000000084a00000| Untracked 
|  74|0x0000000084a00000, 0x0000000084b00000, 0x0000000084b00000|100%|HS|  |TAMS 0x0000000084b00000| PB 0x0000000084a00000| Complete 
|  75|0x0000000084b00000, 0x0000000084c00000, 0x0000000084c00000|100%|HS|  |TAMS 0x0000000084c00000| PB 0x0000000084b00000| Complete 
|  76|0x0000000084c00000, 0x0000000084d00000, 0x0000000084d00000|100%|HC|  |TAMS 0x0000000084d00000| PB 0x0000000084c00000| Complete 
|  77|0x0000000084d00000, 0x0000000084e00000, 0x0000000084e00000|100%|HC|  |TAMS 0x0000000084e00000| PB 0x0000000084d00000| Complete 
|  78|0x0000000084e00000, 0x0000000084f00000, 0x0000000084f00000|100%|HC|  |TAMS 0x0000000084f00000| PB 0x0000000084e00000| Complete 
|  79|0x0000000084f00000, 0x0000000085000000, 0x0000000085000000|100%|HC|  |TAMS 0x0000000085000000| PB 0x0000000084f00000| Complete 
|  80|0x0000000085000000, 0x0000000085100000, 0x0000000085100000|100%|HC|  |TAMS 0x0000000085100000| PB 0x0000000085000000| Complete 
|  81|0x0000000085100000, 0x0000000085200000, 0x0000000085200000|100%|HS|  |TAMS 0x0000000085200000| PB 0x0000000085100000| Complete 
|  82|0x0000000085200000, 0x0000000085300000, 0x0000000085300000|100%|HS|  |TAMS 0x0000000085300000| PB 0x0000000085200000| Complete 
|  83|0x0000000085300000, 0x0000000085400000, 0x0000000085400000|100%|HC|  |TAMS 0x0000000085400000| PB 0x0000000085300000| Complete 
|  84|0x0000000085400000, 0x0000000085500000, 0x0000000085500000|100%|HC|  |TAMS 0x0000000085500000| PB 0x0000000085400000| Complete 
|  85|0x0000000085500000, 0x0000000085600000, 0x0000000085600000|100%|HC|  |TAMS 0x0000000085600000| PB 0x0000000085500000| Complete 
|  86|0x0000000085600000, 0x0000000085700000, 0x0000000085700000|100%|HC|  |TAMS 0x0000000085700000| PB 0x0000000085600000| Complete 
|  87|0x0000000085700000, 0x0000000085800000, 0x0000000085800000|100%|HC|  |TAMS 0x0000000085800000| PB 0x0000000085700000| Complete 
|  88|0x0000000085800000, 0x0000000085900000, 0x0000000085900000|100%| O|  |TAMS 0x0000000085900000| PB 0x0000000085900000| Untracked 
|  89|0x0000000085900000, 0x0000000085a00000, 0x0000000085a00000|100%| O|  |TAMS 0x0000000085a00000| PB 0x0000000085a00000| Untracked 
|  90|0x0000000085a00000, 0x0000000085b00000, 0x0000000085b00000|100%| O|  |TAMS 0x0000000085b00000| PB 0x0000000085b00000| Untracked 
|  91|0x0000000085b00000, 0x0000000085c00000, 0x0000000085c00000|100%| O|  |TAMS 0x0000000085c00000| PB 0x0000000085c00000| Updating 
|  92|0x0000000085c00000, 0x0000000085d00000, 0x0000000085d00000|100%| O|  |TAMS 0x0000000085d00000| PB 0x0000000085d00000| Untracked 
|  93|0x0000000085d00000, 0x0000000085e00000, 0x0000000085e00000|100%| O|  |TAMS 0x0000000085e00000| PB 0x0000000085e00000| Untracked 
|  94|0x0000000085e00000, 0x0000000085f00000, 0x0000000085f00000|100%| O|  |TAMS 0x0000000085f00000| PB 0x0000000085f00000| Untracked 
|  95|0x0000000085f00000, 0x0000000086000000, 0x0000000086000000|100%| O|  |TAMS 0x0000000086000000| PB 0x0000000086000000| Untracked 
|  96|0x0000000086000000, 0x0000000086100000, 0x0000000086100000|100%| O|  |TAMS 0x0000000086100000| PB 0x0000000086100000| Untracked 
|  97|0x0000000086100000, 0x0000000086200000, 0x0000000086200000|100%| O|  |TAMS 0x0000000086200000| PB 0x0000000086200000| Untracked 
|  98|0x0000000086200000, 0x0000000086300000, 0x0000000086300000|100%|HS|  |TAMS 0x0000000086300000| PB 0x0000000086200000| Complete 
|  99|0x0000000086300000, 0x0000000086400000, 0x0000000086400000|100%|HC|  |TAMS 0x0000000086400000| PB 0x0000000086300000| Complete 
| 100|0x0000000086400000, 0x0000000086500000, 0x0000000086500000|100%|HS|  |TAMS 0x0000000086500000| PB 0x0000000086400000| Complete 
| 101|0x0000000086500000, 0x0000000086600000, 0x0000000086600000|100%|HC|  |TAMS 0x0000000086600000| PB 0x0000000086500000| Complete 
| 102|0x0000000086600000, 0x0000000086700000, 0x0000000086700000|100%|HS|  |TAMS 0x0000000086700000| PB 0x0000000086600000| Complete 
| 103|0x0000000086700000, 0x0000000086800000, 0x0000000086800000|100%|HS|  |TAMS 0x0000000086800000| PB 0x0000000086700000| Complete 
| 104|0x0000000086800000, 0x0000000086900000, 0x0000000086900000|100%|HC|  |TAMS 0x0000000086900000| PB 0x0000000086800000| Complete 
| 105|0x0000000086900000, 0x0000000086a00000, 0x0000000086a00000|100%|HC|  |TAMS 0x0000000086a00000| PB 0x0000000086900000| Complete 
| 106|0x0000000086a00000, 0x0000000086b00000, 0x0000000086b00000|100%|HS|  |TAMS 0x0000000086b00000| PB 0x0000000086a00000| Complete 
| 107|0x0000000086b00000, 0x0000000086c00000, 0x0000000086c00000|100%|HS|  |TAMS 0x0000000086c00000| PB 0x0000000086b00000| Complete 
| 108|0x0000000086c00000, 0x0000000086d00000, 0x0000000086d00000|100%| O|  |TAMS 0x0000000086d00000| PB 0x0000000086d00000| Untracked 
| 109|0x0000000086d00000, 0x0000000086e00000, 0x0000000086e00000|100%|HS|  |TAMS 0x0000000086e00000| PB 0x0000000086d00000| Complete 
| 110|0x0000000086e00000, 0x0000000086f00000, 0x0000000086f00000|100%| O|  |TAMS 0x0000000086f00000| PB 0x0000000086f00000| Untracked 
| 111|0x0000000086f00000, 0x0000000087000000, 0x0000000087000000|100%| O|  |TAMS 0x0000000087000000| PB 0x0000000087000000| Updating 
| 112|0x0000000087000000, 0x0000000087100000, 0x0000000087100000|100%|HS|  |TAMS 0x0000000087100000| PB 0x0000000087000000| Complete 
| 113|0x0000000087100000, 0x0000000087200000, 0x0000000087200000|100%|HC|  |TAMS 0x0000000087200000| PB 0x0000000087100000| Complete 
| 114|0x0000000087200000, 0x0000000087300000, 0x0000000087300000|100%|HC|  |TAMS 0x0000000087300000| PB 0x0000000087200000| Complete 
| 115|0x0000000087300000, 0x0000000087400000, 0x0000000087400000|100%| O|  |TAMS 0x0000000087400000| PB 0x0000000087400000| Untracked 
| 116|0x0000000087400000, 0x0000000087500000, 0x0000000087500000|100%| O|  |TAMS 0x0000000087500000| PB 0x0000000087500000| Untracked 
| 117|0x0000000087500000, 0x0000000087600000, 0x0000000087600000|100%| O|  |TAMS 0x0000000087600000| PB 0x0000000087600000| Untracked 
| 118|0x0000000087600000, 0x0000000087700000, 0x0000000087700000|100%|HS|  |TAMS 0x0000000087700000| PB 0x0000000087600000| Complete 
| 119|0x0000000087700000, 0x0000000087800000, 0x0000000087800000|100%| O|  |TAMS 0x0000000087800000| PB 0x0000000087800000| Untracked 
| 120|0x0000000087800000, 0x0000000087900000, 0x0000000087900000|100%| O|  |TAMS 0x0000000087900000| PB 0x0000000087900000| Untracked 
| 121|0x0000000087900000, 0x0000000087a00000, 0x0000000087a00000|100%| O|  |TAMS 0x0000000087a00000| PB 0x0000000087a00000| Updating 
| 122|0x0000000087a00000, 0x0000000087b00000, 0x0000000087b00000|100%| O|  |TAMS 0x0000000087b00000| PB 0x0000000087b00000| Untracked 
| 123|0x0000000087b00000, 0x0000000087c00000, 0x0000000087c00000|100%| O|  |TAMS 0x0000000087c00000| PB 0x0000000087c00000| Untracked 
| 124|0x0000000087c00000, 0x0000000087d00000, 0x0000000087d00000|100%| O|  |TAMS 0x0000000087d00000| PB 0x0000000087d00000| Untracked 
| 125|0x0000000087d00000, 0x0000000087e00000, 0x0000000087e00000|100%| O|  |TAMS 0x0000000087e00000| PB 0x0000000087e00000| Untracked 
| 126|0x0000000087e00000, 0x0000000087f00000, 0x0000000087f00000|100%| O|  |TAMS 0x0000000087f00000| PB 0x0000000087f00000| Untracked 
| 127|0x0000000087f00000, 0x0000000088000000, 0x0000000088000000|100%| O|  |TAMS 0x0000000088000000| PB 0x0000000088000000| Updating 
| 128|0x0000000088000000, 0x0000000088100000, 0x0000000088100000|100%| O|  |TAMS 0x0000000088100000| PB 0x0000000088100000| Untracked 
| 129|0x0000000088100000, 0x0000000088200000, 0x0000000088200000|100%| O|  |TAMS 0x0000000088100000| PB 0x0000000088100000| Untracked 
| 130|0x0000000088200000, 0x0000000088300000, 0x0000000088300000|100%| O|  |TAMS 0x0000000088300000| PB 0x0000000088300000| Updating 
| 131|0x0000000088300000, 0x0000000088400000, 0x0000000088400000|100%| O|  |TAMS 0x0000000088400000| PB 0x0000000088400000| Untracked 
| 132|0x0000000088400000, 0x0000000088500000, 0x0000000088500000|100%| O|  |TAMS 0x0000000088500000| PB 0x0000000088500000| Untracked 
| 133|0x0000000088500000, 0x0000000088600000, 0x0000000088600000|100%| O|  |TAMS 0x0000000088600000| PB 0x0000000088600000| Untracked 
| 134|0x0000000088600000, 0x0000000088700000, 0x0000000088700000|100%| O|  |TAMS 0x0000000088700000| PB 0x0000000088700000| Untracked 
| 135|0x0000000088700000, 0x0000000088800000, 0x0000000088800000|100%| O|  |TAMS 0x0000000088800000| PB 0x0000000088800000| Untracked 
| 136|0x0000000088800000, 0x0000000088900000, 0x0000000088900000|100%| O|  |TAMS 0x0000000088900000| PB 0x0000000088900000| Updating 
| 137|0x0000000088900000, 0x0000000088a00000, 0x0000000088a00000|100%| O|  |TAMS 0x0000000088a00000| PB 0x0000000088a00000| Updating 
| 138|0x0000000088a00000, 0x0000000088b00000, 0x0000000088b00000|100%|HS|  |TAMS 0x0000000088b00000| PB 0x0000000088a00000| Complete 
| 139|0x0000000088b00000, 0x0000000088c00000, 0x0000000088c00000|100%|HC|  |TAMS 0x0000000088c00000| PB 0x0000000088b00000| Complete 
| 140|0x0000000088c00000, 0x0000000088d00000, 0x0000000088d00000|100%| O|  |TAMS 0x0000000088d00000| PB 0x0000000088d00000| Untracked 
| 141|0x0000000088d00000, 0x0000000088e00000, 0x0000000088e00000|100%| O|  |TAMS 0x0000000088e00000| PB 0x0000000088e00000| Untracked 
| 142|0x0000000088e00000, 0x0000000088f00000, 0x0000000088f00000|100%| O|  |TAMS 0x0000000088f00000| PB 0x0000000088f00000| Updating 
| 143|0x0000000088f00000, 0x0000000089000000, 0x0000000089000000|100%| O|  |TAMS 0x0000000089000000| PB 0x0000000089000000| Untracked 
| 144|0x0000000089000000, 0x0000000089100000, 0x0000000089100000|100%| O|  |TAMS 0x0000000089100000| PB 0x0000000089100000| Updating 
| 145|0x0000000089100000, 0x0000000089200000, 0x0000000089200000|100%| O|  |TAMS 0x0000000089200000| PB 0x0000000089200000| Untracked 
| 146|0x0000000089200000, 0x0000000089300000, 0x0000000089300000|100%| O|  |TAMS 0x0000000089300000| PB 0x0000000089300000| Untracked 
| 147|0x0000000089300000, 0x0000000089400000, 0x0000000089400000|100%| O|  |TAMS 0x0000000089400000| PB 0x0000000089400000| Untracked 
| 148|0x0000000089400000, 0x0000000089500000, 0x0000000089500000|100%| O|  |TAMS 0x0000000089500000| PB 0x0000000089500000| Untracked 
| 149|0x0000000089500000, 0x0000000089600000, 0x0000000089600000|100%| O|  |TAMS 0x0000000089500000| PB 0x0000000089500000| Untracked 
| 150|0x0000000089600000, 0x0000000089700000, 0x0000000089700000|100%| O|  |TAMS 0x0000000089600000| PB 0x0000000089600000| Untracked 
| 151|0x0000000089700000, 0x0000000089800000, 0x0000000089800000|100%| O|  |TAMS 0x0000000089700000| PB 0x0000000089700000| Untracked 
| 152|0x0000000089800000, 0x0000000089900000, 0x0000000089900000|100%| O|  |TAMS 0x0000000089800000| PB 0x0000000089800000| Untracked 
| 153|0x0000000089900000, 0x0000000089a00000, 0x0000000089a00000|100%| O|  |TAMS 0x0000000089900000| PB 0x0000000089900000| Untracked 
| 154|0x0000000089a00000, 0x0000000089b00000, 0x0000000089b00000|100%| O|  |TAMS 0x0000000089b00000| PB 0x0000000089b00000| Untracked 
| 155|0x0000000089b00000, 0x0000000089c00000, 0x0000000089c00000|100%| O|  |TAMS 0x0000000089c00000| PB 0x0000000089c00000| Untracked 
| 156|0x0000000089c00000, 0x0000000089d00000, 0x0000000089d00000|100%| O|  |TAMS 0x0000000089d00000| PB 0x0000000089d00000| Untracked 
| 157|0x0000000089d00000, 0x0000000089e00000, 0x0000000089e00000|100%| O|  |TAMS 0x0000000089e00000| PB 0x0000000089e00000| Updating 
| 158|0x0000000089e00000, 0x0000000089f00000, 0x0000000089f00000|100%| O|  |TAMS 0x0000000089e03e20| PB 0x0000000089e03e20| Untracked 
| 159|0x0000000089f00000, 0x0000000089f83a38, 0x000000008a000000| 51%| O|  |TAMS 0x0000000089f00000| PB 0x0000000089f00000| Updating 
| 160|0x000000008a000000, 0x000000008a000000, 0x000000008a100000|  0%| F|  |TAMS 0x000000008a000000| PB 0x000000008a000000| Untracked 
| 161|0x000000008a100000, 0x000000008a100000, 0x000000008a200000|  0%| F|  |TAMS 0x000000008a100000| PB 0x000000008a100000| Untracked 
| 162|0x000000008a200000, 0x000000008a200000, 0x000000008a300000|  0%| F|  |TAMS 0x000000008a200000| PB 0x000000008a200000| Untracked 
| 163|0x000000008a300000, 0x000000008a300000, 0x000000008a400000|  0%| F|  |TAMS 0x000000008a300000| PB 0x000000008a300000| Untracked 
| 164|0x000000008a400000, 0x000000008a400000, 0x000000008a500000|  0%| F|  |TAMS 0x000000008a400000| PB 0x000000008a400000| Untracked 
| 165|0x000000008a500000, 0x000000008a500000, 0x000000008a600000|  0%| F|  |TAMS 0x000000008a500000| PB 0x000000008a500000| Untracked 
| 166|0x000000008a600000, 0x000000008a600000, 0x000000008a700000|  0%| F|  |TAMS 0x000000008a600000| PB 0x000000008a600000| Untracked 
| 167|0x000000008a700000, 0x000000008a700000, 0x000000008a800000|  0%| F|  |TAMS 0x000000008a700000| PB 0x000000008a700000| Untracked 
| 168|0x000000008a800000, 0x000000008a800000, 0x000000008a900000|  0%| F|  |TAMS 0x000000008a800000| PB 0x000000008a800000| Untracked 
| 169|0x000000008a900000, 0x000000008a900000, 0x000000008aa00000|  0%| F|  |TAMS 0x000000008a900000| PB 0x000000008a900000| Untracked 
| 170|0x000000008aa00000, 0x000000008aa00000, 0x000000008ab00000|  0%| F|  |TAMS 0x000000008aa00000| PB 0x000000008aa00000| Untracked 
| 171|0x000000008ab00000, 0x000000008ab00000, 0x000000008ac00000|  0%| F|  |TAMS 0x000000008ab00000| PB 0x000000008ab00000| Untracked 
| 172|0x000000008ac00000, 0x000000008ac00000, 0x000000008ad00000|  0%| F|  |TAMS 0x000000008ac00000| PB 0x000000008ac00000| Untracked 
| 173|0x000000008ad00000, 0x000000008ad00000, 0x000000008ae00000|  0%| F|  |TAMS 0x000000008ad00000| PB 0x000000008ad00000| Untracked 
| 174|0x000000008ae00000, 0x000000008ae00000, 0x000000008af00000|  0%| F|  |TAMS 0x000000008ae00000| PB 0x000000008ae00000| Untracked 
| 175|0x000000008af00000, 0x000000008af00000, 0x000000008b000000|  0%| F|  |TAMS 0x000000008af00000| PB 0x000000008af00000| Untracked 
| 176|0x000000008b000000, 0x000000008b000000, 0x000000008b100000|  0%| F|  |TAMS 0x000000008b000000| PB 0x000000008b000000| Untracked 
| 177|0x000000008b100000, 0x000000008b100000, 0x000000008b200000|  0%| F|  |TAMS 0x000000008b100000| PB 0x000000008b100000| Untracked 
| 178|0x000000008b200000, 0x000000008b200000, 0x000000008b300000|  0%| F|  |TAMS 0x000000008b200000| PB 0x000000008b200000| Untracked 
| 179|0x000000008b300000, 0x000000008b300000, 0x000000008b400000|  0%| F|  |TAMS 0x000000008b300000| PB 0x000000008b300000| Untracked 
| 180|0x000000008b400000, 0x000000008b400000, 0x000000008b500000|  0%| F|  |TAMS 0x000000008b400000| PB 0x000000008b400000| Untracked 
| 181|0x000000008b500000, 0x000000008b500000, 0x000000008b600000|  0%| F|  |TAMS 0x000000008b500000| PB 0x000000008b500000| Untracked 
| 182|0x000000008b600000, 0x000000008b600000, 0x000000008b700000|  0%| F|  |TAMS 0x000000008b600000| PB 0x000000008b600000| Untracked 
| 183|0x000000008b700000, 0x000000008b700000, 0x000000008b800000|  0%| F|  |TAMS 0x000000008b700000| PB 0x000000008b700000| Untracked 
| 184|0x000000008b800000, 0x000000008b8182b8, 0x000000008b900000|  9%| S|CS|TAMS 0x000000008b800000| PB 0x000000008b800000| Complete 
| 185|0x000000008b900000, 0x000000008ba00000, 0x000000008ba00000|100%| S|CS|TAMS 0x000000008b900000| PB 0x000000008b900000| Complete 
| 186|0x000000008ba00000, 0x000000008bb00000, 0x000000008bb00000|100%| S|CS|TAMS 0x000000008ba00000| PB 0x000000008ba00000| Complete 
| 187|0x000000008bb00000, 0x000000008bc00000, 0x000000008bc00000|100%| S|CS|TAMS 0x000000008bb00000| PB 0x000000008bb00000| Complete 
| 188|0x000000008bc00000, 0x000000008bd00000, 0x000000008bd00000|100%| S|CS|TAMS 0x000000008bc00000| PB 0x000000008bc00000| Complete 
| 189|0x000000008bd00000, 0x000000008be00000, 0x000000008be00000|100%| S|CS|TAMS 0x000000008bd00000| PB 0x000000008bd00000| Complete 
| 190|0x000000008be00000, 0x000000008bf00000, 0x000000008bf00000|100%| S|CS|TAMS 0x000000008be00000| PB 0x000000008be00000| Complete 
| 191|0x000000008bf00000, 0x000000008bf00000, 0x000000008c000000|  0%| F|  |TAMS 0x000000008bf00000| PB 0x000000008bf00000| Untracked 
| 192|0x000000008c000000, 0x000000008c000000, 0x000000008c100000|  0%| F|  |TAMS 0x000000008c000000| PB 0x000000008c000000| Untracked 
| 193|0x000000008c100000, 0x000000008c100000, 0x000000008c200000|  0%| F|  |TAMS 0x000000008c100000| PB 0x000000008c100000| Untracked 
| 194|0x000000008c200000, 0x000000008c200000, 0x000000008c300000|  0%| F|  |TAMS 0x000000008c200000| PB 0x000000008c200000| Untracked 
| 195|0x000000008c300000, 0x000000008c300000, 0x000000008c400000|  0%| F|  |TAMS 0x000000008c300000| PB 0x000000008c300000| Untracked 
| 196|0x000000008c400000, 0x000000008c400000, 0x000000008c500000|  0%| F|  |TAMS 0x000000008c400000| PB 0x000000008c400000| Untracked 
| 197|0x000000008c500000, 0x000000008c500000, 0x000000008c600000|  0%| F|  |TAMS 0x000000008c500000| PB 0x000000008c500000| Untracked 
| 198|0x000000008c600000, 0x000000008c600000, 0x000000008c700000|  0%| F|  |TAMS 0x000000008c600000| PB 0x000000008c600000| Untracked 
| 199|0x000000008c700000, 0x000000008c700000, 0x000000008c800000|  0%| F|  |TAMS 0x000000008c700000| PB 0x000000008c700000| Untracked 
| 200|0x000000008c800000, 0x000000008c800000, 0x000000008c900000|  0%| F|  |TAMS 0x000000008c800000| PB 0x000000008c800000| Untracked 
| 201|0x000000008c900000, 0x000000008c900000, 0x000000008ca00000|  0%| F|  |TAMS 0x000000008c900000| PB 0x000000008c900000| Untracked 
| 202|0x000000008ca00000, 0x000000008ca00000, 0x000000008cb00000|  0%| F|  |TAMS 0x000000008ca00000| PB 0x000000008ca00000| Untracked 
| 203|0x000000008cb00000, 0x000000008cb00000, 0x000000008cc00000|  0%| F|  |TAMS 0x000000008cb00000| PB 0x000000008cb00000| Untracked 
| 204|0x000000008cc00000, 0x000000008cc00000, 0x000000008cd00000|  0%| F|  |TAMS 0x000000008cc00000| PB 0x000000008cc00000| Untracked 
| 205|0x000000008cd00000, 0x000000008cd00000, 0x000000008ce00000|  0%| F|  |TAMS 0x000000008cd00000| PB 0x000000008cd00000| Untracked 
| 206|0x000000008ce00000, 0x000000008ce00000, 0x000000008cf00000|  0%| F|  |TAMS 0x000000008ce00000| PB 0x000000008ce00000| Untracked 
| 207|0x000000008cf00000, 0x000000008cf00000, 0x000000008d000000|  0%| F|  |TAMS 0x000000008cf00000| PB 0x000000008cf00000| Untracked 
| 208|0x000000008d000000, 0x000000008d000000, 0x000000008d100000|  0%| F|  |TAMS 0x000000008d000000| PB 0x000000008d000000| Untracked 
| 209|0x000000008d100000, 0x000000008d100000, 0x000000008d200000|  0%| F|  |TAMS 0x000000008d100000| PB 0x000000008d100000| Untracked 
| 210|0x000000008d200000, 0x000000008d200000, 0x000000008d300000|  0%| F|  |TAMS 0x000000008d200000| PB 0x000000008d200000| Untracked 
| 211|0x000000008d300000, 0x000000008d300000, 0x000000008d400000|  0%| F|  |TAMS 0x000000008d300000| PB 0x000000008d300000| Untracked 
| 212|0x000000008d400000, 0x000000008d400000, 0x000000008d500000|  0%| F|  |TAMS 0x000000008d400000| PB 0x000000008d400000| Untracked 
| 213|0x000000008d500000, 0x000000008d500000, 0x000000008d600000|  0%| F|  |TAMS 0x000000008d500000| PB 0x000000008d500000| Untracked 
| 214|0x000000008d600000, 0x000000008d600000, 0x000000008d700000|  0%| F|  |TAMS 0x000000008d600000| PB 0x000000008d600000| Untracked 
| 215|0x000000008d700000, 0x000000008d700000, 0x000000008d800000|  0%| F|  |TAMS 0x000000008d700000| PB 0x000000008d700000| Untracked 
| 216|0x000000008d800000, 0x000000008d800000, 0x000000008d900000|  0%| F|  |TAMS 0x000000008d800000| PB 0x000000008d800000| Untracked 
| 217|0x000000008d900000, 0x000000008d900000, 0x000000008da00000|  0%| F|  |TAMS 0x000000008d900000| PB 0x000000008d900000| Untracked 
| 218|0x000000008da00000, 0x000000008da00000, 0x000000008db00000|  0%| F|  |TAMS 0x000000008da00000| PB 0x000000008da00000| Untracked 
| 219|0x000000008db00000, 0x000000008db00000, 0x000000008dc00000|  0%| F|  |TAMS 0x000000008db00000| PB 0x000000008db00000| Untracked 
| 220|0x000000008dc00000, 0x000000008dc00000, 0x000000008dd00000|  0%| F|  |TAMS 0x000000008dc00000| PB 0x000000008dc00000| Untracked 
| 221|0x000000008dd00000, 0x000000008dd00000, 0x000000008de00000|  0%| F|  |TAMS 0x000000008dd00000| PB 0x000000008dd00000| Untracked 
| 222|0x000000008de00000, 0x000000008de00000, 0x000000008df00000|  0%| F|  |TAMS 0x000000008de00000| PB 0x000000008de00000| Untracked 
| 223|0x000000008df00000, 0x000000008df00000, 0x000000008e000000|  0%| F|  |TAMS 0x000000008df00000| PB 0x000000008df00000| Untracked 
| 224|0x000000008e000000, 0x000000008e000000, 0x000000008e100000|  0%| F|  |TAMS 0x000000008e000000| PB 0x000000008e000000| Untracked 
| 225|0x000000008e100000, 0x000000008e100000, 0x000000008e200000|  0%| F|  |TAMS 0x000000008e100000| PB 0x000000008e100000| Untracked 
| 226|0x000000008e200000, 0x000000008e200000, 0x000000008e300000|  0%| F|  |TAMS 0x000000008e200000| PB 0x000000008e200000| Untracked 
| 227|0x000000008e300000, 0x000000008e300000, 0x000000008e400000|  0%| F|  |TAMS 0x000000008e300000| PB 0x000000008e300000| Untracked 
| 228|0x000000008e400000, 0x000000008e400000, 0x000000008e500000|  0%| F|  |TAMS 0x000000008e400000| PB 0x000000008e400000| Untracked 
| 229|0x000000008e500000, 0x000000008e500000, 0x000000008e600000|  0%| F|  |TAMS 0x000000008e500000| PB 0x000000008e500000| Untracked 
| 230|0x000000008e600000, 0x000000008e600000, 0x000000008e700000|  0%| F|  |TAMS 0x000000008e600000| PB 0x000000008e600000| Untracked 
| 231|0x000000008e700000, 0x000000008e700000, 0x000000008e800000|  0%| F|  |TAMS 0x000000008e700000| PB 0x000000008e700000| Untracked 
| 232|0x000000008e800000, 0x000000008e800000, 0x000000008e900000|  0%| F|  |TAMS 0x000000008e800000| PB 0x000000008e800000| Untracked 
| 233|0x000000008e900000, 0x000000008e900000, 0x000000008ea00000|  0%| F|  |TAMS 0x000000008e900000| PB 0x000000008e900000| Untracked 
| 234|0x000000008ea00000, 0x000000008ea00000, 0x000000008eb00000|  0%| F|  |TAMS 0x000000008ea00000| PB 0x000000008ea00000| Untracked 
| 235|0x000000008eb00000, 0x000000008eb00000, 0x000000008ec00000|  0%| F|  |TAMS 0x000000008eb00000| PB 0x000000008eb00000| Untracked 
| 236|0x000000008ec00000, 0x000000008ec00000, 0x000000008ed00000|  0%| F|  |TAMS 0x000000008ec00000| PB 0x000000008ec00000| Untracked 
| 237|0x000000008ed00000, 0x000000008ed00000, 0x000000008ee00000|  0%| F|  |TAMS 0x000000008ed00000| PB 0x000000008ed00000| Untracked 
| 238|0x000000008ee00000, 0x000000008ee00000, 0x000000008ef00000|  0%| F|  |TAMS 0x000000008ee00000| PB 0x000000008ee00000| Untracked 
| 239|0x000000008ef00000, 0x000000008ef00000, 0x000000008f000000|  0%| F|  |TAMS 0x000000008ef00000| PB 0x000000008ef00000| Untracked 
| 240|0x000000008f000000, 0x000000008f000000, 0x000000008f100000|  0%| F|  |TAMS 0x000000008f000000| PB 0x000000008f000000| Untracked 
| 241|0x000000008f100000, 0x000000008f100000, 0x000000008f200000|  0%| F|  |TAMS 0x000000008f100000| PB 0x000000008f100000| Untracked 
| 242|0x000000008f200000, 0x000000008f200000, 0x000000008f300000|  0%| F|  |TAMS 0x000000008f200000| PB 0x000000008f200000| Untracked 
| 243|0x000000008f300000, 0x000000008f300000, 0x000000008f400000|  0%| F|  |TAMS 0x000000008f300000| PB 0x000000008f300000| Untracked 
| 244|0x000000008f400000, 0x000000008f400000, 0x000000008f500000|  0%| F|  |TAMS 0x000000008f400000| PB 0x000000008f400000| Untracked 
| 245|0x000000008f500000, 0x000000008f500000, 0x000000008f600000|  0%| F|  |TAMS 0x000000008f500000| PB 0x000000008f500000| Untracked 
| 246|0x000000008f600000, 0x000000008f600000, 0x000000008f700000|  0%| F|  |TAMS 0x000000008f600000| PB 0x000000008f600000| Untracked 
| 247|0x000000008f700000, 0x000000008f700000, 0x000000008f800000|  0%| F|  |TAMS 0x000000008f700000| PB 0x000000008f700000| Untracked 
| 248|0x000000008f800000, 0x000000008f800000, 0x000000008f900000|  0%| F|  |TAMS 0x000000008f800000| PB 0x000000008f800000| Untracked 
| 249|0x000000008f900000, 0x000000008f900000, 0x000000008fa00000|  0%| F|  |TAMS 0x000000008f900000| PB 0x000000008f900000| Untracked 
| 250|0x000000008fa00000, 0x000000008fa00000, 0x000000008fb00000|  0%| F|  |TAMS 0x000000008fa00000| PB 0x000000008fa00000| Untracked 
| 251|0x000000008fb00000, 0x000000008fb00000, 0x000000008fc00000|  0%| F|  |TAMS 0x000000008fb00000| PB 0x000000008fb00000| Untracked 
| 252|0x000000008fc00000, 0x000000008fc00000, 0x000000008fd00000|  0%| F|  |TAMS 0x000000008fc00000| PB 0x000000008fc00000| Untracked 
| 253|0x000000008fd00000, 0x000000008fd00000, 0x000000008fe00000|  0%| F|  |TAMS 0x000000008fd00000| PB 0x000000008fd00000| Untracked 
| 254|0x000000008fe00000, 0x000000008fe00000, 0x000000008ff00000|  0%| F|  |TAMS 0x000000008fe00000| PB 0x000000008fe00000| Untracked 
| 255|0x000000008ff00000, 0x000000008ff00000, 0x0000000090000000|  0%| F|  |TAMS 0x000000008ff00000| PB 0x000000008ff00000| Untracked 
| 256|0x0000000090000000, 0x0000000090000000, 0x0000000090100000|  0%| F|  |TAMS 0x0000000090000000| PB 0x0000000090000000| Untracked 
| 257|0x0000000090100000, 0x0000000090100000, 0x0000000090200000|  0%| F|  |TAMS 0x0000000090100000| PB 0x0000000090100000| Untracked 
| 258|0x0000000090200000, 0x0000000090200000, 0x0000000090300000|  0%| F|  |TAMS 0x0000000090200000| PB 0x0000000090200000| Untracked 
| 259|0x0000000090300000, 0x0000000090300000, 0x0000000090400000|  0%| F|  |TAMS 0x0000000090300000| PB 0x0000000090300000| Untracked 
| 260|0x0000000090400000, 0x0000000090400000, 0x0000000090500000|  0%| F|  |TAMS 0x0000000090400000| PB 0x0000000090400000| Untracked 
| 261|0x0000000090500000, 0x0000000090500000, 0x0000000090600000|  0%| F|  |TAMS 0x0000000090500000| PB 0x0000000090500000| Untracked 
| 262|0x0000000090600000, 0x0000000090600000, 0x0000000090700000|  0%| F|  |TAMS 0x0000000090600000| PB 0x0000000090600000| Untracked 
| 263|0x0000000090700000, 0x0000000090700000, 0x0000000090800000|  0%| F|  |TAMS 0x0000000090700000| PB 0x0000000090700000| Untracked 
|2038|0x00000000ff600000, 0x00000000ff700000, 0x00000000ff700000|100%| O|  |TAMS 0x00000000ff700000| PB 0x00000000ff700000| Updating 
|2039|0x00000000ff700000, 0x00000000ff780a58, 0x00000000ff800000| 50%| E|  |TAMS 0x00000000ff700000| PB 0x00000000ff700000| Complete 
|2040|0x00000000ff800000, 0x00000000ff900000, 0x00000000ff900000|100%| E|CS|TAMS 0x00000000ff800000| PB 0x00000000ff800000| Complete 
|2041|0x00000000ff900000, 0x00000000ffa00000, 0x00000000ffa00000|100%| O|  |TAMS 0x00000000ffa00000| PB 0x00000000ffa00000| Updating 
|2042|0x00000000ffa00000, 0x00000000ffb00000, 0x00000000ffb00000|100%| O|  |TAMS 0x00000000ffb00000| PB 0x00000000ffb00000| Updating 
|2043|0x00000000ffb00000, 0x00000000ffc00000, 0x00000000ffc00000|100%| E|CS|TAMS 0x00000000ffb00000| PB 0x00000000ffb00000| Complete 
|2044|0x00000000ffc00000, 0x00000000ffd00000, 0x00000000ffd00000|100%| O|  |TAMS 0x00000000ffd00000| PB 0x00000000ffd00000| Untracked 
|2045|0x00000000ffd00000, 0x00000000ffe00000, 0x00000000ffe00000|100%| E|CS|TAMS 0x00000000ffd00000| PB 0x00000000ffd00000| Complete 
|2046|0x00000000ffe00000, 0x00000000fff00000, 0x00000000fff00000|100%| O|  |TAMS 0x00000000fff00000| PB 0x00000000fff00000| Untracked 
|2047|0x00000000fff00000, 0x0000000100000000, 0x0000000100000000|100%| O|  |TAMS 0x0000000100000000| PB 0x0000000100000000| Untracked 

Card table byte_map: [0x0000022b54aa0000,0x0000022b54ea0000] _byte_map_base: 0x0000022b546a0000

Marking Bits: (CMBitMap*) 0x0000022b415978c0
 Bits: [0x0000022b54ea0000, 0x0000022b56ea0000)

Polling page: 0x0000022b40d00000

Metaspace:

Usage:
  Non-class:    109.33 MB used.
      Class:     17.59 MB used.
       Both:    126.92 MB used.

Virtual space:
  Non-class space:      128.00 MB reserved,     110.50 MB ( 86%) committed,  2 nodes.
      Class space:        1.00 GB reserved,      18.75 MB (  2%) committed,  1 nodes.
             Both:        1.12 GB reserved,     129.25 MB ( 11%) committed. 

Chunk freelists:
   Non-Class:  1.21 MB
       Class:  13.25 MB
        Both:  14.46 MB

MaxMetaspaceSize: unlimited
CompressedClassSpaceSize: 1.00 GB
Initial GC threshold: 21.00 MB
Current GC threshold: 190.56 MB
CDS: off
 - commit_granule_bytes: 65536.
 - commit_granule_words: 8192.
 - virtual_space_node_default_size: 8388608.
 - enlarge_chunks_in_place: 1.
 - use_allocation_guard: 0.


Internal statistics:

num_allocs_failed_limit: 6.
num_arena_births: 4668.
num_arena_deaths: 0.
num_vsnodes_births: 3.
num_vsnodes_deaths: 0.
num_space_committed: 2067.
num_space_uncommitted: 0.
num_chunks_returned_to_freelist: 6.
num_chunks_taken_from_freelist: 10386.
num_chunk_merges: 6.
num_chunk_splits: 6730.
num_chunks_enlarged: 4121.
num_inconsistent_stats: 0.

CodeHeap 'non-profiled nmethods': size=119168Kb used=7945Kb max_used=7991Kb free=111222Kb
 bounds [0x0000022b4c230000, 0x0000022b4ca00000, 0x0000022b53690000]
CodeHeap 'profiled nmethods': size=119104Kb used=23770Kb max_used=24673Kb free=95333Kb
 bounds [0x0000022b44690000, 0x0000022b45eb0000, 0x0000022b4bae0000]
CodeHeap 'non-nmethods': size=7488Kb used=4699Kb max_used=4761Kb free=2788Kb
 bounds [0x0000022b4bae0000, 0x0000022b4bf90000, 0x0000022b4c230000]
CodeCache: size=245760Kb, used=36414Kb, max_used=37425Kb, free=209343Kb
 total_blobs=13795, nmethods=12714, adapters=982, full_count=0
Compilation: enabled, stopped_count=0, restarted_count=0

Compilation events (20 events):
Event: 10.917 Thread 0x0000022b5a9acf50 nmethod 15088 0x0000022b45ea4390 code [0x0000022b45ea4580, 0x0000022b45ea49d0]
Event: 10.919 Thread 0x0000022b5a9acf50 15091   !   3       jdk.proxy4.$Proxy209::getArtifact (29 bytes)
Event: 10.919 Thread 0x0000022b5a9acf50 nmethod 15091 0x0000022b45ea4b10 code [0x0000022b45ea4ce0, 0x0000022b45ea50c0]
Event: 10.919 Thread 0x0000022b5a932dd0 15092       1       kotlin.Pair::component1 (5 bytes)
Event: 10.919 Thread 0x0000022b5a932dd0 nmethod 15092 0x0000022b4c9fd210 code [0x0000022b4c9fd3a0, 0x0000022b4c9fd468]
Event: 10.919 Thread 0x0000022b5a9acf50 15093   !   3       jdk.proxy4.$Proxy209::getType (29 bytes)
Event: 10.919 Thread 0x0000022b5a9acf50 nmethod 15093 0x0000022b45ea5290 code [0x0000022b45ea5460, 0x0000022b45ea5840]
Event: 10.920 Thread 0x0000022b6c05ed90 15095       1       com.android.tools.idea.gradle.project.sync.ModelCacheV2ImplKt$modelCacheV2Impl$createFromDependencies$1$LibraryWithDependencies::component1 (5 bytes)
Event: 10.920 Thread 0x0000022b5a932dd0 15096       1       com.android.tools.idea.gradle.project.sync.ModelCacheV2ImplKt$modelCacheV2Impl$createFromDependencies$1$LibraryWithDependencies::component2 (5 bytes)
Event: 10.920 Thread 0x0000022b6c05ed90 nmethod 15095 0x0000022b4c9fd510 code [0x0000022b4c9fd6a0, 0x0000022b4c9fd768]
Event: 10.920 Thread 0x0000022b5a9acf50 15097       3       com.android.tools.idea.gradle.project.sync.LibraryIdentity$Companion::fromLibrary (161 bytes)
Event: 10.920 Thread 0x0000022b5a932dd0 nmethod 15096 0x0000022b4c9fd810 code [0x0000022b4c9fd9a0, 0x0000022b4c9fda68]
Event: 10.920 Thread 0x0000022b5a932dd0 15098       3       com.android.tools.idea.gradle.project.sync.LibraryIdentity::<init> (6 bytes)
Event: 10.920 Thread 0x0000022b6c05ed90 15099       3       com.android.tools.idea.gradle.project.sync.LibraryIdentity::<init> (10 bytes)
Event: 10.920 Thread 0x0000022b6c05ed90 nmethod 15099 0x0000022b45ea5a10 code [0x0000022b45ea5bc0, 0x0000022b45ea5d78]
Event: 10.920 Thread 0x0000022b5a932dd0 nmethod 15098 0x0000022b45ea5e10 code [0x0000022b45ea5fc0, 0x0000022b45ea61e0]
Event: 10.920 Thread 0x0000022b5a9acf50 nmethod 15097 0x0000022b45ea6310 code [0x0000022b45ea6700, 0x0000022b45ea7b50]
Event: 10.920 Thread 0x0000022b5a9acf50 15104       1       com.android.build.gradle.internal.ide.v2.LibraryImpl::getLibraryInfo (5 bytes)
Event: 10.920 Thread 0x0000022b5a9acf50 nmethod 15104 0x0000022b4c9fdb10 code [0x0000022b4c9fdca0, 0x0000022b4c9fdd68]
Event: 10.921 Thread 0x0000022b5a932dd0 15105       1       com.android.build.gradle.internal.ide.v2.LibraryImpl::getArtifact (5 bytes)

GC Heap History (20 events):
Event: 6.366 GC heap before
{Heap before GC invocations=32 (full 0):
 garbage-first heap   total 262144K, used 231156K [0x0000000080000000, 0x0000000100000000)
  region size 1024K, 84 young (86016K), 5 survivors (5120K)
 Metaspace       used 108231K, committed 110400K, reserved 1179648K
  class space    used 15212K, committed 16256K, reserved 1048576K
}
Event: 6.369 GC heap after
{Heap after GC invocations=33 (full 0):
 garbage-first heap   total 262144K, used 154410K [0x0000000080000000, 0x0000000100000000)
  region size 1024K, 8 young (8192K), 8 survivors (8192K)
 Metaspace       used 108231K, committed 110400K, reserved 1179648K
  class space    used 15212K, committed 16256K, reserved 1048576K
}
Event: 6.680 GC heap before
{Heap before GC invocations=34 (full 0):
 garbage-first heap   total 262144K, used 240426K [0x0000000080000000, 0x0000000100000000)
  region size 1024K, 91 young (93184K), 8 survivors (8192K)
 Metaspace       used 113259K, committed 115584K, reserved 1179648K
  class space    used 15967K, committed 17088K, reserved 1048576K
}
Event: 6.684 GC heap after
{Heap after GC invocations=35 (full 0):
 garbage-first heap   total 262144K, used 159369K [0x0000000080000000, 0x0000000100000000)
  region size 1024K, 9 young (9216K), 9 survivors (9216K)
 Metaspace       used 113259K, committed 115584K, reserved 1179648K
  class space    used 15967K, committed 17088K, reserved 1048576K
}
Event: 6.850 GC heap before
{Heap before GC invocations=35 (full 0):
 garbage-first heap   total 262144K, used 237193K [0x0000000080000000, 0x0000000100000000)
  region size 1024K, 85 young (87040K), 9 survivors (9216K)
 Metaspace       used 113259K, committed 115584K, reserved 1179648K
  class space    used 15967K, committed 17088K, reserved 1048576K
}
Event: 6.853 GC heap after
{Heap after GC invocations=36 (full 0):
 garbage-first heap   total 262144K, used 159394K [0x0000000080000000, 0x0000000100000000)
  region size 1024K, 8 young (8192K), 8 survivors (8192K)
 Metaspace       used 113259K, committed 115584K, reserved 1179648K
  class space    used 15967K, committed 17088K, reserved 1048576K
}
Event: 7.041 GC heap before
{Heap before GC invocations=36 (full 0):
 garbage-first heap   total 262144K, used 238242K [0x0000000080000000, 0x0000000100000000)
  region size 1024K, 85 young (87040K), 8 survivors (8192K)
 Metaspace       used 113261K, committed 115584K, reserved 1179648K
  class space    used 15967K, committed 17088K, reserved 1048576K
}
Event: 7.045 GC heap after
{Heap after GC invocations=37 (full 0):
 garbage-first heap   total 262144K, used 161268K [0x0000000080000000, 0x0000000100000000)
  region size 1024K, 6 young (6144K), 6 survivors (6144K)
 Metaspace       used 113261K, committed 115584K, reserved 1179648K
  class space    used 15967K, committed 17088K, reserved 1048576K
}
Event: 7.240 GC heap before
{Heap before GC invocations=38 (full 0):
 garbage-first heap   total 270336K, used 241140K [0x0000000080000000, 0x0000000100000000)
  region size 1024K, 84 young (86016K), 6 survivors (6144K)
 Metaspace       used 113261K, committed 115584K, reserved 1179648K
  class space    used 15967K, committed 17088K, reserved 1048576K
}
Event: 7.243 GC heap after
{Heap after GC invocations=39 (full 0):
 garbage-first heap   total 270336K, used 163174K [0x0000000080000000, 0x0000000100000000)
  region size 1024K, 8 young (8192K), 8 survivors (8192K)
 Metaspace       used 113261K, committed 115584K, reserved 1179648K
  class space    used 15967K, committed 17088K, reserved 1048576K
}
Event: 7.542 GC heap before
{Heap before GC invocations=39 (full 0):
 garbage-first heap   total 270336K, used 246118K [0x0000000080000000, 0x0000000100000000)
  region size 1024K, 90 young (92160K), 8 survivors (8192K)
 Metaspace       used 113680K, committed 115968K, reserved 1179648K
  class space    used 15994K, committed 17088K, reserved 1048576K
}
Event: 7.545 GC heap after
{Heap after GC invocations=40 (full 0):
 garbage-first heap   total 270336K, used 164815K [0x0000000080000000, 0x0000000100000000)
  region size 1024K, 9 young (9216K), 9 survivors (9216K)
 Metaspace       used 113680K, committed 115968K, reserved 1179648K
  class space    used 15994K, committed 17088K, reserved 1048576K
}
Event: 7.571 GC heap before
{Heap before GC invocations=40 (full 0):
 garbage-first heap   total 270336K, used 170959K [0x0000000080000000, 0x0000000100000000)
  region size 1024K, 17 young (17408K), 9 survivors (9216K)
 Metaspace       used 114046K, committed 116288K, reserved 1179648K
  class space    used 16045K, committed 17152K, reserved 1048576K
}
Event: 7.574 GC heap after
{Heap after GC invocations=41 (full 0):
 garbage-first heap   total 270336K, used 165515K [0x0000000080000000, 0x0000000100000000)
  region size 1024K, 6 young (6144K), 6 survivors (6144K)
 Metaspace       used 114046K, committed 116288K, reserved 1179648K
  class space    used 16045K, committed 17152K, reserved 1048576K
}
Event: 8.073 GC heap before
{Heap before GC invocations=42 (full 0):
 garbage-first heap   total 280576K, used 250507K [0x0000000080000000, 0x0000000100000000)
  region size 1024K, 87 young (89088K), 6 survivors (6144K)
 Metaspace       used 123014K, committed 125376K, reserved 1179648K
  class space    used 17250K, committed 18432K, reserved 1048576K
}
Event: 8.076 GC heap after
{Heap after GC invocations=43 (full 0):
 garbage-first heap   total 280576K, used 168630K [0x0000000080000000, 0x0000000100000000)
  region size 1024K, 9 young (9216K), 9 survivors (9216K)
 Metaspace       used 123014K, committed 125376K, reserved 1179648K
  class space    used 17250K, committed 18432K, reserved 1048576K
}
Event: 8.532 GC heap before
{Heap before GC invocations=43 (full 0):
 garbage-first heap   total 280576K, used 260790K [0x0000000080000000, 0x0000000100000000)
  region size 1024K, 94 young (96256K), 9 survivors (9216K)
 Metaspace       used 128890K, committed 131200K, reserved 1179648K
  class space    used 17869K, committed 19008K, reserved 1048576K
}
Event: 8.536 GC heap after
{Heap after GC invocations=44 (full 0):
 garbage-first heap   total 280576K, used 172331K [0x0000000080000000, 0x0000000100000000)
  region size 1024K, 12 young (12288K), 12 survivors (12288K)
 Metaspace       used 128890K, committed 131200K, reserved 1179648K
  class space    used 17869K, committed 19008K, reserved 1048576K
}
Event: 10.900 GC heap before
{Heap before GC invocations=44 (full 0):
 garbage-first heap   total 280576K, used 250155K [0x0000000080000000, 0x0000000100000000)
  region size 1024K, 89 young (91136K), 12 survivors (12288K)
 Metaspace       used 129844K, committed 132224K, reserved 1179648K
  class space    used 17985K, committed 19136K, reserved 1048576K
}
Event: 10.906 GC heap after
{Heap after GC invocations=45 (full 0):
 garbage-first heap   total 280576K, used 175727K [0x0000000080000000, 0x0000000100000000)
  region size 1024K, 7 young (7168K), 7 survivors (7168K)
 Metaspace       used 129844K, committed 132224K, reserved 1179648K
  class space    used 17985K, committed 19136K, reserved 1048576K
}

Dll operation events (3 events):
Event: 0.005 Loaded shared library C:\Program Files\Android\Android Studio\jbr\bin\java.dll
Event: 0.008 Loaded shared library C:\Program Files\Android\Android Studio\jbr\bin\zip.dll
Event: 0.274 Loaded shared library C:\Program Files\Android\Android Studio\jbr\bin\verify.dll

Deoptimization events (20 events):
Event: 10.771 Thread 0x0000022b60fa3260 Uncommon trap: trap_request=0xffffffc6 fr.pc=0x0000022b4c654a60 relative=0x0000000000000300
Event: 10.771 Thread 0x0000022b60fa3260 Uncommon trap: reason=bimorphic_or_optimized_type_check action=maybe_recompile pc=0x0000022b4c654a60 method=com.google.common.collect.ImmutableList.iterator()Ljava/util/Iterator; @ 1 c2
Event: 10.771 Thread 0x0000022b60fa3260 DEOPT PACKING pc=0x0000022b4c654a60 sp=0x000000a9092f8660
Event: 10.771 Thread 0x0000022b60fa3260 DEOPT UNPACKING pc=0x0000022b4bb346a2 sp=0x000000a9092f8620 mode 2
Event: 10.808 Thread 0x0000022b60fa3260 Uncommon trap: trap_request=0xffffff45 fr.pc=0x0000022b4c9702a8 relative=0x0000000000000088
Event: 10.808 Thread 0x0000022b60fa3260 Uncommon trap: reason=unstable_if action=reinterpret pc=0x0000022b4c9702a8 method=java.lang.Long.equals(Ljava/lang/Object;)Z @ 19 c2
Event: 10.808 Thread 0x0000022b60fa3260 DEOPT PACKING pc=0x0000022b4c9702a8 sp=0x000000a9092f71c0
Event: 10.808 Thread 0x0000022b60fa3260 DEOPT UNPACKING pc=0x0000022b4bb346a2 sp=0x000000a9092f7150 mode 2
Event: 10.809 Thread 0x0000022b60fa3260 Uncommon trap: trap_request=0xffffffde fr.pc=0x0000022b4c3a1938 relative=0x0000000000001098
Event: 10.809 Thread 0x0000022b60fa3260 Uncommon trap: reason=class_check action=maybe_recompile pc=0x0000022b4c3a1938 method=com.google.common.cache.LocalCache$Segment.put(Ljava/lang/Object;ILjava/lang/Object;Z)Ljava/lang/Object; @ 11 c2
Event: 10.809 Thread 0x0000022b60fa3260 DEOPT PACKING pc=0x0000022b4c3a1938 sp=0x000000a9092f7740
Event: 10.809 Thread 0x0000022b60fa3260 DEOPT UNPACKING pc=0x0000022b4bb346a2 sp=0x000000a9092f76c8 mode 2
Event: 10.809 Thread 0x0000022b60fa3260 Uncommon trap: trap_request=0xffffff45 fr.pc=0x0000022b4c6ad158 relative=0x00000000000003f8
Event: 10.809 Thread 0x0000022b60fa3260 Uncommon trap: reason=unstable_if action=reinterpret pc=0x0000022b4c6ad158 method=com.google.common.cache.LocalCache.isExpired(Lcom/google/common/cache/ReferenceEntry;J)Z @ 9 c2
Event: 10.809 Thread 0x0000022b60fa3260 DEOPT PACKING pc=0x0000022b4c6ad158 sp=0x000000a9092f7620
Event: 10.809 Thread 0x0000022b60fa3260 DEOPT UNPACKING pc=0x0000022b4bb346a2 sp=0x000000a9092f7500 mode 2
Event: 10.818 Thread 0x0000022b60fa3260 Uncommon trap: trap_request=0xffffff45 fr.pc=0x0000022b4c6ab314 relative=0x0000000000000134
Event: 10.818 Thread 0x0000022b60fa3260 Uncommon trap: reason=unstable_if action=reinterpret pc=0x0000022b4c6ab314 method=com.google.common.cache.LocalCache.isExpired(Lcom/google/common/cache/ReferenceEntry;J)Z @ 9 c2
Event: 10.818 Thread 0x0000022b60fa3260 DEOPT PACKING pc=0x0000022b4c6ab314 sp=0x000000a9092f81a0
Event: 10.818 Thread 0x0000022b60fa3260 DEOPT UNPACKING pc=0x0000022b4bb346a2 sp=0x000000a9092f80e0 mode 2

Classes loaded (20 events):
Event: 8.220 Loading class com/sun/xml/internal/stream/events/EndElementEvent
Event: 8.221 Loading class javax/xml/stream/events/EndElement
Event: 8.221 Loading class javax/xml/stream/events/EndElement done
Event: 8.221 Loading class com/sun/xml/internal/stream/events/EndElementEvent done
Event: 8.360 Loading class java/util/regex/Pattern$BackRef
Event: 8.360 Loading class java/util/regex/Pattern$BackRef done
Event: 8.361 Loading class java/util/stream/SortedOps$RefSortingSink
Event: 8.361 Loading class java/util/stream/SortedOps$RefSortingSink done
Event: 8.362 Loading class java/util/regex/Pattern$Pos
Event: 8.362 Loading class java/util/regex/Pattern$Pos done
Event: 8.393 Loading class java/io/CharArrayWriter
Event: 8.393 Loading class java/io/CharArrayWriter done
Event: 8.397 Loading class java/io/SequenceInputStream
Event: 8.397 Loading class java/io/SequenceInputStream done
Event: 8.401 Loading class java/util/function/IntUnaryOperator
Event: 8.401 Loading class java/util/function/IntUnaryOperator done
Event: 10.907 Loading class java/util/concurrent/LinkedBlockingDeque$Itr
Event: 10.907 Loading class java/util/concurrent/LinkedBlockingDeque$AbstractItr
Event: 10.907 Loading class java/util/concurrent/LinkedBlockingDeque$AbstractItr done
Event: 10.907 Loading class java/util/concurrent/LinkedBlockingDeque$Itr done

Classes unloaded (0 events):
No events

Classes redefined (0 events):
No events

Internal exceptions (20 events):
Event: 7.568 Thread 0x0000022b6c4749c0 Exception <a 'java/lang/NoSuchMethodError'{0x000000008fcbd898}: static Lcom/intellij/gradle/toolingExtension/impl/javaModel/manifestModel/DefaultJavaGradleManifestModel;.<clinit>()V> (0x000000008fcbd898) 
thrown [s\src\hotspot\share\prims\jni.cpp, line 1144]
Event: 7.569 Thread 0x0000022b6c4749c0 Exception <a 'java/lang/NoSuchMethodError'{0x000000008fac2fd8}: static Lcom/intellij/gradle/toolingExtension/impl/model/repositoryModel/DefaultProjectRepositoriesModel;.<clinit>()V> (0x000000008fac2fd8) 
thrown [s\src\hotspot\share\prims\jni.cpp, line 1144]
Event: 7.650 Thread 0x0000022b60fa3260 Exception <a 'java/lang/NoSuchMethodError'{0x00000000900015d0}: 'void java.lang.invoke.DirectMethodHandle$Holder.invokeStatic(java.lang.Object, int, java.lang.Object)'> (0x00000000900015d0) 
thrown [s\src\hotspot\share\interpreter\linkResolver.cpp, line 784]
Event: 7.751 Thread 0x0000022b60fa3260 Exception <a 'sun/nio/fs/WindowsException'{0x000000008ec59cd0}> (0x000000008ec59cd0) 
thrown [s\src\hotspot\share\prims\jni.cpp, line 537]
Event: 7.751 Thread 0x0000022b60fa3260 Exception <a 'sun/nio/fs/WindowsException'{0x000000008ec5b3a8}> (0x000000008ec5b3a8) 
thrown [s\src\hotspot\share\prims\jni.cpp, line 537]
Event: 7.751 Thread 0x0000022b60fa3260 Exception <a 'sun/nio/fs/WindowsException'{0x000000008ec5cad0}> (0x000000008ec5cad0) 
thrown [s\src\hotspot\share\prims\jni.cpp, line 537]
Event: 7.751 Thread 0x0000022b60fa3260 Exception <a 'sun/nio/fs/WindowsException'{0x000000008ec5e1f8}> (0x000000008ec5e1f8) 
thrown [s\src\hotspot\share\prims\jni.cpp, line 537]
Event: 7.815 Thread 0x0000022b60fa3260 Exception <a 'java/lang/NullPointerException'{0x000000008e068b18}> (0x000000008e068b18) 
thrown [s\src\hotspot\share\interpreter\linkResolver.cpp, line 1471]
Event: 8.076 Thread 0x0000022b5a8dace0 Implicit null exception at 0x0000022b4c5b1c48 to 0x0000022b4c5b2348
Event: 8.369 Thread 0x0000022b60fa3260 Exception <a 'java/lang/NoSuchMethodError'{0x000000008dad5e20}: 'java.lang.Object java.lang.invoke.DirectMethodHandle$Holder.invokeStatic(java.lang.Object, int, int, java.lang.Object, java.lang.Object, java.lang.Object)'> (0x000000008dad5e20) 
thrown [s\src\hotspot\share\interpreter\linkResolver.cpp, line 784]
Event: 8.370 Thread 0x0000022b60fa3260 Exception <a 'java/lang/NoSuchMethodError'{0x000000008dade6b8}: 'java.lang.Object java.lang.invoke.DirectMethodHandle$Holder.newInvokeSpecial(java.lang.Object, int, int, java.lang.Object, java.lang.Object)'> (0x000000008dade6b8) 
thrown [s\src\hotspot\share\interpreter\linkResolver.cpp, line 784]
Event: 8.370 Thread 0x0000022b60fa3260 Exception <a 'java/lang/NoSuchMethodError'{0x000000008dae2cb0}: 'java.lang.Object java.lang.invoke.DirectMethodHandle$Holder.invokeSpecial(java.lang.Object, java.lang.Object, int, int, java.lang.Object, java.lang.Object)'> (0x000000008dae2cb0) 
thrown [s\src\hotspot\share\interpreter\linkResolver.cpp, line 784]
Event: 8.401 Thread 0x0000022b60fa3260 Exception <a 'java/lang/NoSuchMethodError'{0x000000008d62b0b0}: 'int java.lang.invoke.DirectMethodHandle$Holder.invokeSpecial(java.lang.Object, java.lang.Object, int)'> (0x000000008d62b0b0) 
thrown [s\src\hotspot\share\interpreter\linkResolver.cpp, line 784]
Event: 10.882 Thread 0x0000022b60fa3260 Exception <a 'java/lang/NoSuchMethodError'{0x000000008c43d880}: 'java.lang.Object java.lang.invoke.DirectMethodHandle$Holder.newInvokeSpecial(java.lang.Object, java.lang.Object, java.lang.Object, java.lang.Object, java.lang.Object, java.lang.Object, java.lang.Object, java.lang.Object, java.lang.Object, java.lang.Object, int)'> (0x000000008c43d880) 
thrown [s\src\hotspot\share\interpreter\linkResolver.cpp, line 784]
Event: 10.882 Thread 0x0000022b60fa3260 Exception <a 'java/lang/NoSuchMethodError'{0x000000008c442f08}: 'java.lang.Object java.lang.invoke.DirectMethodHandle$Holder.invokeSpecial(java.lang.Object, java.lang.Object, java.lang.Object, java.lang.Object, java.lang.Object, java.lang.Object, java.lang.Object, java.lang.Object, java.lang.Object, java.lang.Object, java.lang.Object, int)'> (0x000000008c442f08) 
thrown [s\src\hotspot\share\interpreter\linkResolver.cpp, line 784]
Event: 10.883 Thread 0x0000022b60fa3260 Exception <a 'java/lang/NoSuchMethodError'{0x000000008c467ee8}: 'java.lang.Object java.lang.invoke.DirectMethodHandle$Holder.newInvokeSpecial(java.lang.Object, java.lang.Object, java.lang.Object, java.lang.Object, java.lang.Object, java.lang.Object, java.lang.Object, java.lang.Object, java.lang.Object, java.lang.Object, java.lang.Object, java.lang.Object, int)'> (0x000000008c467ee8) 
thrown [s\src\hotspot\share\interpreter\linkResolver.cpp, line 784]
Event: 10.883 Thread 0x0000022b60fa3260 Exception <a 'java/lang/NoSuchMethodError'{0x000000008c46d968}: 'java.lang.Object java.lang.invoke.DirectMethodHandle$Holder.invokeSpecial(java.lang.Object, java.lang.Object, java.lang.Object, java.lang.Object, java.lang.Object, java.lang.Object, java.lang.Object, java.lang.Object, java.lang.Object, java.lang.Object, java.lang.Object, java.lang.Object, java.lang.Object, int)'> (0x000000008c46d968) 
thrown [s\src\hotspot\share\interpreter\linkResolver.cpp, line 784]
Event: 10.884 Thread 0x0000022b60fa3260 Exception <a 'java/lang/NoSuchMethodError'{0x000000008c491770}: 'java.lang.Object java.lang.invoke.DirectMethodHandle$Holder.invokeSpecial(java.lang.Object, java.lang.Object, java.lang.Object, java.lang.Object, java.lang.Object, java.lang.Object, java.lang.Object, java.lang.Object, java.lang.Object, int, java.lang.Object)'> (0x000000008c491770) 
thrown [s\src\hotspot\share\interpreter\linkResolver.cpp, line 784]
Event: 10.889 Thread 0x0000022b60fa3260 Exception <a 'java/lang/NoSuchMethodError'{0x000000008c36fe20}: 'java.lang.Object java.lang.invoke.DirectMethodHandle$Holder.newInvokeSpecial(java.lang.Object, int, java.lang.Object, java.lang.Object)'> (0x000000008c36fe20) 
thrown [s\src\hotspot\share\interpreter\linkResolver.cpp, line 784]
Event: 10.889 Thread 0x0000022b60fa3260 Exception <a 'java/lang/NoSuchMethodError'{0x000000008c3743d0}: 'java.lang.Object java.lang.invoke.DirectMethodHandle$Holder.invokeSpecial(java.lang.Object, java.lang.Object, int, java.lang.Object, java.lang.Object)'> (0x000000008c3743d0) 
thrown [s\src\hotspot\share\interpreter\linkResolver.cpp, line 784]

ZGC Phase Switch (0 events):
No events

VM Operations (20 events):
Event: 8.353 Executing VM operation: HandshakeAllThreads (Deoptimize) done
Event: 8.364 Executing VM operation: HandshakeAllThreads (Deoptimize)
Event: 8.364 Executing VM operation: HandshakeAllThreads (Deoptimize) done
Event: 8.435 Executing VM operation: ICBufferFull
Event: 8.435 Executing VM operation: ICBufferFull done
Event: 8.495 Executing VM operation: ICBufferFull
Event: 8.495 Executing VM operation: ICBufferFull done
Event: 8.532 Executing VM operation: G1CollectForAllocation (G1 Evacuation Pause)
Event: 8.536 Executing VM operation: G1CollectForAllocation (G1 Evacuation Pause) done
Event: 9.550 Executing VM operation: Cleanup
Event: 9.729 Executing VM operation: Cleanup done
Event: 10.730 Executing VM operation: Cleanup
Event: 10.730 Executing VM operation: Cleanup done
Event: 10.865 Executing VM operation: ICBufferFull
Event: 10.865 Executing VM operation: ICBufferFull done
Event: 10.900 Executing VM operation: G1CollectForAllocation (G1 Evacuation Pause)
Event: 10.906 Executing VM operation: G1CollectForAllocation (G1 Evacuation Pause) done
Event: 10.919 Executing VM operation: HandshakeAllThreads (Deoptimize)
Event: 10.919 Executing VM operation: HandshakeAllThreads (Deoptimize) done
Event: 10.921 Executing VM operation: G1PauseRemark

Memory protections (0 events):
No events

Nmethod flushes (20 events):
Event: 10.923 Thread 0x0000022b5a8361b0 flushing  nmethod 0x0000022b44996190
Event: 10.923 Thread 0x0000022b5a8361b0 flushing  nmethod 0x0000022b44999810
Event: 10.923 Thread 0x0000022b5a8361b0 flushing  nmethod 0x0000022b44e2ee90
Event: 10.923 Thread 0x0000022b5a8361b0 flushing  nmethod 0x0000022b453f7f90
Event: 10.923 Thread 0x0000022b5a8361b0 flushing  nmethod 0x0000022b454e8610
Event: 10.923 Thread 0x0000022b5a8361b0 flushing  nmethod 0x0000022b454e8a10
Event: 10.923 Thread 0x0000022b5a8361b0 flushing  nmethod 0x0000022b448cfc90
Event: 10.923 Thread 0x0000022b5a8361b0 flushing  nmethod 0x0000022b448d1410
Event: 10.923 Thread 0x0000022b5a8361b0 flushing  nmethod 0x0000022b44b0e210
Event: 10.923 Thread 0x0000022b5a8361b0 flushing  nmethod 0x0000022b45122e90
Event: 10.923 Thread 0x0000022b5a8361b0 flushing  nmethod 0x0000022b45293010
Event: 10.923 Thread 0x0000022b5a8361b0 flushing  nmethod 0x0000022b4540fc90
Event: 10.923 Thread 0x0000022b5a8361b0 flushing  nmethod 0x0000022b45410310
Event: 10.923 Thread 0x0000022b5a8361b0 flushing  nmethod 0x0000022b45412b10
Event: 10.923 Thread 0x0000022b5a8361b0 flushing  nmethod 0x0000022b45416c90
Event: 10.923 Thread 0x0000022b5a8361b0 flushing  nmethod 0x0000022b4548b690
Event: 10.923 Thread 0x0000022b5a8361b0 flushing  nmethod 0x0000022b454da390
Event: 10.923 Thread 0x0000022b5a8361b0 flushing  nmethod 0x0000022b454ddf90
Event: 10.923 Thread 0x0000022b5a8361b0 flushing  nmethod 0x0000022b455a1e10
Event: 10.923 Thread 0x0000022b5a8361b0 flushing  nmethod 0x0000022b455a5310

Events (20 events):
Event: 10.832 Thread 0x0000022b60fa3260 Thread added: 0x0000022b64156040
Event: 10.834 Thread 0x0000022b60fa3260 Thread added: 0x0000022b641566d0
Event: 10.834 Thread 0x0000022b60fa3260 Thread added: 0x0000022b64156d60
Event: 10.834 Thread 0x0000022b60fa3260 Thread added: 0x0000022b641559b0
Event: 10.834 Thread 0x0000022b60fa3260 Thread added: 0x0000022b641538e0
Event: 10.834 Thread 0x0000022b60fa3260 Thread added: 0x0000022b641573f0
Event: 10.848 Thread 0x0000022b60fa3260 Thread added: 0x0000022b64157a80
Event: 10.848 Thread 0x0000022b60fa3260 Thread added: 0x0000022b64154600
Event: 10.848 Thread 0x0000022b60fa3260 Thread added: 0x0000022b6415b590
Event: 10.848 Thread 0x0000022b60fa3260 Thread added: 0x0000022b64159b50
Event: 10.848 Thread 0x0000022b60fa3260 Thread added: 0x0000022b6415a1e0
Event: 10.853 Thread 0x0000022b60fa3260 Thread added: 0x0000022b6415a870
Event: 10.855 Thread 0x0000022b60fa3260 Thread added: 0x0000022b641594c0
Event: 10.855 Thread 0x0000022b60fa3260 Thread added: 0x0000022b6415af00
Event: 10.855 Thread 0x0000022b60fa3260 Thread added: 0x0000022b64158110
Event: 10.855 Thread 0x0000022b60fa3260 Thread added: 0x0000022b6415bc20
Event: 10.855 Thread 0x0000022b60fa3260 Thread added: 0x0000022b641587a0
Event: 10.855 Thread 0x0000022b60fa3260 Thread added: 0x0000022b6415c2b0
Event: 10.880 Thread 0x0000022b5a932dd0 Thread added: 0x0000022b6c05b040
Event: 10.880 Thread 0x0000022b5a932dd0 Thread added: 0x0000022b6c05ed90


Dynamic libraries:
0x00007ff74f6b0000 - 0x00007ff74f6ba000 	C:\Program Files\Android\Android Studio\jbr\bin\java.exe
0x00007ffd993a0000 - 0x00007ffd99607000 	C:\Windows\SYSTEM32\ntdll.dll
0x00007ffd985e0000 - 0x00007ffd986a9000 	C:\Windows\System32\KERNEL32.DLL
0x00007ffd96850000 - 0x00007ffd96c40000 	C:\Windows\System32\KERNELBASE.dll
0x00007ffd96fe0000 - 0x00007ffd9712b000 	C:\Windows\System32\ucrtbase.dll
0x00007ffd93540000 - 0x00007ffd9355b000 	C:\Program Files\Android\Android Studio\jbr\bin\VCRUNTIME140.dll
0x00007ffd7b2a0000 - 0x00007ffd7b2b8000 	C:\Program Files\Android\Android Studio\jbr\bin\jli.dll
0x00007ffd980c0000 - 0x00007ffd98285000 	C:\Windows\System32\USER32.dll
0x00007ffd96820000 - 0x00007ffd96847000 	C:\Windows\System32\win32u.dll
0x00007ffd81bb0000 - 0x00007ffd81e4a000 	C:\Windows\WinSxS\amd64_microsoft.windows.common-controls_6595b64144ccf1df_6.0.26100.4768_none_3e0c112ce331287c\COMCTL32.dll
0x00007ffd98d40000 - 0x00007ffd98d6b000 	C:\Windows\System32\GDI32.dll
0x00007ffd98010000 - 0x00007ffd980b9000 	C:\Windows\System32\msvcrt.dll
0x00007ffd96640000 - 0x00007ffd96778000 	C:\Windows\System32\gdi32full.dll
0x00007ffd96590000 - 0x00007ffd96633000 	C:\Windows\System32\msvcp_win.dll
0x00007ffd98a80000 - 0x00007ffd98aaf000 	C:\Windows\System32\IMM32.DLL
0x00007ffd93530000 - 0x00007ffd9353c000 	C:\Program Files\Android\Android Studio\jbr\bin\vcruntime140_1.dll
0x00007ffd65960000 - 0x00007ffd659ed000 	C:\Program Files\Android\Android Studio\jbr\bin\msvcp140.dll
0x00007ffd24ac0000 - 0x00007ffd25756000 	C:\Program Files\Android\Android Studio\jbr\bin\server\jvm.dll
0x00007ffd974f0000 - 0x00007ffd975a4000 	C:\Windows\System32\ADVAPI32.dll
0x00007ffd98e10000 - 0x00007ffd98eb6000 	C:\Windows\System32\sechost.dll
0x00007ffd98300000 - 0x00007ffd98418000 	C:\Windows\System32\RPCRT4.dll
0x00007ffd97d90000 - 0x00007ffd97e04000 	C:\Windows\System32\WS2_32.dll
0x00007ffd96330000 - 0x00007ffd9638e000 	C:\Windows\SYSTEM32\POWRPROF.dll
0x00007ffd8e1a0000 - 0x00007ffd8e1d5000 	C:\Windows\SYSTEM32\WINMM.dll
0x00007ffd839d0000 - 0x00007ffd839db000 	C:\Windows\SYSTEM32\VERSION.dll
0x00007ffd96310000 - 0x00007ffd96324000 	C:\Windows\SYSTEM32\UMPDC.dll
0x00007ffd95210000 - 0x00007ffd9522b000 	C:\Windows\SYSTEM32\kernel.appcore.dll
0x00007ffd912a0000 - 0x00007ffd912aa000 	C:\Program Files\Android\Android Studio\jbr\bin\jimage.dll
0x00007ffd81e90000 - 0x00007ffd820d1000 	C:\Windows\SYSTEM32\DBGHELP.DLL
0x00007ffd97160000 - 0x00007ffd974e5000 	C:\Windows\System32\combase.dll
0x00007ffd98440000 - 0x00007ffd98520000 	C:\Windows\System32\OLEAUT32.dll
0x00007ffd7d3f0000 - 0x00007ffd7d433000 	C:\Windows\SYSTEM32\dbgcore.DLL
0x00007ffd96780000 - 0x00007ffd96819000 	C:\Windows\System32\bcryptPrimitives.dll
0x00007ffd83810000 - 0x00007ffd8381e000 	C:\Program Files\Android\Android Studio\jbr\bin\instrument.dll
0x00007ffd91280000 - 0x00007ffd912a0000 	C:\Program Files\Android\Android Studio\jbr\bin\java.dll
0x00007ffd7b190000 - 0x00007ffd7b1a8000 	C:\Program Files\Android\Android Studio\jbr\bin\zip.dll
0x00007ffd97640000 - 0x00007ffd97d8d000 	C:\Windows\System32\SHELL32.dll
0x00007ffd96c50000 - 0x00007ffd96dc3000 	C:\Windows\System32\wintypes.dll
0x00007ffd94090000 - 0x00007ffd948f0000 	C:\Windows\SYSTEM32\windows.storage.dll
0x00007ffd98730000 - 0x00007ffd98825000 	C:\Windows\System32\SHCORE.dll
0x00007ffd98290000 - 0x00007ffd982fa000 	C:\Windows\System32\shlwapi.dll
0x00007ffd963f0000 - 0x00007ffd96419000 	C:\Windows\SYSTEM32\profapi.dll
0x00007ffd85430000 - 0x00007ffd85440000 	C:\Program Files\Android\Android Studio\jbr\bin\net.dll
0x00007ffd883a0000 - 0x00007ffd884be000 	C:\Windows\SYSTEM32\WINHTTP.dll
0x00007ffd95780000 - 0x00007ffd957eb000 	C:\Windows\system32\mswsock.dll
0x00007ffd738b0000 - 0x00007ffd738c6000 	C:\Program Files\Android\Android Studio\jbr\bin\nio.dll
0x00007ffd7a290000 - 0x00007ffd7a2a0000 	C:\Program Files\Android\Android Studio\jbr\bin\verify.dll
0x00007ffd83820000 - 0x00007ffd83847000 	C:\Users\COMPUTER\.gradle\native\1def1411415f61bf3af743bc5b6707747c0891f09f0c88961ee8f79bc544acac\windows-amd64\native-platform.dll
0x00007ffd66870000 - 0x00007ffd668e8000 	C:\Users\COMPUTER\.gradle\native\0.2.7\x86_64-windows-gnu\gradle-fileevents.dll
0x00007ffd83800000 - 0x00007ffd83809000 	C:\Program Files\Android\Android Studio\jbr\bin\management.dll
0x00007ffd80510000 - 0x00007ffd8051b000 	C:\Program Files\Android\Android Studio\jbr\bin\management_ext.dll
0x00007ffd98df0000 - 0x00007ffd98df8000 	C:\Windows\System32\PSAPI.DLL
0x00007ffd94c00000 - 0x00007ffd94c33000 	C:\Windows\SYSTEM32\IPHLPAPI.DLL
0x00007ffd98ec0000 - 0x00007ffd98eca000 	C:\Windows\System32\NSI.dll
0x00007ffd85370000 - 0x00007ffd85379000 	C:\Program Files\Android\Android Studio\jbr\bin\extnet.dll
0x00007ffd95b60000 - 0x00007ffd95b7b000 	C:\Windows\SYSTEM32\CRYPTSP.dll
0x00007ffd95170000 - 0x00007ffd951ab000 	C:\Windows\system32\rsaenh.dll
0x00007ffd95820000 - 0x00007ffd9584b000 	C:\Windows\SYSTEM32\USERENV.dll
0x00007ffd963c0000 - 0x00007ffd963e6000 	C:\Windows\SYSTEM32\bcrypt.dll
0x00007ffd959c0000 - 0x00007ffd959cc000 	C:\Windows\SYSTEM32\CRYPTBASE.dll
0x00007ffd6d1b0000 - 0x00007ffd6d1b8000 	C:\Windows\system32\wshunix.dll
0x00007ffd827e0000 - 0x00007ffd827f8000 	C:\Windows\system32\napinsp.dll
0x00007ffd94c40000 - 0x00007ffd94d66000 	C:\Windows\SYSTEM32\DNSAPI.dll
0x00007ffd827a0000 - 0x00007ffd827b2000 	C:\Windows\System32\winrnr.dll
0x00007ffd7fe10000 - 0x00007ffd7fe40000 	C:\Windows\system32\nlansp_c.dll
0x00007ffd63a90000 - 0x00007ffd63ab0000 	C:\Windows\system32\wshbth.dll
0x00007ffd8d940000 - 0x00007ffd8d94b000 	C:\Windows\System32\rasadhlp.dll
0x00007ffd87b70000 - 0x00007ffd87bf6000 	C:\Windows\System32\fwpuclnt.dll

JVMTI agents:
C:\Users\COMPUTER\.gradle\wrapper\dists\gradle-8.13-bin\5xuhj0ry160q40clulazy9h7d\gradle-8.13\lib\agents\gradle-instrumentation-agent-8.13.jar path:C:\Program Files\Android\Android Studio\jbr\bin\instrument.dll, loaded, initialized, instrumentlib options:none

dbghelp: loaded successfully - version: 4.0.5 - missing functions: none
symbol engine: initialized successfully - sym options: 0x614 - pdb path: .;C:\Program Files\Android\Android Studio\jbr\bin;C:\Windows\SYSTEM32;C:\Windows\WinSxS\amd64_microsoft.windows.common-controls_6595b64144ccf1df_6.0.26100.4768_none_3e0c112ce331287c;C:\Program Files\Android\Android Studio\jbr\bin\server;C:\Users\COMPUTER\.gradle\native\1def1411415f61bf3af743bc5b6707747c0891f09f0c88961ee8f79bc544acac\windows-amd64;C:\Users\COMPUTER\.gradle\native\0.2.7\x86_64-windows-gnu

VM Arguments:
jvm_args: --add-opens=java.base/java.lang=ALL-UNNAMED --add-opens=java.base/java.lang.invoke=ALL-UNNAMED --add-opens=java.base/java.util=ALL-UNNAMED --add-opens=java.prefs/java.util.prefs=ALL-UNNAMED --add-exports=jdk.compiler/com.sun.tools.javac.api=ALL-UNNAMED --add-exports=jdk.compiler/com.sun.tools.javac.util=ALL-UNNAMED --add-opens=java.base/java.util=ALL-UNNAMED --add-opens=java.prefs/java.util.prefs=ALL-UNNAMED --add-opens=java.base/java.nio.charset=ALL-UNNAMED --add-opens=java.base/java.net=ALL-UNNAMED --add-opens=java.base/java.util.concurrent.atomic=ALL-UNNAMED --add-opens=java.xml/javax.xml.namespace=ALL-UNNAMED -Xmx2048m -Dfile.encoding=UTF-8 -Duser.country=KR -Duser.language=ko -Duser.variant -javaagent:C:\Users\COMPUTER\.gradle\wrapper\dists\gradle-8.13-bin\5xuhj0ry160q40clulazy9h7d\gradle-8.13\lib\agents\gradle-instrumentation-agent-8.13.jar 
java_command: org.gradle.launcher.daemon.bootstrap.GradleDaemon 8.13
java_class_path (initial): C:\Users\COMPUTER\.gradle\wrapper\dists\gradle-8.13-bin\5xuhj0ry160q40clulazy9h7d\gradle-8.13\lib\gradle-daemon-main-8.13.jar
Launcher Type: SUN_STANDARD

[Global flags]
     intx CICompilerCount                          = 12                                        {product} {ergonomic}
     uint ConcGCThreads                            = 5                                         {product} {ergonomic}
     uint G1ConcRefinementThreads                  = 20                                        {product} {ergonomic}
   size_t G1HeapRegionSize                         = 1048576                                   {product} {ergonomic}
    uintx GCDrainStackTargetSize                   = 64                                        {product} {ergonomic}
   size_t InitialHeapSize                          = 264241152                                 {product} {ergonomic}
   size_t MarkStackSize                            = 4194304                                   {product} {ergonomic}
   size_t MaxHeapSize                              = 2147483648                                {product} {command line}
   size_t MaxNewSize                               = 1287651328                                {product} {ergonomic}
   size_t MinHeapDeltaBytes                        = 1048576                                   {product} {ergonomic}
   size_t MinHeapSize                              = 8388608                                   {product} {ergonomic}
    uintx NonNMethodCodeHeapSize                   = 7602480                                {pd product} {ergonomic}
    uintx NonProfiledCodeHeapSize                  = 122027880                              {pd product} {ergonomic}
    uintx ProfiledCodeHeapSize                     = 122027880                              {pd product} {ergonomic}
    uintx ReservedCodeCacheSize                    = 251658240                              {pd product} {ergonomic}
     bool SegmentedCodeCache                       = true                                      {product} {ergonomic}
   size_t SoftMaxHeapSize                          = 2147483648                             {manageable} {ergonomic}
     bool UseCompressedOops                        = true                           {product lp64_product} {ergonomic}
     bool UseG1GC                                  = true                                      {product} {ergonomic}
     bool UseLargePagesIndividualAllocation        = false                                  {pd product} {ergonomic}

Logging:
Log output configuration:
 #0: stdout all=warning uptime,level,tags foldmultilines=false
 #1: stderr all=off uptime,level,tags foldmultilines=false

Environment Variables:
PATH=C:\Program Files\Common Files\Oracle\Java\javapath;C:\Windows\system32;C:\Windows;C:\Windows\System32\Wbem;C:\Windows\System32\WindowsPowerShell\v1.0\;C:\Windows\System32\OpenSSH\;C:\Program Files (x86)\Windows Kits\10\Windows Performance Toolkit\;C:\Users\COMPUTER\AppData\Local\Android\Sdk\tools;C:\Users\COMPUTER\AppData\Local\Android\Sdk\platform-tools;C:\Program Files\Git\cmd;C:\Program Files\Git\bin\git.exe;C:\Program Files\Git\cmd\git.exe;C:\Users\COMPUTER\anaconda3;C:\Users\COMPUTER\anaconda3\Library\mingw-w64\bin;C:\Users\COMPUTER\anaconda3\Library\usr\bin;C:\Users\COMPUTER\anaconda3\Library\bin;C:\Users\COMPUTER\anaconda3\Scripts;C:\Users\COMPUTER\AppData\Local\Programs\Python\Launcher\;C:\Users\COMPUTER\AppData\Local\Microsoft\WindowsApps;C:\Users\COMPUTER\AppData\Local\GitHubDesktop\bin;C:\Program Files\JetBrains\IntelliJ IDEA Community Edition 2025.2\bin;C:\Users\COMPUTER\AppData\Local\Programs\Microsoft VS Code\bin;C:\Users\COMPUTER\AppData\Local\Android\Sdk;
USERNAME=COMPUTER
TMPDIR=C:\Users\Public\Documents\ESTsoft\CreatorTemp
OS=Windows_NT
PROCESSOR_IDENTIFIER=Intel64 Family 6 Model 183 Stepping 1, GenuineIntel
TMP=C:\Users\COMPUTER\AppData\Local\Temp
TEMP=C:\Users\COMPUTER\AppData\Local\Temp




Periodic native trim disabled

JNI global refs:
JNI global refs: 40, weak refs: 5

JNI global refs memory usage: 835, weak refs: 833

Process memory usage:
Resident Set Size: 633284K (3% of 16424388K total physical memory with 5415032K free physical memory)

OOME stack traces (most recent first):
Classloader memory used:
Loader org.gradle.internal.classloader.VisitableURLClassLoader                         : 44253K
Loader org.gradle.internal.classloader.VisitableURLClassLoader$InstrumentingVisitableURLClassLoader: 33145K
Loader bootstrap                                                                       : 30161K
Loader org.gradle.initialization.MixInLegacyTypesClassLoader                           : 14394K
Loader org.gradle.internal.classloader.VisitableURLClassLoader                         : 6548K
Loader jdk.internal.loader.ClassLoaders$PlatformClassLoader                            : 560K
Loader jdk.internal.reflect.DelegatingClassLoader                                      : 527K
Loader jdk.internal.loader.ClassLoaders$AppClassLoader                                 : 235K
Loader org.gradle.groovy.scripts.internal.DefaultScriptCompilationHandler$ScriptClassLoader: 90104B
Loader org.codehaus.groovy.runtime.callsite.CallSiteClassLoader                        : 49928B

Classes loaded by more than one classloader:
Class Program                                                                         : loaded 5 times (x 72B)
Class com.google.common.collect.ImmutableList$SubList                                 : loaded 3 times (x 209B)
Class com.google.common.collect.ImmutableSet$SetBuilderImpl                           : loaded 3 times (x 76B)
Class com.google.common.collect.ImmutableList                                         : loaded 3 times (x 206B)
Class Build_gradle                                                                    : loaded 3 times (x 130B)
Class com.google.common.collect.RangeSet                                              : loaded 3 times (x 70B)
Class com.google.common.base.Joiner$2                                                 : loaded 3 times (x 79B)
Class com.google.common.collect.RangeGwtSerializationDependencies                     : loaded 3 times (x 71B)
Class com.google.common.collect.PeekingIterator                                       : loaded 3 times (x 70B)
Class com.google.common.base.Joiner$1                                                 : loaded 3 times (x 80B)
Class com.google.common.base.Preconditions                                            : loaded 3 times (x 71B)
Class com.google.common.collect.ImmutableSet$RegularSetBuilderImpl                    : loaded 3 times (x 77B)
Class com.google.common.collect.ImmutableRangeSet$ComplementRanges                    : loaded 3 times (x 207B)
Class org.gradle.internal.IoActions                                                   : loaded 3 times (x 71B)
Class org.gradle.api.GradleException                                                  : loaded 3 times (x 82B)
Class com.google.common.collect.AbstractRangeSet                                      : loaded 3 times (x 114B)
Class com.google.common.base.Predicate                                                : loaded 3 times (x 70B)
Class org.gradle.api.Action                                                           : loaded 3 times (x 70B)
Class org.gradle.internal.Cast                                                        : loaded 3 times (x 71B)
Class com.google.common.collect.ImmutableSet                                          : loaded 3 times (x 145B)
Class com.google.common.collect.ImmutableRangeSet$Builder                             : loaded 3 times (x 77B)
Class Build_gradle$1                                                                  : loaded 3 times (x 74B)
Class com.google.common.collect.RegularImmutableList                                  : loaded 3 times (x 213B)
Class com.google.common.collect.ImmutableList$1                                       : loaded 3 times (x 97B)
Class com.google.common.base.Function                                                 : loaded 3 times (x 70B)
Class com.google.common.collect.RegularImmutableSortedSet                             : loaded 3 times (x 300B)
Class com.google.common.collect.Iterators$MergingIterator                             : loaded 3 times (x 81B)
Class com.google.common.collect.ImmutableSortedSet                                    : loaded 3 times (x 300B)
Class com.google.common.collect.ImmutableAsList                                       : loaded 3 times (x 209B)
Class com.google.common.collect.Iterators$9                                           : loaded 3 times (x 81B)
Class com.google.common.collect.ImmutableSet$CachingAsList                            : loaded 3 times (x 148B)
Class com.google.common.collect.Lists                                                 : loaded 3 times (x 71B)
Class com.google.common.collect.ImmutableCollection                                   : loaded 3 times (x 125B)
Class com.google.common.collect.Iterators$5                                           : loaded 3 times (x 82B)
Class com.google.common.collect.Iterators$4                                           : loaded 3 times (x 82B)
Class com.google.common.collect.SortedIterable                                        : loaded 3 times (x 70B)
Class com.google.common.collect.SingletonImmutableSet                                 : loaded 3 times (x 146B)
Class com.google.common.collect.Iterators$1                                           : loaded 3 times (x 81B)
Class com.google.common.collect.ImmutableList$ReverseImmutableList                    : loaded 3 times (x 209B)
Class com.google.common.collect.UnmodifiableListIterator                              : loaded 3 times (x 95B)
Class org.gradle.api.UncheckedIOException                                             : loaded 3 times (x 82B)
Class com.google.common.collect.SingletonImmutableList                                : loaded 3 times (x 207B)
Class com.google.common.collect.RegularImmutableSet                                   : loaded 3 times (x 149B)
Class com.google.common.collect.AbstractIndexedListIterator                           : loaded 3 times (x 96B)
Class com.google.common.collect.AbstractIterator                                      : loaded 3 times (x 82B)
Class com.google.common.collect.Lists$StringAsImmutableList                           : loaded 3 times (x 207B)
Class com.google.common.collect.Iterators                                             : loaded 3 times (x 71B)
Class com.google.common.collect.Range                                                 : loaded 3 times (x 87B)
Class com.google.common.collect.RegularImmutableAsList                                : loaded 3 times (x 217B)
Class com.google.common.collect.ImmutableRangeSet$1                                   : loaded 3 times (x 210B)
Class com.google.common.collect.ImmutableList$Builder                                 : loaded 3 times (x 77B)
Class com.google.common.collect.UnmodifiableIterator                                  : loaded 3 times (x 80B)
Class com.google.common.base.Joiner                                                   : loaded 3 times (x 79B)
Class com.google.common.collect.ImmutableCollection$Builder                           : loaded 3 times (x 76B)
Class com.google.common.collect.Iterators$ArrayItr                                    : loaded 3 times (x 97B)
Class com.google.common.collect.ImmutableRangeSet$AsSet                               : loaded 3 times (x 300B)
Class com.google.common.collect.ImmutableRangeSet                                     : loaded 3 times (x 115B)
Class org.jetbrains.plugins.gradle.tooling.serialization.internal.IdeaProjectSerializationService: loaded 2 times (x 77B)
Class com.google.common.collect.Ordering                                              : loaded 2 times (x 114B)
Class kotlin.sequences.SequencesKt___SequencesKt$flatMap$2                            : loaded 2 times (x 125B)
Class org.gradle.api.internal.classpath.EffectiveClassPath                            : loaded 2 times (x 90B)
Class com.android.builder.model.v2.models.AndroidDsl                                  : loaded 2 times (x 70B)
Class [Lcom.android.ide.common.repository.AgpVersion$PreviewKind;                     : loaded 2 times (x 69B)
Class com.google.common.collect.ListMultimap                                          : loaded 2 times (x 70B)
Class com.google.common.collect.ImmutableEnumMap                                      : loaded 2 times (x 126B)
Class kotlin.text.StringsKt__AppendableKt                                             : loaded 2 times (x 71B)
Class org.gradle.tooling.internal.gradle.DefaultProjectIdentifier                     : loaded 2 times (x 86B)
Class com.android.ide.common.gradle.Numeric                                           : loaded 2 times (x 77B)
Class com.google.common.collect.Sets$1                                                : loaded 2 times (x 139B)
Class org.objectweb.asm.AnnotationVisitor                                             : loaded 2 times (x 78B)
Class com.intellij.gradle.toolingExtension.impl.model.buildScriptClasspathModel.GradleBuildScriptClasspathSerializationService$ReadContext: loaded 2 times (x 72B)
Class org.gradle.internal.impldep.gnu.trove.TObjectIntHashMap                         : loaded 2 times (x 109B)
Class com.google.common.collect.ComparatorOrdering                                    : loaded 2 times (x 115B)
Class org.gradle.api.internal.DefaultClassPathProvider                                : loaded 2 times (x 76B)
Class com.android.builder.model.v2.models.BasicAndroidProject                         : loaded 2 times (x 70B)
Class com.google.common.collect.Sets$2                                                : loaded 2 times (x 139B)
Class kotlin.text.StringsKt__StringNumberConversionsJVMKt                             : loaded 2 times (x 71B)
Class com.google.common.collect.NaturalOrdering                                       : loaded 2 times (x 115B)
Class kotlin.text.MatchResult                                                         : loaded 2 times (x 70B)
Class kotlin.sequences.SequenceScope                                                  : loaded 2 times (x 73B)
Class kotlin.sequences.Sequence                                                       : loaded 2 times (x 70B)
Class org.gradle.tooling.ToolingModelContract                                         : loaded 2 times (x 70B)
Class [Lorg.gradle.api.internal.ClassPathProvider;                                    : loaded 2 times (x 69B)
Class org.gradle.api.internal.ClassPathProvider                                       : loaded 2 times (x 70B)
Class [Lorg.objectweb.asm.AnnotationVisitor;                                          : loaded 2 times (x 69B)
Class com.google.common.collect.Sets$3                                                : loaded 2 times (x 139B)
Class com.google.common.util.concurrent.AbstractFuture$SafeAtomicHelper               : loaded 2 times (x 79B)
Class com.google.common.cache.LocalCache$LocalLoadingCache                            : loaded 2 times (x 134B)
Class org.gradle.internal.impldep.gnu.trove.TObjectHash$NULL                          : loaded 2 times (x 71B)
Class kotlin.collections.CollectionsKt___CollectionsKt$asSequence$$inlined$Sequence$1 : loaded 2 times (x 75B)
Class org.gradle.internal.service.UnknownServiceException                             : loaded 2 times (x 83B)
Class com.google.common.collect.Sets$4                                                : loaded 2 times (x 139B)
Class org.objectweb.asm.ModuleVisitor                                                 : loaded 2 times (x 81B)
Class com.google.common.cache.LocalCache$Strength$1                                   : loaded 2 times (x 81B)
Class org.jetbrains.kotlin.idea.gradleTooling.model.kapt.KaptGradleModel              : loaded 2 times (x 70B)
Class org.jetbrains.kotlin.idea.gradleTooling.KotlinDslScriptAdditionalTask           : loaded 2 times (x 70B)
Class org.jetbrains.plugins.gradle.model.ClasspathEntryModel                          : loaded 2 times (x 70B)
Class com.google.common.util.concurrent.SettableFuture                                : loaded 2 times (x 114B)
Class com.google.common.cache.LocalCache$Strength$2                                   : loaded 2 times (x 81B)
Class org.jetbrains.plugins.gradle.tooling.serialization.GradleExtensionsSerializationService: loaded 2 times (x 77B)
Class org.gradle.api.JavaVersion                                                      : loaded 2 times (x 79B)
Class org.gradle.tooling.model.Dependency                                             : loaded 2 times (x 70B)
Class com.android.builder.model.v2.ide.AbstractArtifact                               : loaded 2 times (x 70B)
Class com.google.common.cache.LocalCache$Strength$3                                   : loaded 2 times (x 81B)
Class com.google.common.collect.MapDifference                                         : loaded 2 times (x 70B)
Class com.intellij.openapi.externalSystem.model.project.dependencies.ResolutionState  : loaded 2 times (x 79B)
Class kotlin.text.StringsKt__RegexExtensionsJVMKt                                     : loaded 2 times (x 71B)
Class com.google.common.collect.AllEqualOrdering                                      : loaded 2 times (x 114B)
Class kotlin.collections.ArraysKt___ArraysJvmKt                                       : loaded 2 times (x 71B)
Class kotlin.collections.CollectionsKt__CollectionsKt                                 : loaded 2 times (x 71B)
Class org.objectweb.asm.FieldWriter                                                   : loaded 2 times (x 78B)
Class com.google.common.cache.CacheBuilder$NullListener                               : loaded 2 times (x 82B)
Class kotlin.text.Regex$Companion                                                     : loaded 2 times (x 71B)
Class org.gradle.internal.classpath.TransformedClassPath                              : loaded 2 times (x 96B)
Class org.gradle.internal.classloader.InstrumentingClassLoader                        : loaded 2 times (x 70B)
Class com.google.common.collect.ImmutableListMultimap                                 : loaded 2 times (x 176B)
Class [Lcom.google.common.collect.ImmutableMapEntry;                                  : loaded 2 times (x 69B)
Class com.google.common.cache.CacheLoader$FunctionToCacheLoader                       : loaded 2 times (x 75B)
Class org.gradle.internal.classloader.ClassLoaderVisitor                              : loaded 2 times (x 76B)
Class kotlin.collections.AbstractList$Companion                                       : loaded 2 times (x 71B)
Class kotlin.jvm.internal.FunctionReference                                           : loaded 2 times (x 122B)
Class [Lkotlin.coroutines.intrinsics.CoroutineSingletons;                             : loaded 2 times (x 69B)
Class kotlin.jvm.internal.FunctionBase                                                : loaded 2 times (x 70B)
Class kotlin.enums.EnumEntriesList                                                    : loaded 2 times (x 223B)
Class com.google.common.collect.EmptyImmutableListMultimap                            : loaded 2 times (x 176B)
Class com.google.common.collect.BaseImmutableMultimap                                 : loaded 2 times (x 123B)
Class kotlin.sequences.SequencesKt___SequencesKt                                      : loaded 2 times (x 71B)
Class com.google.common.base.MoreObjects                                              : loaded 2 times (x 71B)
Class kotlin.comparisons.ComparisonsKt___ComparisonsJvmKt                             : loaded 2 times (x 71B)
Class kotlin.collections.CollectionsKt__IteratorsJVMKt                                : loaded 2 times (x 71B)
Class com.android.builder.model.v2.ide.TestInfo$Execution                             : loaded 2 times (x 79B)
Class com.google.common.collect.Platform                                              : loaded 2 times (x 71B)
Class [Lorg.objectweb.asm.Type;                                                       : loaded 2 times (x 69B)
Class kotlin.text.MatcherMatchResult$groupValues$1                                    : loaded 2 times (x 198B)
Class org.jetbrains.kotlin.idea.gradleTooling.KotlinSourceSetContainer                : loaded 2 times (x 70B)
Class org.jetbrains.plugins.gradle.model.IntelliJSettings                             : loaded 2 times (x 70B)
Class kotlin.Result                                                                   : loaded 2 times (x 72B)
Class org.gradle.internal.service.ServiceLocator                                      : loaded 2 times (x 70B)
Class com.google.common.base.Ascii                                                    : loaded 2 times (x 71B)
Class com.google.common.collect.SingletonImmutableBiMap                               : loaded 2 times (x 143B)
Class com.google.common.cache.LocalCache$1                                            : loaded 2 times (x 89B)
Class com.google.common.collect.Iterators$SingletonIterator                           : loaded 2 times (x 81B)
Class com.google.common.collect.AbstractMapEntry                                      : loaded 2 times (x 81B)
Class com.intellij.gradle.toolingExtension.util.GradleVersionUtil                     : loaded 2 times (x 71B)
Class com.android.ide.gradle.model.GradlePropertiesModel                              : loaded 2 times (x 70B)
Class kotlin.sequences.TransformingSequence$iterator$1                                : loaded 2 times (x 79B)
Class kotlin.Pair                                                                     : loaded 2 times (x 72B)
Class org.gradle.tooling.internal.adapter.ProtocolToModelAdapter$SupportedPropertyInvoker: loaded 2 times (x 76B)
Class org.gradle.tooling.model.UnsupportedMethodException                             : loaded 2 times (x 82B)
Class com.android.builder.model.v2.ide.BytecodeTransformation                         : loaded 2 times (x 79B)
Class com.google.common.collect.Sets$ImprovedAbstractSet                              : loaded 2 times (x 135B)
Class com.google.common.collect.ReverseNaturalOrdering                                : loaded 2 times (x 114B)
Class com.google.common.collect.AbstractMultimap                                      : loaded 2 times (x 123B)
Class com.google.common.cache.LocalCache$2                                            : loaded 2 times (x 142B)
Class kotlin.collections.CollectionsKt__MutableCollectionsKt                          : loaded 2 times (x 71B)
Class com.android.builder.model.v2.ide.CodeShrinker                                   : loaded 2 times (x 79B)
Class org.gradle.internal.classloader.DefaultClassLoaderFactory                       : loaded 2 times (x 82B)
Class com.google.common.util.concurrent.AbstractFuture$UnsafeAtomicHelper$1           : loaded 2 times (x 76B)
Class com.intellij.util.containers.IntObjectHashMap$ArrayProducer                     : loaded 2 times (x 70B)
Class org.jetbrains.plugins.gradle.tooling.serialization.AnnotationProcessingModelSerializationService$WriteContext: loaded 2 times (x 72B)
Class org.gradle.internal.impldep.gnu.trove.THash                                     : loaded 2 times (x 81B)
Class kotlin.io.TerminateException                                                    : loaded 2 times (x 82B)
Class kotlin.io.FilesKt__FilePathComponentsKt                                         : loaded 2 times (x 71B)
Class kotlin.reflect.KCallable                                                        : loaded 2 times (x 70B)
Class org.jetbrains.kotlin.idea.gradleTooling.AndroidAwareGradleModelProvider$Companion: loaded 2 times (x 71B)
Class com.google.common.util.concurrent.AbstractFuture$Trusted                        : loaded 2 times (x 70B)
Class com.google.common.base.Suppliers                                                : loaded 2 times (x 71B)
Class com.intellij.compose.ide.plugin.gradleTooling.rt.ComposeResourcesModel          : loaded 2 times (x 70B)
Class org.jetbrains.plugins.gradle.tooling.serialization.ProjectDependenciesSerializationService$WriteContext: loaded 2 times (x 72B)
Class org.jetbrains.plugins.gradle.tooling.serialization.ProjectDependenciesSerializationService: loaded 2 times (x 77B)
Class kotlin.text.CharsKt                                                             : loaded 2 times (x 71B)
Class org.gradle.tooling.model.kotlin.dsl.KotlinDslScriptModel                        : loaded 2 times (x 70B)
Class org.gradle.tooling.internal.adapter.CollectionMapper                            : loaded 2 times (x 73B)
Class [Lcom.android.builder.model.v2.ide.LibraryType;                                 : loaded 2 times (x 69B)
Class com.android.builder.model.v2.ide.LibraryType                                    : loaded 2 times (x 79B)
Class [Lcom.google.common.cache.CacheBuilder$OneWeigher;                              : loaded 2 times (x 69B)
Class com.google.common.util.concurrent.UncheckedExecutionException                   : loaded 2 times (x 82B)
Class org.gradle.kotlin.dsl.VersionCatalogAccessorsKt                                 : loaded 2 times (x 71B)
Class org.gradle.internal.impldep.gnu.trove.Equality                                  : loaded 2 times (x 70B)
Class com.google.common.collect.ExplicitOrdering                                      : loaded 2 times (x 115B)
Class com.intellij.gradle.toolingExtension.impl.model.buildScriptClasspathModel.GradleBuildScriptClasspathSerializationService$WriteContext: loaded 2 times (x 72B)
Class org.gradle.tooling.internal.adapter.ProtocolToModelAdapter                      : loaded 2 times (x 80B)
Class org.gradle.internal.InternalTransformer                                         : loaded 2 times (x 70B)
Class com.android.builder.model.v2.ide.AndroidGradlePluginProjectFlags$BooleanFlag    : loaded 2 times (x 79B)
Class com.google.common.collect.AbstractMapBasedMultimap$KeySet$1                     : loaded 2 times (x 82B)
Class com.android.ide.common.gradle.Separator                                         : loaded 2 times (x 79B)
Class org.objectweb.asm.ClassWriter                                                   : loaded 2 times (x 106B)
Class com.google.common.cache.CacheLoader$UnsupportedLoadingOperationException        : loaded 2 times (x 82B)
Class com.google.common.base.CharMatcher$And                                          : loaded 2 times (x 112B)
Class org.gradle.internal.impldep.gnu.trove.TObjectCanonicalHashingStrategy           : loaded 2 times (x 80B)
Class kotlin.collections.MapsKt__MapsJVMKt                                            : loaded 2 times (x 71B)
Class kotlin.collections.EmptyList                                                    : loaded 2 times (x 174B)
Class org.gradle.internal.time.DefaultTimer                                           : loaded 2 times (x 80B)
Class org.gradle.internal.classloader.ClasspathUtil$1                                 : loaded 2 times (x 76B)
Class org.objectweb.asm.FieldVisitor                                                  : loaded 2 times (x 77B)
Class com.google.common.collect.IndexedImmutableSet                                   : loaded 2 times (x 152B)
Class com.google.common.collect.ImmutableMap$1                                        : loaded 2 times (x 81B)
Class com.google.common.collect.BiMap                                                 : loaded 2 times (x 70B)
Class org.gradle.tooling.internal.adapter.ProtocolToModelAdapter$ViewKey              : loaded 2 times (x 72B)
Class org.gradle.api.internal.classpath.DefaultModuleRegistry$DefaultModule           : loaded 2 times (x 86B)
Class com.android.builder.model.v2.CustomSourceDirectory                              : loaded 2 times (x 70B)
Class com.google.common.primitives.Ints                                               : loaded 2 times (x 71B)
Class com.android.ide.common.repository.AgpVersion                                    : loaded 2 times (x 75B)
Class org.objectweb.asm.MethodTooLargeException                                       : loaded 2 times (x 83B)
Class com.google.common.collect.NullsFirstOrdering                                    : loaded 2 times (x 115B)
Class kotlin.ResultKt                                                                 : loaded 2 times (x 71B)
Class org.gradle.tooling.internal.adapter.ProtocolToModelAdapter$PropertyCachingMethodInvoker: loaded 2 times (x 76B)
Class com.android.builder.model.v2.models.ProjectSyncIssues                           : loaded 2 times (x 70B)
Class com.google.common.collect.ObjectArrays                                          : loaded 2 times (x 71B)
Class com.google.common.collect.Multiset                                              : loaded 2 times (x 70B)
Class com.google.common.collect.ArrayListMultimapGwtSerializationDependencies         : loaded 2 times (x 172B)
Class com.google.common.base.Platform$JdkPatternCompiler                              : loaded 2 times (x 75B)
Class com.google.common.math.MathPreconditions                                        : loaded 2 times (x 71B)
Class com.intellij.openapi.externalSystem.model.ExternalSystemException               : loaded 2 times (x 86B)
Class org.jetbrains.plugins.gradle.model.ExternalTask                                 : loaded 2 times (x 70B)
Class kotlin.Result$Failure                                                           : loaded 2 times (x 72B)
Class kotlin.collections.ArraysKt__ArraysKt                                           : loaded 2 times (x 71B)
Class org.gradle.internal.time.DefaultCountdownTimer                                  : loaded 2 times (x 88B)
Class com.google.common.collect.ImmutableMapEntrySet                                  : loaded 2 times (x 152B)
Class org.jetbrains.plugins.gradle.model.GradleTaskModel                              : loaded 2 times (x 70B)
Class org.jetbrains.plugins.gradle.tooling.util.ObjectCollector                       : loaded 2 times (x 72B)
Class kotlin.collections.SetsKt__SetsJVMKt                                            : loaded 2 times (x 71B)
Class org.gradle.tooling.internal.adapter.ProtocolToModelAdapter$AdaptingMethodInvoker: loaded 2 times (x 76B)
Class org.gradle.tooling.internal.gradle.DefaultBuildIdentifier                       : loaded 2 times (x 79B)
Class kotlin.Function                                                                 : loaded 2 times (x 70B)
Class org.gradle.api.internal.classpath.Module                                        : loaded 2 times (x 70B)
Class com.google.common.cache.Weigher                                                 : loaded 2 times (x 70B)
Class com.intellij.openapi.externalSystem.model.project.IExternalSystemSourceType     : loaded 2 times (x 70B)
Class kotlin.io.FileAlreadyExistsException                                            : loaded 2 times (x 82B)
Class kotlin.internal.ProgressionUtilKt                                               : loaded 2 times (x 71B)
Class org.gradle.api.internal.classpath.UnknownModuleException                        : loaded 2 times (x 82B)
Class com.google.common.base.Stopwatch                                                : loaded 2 times (x 72B)
Class com.google.common.cache.LocalCache$Strength                                     : loaded 2 times (x 81B)
Class com.google.common.cache.Cache                                                   : loaded 2 times (x 70B)
Class com.intellij.openapi.externalSystem.model.project.dependencies.ProjectDependencies: loaded 2 times (x 70B)
Class org.jetbrains.plugins.gradle.tooling.serialization.ProjectDependenciesSerializationService$ReadContext: loaded 2 times (x 72B)
Class org.gradle.internal.impldep.gnu.trove.TObjectIdentityHashingStrategy            : loaded 2 times (x 78B)
Class com.google.common.util.concurrent.AbstractFuture$Cancellation                   : loaded 2 times (x 72B)
Class com.google.common.collect.ImmutableMap$Builder                                  : loaded 2 times (x 82B)
Class com.google.common.cache.RemovalListener                                         : loaded 2 times (x 70B)
Class org.jetbrains.plugins.gradle.tooling.serialization.RepositoriesModelSerializationService: loaded 2 times (x 82B)
Class com.android.ide.gradle.model.artifacts.AdditionalClassifierArtifactsModel       : loaded 2 times (x 70B)
Class org.gradle.tooling.internal.gradle.GradleProjectIdentity                        : loaded 2 times (x 70B)
Class org.gradle.api.internal.DefaultClassPathRegistry                                : loaded 2 times (x 76B)
Class com.google.common.collect.ImmutableMultimap$Keys                                : loaded 2 times (x 166B)
Class com.android.builder.model.v2.ide.JavaArtifact                                   : loaded 2 times (x 70B)
Class com.google.common.primitives.IntsMethodsForWeb                                  : loaded 2 times (x 71B)
Class com.google.common.collect.Multimap                                              : loaded 2 times (x 70B)
Class org.jetbrains.plugins.gradle.tooling.serialization.RepositoriesModelSerializationService$ReadContext: loaded 2 times (x 72B)
Class kotlin.ranges.ClosedRange                                                       : loaded 2 times (x 70B)
Class org.gradle.api.internal.ClassPathRegistry                                       : loaded 2 times (x 70B)
Class org.gradle.internal.classpath.DefaultClassPath$ImmutableUniqueList              : loaded 2 times (x 199B)
Class com.intellij.gradle.toolingExtension.impl.model.projectModel.GradleExternalProjectSerializationService$WriteContext: loaded 2 times (x 73B)
Class kotlin.text.StringsKt__StringsJVMKt                                             : loaded 2 times (x 71B)
Class kotlin.collections.IntIterator                                                  : loaded 2 times (x 82B)
Class com.google.common.collect.NullnessCasts                                         : loaded 2 times (x 71B)
Class org.gradle.internal.operations.MultipleBuildOperationFailures                   : loaded 2 times (x 95B)
Class com.android.builder.model.v2.dsl.SigningConfig                                  : loaded 2 times (x 70B)
Class com.android.builder.model.v2.models.AndroidProject                              : loaded 2 times (x 70B)
Class com.android.builder.model.v2.AndroidModel                                       : loaded 2 times (x 70B)
Class com.google.common.cache.CacheBuilder                                            : loaded 2 times (x 72B)
Class org.gradle.tooling.internal.adapter.MethodInvocation                            : loaded 2 times (x 85B)
Class Settings_gradle$1                                                               : loaded 2 times (x 74B)
Class kotlin.text.StringsKt__IndentKt                                                 : loaded 2 times (x 71B)
Class kotlin.collections.SetsKt                                                       : loaded 2 times (x 71B)
Class kotlin.sequences.TransformingSequence                                           : loaded 2 times (x 75B)
Class org.gradle.internal.classpath.ClassPath                                         : loaded 2 times (x 70B)
Class com.google.common.base.JdkPattern                                               : loaded 2 times (x 75B)
Class org.objectweb.asm.ClassVisitor                                                  : loaded 2 times (x 88B)
Class org.jetbrains.plugins.gradle.tooling.serialization.KotlinDslScriptsModelSerializationService: loaded 2 times (x 81B)
Class kotlin.reflect.KFunction                                                        : loaded 2 times (x 70B)
Class kotlin.collections.ArrayDeque                                                   : loaded 2 times (x 207B)
Class org.objectweb.asm.SymbolTable$Entry                                             : loaded 2 times (x 74B)
Class com.google.common.util.concurrent.AbstractFuture$AtomicHelper                   : loaded 2 times (x 78B)
Class org.jetbrains.kotlin.idea.gradleTooling.KotlinGradleModel                       : loaded 2 times (x 70B)
Class org.jetbrains.plugins.gradle.tooling.serialization.ExternalTestsSerializationService$WriteContext: loaded 2 times (x 72B)
Class kotlin.collections.MapsKt__MapsKt                                               : loaded 2 times (x 71B)
Class com.android.builder.model.v2.ide.Variant                                        : loaded 2 times (x 70B)
Class org.objectweb.asm.Edge                                                          : loaded 2 times (x 72B)
Class com.google.common.base.Suppliers$SupplierOfInstance                             : loaded 2 times (x 79B)
Class [Lorg.objectweb.asm.Symbol;                                                     : loaded 2 times (x 69B)
Class org.gradle.tooling.model.Model                                                  : loaded 2 times (x 70B)
Class com.google.common.cache.LocalCache$ComputingValueReference                      : loaded 2 times (x 96B)
Class com.android.utils.FileUtils                                                     : loaded 2 times (x 71B)
Class com.google.common.collect.ImmutableMap$IteratorBasedImmutableMap                : loaded 2 times (x 126B)
Class com.android.ide.gradle.model.composites.BuildMap                                : loaded 2 times (x 70B)
Class kotlin.text.MatchResult$Destructured                                            : loaded 2 times (x 72B)
Class kotlin.Metadata                                                                 : loaded 2 times (x 70B)
Class kotlin.UninitializedPropertyAccessException                                     : loaded 2 times (x 82B)
Class com.android.builder.model.v2.ide.Library                                        : loaded 2 times (x 70B)
Class com.android.builder.model.v2.ide.ArtifactDependenciesAdjacencyList              : loaded 2 times (x 70B)
Class com.android.builder.model.v2.models.Versions                                    : loaded 2 times (x 70B)
Class com.google.common.cache.LocalCache$Segment                                      : loaded 2 times (x 154B)
Class org.jetbrains.plugins.gradle.model.IntelliJProjectSettings                      : loaded 2 times (x 70B)
Class org.gradle.tooling.internal.adapter.ProtocolToModelAdapter$MethodInvocationCache: loaded 2 times (x 73B)
Class com.android.builder.model.v2.ide.AaptOptions$Namespacing                        : loaded 2 times (x 79B)
Class com.android.builder.model.v2.models.ndk.NativeModule                            : loaded 2 times (x 70B)
Class com.google.common.collect.AbstractListMultimap                                  : loaded 2 times (x 172B)
Class [Lorg.objectweb.asm.SymbolTable$Entry;                                          : loaded 2 times (x 69B)
Class com.google.common.cache.CacheLoader                                             : loaded 2 times (x 74B)
Class org.gradle.tooling.internal.adapter.TargetTypeProvider                          : loaded 2 times (x 70B)
Class com.google.common.collect.ImmutableBiMap                                        : loaded 2 times (x 143B)
Class org.jetbrains.plugins.gradle.model.ExternalDependency                           : loaded 2 times (x 70B)
Class com.intellij.util.containers.IntObjectHashMap                                   : loaded 2 times (x 72B)
Class org.gradle.internal.installation.GradleInstallation$1                           : loaded 2 times (x 75B)
Class org.gradle.api.internal.classpath.ModuleRegistry                                : loaded 2 times (x 70B)
Class com.android.builder.model.v2.ide.PrivacySandboxSdkInfo                          : loaded 2 times (x 70B)
Class com.google.common.util.concurrent.internal.InternalFutureFailureAccess          : loaded 2 times (x 72B)
Class com.android.ide.common.repository.AgpVersion$PreviewKind$Companion              : loaded 2 times (x 71B)
Class kotlin.ranges.IntProgression$Companion                                          : loaded 2 times (x 71B)
Class com.google.common.collect.ImmutableSet$JdkBackedSetBuilderImpl                  : loaded 2 times (x 76B)
Class org.jetbrains.plugins.gradle.model.VersionCatalogsModel                         : loaded 2 times (x 70B)
Class com.intellij.gradle.toolingExtension.impl.model.sourceSetDependencyModel.GradleSourceSetDependencySerialisationService$SourceSetDependencyModelReadContext: loaded 2 times (x 72B)
Class com.intellij.gradle.toolingExtension.impl.model.dependencyModel.DependencyReadContext: loaded 2 times (x 72B)
Class org.gradle.tooling.internal.adapter.ObjectGraphAdapter                          : loaded 2 times (x 70B)
Class com.google.common.collect.ImmutableMultimap$Values                              : loaded 2 times (x 126B)
Class com.android.builder.model.v2.ide.Installation                                   : loaded 2 times (x 70B)
Class com.google.common.util.concurrent.AbstractFuture$UnsafeAtomicHelper             : loaded 2 times (x 78B)
Class com.google.common.cache.LocalCache$LocalManualCache$1                           : loaded 2 times (x 75B)
Class com.google.common.base.CharMatcher$ForPredicate                                 : loaded 2 times (x 112B)
Class org.jetbrains.plugins.gradle.model.ProjectImportModelProvider                   : loaded 2 times (x 70B)
Class org.jetbrains.plugins.gradle.model.ExternalSourceSet                            : loaded 2 times (x 70B)
Class com.intellij.gradle.toolingExtension.impl.model.warmUp.GradleTaskWarmUpRequest  : loaded 2 times (x 70B)
Class com.google.common.collect.ImmutableSortedAsList                                 : loaded 2 times (x 221B)
Class kotlin.text.RegexKt                                                             : loaded 2 times (x 71B)
Class kotlin.coroutines.intrinsics.IntrinsicsKt__IntrinsicsKt                         : loaded 2 times (x 71B)
Class com.android.builder.model.v2.models.ModelBuilderParameter                       : loaded 2 times (x 70B)
Class com.google.common.base.CharMatcher$AnyOf                                        : loaded 2 times (x 112B)
Class org.jetbrains.plugins.gradle.model.GradleExtensions                             : loaded 2 times (x 70B)
Class com.intellij.gradle.toolingExtension.impl.model.sourceSetArtifactIndex.GradleSourceSetArtifactBuildRequest: loaded 2 times (x 70B)
Class kotlin.io.FilesKt__UtilsKt                                                      : loaded 2 times (x 71B)
Class com.google.common.collect.Lists$TransformingRandomAccessList                    : loaded 2 times (x 199B)
Class kotlin.collections.CollectionsKt__CollectionsJVMKt                              : loaded 2 times (x 71B)
Class org.gradle.api.internal.classpath.DefaultModuleRegistry                         : loaded 2 times (x 86B)
Class org.jetbrains.plugins.gradle.model.AnnotationProcessingModel                    : loaded 2 times (x 70B)
Class com.google.common.util.concurrent.ListenableFuture                              : loaded 2 times (x 70B)
Class com.google.common.cache.ReferenceEntry                                          : loaded 2 times (x 70B)
Class com.google.common.base.Converter                                                : loaded 2 times (x 90B)
Class com.google.common.collect.ImmutableMap$MapViewOfValuesAsSingletonSets           : loaded 2 times (x 126B)
Class org.jetbrains.plugins.gradle.tooling.serialization.internal.IdeaProjectSerializationService$WriteContext$1: loaded 2 times (x 83B)
Class org.jetbrains.plugins.gradle.model.ExternalProject                              : loaded 2 times (x 70B)
Class kotlin.sequences.SequencesKt                                                    : loaded 2 times (x 71B)
Class kotlin.collections.CollectionsKt__IteratorsKt                                   : loaded 2 times (x 71B)
Class [Lcom.android.builder.model.v2.ide.CodeShrinker;                                : loaded 2 times (x 69B)
Class com.google.common.collect.AbstractMapBasedMultimap                              : loaded 2 times (x 139B)
Class com.google.common.util.concurrent.AbstractFuture                                : loaded 2 times (x 106B)
Class com.google.common.base.FunctionalEquivalence                                    : loaded 2 times (x 83B)
Class com.google.common.collect.RegularImmutableMap                                   : loaded 2 times (x 121B)
Class com.android.builder.model.v2.ide.AndroidArtifact                                : loaded 2 times (x 70B)
Class org.jetbrains.plugins.gradle.tooling.serialization.internal.IdeaProjectSerializationService$WriteContext$2: loaded 2 times (x 83B)
Class kotlin.text.StringsKt                                                           : loaded 2 times (x 71B)
Class com.google.common.collect.ImmutableMultiset                                     : loaded 2 times (x 163B)
Class org.objectweb.asm.RecordComponentVisitor                                        : loaded 2 times (x 77B)
Class com.google.common.cache.CacheLoader$SupplierToCacheLoader                       : loaded 2 times (x 75B)
Class org.jetbrains.plugins.gradle.tooling.serialization.AnnotationProcessingModelSerializationService$ReadContext: loaded 2 times (x 72B)
Class org.jetbrains.plugins.gradle.tooling.serialization.internal.IdeaProjectSerializationService$WriteContext$3: loaded 2 times (x 83B)
Class kotlin.coroutines.jvm.internal.RestrictedContinuationImpl                       : loaded 2 times (x 87B)
Class org.gradle.util.internal.DefaultGradleVersion$Stage                             : loaded 2 times (x 75B)
Class com.google.common.collect.Maps$EntryTransformer                                 : loaded 2 times (x 70B)
Class org.jetbrains.kotlin.idea.gradleTooling.AndroidAwareGradleModelProvider         : loaded 2 times (x 79B)
Class org.jetbrains.plugins.gradle.tooling.serialization.internal.IdeaProjectSerializationService$WriteContext$4: loaded 2 times (x 83B)
Class com.intellij.gradle.toolingExtension.impl.model.sourceSetDependencyModel.GradleSourceSetDependencySerialisationService$Companion: loaded 2 times (x 71B)
Class [Lkotlin.Pair;                                                                  : loaded 2 times (x 69B)
Class kotlin.text.StringsKt__StringNumberConversionsKt                                : loaded 2 times (x 71B)
Class kotlin.io.FilesKt__FileReadWriteKt                                              : loaded 2 times (x 71B)
Class com.google.common.collect.UsingToStringOrdering                                 : loaded 2 times (x 114B)
Class kotlin.text.MatchNamedGroupCollection                                           : loaded 2 times (x 70B)
Class kotlin.jvm.internal.markers.KMutableList                                        : loaded 2 times (x 70B)
Class org.gradle.internal.time.MonotonicClock                                         : loaded 2 times (x 77B)
Class org.gradle.internal.service.ServiceLookupException                              : loaded 2 times (x 82B)
Class com.google.common.collect.Lists$ReverseList                                     : loaded 2 times (x 200B)
Class org.gradle.api.internal.classpath.ManifestUtil                                  : loaded 2 times (x 71B)
Class [Lcom.google.common.cache.LocalCache$EntryFactory;                              : loaded 2 times (x 69B)
Class org.jetbrains.plugins.gradle.tooling.serialization.internal.IdeaProjectSerializationService$WriteContext$5: loaded 2 times (x 83B)
Class com.intellij.gradle.toolingExtension.impl.model.sourceSetDependencyModel.GradleSourceSetDependencySerialisationService$SourceSetDependencyModelWriteContext: loaded 2 times (x 72B)
Class kotlin.sequences.SequencesKt___SequencesKt$sortedWith$1                         : loaded 2 times (x 75B)
Class org.gradle.tooling.internal.adapter.ProtocolToModelAdapter$InvocationHandlerImpl: loaded 2 times (x 77B)
Class com.android.builder.model.v2.ide.LibraryInfo                                    : loaded 2 times (x 70B)
Class com.google.common.base.CommonPattern                                            : loaded 2 times (x 74B)
Class com.google.common.cache.LocalCache$LocalManualCache                             : loaded 2 times (x 99B)
Class com.google.common.base.CharMatcher$IsNot                                        : loaded 2 times (x 111B)
Class org.jetbrains.plugins.gradle.tooling.serialization.internal.IdeaProjectSerializationService$WriteContext$6: loaded 2 times (x 83B)
Class org.jetbrains.plugins.gradle.tooling.util.IntObjectMap                          : loaded 2 times (x 73B)
Class org.gradle.internal.service.CachingServiceLocator                               : loaded 2 times (x 82B)
Class com.google.common.collect.AbstractMapBasedMultimap$KeySet                       : loaded 2 times (x 137B)
Class org.gradle.tooling.model.build.GradleEnvironment                                : loaded 2 times (x 70B)
Class com.google.common.math.IntMath                                                  : loaded 2 times (x 71B)
Class org.jetbrains.plugins.gradle.model.RepositoryModels                             : loaded 2 times (x 70B)
Class org.jetbrains.plugins.gradle.tooling.serialization.internal.IdeaProjectSerializationService$WriteContext$7: loaded 2 times (x 83B)
Class kotlin.collections.AbstractList$SubList                                         : loaded 2 times (x 198B)
Class kotlin.jvm.internal.CallableReference                                           : loaded 2 times (x 106B)
Class com.google.common.collect.ImmutableMapEntry                                     : loaded 2 times (x 85B)
Class org.jetbrains.plugins.gradle.tooling.serialization.internal.IdeaProjectSerializationService$WriteContext$8: loaded 2 times (x 83B)
Class kotlin.ranges.IntRange                                                          : loaded 2 times (x 93B)
Class org.gradle.tooling.model.idea.IdeaDependencyScope                               : loaded 2 times (x 70B)
Class org.gradle.internal.time.TimeSource                                             : loaded 2 times (x 70B)
Class org.gradle.tooling.model.kotlin.dsl.KotlinDslScriptsModel                       : loaded 2 times (x 70B)
Class com.google.common.collect.ImmutableMultimap                                     : loaded 2 times (x 147B)
Class com.android.builder.model.v2.ide.TestInfo                                       : loaded 2 times (x 70B)
Class com.google.common.base.Equivalence                                              : loaded 2 times (x 82B)
Class org.jetbrains.plugins.gradle.tooling.util.IntObjectMap$ObjectFactory            : loaded 2 times (x 70B)
Class com.google.common.collect.ImmutableMapEntry$NonTerminalImmutableMapEntry        : loaded 2 times (x 85B)
Class org.jetbrains.plugins.gradle.tooling.serialization.SerializationService         : loaded 2 times (x 70B)
Class sync_studio_tooling5_am3c0hry2ndceo7144mwebk69                                  : loaded 2 times (x 179B)
Class org.gradle.tooling.internal.gradle.GradleBuildIdentity                          : loaded 2 times (x 70B)
Class kotlin.enums.EnumEntries                                                        : loaded 2 times (x 70B)
Class com.android.builder.model.v2.ide.JavaCompileOptions                             : loaded 2 times (x 70B)
Class com.google.common.cache.CacheBuilder$OneWeigher                                 : loaded 2 times (x 82B)
Class com.google.common.util.concurrent.ExecutionError                                : loaded 2 times (x 82B)
Class org.jetbrains.plugins.gradle.tooling.serialization.internal.adapter.Supplier    : loaded 2 times (x 70B)
Class org.gradle.tooling.internal.adapter.ProtocolToModelAdapter$MixInMappingAction   : loaded 2 times (x 80B)
Class org.gradle.internal.exceptions.ResolutionProvider                               : loaded 2 times (x 70B)
Class kotlin.text.MatchResult$DefaultImpls                                            : loaded 2 times (x 71B)
Class org.gradle.tooling.model.idea.IdeaCompilerOutput                                : loaded 2 times (x 70B)
Class org.gradle.tooling.model.ProjectIdentifier                                      : loaded 2 times (x 70B)
Class org.gradle.internal.classloader.ClasspathUtil                                   : loaded 2 times (x 71B)
Class com.android.builder.model.v2.ide.ComponentInfo                                  : loaded 2 times (x 70B)
Class org.jetbrains.kotlin.tooling.core.HasExtras                                     : loaded 2 times (x 70B)
Class com.google.common.base.Charsets                                                 : loaded 2 times (x 71B)
Class com.google.common.util.concurrent.Uninterruptibles                              : loaded 2 times (x 71B)
Class com.android.builder.model.v2.ide.ProjectType                                    : loaded 2 times (x 79B)
Class com.intellij.gradle.toolingExtension.impl.model.sourceSetModel.GradleSourceSetSerialisationService: loaded 2 times (x 77B)
Class kotlin.io.FileSystemException                                                   : loaded 2 times (x 82B)
Class com.android.builder.model.v2.dsl.BaseConfig                                     : loaded 2 times (x 70B)
Class com.google.common.collect.Maps                                                  : loaded 2 times (x 71B)
Class org.gradle.internal.time.TimeSource$1                                           : loaded 2 times (x 77B)
Class kotlin.jvm.internal.DefaultConstructorMarker                                    : loaded 2 times (x 71B)
Class org.gradle.api.specs.Spec                                                       : loaded 2 times (x 70B)
Class [Lcom.google.common.collect.ImmutableEntry;                                     : loaded 2 times (x 69B)
Class com.google.common.cache.LocalCache$LoadingValueReference                        : loaded 2 times (x 96B)
Class com.intellij.gradle.toolingExtension.impl.model.buildScriptClasspathModel.GradleBuildScriptClasspathSerializationService: loaded 2 times (x 77B)
Class com.google.common.collect.ImmutableEnumSet                                      : loaded 2 times (x 146B)
Class com.google.common.base.Platform                                                 : loaded 2 times (x 71B)
Class org.jetbrains.plugins.gradle.model.FileCollectionDependency                     : loaded 2 times (x 70B)
Class org.gradle.internal.impldep.gnu.trove.TObjectHashingStrategy                    : loaded 2 times (x 70B)
Class com.intellij.gradle.toolingExtension.impl.model.utilDummyModel.DummyModel       : loaded 2 times (x 70B)
Class kotlin.text.StringsKt__RegexExtensionsKt                                        : loaded 2 times (x 71B)
Class kotlin.collections.EmptyIterator                                                : loaded 2 times (x 89B)
Class org.gradle.internal.time.Clock                                                  : loaded 2 times (x 70B)
Class com.android.builder.model.v2.dsl.ProductFlavor                                  : loaded 2 times (x 70B)
Class [Lcom.android.builder.model.v2.ide.TestInfo$Execution;                          : loaded 2 times (x 69B)
Class [Lorg.objectweb.asm.AnnotationWriter;                                           : loaded 2 times (x 69B)
Class com.google.common.collect.Maps$8                                                : loaded 2 times (x 82B)
Class org.jetbrains.plugins.gradle.model.GradleSourceSetDependencyModel               : loaded 2 times (x 70B)
Class com.google.common.collect.CompoundOrdering                                      : loaded 2 times (x 115B)
Class kotlin.sequences.SequencesKt__SequencesJVMKt                                    : loaded 2 times (x 71B)
Class kotlin.coroutines.jvm.internal.RestrictedSuspendLambda                          : loaded 2 times (x 91B)
Class org.gradle.tooling.internal.adapter.TypeInspector                               : loaded 2 times (x 73B)
Class org.gradle.tooling.internal.adapter.ProtocolToModelAdapter$NoOpDecoration       : loaded 2 times (x 79B)
Class org.gradle.tooling.model.Element                                                : loaded 2 times (x 70B)
Class kotlin.collections.AbstractList                                                 : loaded 2 times (x 197B)
Class kotlin.collections.AbstractCollection                                           : loaded 2 times (x 117B)
Class com.google.common.collect.Lists$ReverseList$1                                   : loaded 2 times (x 99B)
Class com.android.builder.model.v2.models.VariantDependenciesAdjacencyList            : loaded 2 times (x 70B)
Class org.jetbrains.kotlin.tooling.core.Extras                                        : loaded 2 times (x 70B)
Class com.google.common.collect.Sets$SetView                                          : loaded 2 times (x 138B)
Class com.google.common.cache.LocalCache$StrongValueReference                         : loaded 2 times (x 90B)
Class com.google.common.util.concurrent.AbstractFuture$SynchronizedHelper             : loaded 2 times (x 78B)
Class com.intellij.gradle.toolingExtension.impl.model.taskModel.GradleTaskSerialisationService: loaded 2 times (x 76B)
Class com.android.ide.gradle.model.LegacyV1AgpVersionModel                            : loaded 2 times (x 70B)
Class kotlin.text.StringsKt__StringBuilderJVMKt                                       : loaded 2 times (x 71B)
Class kotlin.text.Regex                                                               : loaded 2 times (x 72B)
Class kotlin.sequences.SequencesKt__SequenceBuilderKt$sequence$$inlined$Sequence$1    : loaded 2 times (x 75B)
Class kotlin.Triple                                                                   : loaded 2 times (x 72B)
Class org.objectweb.asm.Type                                                          : loaded 2 times (x 72B)
Class org.jetbrains.plugins.gradle.tooling.util.IntObjectMap$1                        : loaded 2 times (x 77B)
Class org.gradle.internal.impldep.com.google.common.base.Preconditions                : loaded 2 times (x 71B)
Class org.gradle.internal.classloader.VisitableURLClassLoader$InstrumentingVisitableURLClassLoader: loaded 2 times (x 123B)
Class com.android.builder.model.v2.ide.AndroidGradlePluginProjectFlags                : loaded 2 times (x 70B)
Class [Lcom.android.builder.model.v2.ide.AndroidGradlePluginProjectFlags$BooleanFlag; : loaded 2 times (x 69B)
Class com.android.builder.model.v2.ide.BasicVariant                                   : loaded 2 times (x 70B)
Class org.objectweb.asm.ByteVector                                                    : loaded 2 times (x 79B)
Class [Lcom.google.common.cache.CacheBuilder$NullListener;                            : loaded 2 times (x 69B)
Class com.google.common.math.IntMath$1                                                : loaded 2 times (x 71B)
Class kotlin.comparisons.ComparisonsKt__ComparisonsKt                                 : loaded 2 times (x 71B)
Class kotlin.ranges.RangesKt__RangesKt                                                : loaded 2 times (x 71B)
Class kotlin.collections.SetsKt___SetsKt                                              : loaded 2 times (x 71B)
Class kotlin.sequences.SequencesKt__SequencesKt                                       : loaded 2 times (x 71B)
Class kotlin.coroutines.Continuation                                                  : loaded 2 times (x 70B)
Class org.gradle.internal.classloader.VisitableURLClassLoader$Spec                    : loaded 2 times (x 74B)
Class org.gradle.internal.classpath.DefaultClassPath                                  : loaded 2 times (x 90B)
Class com.android.builder.model.v2.ide.BundleInfo                                     : loaded 2 times (x 70B)
Class com.android.builder.model.v2.ide.SourceProvider                                 : loaded 2 times (x 70B)
Class org.objectweb.asm.Symbol                                                        : loaded 2 times (x 73B)
Class org.jetbrains.plugins.gradle.model.GradleBuildScriptClasspathModel              : loaded 2 times (x 70B)
Class kotlin.sequences.FilteringSequence                                              : loaded 2 times (x 75B)
Class kotlin.text.CharsKt__CharJVMKt                                                  : loaded 2 times (x 71B)
Class kotlin.comparisons.ComparisonsKt                                                : loaded 2 times (x 71B)
Class kotlin.comparisons.ComparisonsKt___ComparisonsKt                                : loaded 2 times (x 71B)
Class kotlin.coroutines.jvm.internal.BaseContinuationImpl                             : loaded 2 times (x 87B)
Class kotlin.Result$Companion                                                         : loaded 2 times (x 71B)
Class org.gradle.util.internal.DefaultGradleVersion                                   : loaded 2 times (x 80B)
Class com.google.common.base.CharMatcher$Ascii                                        : loaded 2 times (x 112B)
Class com.google.common.base.CharMatcher$BitSetMatcher                                : loaded 2 times (x 112B)
Class com.google.common.collect.RegularImmutableMap$Values                            : loaded 2 times (x 207B)
Class org.gradle.internal.classloader.ClassLoaderHierarchy                            : loaded 2 times (x 70B)
Class org.gradle.internal.classloader.ClassLoaderSpec                                 : loaded 2 times (x 71B)
Class org.objectweb.asm.AnnotationWriter                                              : loaded 2 times (x 79B)
Class com.google.common.cache.CacheStats                                              : loaded 2 times (x 71B)
Class kotlin.jvm.internal.FunctionReferenceImpl                                       : loaded 2 times (x 122B)
Class kotlin.collections.CollectionsKt___CollectionsJvmKt                             : loaded 2 times (x 71B)
Class com.google.common.collect.ImmutableMultisetGwtSerializationDependencies         : loaded 2 times (x 125B)
Class org.objectweb.asm.RecordComponentWriter                                         : loaded 2 times (x 78B)
Class com.google.common.util.concurrent.AbstractFuture$Listener                       : loaded 2 times (x 72B)
Class [Lcom.android.builder.model.v2.ide.ProjectType;                                 : loaded 2 times (x 69B)
Class com.google.common.base.CharMatcher$Or                                           : loaded 2 times (x 112B)
Class Settings_gradle$1$1                                                             : loaded 2 times (x 74B)
Class kotlin.TuplesKt                                                                 : loaded 2 times (x 71B)
Class kotlin.jvm.internal.markers.KMutableIterable                                    : loaded 2 times (x 70B)
Class kotlin.sequences.SequencesKt___SequencesJvmKt                                   : loaded 2 times (x 71B)
Class org.gradle.tooling.internal.adapter.ProtocolToModelAdapter$DefaultViewBuilder   : loaded 2 times (x 80B)
Class kotlin.Unit                                                                     : loaded 2 times (x 71B)
Class [Lcom.android.builder.model.v2.ide.AaptOptions$Namespacing;                     : loaded 2 times (x 69B)
Class com.android.ide.common.gradle.Version$Companion$ParseState                      : loaded 2 times (x 70B)
Class org.objectweb.asm.Attribute                                                     : loaded 2 times (x 77B)
Class com.google.common.base.Supplier                                                 : loaded 2 times (x 70B)
Class kotlin.ranges.RangesKt                                                          : loaded 2 times (x 71B)
Class org.gradle.tooling.internal.adapter.ProtocolToModelAdapter$ViewGraphDetails$1   : loaded 2 times (x 77B)
Class org.gradle.internal.classloader.VisitableURLClassLoader                         : loaded 2 times (x 117B)
Class com.google.common.util.concurrent.AbstractFuture$Waiter                         : loaded 2 times (x 72B)
Class com.android.ide.common.repository.AgpVersion$Companion                          : loaded 2 times (x 71B)
Class Settings_gradle                                                                 : loaded 2 times (x 128B)
Class org.jetbrains.plugins.gradle.tooling.serialization.ExternalTestsSerializationService$ReadContext: loaded 2 times (x 72B)
Class kotlin.sequences.FlatteningSequence$iterator$1                                  : loaded 2 times (x 79B)
Class kotlin.jvm.functions.Function0                                                  : loaded 2 times (x 70B)
Class kotlin.collections.ArraysUtilJVM                                                : loaded 2 times (x 71B)
Class kotlin.collections.CollectionsKt__ReversedViewsKt                               : loaded 2 times (x 71B)
Class kotlin.sequences.SequencesKt__SequenceBuilderKt                                 : loaded 2 times (x 71B)
Class org.gradle.tooling.model.idea.IdeaDependency                                    : loaded 2 times (x 70B)
Class com.android.builder.model.v2.ide.AaptOptions                                    : loaded 2 times (x 70B)
Class [Lcom.android.builder.model.v2.ide.BytecodeTransformation;                      : loaded 2 times (x 69B)
Class com.google.common.base.Strings                                                  : loaded 2 times (x 71B)
Class com.android.ide.common.gradle.Version$Companion                                 : loaded 2 times (x 71B)
Class com.google.common.collect.Sets                                                  : loaded 2 times (x 71B)
Class org.objectweb.asm.Handler                                                       : loaded 2 times (x 72B)
Class com.google.common.base.Ticker                                                   : loaded 2 times (x 72B)
Class com.google.common.base.CharMatcher$FastMatcher                                  : loaded 2 times (x 111B)
Class kotlin.collections.AbstractMutableList                                          : loaded 2 times (x 206B)
Class kotlin.jvm.functions.Function1                                                  : loaded 2 times (x 70B)
Class com.android.builder.model.v2.models.ndk.NativeModelBuilderParameter             : loaded 2 times (x 70B)
Class [Lcom.google.common.cache.LocalCache$Segment;                                   : loaded 2 times (x 69B)
Class [Lcom.google.common.cache.LocalCache$Strength;                                  : loaded 2 times (x 69B)
Class com.google.common.cache.CacheBuilder$1                                          : loaded 2 times (x 85B)
Class kotlin.io.FilesKt__FileTreeWalkKt                                               : loaded 2 times (x 71B)
Class com.google.common.collect.ImmutableMap                                          : loaded 2 times (x 120B)
Class org.jetbrains.plugins.gradle.tooling.serialization.internal.IdeaProjectSerializationService$WriteContext: loaded 2 times (x 72B)
Class com.intellij.gradle.toolingExtension.impl.model.sourceSetDependencyModel.GradleSourceSetDependencySerialisationService: loaded 2 times (x 77B)
Class org.jetbrains.plugins.gradle.model.GradleSourceSetModel                         : loaded 2 times (x 70B)
Class kotlin.KotlinNothingValueException                                              : loaded 2 times (x 82B)
Class kotlin.jvm.functions.Function2                                                  : loaded 2 times (x 70B)
Class org.gradle.internal.classpath.DefaultClassPath$ImmutableUniqueList$Builder      : loaded 2 times (x 75B)
Class kotlin.jvm.internal.CollectionToArray                                           : loaded 2 times (x 71B)
Class com.google.common.cache.LocalCache                                              : loaded 2 times (x 187B)
Class com.google.common.cache.CacheBuilder$2                                          : loaded 2 times (x 79B)
Class com.google.common.base.CharMatcher$NegatedFastMatcher                           : loaded 2 times (x 113B)
Class com.android.ide.gradle.model.dependencies.Coordinates                           : loaded 2 times (x 70B)
Class kotlin.collections.MapsKt___MapsJvmKt                                           : loaded 2 times (x 71B)
Class org.gradle.tooling.internal.adapter.WeakIdentityHashMap$AbsentValueProvider     : loaded 2 times (x 70B)
Class com.google.common.collect.ArrayListMultimap                                     : loaded 2 times (x 172B)
Class com.google.common.cache.CacheBuilder$3                                          : loaded 2 times (x 72B)
Class [Lcom.google.common.collect.AbstractMapEntry;                                   : loaded 2 times (x 69B)
Class com.google.common.collect.ImmutableEntry                                        : loaded 2 times (x 82B)
Class org.jetbrains.plugins.gradle.tooling.util.ObjectCollector$Processor             : loaded 2 times (x 70B)
Class kotlin.jvm.functions.Function4                                                  : loaded 2 times (x 70B)
Class kotlin.collections.EmptySet                                                     : loaded 2 times (x 122B)
Class kotlin.annotation.Target                                                        : loaded 2 times (x 70B)
Class kotlin.collections.CollectionsKt___CollectionsKt                                : loaded 2 times (x 71B)
Class kotlin.sequences.FilteringSequence$iterator$1                                   : loaded 2 times (x 79B)
Class org.gradle.internal.exceptions.NonGradleCauseExceptionsHolder                   : loaded 2 times (x 70B)
Class org.gradle.tooling.model.idea.IdeaModuleDependency                              : loaded 2 times (x 70B)
Class org.gradle.tooling.internal.adapter.ViewBuilder                                 : loaded 2 times (x 70B)
Class com.android.builder.model.v2.ide.AndroidLibraryData                             : loaded 2 times (x 70B)
Class com.android.builder.model.v2.ide.ApiVersion                                     : loaded 2 times (x 70B)
Class com.android.ide.common.gradle.Version                                           : loaded 2 times (x 75B)
Class com.google.common.collect.CollectPreconditions                                  : loaded 2 times (x 71B)
Class org.jetbrains.plugins.gradle.model.AnnotationProcessingConfig                   : loaded 2 times (x 70B)
Class kotlin.text.StringsKt___StringsJvmKt                                            : loaded 2 times (x 71B)
Class kotlin.reflect.KDeclarationContainer                                            : loaded 2 times (x 70B)
Class kotlin.annotation.Retention                                                     : loaded 2 times (x 70B)
Class com.android.builder.model.v2.models.Versions$Version                            : loaded 2 times (x 70B)
Class com.google.common.collect.SortedMapDifference                                   : loaded 2 times (x 70B)
Class org.jetbrains.plugins.gradle.tooling.ModelBuilderService$Parameter              : loaded 2 times (x 70B)
Class kotlin.io.FilesKt                                                               : loaded 2 times (x 71B)
Class kotlin.collections.MapsKt___MapsKt                                              : loaded 2 times (x 71B)
Class kotlin.collections.ArraysKt___ArraysKt                                          : loaded 2 times (x 71B)
Class com.google.common.cache.LocalCache$EntryFactory                                 : loaded 2 times (x 83B)
Class org.gradle.internal.impldep.gnu.trove.TObjectIntProcedure                       : loaded 2 times (x 70B)
Class kotlin.collections.MapsKt__MapWithDefaultKt                                     : loaded 2 times (x 71B)
Class org.gradle.tooling.internal.adapter.ProtocolToModelAdapter$ReflectionMethodInvoker: loaded 2 times (x 76B)
Class [Lcom.android.ide.common.gradle.Separator;                                      : loaded 2 times (x 69B)
Class org.jetbrains.kotlin.tooling.core.HasMutableExtras                              : loaded 2 times (x 70B)
Class com.google.common.cache.LocalCache$AbstractReferenceEntry                       : loaded 2 times (x 107B)
Class kotlin.text.StringsKt___StringsKt                                               : loaded 2 times (x 71B)
Class com.google.common.collect.NullsLastOrdering                                     : loaded 2 times (x 115B)
Class kotlin.collections.CollectionsKt__MutableCollectionsJVMKt                       : loaded 2 times (x 71B)
Class com.intellij.gradle.toolingExtension.impl.model.sourceSetModel.GradleSourceSetSerialisationService$Companion: loaded 2 times (x 71B)
Class kotlin.enums.EnumEntriesKt                                                      : loaded 2 times (x 71B)
Class com.android.builder.model.v2.models.VariantDependencies                         : loaded 2 times (x 70B)
Class com.google.common.base.CharMatcher$IsEither                                     : loaded 2 times (x 111B)
Class org.objectweb.asm.SymbolTable                                                   : loaded 2 times (x 72B)
Class com.google.common.cache.CacheLoader$InvalidCacheLoadException                   : loaded 2 times (x 82B)
Class org.gradle.internal.classloader.FilteringClassLoader                            : loaded 2 times (x 105B)
Class com.intellij.gradle.toolingExtension.model.repositoryModel.ProjectRepositoriesModel: loaded 2 times (x 70B)
Class org.jetbrains.plugins.gradle.model.GradleProperty                               : loaded 2 times (x 70B)
Class org.gradle.internal.classloader.SystemClassLoaderSpec                           : loaded 2 times (x 71B)
Class com.android.builder.model.v2.ide.TestedTargetVariant                            : loaded 2 times (x 70B)
Class com.google.common.cache.LocalCache$StrongEntry                                  : loaded 2 times (x 108B)
Class com.google.common.util.concurrent.AbstractFuture$TrustedFuture                  : loaded 2 times (x 114B)
Class com.google.common.cache.LoadingCache                                            : loaded 2 times (x 70B)
Class kotlin.ranges.IntRange$Companion                                                : loaded 2 times (x 71B)
Class kotlin.text.MatcherMatchResult$groups$1                                         : loaded 2 times (x 151B)
Class kotlin.collections.EmptyMap                                                     : loaded 2 times (x 108B)
Class kotlin.reflect.KAnnotatedElement                                                : loaded 2 times (x 70B)
Class kotlin.jvm.internal.markers.KMutableCollection                                  : loaded 2 times (x 70B)
Class kotlin.coroutines.intrinsics.IntrinsicsKt                                       : loaded 2 times (x 71B)
Class org.gradle.internal.exceptions.MultiCauseException                              : loaded 2 times (x 70B)
Class org.gradle.internal.time.CountdownTimer                                         : loaded 2 times (x 70B)
Class kotlin.jvm.internal.Intrinsics                                                  : loaded 2 times (x 71B)
Class org.objectweb.asm.MethodWriter                                                  : loaded 2 times (x 106B)
Class [Lcom.google.common.cache.Weigher;                                              : loaded 2 times (x 69B)
Class com.google.common.collect.RegularImmutableMap$BucketOverflowException           : loaded 2 times (x 82B)
Class com.intellij.gradle.toolingExtension.impl.model.projectModel.GradleExternalProjectSerializationService$ReadContext: loaded 2 times (x 73B)
Class com.intellij.gradle.toolingExtension.impl.model.dependencyModel.DependencyWriteContext: loaded 2 times (x 72B)
Class kotlin.collections.MapsKt                                                       : loaded 2 times (x 71B)
Class kotlin.coroutines.intrinsics.CoroutineSingletons                                : loaded 2 times (x 79B)
Class kotlin.collections.CollectionsKt__IterablesKt                                   : loaded 2 times (x 71B)
Class org.gradle.tooling.model.ProjectModel                                           : loaded 2 times (x 70B)
Class com.google.common.collect.ImmutableMultimap$1                                   : loaded 2 times (x 82B)
Class com.android.ide.common.gradle.Version$Companion$ParseState$EMPTY                : loaded 2 times (x 74B)
Class kotlin.ranges.OpenEndRange                                                      : loaded 2 times (x 70B)
Class kotlin.sequences.SequenceBuilderIterator                                        : loaded 2 times (x 85B)
Class kotlin.KotlinNullPointerException                                               : loaded 2 times (x 83B)
Class com.google.common.collect.ImmutableMultimap$2                                   : loaded 2 times (x 81B)
Class com.android.ide.common.repository.AgpVersion$Companion$WhenMappings             : loaded 2 times (x 71B)
Class com.google.common.collect.RegularImmutableBiMap                                 : loaded 2 times (x 149B)
Class com.google.common.cache.LocalCache$ValueReference                               : loaded 2 times (x 70B)
Class com.google.common.base.CharMatcher$Negated                                      : loaded 2 times (x 113B)
Class com.google.common.base.CharMatcher$Is                                           : loaded 2 times (x 111B)
Class org.jetbrains.plugins.gradle.model.tests.ExternalTestsModel                     : loaded 2 times (x 70B)
Class kotlin.ranges.RangesKt___RangesKt                                               : loaded 2 times (x 71B)
Class org.gradle.tooling.model.idea.IdeaLanguageLevel                                 : loaded 2 times (x 70B)
Class org.gradle.tooling.internal.adapter.ProtocolToModelAdapter$SafeMethodInvoker    : loaded 2 times (x 76B)
Class org.gradle.tooling.internal.adapter.WeakIdentityHashMap$WeakKey                 : loaded 2 times (x 79B)
Class org.gradle.internal.exceptions.DefaultMultiCauseException                       : loaded 2 times (x 95B)
Class com.android.builder.model.v2.ide.ProjectInfo                                    : loaded 2 times (x 70B)
Class com.google.common.base.PatternCompiler                                          : loaded 2 times (x 70B)
Class com.google.common.util.concurrent.AbstractFuture$Failure                        : loaded 2 times (x 72B)
Class com.google.common.base.Equivalence$Equals                                       : loaded 2 times (x 82B)
Class com.google.common.collect.Hashing                                               : loaded 2 times (x 71B)
Class kotlin.NotImplementedError                                                      : loaded 2 times (x 82B)
Class com.intellij.gradle.toolingExtension.impl.model.projectModel.GradleExternalProjectSerializationService: loaded 2 times (x 77B)
Class kotlin.text.CharsKt__CharKt                                                     : loaded 2 times (x 71B)
Class kotlin.collections.ArrayDeque$Companion                                         : loaded 2 times (x 71B)
Class kotlin.collections.ArraysKt                                                     : loaded 2 times (x 71B)
Class org.gradle.tooling.model.HierarchicalElement                                    : loaded 2 times (x 70B)
Class com.android.builder.model.v2.dsl.DependenciesInfo                               : loaded 2 times (x 70B)
Class kotlin.sequences.FlatteningSequence                                             : loaded 2 times (x 75B)
Class org.objectweb.asm.Label                                                         : loaded 2 times (x 73B)
Class org.objectweb.asm.CurrentFrame                                                  : loaded 2 times (x 73B)
Class org.objectweb.asm.ClassTooLargeException                                        : loaded 2 times (x 83B)
Class com.google.common.base.CharMatcher                                              : loaded 2 times (x 111B)
Class kotlin.text.MatcherMatchResult                                                  : loaded 2 times (x 80B)
Class org.jetbrains.plugins.gradle.tooling.serialization.ExternalTestsSerializationService: loaded 2 times (x 77B)
Class com.google.common.collect.ByFunctionOrdering                                    : loaded 2 times (x 115B)
Class kotlin.collections.SetsKt__SetsKt                                               : loaded 2 times (x 71B)
Class kotlin.coroutines.EmptyCoroutineContext                                         : loaded 2 times (x 77B)
Class org.gradle.internal.time.Time                                                   : loaded 2 times (x 71B)
Class com.android.builder.model.v2.models.ProjectGraph                                : loaded 2 times (x 70B)
Class com.android.ide.common.gradle.Version$Companion$ParseState$NUMERIC              : loaded 2 times (x 74B)
Class kotlin.text.MatchGroupCollection                                                : loaded 2 times (x 70B)
Class kotlin.text.StringsKt__StringsKt                                                : loaded 2 times (x 71B)
Class org.objectweb.asm.Frame                                                         : loaded 2 times (x 73B)
Class org.objectweb.asm.MethodVisitor                                                 : loaded 2 times (x 105B)
Class com.google.common.cache.LocalCache$EntryFactory$1                               : loaded 2 times (x 83B)
Class [Lcom.google.common.cache.RemovalListener;                                      : loaded 2 times (x 69B)
Class com.google.common.base.CharMatcher$1                                            : loaded 2 times (x 113B)
Class com.google.common.base.CharMatcher$NamedFastMatcher                             : loaded 2 times (x 112B)
Class com.android.ide.common.repository.AgpVersion$PreviewKind                        : loaded 2 times (x 79B)
Class org.jetbrains.plugins.gradle.tooling.serialization.AnnotationProcessingModelSerializationService: loaded 2 times (x 77B)
Class kotlin.collections.ArraysKt__ArraysJVMKt                                        : loaded 2 times (x 71B)
Class com.android.ide.gradle.model.dependencies.DeclaredDependencies                  : loaded 2 times (x 70B)
Class com.google.common.cache.LocalCache$EntryFactory$2                               : loaded 2 times (x 83B)
Class org.jetbrains.plugins.gradle.model.DependencyAccessorsModel                     : loaded 2 times (x 70B)
Class [Lcom.intellij.openapi.externalSystem.model.project.dependencies.ResolutionState;: loaded 2 times (x 69B)
Class org.gradle.internal.impldep.gnu.trove.TObjectHash                               : loaded 2 times (x 94B)
Class kotlin.text.StringsKt__StringBuilderKt                                          : loaded 2 times (x 71B)
Class kotlin.jvm.internal.CallableReference$NoReceiver                                : loaded 2 times (x 71B)
Class org.gradle.api.internal.classpath.GlobalCacheRootsProvider                      : loaded 2 times (x 70B)
Class com.google.common.collect.CollectCollectors                                     : loaded 2 times (x 71B)
Class org.objectweb.asm.ModuleWriter                                                  : loaded 2 times (x 82B)
Class com.google.common.cache.LocalCache$EntryFactory$3                               : loaded 2 times (x 83B)
Class com.google.common.base.Ticker$1                                                 : loaded 2 times (x 72B)
Class com.google.common.collect.Maps$BiMapConverter                                   : loaded 2 times (x 90B)
Class com.google.common.collect.ImmutableMapEntrySet$RegularEntrySet                  : loaded 2 times (x 152B)
Class org.jetbrains.kotlin.idea.gradleTooling.KotlinMPPGradleModel                    : loaded 2 times (x 70B)
Class com.intellij.gradle.toolingExtension.impl.model.dependencyDownloadPolicyModel.GradleDependencyDownloadPolicy: loaded 2 times (x 70B)
Class kotlin.NoWhenBranchMatchedException                                             : loaded 2 times (x 82B)
Class org.gradle.tooling.model.BuildIdentifier                                        : loaded 2 times (x 70B)
Class com.android.builder.model.v2.ide.VectorDrawablesOptions                         : loaded 2 times (x 70B)
Class com.google.common.cache.LocalCache$EntryFactory$4                               : loaded 2 times (x 83B)
Class com.google.common.base.CharMatcher$InRange                                      : loaded 2 times (x 111B)
Class com.google.common.collect.ImmutableSet$Builder                                  : loaded 2 times (x 85B)
Class org.jetbrains.kotlin.idea.gradleTooling.PrepareKotlinIdeImportTaskModel         : loaded 2 times (x 70B)
Class com.android.builder.model.v2.ide.Edge                                           : loaded 2 times (x 70B)
Class com.android.builder.model.v2.models.VariantDependenciesFlatList                 : loaded 2 times (x 70B)
Class com.google.common.cache.LocalCache$EntryFactory$5                               : loaded 2 times (x 83B)
Class com.android.ide.gradle.model.GradlePluginModel                                  : loaded 2 times (x 70B)
Class com.google.common.collect.ReverseOrdering                                       : loaded 2 times (x 115B)
Class org.gradle.tooling.model.build.JavaEnvironment                                  : loaded 2 times (x 70B)
Class org.jetbrains.plugins.gradle.tooling.serialization.internal.IdeaProjectSerializationService$ReadContext: loaded 2 times (x 72B)
Class com.android.builder.model.v2.ide.SourceSetContainer                             : loaded 2 times (x 70B)
Class com.google.common.cache.LocalCache$EntryFactory$6                               : loaded 2 times (x 83B)
Class org.gradle.internal.time.Timer                                                  : loaded 2 times (x 70B)
Class kotlin.jvm.internal.markers.KMappedMarker                                       : loaded 2 times (x 70B)
Class org.gradle.internal.installation.CurrentGradleInstallationLocator               : loaded 2 times (x 71B)
Class com.google.common.collect.ImmutableMultimap$Builder                             : loaded 2 times (x 86B)
Class com.android.builder.model.v2.ide.LintOptions                                    : loaded 2 times (x 70B)
Class com.google.common.collect.Maps$KeySet                                           : loaded 2 times (x 137B)
Class com.google.common.cache.LocalCache$EntryFactory$7                               : loaded 2 times (x 83B)
Class com.google.common.collect.ImmutableSet$EmptySetBuilderImpl                      : loaded 2 times (x 76B)
Class com.google.common.collect.RegularImmutableMap$KeySet                            : loaded 2 times (x 152B)
Class org.gradle.tooling.internal.adapter.ProtocolToModelAdapter$ViewGraphDetails     : loaded 2 times (x 72B)
Class org.gradle.tooling.model.idea.IdeaProject                                       : loaded 2 times (x 70B)
Class org.gradle.tooling.model.DomainObjectSet                                        : loaded 2 times (x 70B)
Class org.gradle.internal.service.DefaultServiceLocator                               : loaded 2 times (x 83B)
Class com.google.common.collect.ImmutableMultimap$EntryCollection                     : loaded 2 times (x 128B)
Class com.android.builder.model.v2.ide.BasicArtifact                                  : loaded 2 times (x 70B)
Class com.google.common.cache.LocalCache$EntryFactory$8                               : loaded 2 times (x 83B)
Class com.google.common.base.Equivalence$Identity                                     : loaded 2 times (x 82B)
Class kotlin.coroutines.jvm.internal.SuspendFunction                                  : loaded 2 times (x 70B)
Class org.gradle.util.GradleVersion                                                   : loaded 2 times (x 79B)
Class org.gradle.internal.installation.CurrentGradleInstallation                      : loaded 2 times (x 73B)
Class com.google.common.cache.CacheLoader$1                                           : loaded 2 times (x 75B)
Class com.google.common.collect.ForwardingObject                                      : loaded 2 times (x 72B)
Class com.google.common.base.PairwiseEquivalence                                      : loaded 2 times (x 83B)
Class org.jetbrains.plugins.gradle.javaModel.JavaGradleManifestModel                  : loaded 2 times (x 70B)
Class org.jetbrains.plugins.gradle.tooling.serialization.GradleExtensionsSerializationService$WriteContext: loaded 2 times (x 72B)
Class com.intellij.gradle.toolingExtension.impl.model.taskModel.GradleTaskSerialisationService$Companion: loaded 2 times (x 71B)
Class kotlin.jvm.internal.Ref$BooleanRef                                              : loaded 2 times (x 71B)
Class kotlin.jvm.internal.StringCompanionObject                                       : loaded 2 times (x 71B)
Class kotlin.coroutines.intrinsics.IntrinsicsKt__IntrinsicsJvmKt                      : loaded 2 times (x 71B)
Class kotlin.coroutines.jvm.internal.CoroutineStackFrame                              : loaded 2 times (x 70B)
Class org.gradle.tooling.internal.adapter.ProtocolToModelAdapter$MethodInvocationCache$MethodInvocationKey: loaded 2 times (x 73B)
Class org.gradle.util.internal.GUtil                                                  : loaded 2 times (x 71B)
Class com.google.common.util.concurrent.AbstractFuture$SetFuture                      : loaded 2 times (x 75B)
Class com.google.common.cache.AbstractCache$StatsCounter                              : loaded 2 times (x 70B)
Class com.intellij.gradle.toolingExtension.impl.model.utilTurnOffDefaultTasksModel.TurnOffDefaultTasks: loaded 2 times (x 70B)
Class com.intellij.gradle.toolingExtension.impl.model.sourceSetModel.GradleSourceSetSerialisationService$SourceSetModelReadContext: loaded 2 times (x 72B)
Class kotlin.io.NoSuchFileException                                                   : loaded 2 times (x 82B)
Class kotlin.collections.CollectionsKt                                                : loaded 2 times (x 71B)
Class com.android.builder.model.v2.dsl.BuildType                                      : loaded 2 times (x 70B)
Class org.gradle.internal.classloader.ClassLoaderFactory                              : loaded 2 times (x 70B)
Class com.android.builder.model.v2.ide.ViewBindingOptions                             : loaded 2 times (x 70B)
Class com.intellij.gradle.toolingExtension.impl.model.sourceSetModel.GradleSourceSetSerialisationService$SourceSetModelWriteContext: loaded 2 times (x 72B)
Class kotlin.ranges.IntProgressionIterator                                            : loaded 2 times (x 82B)
Class kotlin.coroutines.CoroutineContext                                              : loaded 2 times (x 70B)
Class kotlin.coroutines.jvm.internal.DebugProbesKt                                    : loaded 2 times (x 71B)
Class org.gradle.tooling.internal.adapter.WeakIdentityHashMap                         : loaded 2 times (x 76B)
Class org.gradle.tooling.GradleConnectionException                                    : loaded 2 times (x 83B)
Class org.gradle.tooling.internal.adapter.ProtocolToModelAdapter$1                    : loaded 2 times (x 75B)
Class org.gradle.tooling.internal.adapter.ProtocolToModelAdapter$ViewDecoration       : loaded 2 times (x 70B)
Class org.gradle.internal.installation.GradleInstallation                             : loaded 2 times (x 75B)
Class com.google.common.collect.Iterables                                             : loaded 2 times (x 71B)
Class org.jetbrains.plugins.gradle.tooling.serialization.GradleExtensionsSerializationService$ReadContext: loaded 2 times (x 72B)
Class ijInit9_8867d74oin0pckwnerzxybcqz                                               : loaded 2 times (x 179B)
Class com.google.common.collect.LexicographicalOrdering                               : loaded 2 times (x 115B)
Class org.gradle.tooling.internal.adapter.MethodInvoker                               : loaded 2 times (x 70B)
Class com.android.ide.common.gradle.Part                                              : loaded 2 times (x 77B)
Class com.google.common.collect.Lists$RandomAccessReverseList                         : loaded 2 times (x 200B)
Class org.jetbrains.plugins.gradle.tooling.serialization.RepositoriesModelSerializationService$WriteContext: loaded 2 times (x 72B)
Class com.android.ide.gradle.model.LegacyAndroidGradlePluginProperties                : loaded 2 times (x 70B)
Class kotlin.ranges.IntProgression                                                    : loaded 2 times (x 81B)
Class kotlin.jvm.KotlinReflectionNotSupportedError                                    : loaded 2 times (x 82B)
Class org.gradle.tooling.model.gradle.GradleScript                                    : loaded 2 times (x 70B)

---------------  S Y S T E M  ---------------

OS:
 Windows 11 , 64 bit Build 26100 (10.0.26100.4768)
OS uptime: 8 days 4:54 hours
Hyper-V role detected

CPU: total 28 (initial active 28) (14 cores per cpu, 2 threads per core) family 6 model 183 stepping 1 microcode 0x12b, cx8, cmov, fxsr, ht, mmx, 3dnowpref, sse, sse2, sse3, ssse3, sse4.1, sse4.2, popcnt, lzcnt, tsc, tscinvbit, avx, avx2, aes, erms, clmul, bmi1, bmi2, adx, sha, fma, vzeroupper, clflush, clflushopt, clwb, hv, serialize, rdtscp, rdpid, fsrm, f16c, cet_ibt, cet_ss
Processor Information for the first 28 processors :
  Max Mhz: 2100, Current Mhz: 2100, Mhz Limit: 2100

Memory: 4k page, system-wide physical 16039M (5285M free)
TotalPageFile size 65191M (AvailPageFile size 6M)
current process WorkingSet (physical memory assigned to process): 621M, peak: 624M
current process commit charge ("private bytes"): 687M, peak: 700M

vm_info: OpenJDK 64-Bit Server VM (21.0.8+-14196175-b1038.72) for windows-amd64 JRE (21.0.8+-14196175-b1038.72), built on 2025-10-01T10:24:33Z by "builder" with MS VC++ 16.10 / 16.11 (VS2019)

END.
